row_id,text,speech_act,evidence_type,action_state,signals,domain,group_id,recommended_split,source,review_status,review_confidence,review_notes
mmt_0001,Orla will review the QMS manual before the next client connect.,legacy_reviewed,document_control_task,confirmed_action,named_owner|explicit_commitment_verb|deliverable_object|deadline_or_sequence|document_or_record,evidence,source:t819_seed,train,t819_seed,human_approved,,
mmt_0002,Orla to follow up with Cody for the MedEnvoy project plan for manufacturer EO.,legacy_reviewed,document_control_task,confirmed_action,named_owner|explicit_commitment_verb|deliverable_object|recipient_or_handover|document_or_record,evidence,source:t819_seed,train,t819_seed,human_approved,,
mmt_0003,Orla will share a copy of the new label with Jenny.,legacy_reviewed,document_control_task,confirmed_action,named_owner|explicit_commitment_verb|deliverable_object|recipient_or_handover|document_or_record,evidence,source:t819_seed,train,t819_seed,human_approved,,
mmt_0004,Orla to share the list of languages for the declarations of conformity.,legacy_reviewed,document_control_task,confirmed_action,named_owner|explicit_commitment_verb|deliverable_object|recipient_or_handover|document_or_record|regulatory_language,evidence,source:t819_seed,train,t819_seed,human_approved,,
mmt_0005,John-Paul will review the declarations of conformity for sunglasses against MDR and PPE requirements.,legacy_reviewed,document_control_task,confirmed_action,named_owner|explicit_commitment_verb|deliverable_object|document_or_record|regulatory_language,evidence,source:t819_seed,train,t819_seed,human_approved,,
mmt_0006,Jacqui will review the HPRA invoice fee and confirm the position.,legacy_reviewed,regulatory_obligation,confirmed_action,named_owner|explicit_commitment_verb|deliverable_object|regulatory_language,evidence,source:t819_seed,train,t819_seed,human_approved,,
mmt_0007,Jenny should review the proposed label layout when Orla sends it through.,legacy_reviewed,document_control_task,confirmed_action,named_owner|explicit_commitment_verb|deliverable_object|recipient_or_handover|document_or_record,evidence,source:t819_seed,train,t819_seed,human_approved,,
mmt_0008,Colm will send the HPRA bill and confirmation email to Jacqui.,legacy_reviewed,regulatory_obligation,confirmed_action,named_owner|explicit_commitment_verb|deliverable_object|recipient_or_handover|regulatory_language,evidence,source:t819_seed,train,t819_seed,human_approved,,
mmt_0009,Andrew will review the mute button flash sequence and confirm whether the alarm state is correct.,legacy_reviewed,action_commitment,confirmed_action,named_owner|explicit_commitment_verb|deliverable_object,evidence,source:t761_seed,validation,t761_seed,human_approved,,
mmt_0010,Rebecca will complete the clinical review before the change request is closed.,legacy_reviewed,document_control_task,confirmed_action,named_owner|explicit_commitment_verb|deliverable_object|deadline_or_sequence|document_or_record,evidence,source:t761_seed,validation,t761_seed,human_approved,,
mmt_0011,Andrew and Rebecca need to sign off the change request after the final evidence is added.,legacy_reviewed,document_control_task,confirmed_action,named_owner|explicit_commitment_verb|deliverable_object|deadline_or_sequence|document_or_record|decision_language,evidence,source:t761_seed,validation,t761_seed,human_approved,,
mmt_0012,David and Andrew will review the debug commands and decide which should remain available.,legacy_reviewed,action_commitment,confirmed_action,named_owner|explicit_commitment_verb|deliverable_object|decision_language,evidence,source:t761_seed,validation,t761_seed,human_approved,,
mmt_0013,David will generate retrospective test data for the graphics driver issue.,legacy_reviewed,action_commitment,confirmed_action,named_owner|explicit_commitment_verb|deliverable_object,evidence,source:t761_seed,validation,t761_seed,human_approved,,
mmt_0014,Rebecca will update the risk management file with the latest mitigation.,legacy_reviewed,document_control_task,confirmed_action,named_owner|explicit_commitment_verb|deliverable_object|document_or_record|risk_language,evidence,source:t761_seed,validation,t761_seed,human_approved,,
mmt_0015,Stuart will complete the risk assessment to develop the audit plan by Wednesday.,legacy_reviewed,document_control_task,confirmed_action,named_owner|explicit_commitment_verb|deliverable_object|deadline_or_sequence|document_or_record|risk_language,evidence,source:abbott_seed,test,abbott_seed,human_approved,,
mmt_0016,Stuart will share the risk analysis with Niamh before she arrives.,legacy_reviewed,action_commitment,confirmed_action,named_owner|explicit_commitment_verb|deliverable_object|recipient_or_handover|deadline_or_sequence|risk_language,evidence,source:abbott_seed,test,abbott_seed,human_approved,,
mmt_0017,Claire will send Conor the updated draft minutes by Friday.,legacy_reviewed,document_control_task,confirmed_action,named_owner|explicit_commitment_verb|deliverable_object|recipient_or_handover|deadline_or_sequence|document_or_record,evidence,source:generic_seed,train,generic_seed,human_approved,,
mmt_0018,The team agreed that the importer should hold final storage responsibility.,legacy_reviewed,decision_agreement,not_action,decision_language|regulatory_language,evidence,source:t819_seed,train,t819_seed,human_approved,,
mmt_0019,It was agreed that UDI registration would be handled through Udimed rather than MedEnvoy.,legacy_reviewed,decision_agreement,not_action,decision_language|regulatory_language,evidence,source:t819_seed,train,t819_seed,human_approved,,
mmt_0020,The proposed approach was approved for the software change request.,legacy_reviewed,decision_agreement,not_action,decision_language|document_or_record,evidence,source:t761_seed,validation,t761_seed,human_approved,,
mmt_0021,The team decided not to expand the label wording until Jenny has reviewed the draft.,legacy_reviewed,decision_agreement,not_action,decision_language|document_or_record|deadline_or_sequence,evidence,source:t819_seed,train,t819_seed,human_approved,,
mmt_0022,"The goods arrive from the manufacturer, are stored in the warehouse and are then picked for customer orders.",legacy_reviewed,process_overview,not_action,process_sequence,evidence,source:t819_seed,train,t819_seed,human_approved,,
mmt_0023,"Packaging is applied after goods receipt, then the order is picked, packed and distributed to the customer.",legacy_reviewed,process_overview,not_action,process_sequence,evidence,source:t819_seed,train,t819_seed,human_approved,,
mmt_0024,"The software build starts with the graphics driver, moves through alarm validation and then into retrospective testing.",legacy_reviewed,process_overview,not_action,process_sequence,evidence,source:t761_seed,validation,t761_seed,human_approved,,
mmt_0025,"The QMS manual describes how the business process links to goods receipt, order picking and distribution.",legacy_reviewed,process_overview,not_action,process_sequence|document_or_record,evidence,source:t819_seed,train,t819_seed,human_approved,,
mmt_0026,The importer obligations sit with Dita once the product is placed on the Irish market.,legacy_reviewed,regulatory_obligation,not_action,regulatory_language,evidence,source:t819_seed,train,t819_seed,human_approved,,
mmt_0027,The declarations of conformity need to cover both MDR and PPE where sunglasses are in scope.,legacy_reviewed,regulatory_obligation,possible_action,deliverable_object|document_or_record|regulatory_language,evidence,source:t819_seed,train,t819_seed,human_approved,,
mmt_0028,The audit plan depends on completing the risk assessment first.,legacy_reviewed,risk_dependency,possible_action,deliverable_object|deadline_or_sequence|risk_language|document_or_record,evidence,source:abbott_seed,test,abbott_seed,human_approved,,
mmt_0029,Domain access remains blocked until IT provides firewall access.,legacy_reviewed,risk_dependency,possible_action,deadline_or_sequence|risk_language,evidence,source:generic_seed,train,generic_seed,human_approved,,
mmt_0030,We are missing confirmation on which languages are required for the DoCs.,legacy_reviewed,risk_dependency,possible_action,deliverable_object|document_or_record|regulatory_language|risk_language,evidence,source:t819_seed,train,t819_seed,human_approved,,
mmt_0031,The HPRA fee has already been paid and the confirmation email was sent yesterday.,legacy_reviewed,background_context,completed_history,deliverable_object|regulatory_language|completed_tense,evidence,source:t819_seed,train,t819_seed,human_approved,,
mmt_0032,Claire sent the revised minutes yesterday.,legacy_reviewed,background_context,completed_history,named_owner|deliverable_object|document_or_record|completed_tense,evidence,source:generic_seed,train,generic_seed,human_approved,,
mmt_0033,John-Paul reviewed the DoCs last week.,legacy_reviewed,background_context,completed_history,named_owner|deliverable_object|document_or_record|regulatory_language|completed_tense,evidence,source:t819_seed,train,t819_seed,human_approved,,
mmt_0034,Rebecca has already updated the risk management file.,legacy_reviewed,background_context,completed_history,named_owner|deliverable_object|document_or_record|risk_language|completed_tense,evidence,source:t761_seed,validation,t761_seed,human_approved,,
mmt_0035,Maybe we could look at the label in a later session.,legacy_reviewed,discussion_topic,not_action,hypothetical_language|document_or_record,evidence,source:t819_seed,train,t819_seed,human_approved,,
mmt_0036,Should we think about whether the DoCs need more languages?,legacy_reviewed,discussion_topic,not_action,hypothetical_language|document_or_record|regulatory_language,evidence,source:t819_seed,train,t819_seed,human_approved,,
mmt_0037,It might be worth considering a different audit structure.,legacy_reviewed,discussion_topic,not_action,hypothetical_language|document_or_record,evidence,source:generic_seed,train,generic_seed,human_approved,,
mmt_0038,"If asked, we could explain that MedEnvoy is acting for the manufacturer.",legacy_reviewed,discussion_topic,not_action,hypothetical_language|regulatory_language,evidence,source:t819_seed,train,t819_seed,human_approved,,
mmt_0039,"The call covered QMS structure, UDI registration and HPRA fees.",legacy_reviewed,discussion_topic,not_action,document_or_record|regulatory_language,evidence,source:t819_seed,train,t819_seed,human_approved,,
mmt_0040,"The team discussed alarm changes, language changes and software versioning.",legacy_reviewed,discussion_topic,not_action,document_or_record,evidence,source:t761_seed,validation,t761_seed,human_approved,,
mmt_0041,There was a deep dive into the software debug review and change request evidence.,legacy_reviewed,discussion_topic,not_action,document_or_record,evidence,source:t761_seed,validation,t761_seed,human_approved,,
mmt_0042,"We talked through final storage, packaging, customer orders and distribution.",legacy_reviewed,process_overview,not_action,process_sequence,evidence,source:t819_seed,train,t819_seed,human_approved,,
mmt_0043,"I just turned on the transcript, so we missed the middle bit.",legacy_reviewed,low_value_noise,not_action,,evidence,source:generic_seed,train,generic_seed,human_approved,,
mmt_0044,Can everyone hear me now?,legacy_reviewed,low_value_noise,not_action,,evidence,source:generic_seed,train,generic_seed,human_approved,,
mmt_0045,"Sorry, Teams is being slow and I lost the screen share.",legacy_reviewed,low_value_noise,not_action,,evidence,source:generic_seed,train,generic_seed,human_approved,,
mmt_0046,"That is grand, thanks, we can move on.",legacy_reviewed,low_value_noise,not_action,,evidence,source:generic_seed,train,generic_seed,human_approved,,
mmt_0047,Review status of TF24 and agree the next review activities.,legacy_reviewed,discussion_topic,not_action,document_or_record,evidence,source:generic_seed,train,generic_seed,human_approved,,
mmt_0048,Plan approach and initial activities for importer obligations.,legacy_reviewed,discussion_topic,not_action,regulatory_language,evidence,source:generic_seed,train,generic_seed,human_approved,,
mmt_0049,The objective was to review the software change request and supporting evidence.,legacy_reviewed,discussion_topic,not_action,document_or_record,evidence,source:generic_seed,train,generic_seed,human_approved,,
mmt_0050,The team needs to review the QMS manual.,legacy_reviewed,document_control_task,possible_action,explicit_commitment_verb|deliverable_object|document_or_record,evidence,source:t819_seed,train,t819_seed,human_approved,,
mmt_0051,Someone should send Jenny the label when it is ready.,legacy_reviewed,document_control_task,possible_action,explicit_commitment_verb|deliverable_object|recipient_or_handover|document_or_record,evidence,source:t819_seed,train,t819_seed,human_approved,,
mmt_0052,The declarations need to be reviewed for MDR and PPE.,legacy_reviewed,document_control_task,possible_action,explicit_commitment_verb|deliverable_object|document_or_record|regulatory_language,evidence,source:t819_seed,train,t819_seed,human_approved,,
mmt_0053,We need confirmation from HPRA on the fee.,legacy_reviewed,regulatory_obligation,possible_action,deliverable_object|regulatory_language|risk_language,evidence,source:t819_seed,train,t819_seed,human_approved,,
mmt_0054,The audit needs a risk assessment before the plan can be finalised.,legacy_reviewed,risk_dependency,possible_action,deliverable_object|deadline_or_sequence|document_or_record|risk_language,evidence,source:abbott_seed,test,abbott_seed,human_approved,,
mmt_0055,Colm to review the standards list and send comments back to Rebecca.,legacy_reviewed,document_control_task,confirmed_action,named_owner|explicit_commitment_verb|deliverable_object|recipient_or_handover|document_or_record,evidence,source:t761_seed,validation,t761_seed,human_approved,,
mmt_0056,Andrew to trace the graphics driver issue through the test evidence.,legacy_reviewed,action_commitment,confirmed_action,named_owner|explicit_commitment_verb|deliverable_object|document_or_record,evidence,source:t761_seed,validation,t761_seed,human_approved,,
mmt_0057,Rebecca to share the standards applicable to the change request.,legacy_reviewed,document_control_task,confirmed_action,named_owner|explicit_commitment_verb|deliverable_object|recipient_or_handover|document_or_record,evidence,source:t761_seed,validation,t761_seed,human_approved,,
mmt_0058,Niamh will review the audit timeline once Stuart sends the risk analysis.,legacy_reviewed,document_control_task,confirmed_action,named_owner|explicit_commitment_verb|deliverable_object|recipient_or_handover|deadline_or_sequence|document_or_record|risk_language,evidence,source:abbott_seed,test,abbott_seed,human_approved,,
mmt_0059,The audit timeline was reviewed in detail during the call.,legacy_reviewed,discussion_topic,completed_history,document_or_record|completed_tense,evidence,source:abbott_seed,test,abbott_seed,human_approved,,
mmt_0060,The risk assessment was completed before the meeting.,legacy_reviewed,background_context,completed_history,deliverable_object|document_or_record|risk_language|completed_tense,evidence,source:abbott_seed,test,abbott_seed,human_approved,,
mmt_0061,Share the risk analysis with Niamh before she arrives.,legacy_reviewed,action_commitment,confirmed_action,explicit_commitment_verb|deliverable_object|recipient_or_handover|deadline_or_sequence|risk_language,evidence,source:abbott_seed,test,abbott_seed,human_approved,,
mmt_0062,Complete the risk assessment to develop the audit plan.,legacy_reviewed,document_control_task,confirmed_action,explicit_commitment_verb|deliverable_object|document_or_record|risk_language,evidence,source:abbott_seed,test,abbott_seed,human_approved,,
mmt_0063,Review the QMS Manual by 24 March.,legacy_reviewed,document_control_task,confirmed_action,explicit_commitment_verb|deliverable_object|deadline_or_sequence|document_or_record,evidence,source:t819_seed,train,t819_seed,human_approved,,
mmt_0064,Share copy of new label with Jenny by 24 March.,legacy_reviewed,document_control_task,confirmed_action,explicit_commitment_verb|deliverable_object|recipient_or_handover|deadline_or_sequence|document_or_record,evidence,source:t819_seed,train,t819_seed,human_approved,,
mmt_0065,Share list of languages for DoCs by 24 March.,legacy_reviewed,document_control_task,confirmed_action,explicit_commitment_verb|deliverable_object|deadline_or_sequence|document_or_record|regulatory_language,evidence,source:t819_seed,train,t819_seed,human_approved,,
mmt_0066,Review DoCs for sunglasses for MDR and PPE.,legacy_reviewed,document_control_task,confirmed_action,explicit_commitment_verb|deliverable_object|document_or_record|regulatory_language,evidence,source:t819_seed,train,t819_seed,human_approved,,
mmt_0067,Review HPRA invoice fee.,legacy_reviewed,regulatory_obligation,confirmed_action,explicit_commitment_verb|deliverable_object|regulatory_language,evidence,source:t819_seed,train,t819_seed,human_approved,,
mmt_0068,The supplier audit topic could be November's webinar.,legacy_reviewed,discussion_topic,not_action,hypothetical_language,evidence,source:generic_seed,train,generic_seed,human_approved,,
mmt_0069,"Approved supplier is only the title of the content session, not something anyone needs to action today.",legacy_reviewed,discussion_topic,not_action,hypothetical_language,evidence,source:generic_seed,train,generic_seed,human_approved,,
mmt_0070,Validation is one of the themes for the webinar series.,legacy_reviewed,discussion_topic,not_action,,evidence,source:generic_seed,train,generic_seed,human_approved,,
mmt_0071,Review Rebecca’s updates to the Risk Mgmt Plan,legacy_reviewed,document_control_task,confirmed_action,deliverable_object|document_or_record|explicit_commitment_verb|named_owner|risk_language,evidence,source:t733_eakin_consultancy_retainer_trinzo_minutes_client_checkin_tf24_2026_06_17_pdf,test,T733 Eakin Consultancy Retainer -Trinzo Minutes Client -Checkin TF24 _2026.06.17.pdf,human_approved,,
mmt_0072,Clinical and usability review of the Alarm changes,legacy_reviewed,action_commitment,confirmed_action,deliverable_object|document_or_record|explicit_commitment_verb|named_owner,evidence,source:t733_eakin_consultancy_retainer_trinzo_minutes_client_checkin_tf24_2026_06_17_pdf,test,T733 Eakin Consultancy Retainer -Trinzo Minutes Client -Checkin TF24 _2026.06.17.pdf,human_approved,,
mmt_0073,Subcontractor spreadsheet to be completed – justifications,legacy_reviewed,document_control_task,confirmed_action,completed_tense|deliverable_object|document_or_record|explicit_commitment_verb|named_owner,evidence,source:t733_eakin_consultancy_retainer_trinzo_minutes_client_checkin_tf24_2026_06_17_pdf,test,T733 Eakin Consultancy Retainer -Trinzo Minutes Client -Checkin TF24 _2026.06.17.pdf,human_approved,,
mmt_0074,Andrew to review the mute button flash sequence V the existing setup,legacy_reviewed,action_commitment,confirmed_action,deliverable_object|document_or_record|explicit_commitment_verb|named_owner|process_sequence,evidence,source:t761_eakin_tech_file_sw_trinzo_minutes_sw_weekly_checkin_2026_06_15_pdf,validation,T761 Eakin Tech File SW -Trinzo Minutes SW Weekly Checkin_2026.06.15.pdf,human_approved,,
mmt_0075,"Clinical review of code changes for sounds, colour and flash",legacy_reviewed,action_commitment,confirmed_action,deliverable_object|document_or_record|explicit_commitment_verb|named_owner,evidence,source:t761_eakin_tech_file_sw_trinzo_minutes_sw_weekly_checkin_2026_06_15_pdf,validation,T761 Eakin Tech File SW -Trinzo Minutes SW Weekly Checkin_2026.06.15.pdf,human_approved,,
mmt_0076,Review the debug commands in the debug screen,legacy_reviewed,action_commitment,confirmed_action,deliverable_object|document_or_record|explicit_commitment_verb|named_owner,evidence,source:t761_eakin_tech_file_sw_trinzo_minutes_sw_weekly_checkin_2026_06_15_pdf,validation,T761 Eakin Tech File SW -Trinzo Minutes SW Weekly Checkin_2026.06.15.pdf,human_approved,,
mmt_0077,Andrew to review the graphics driver as possible solution for additional fonts,legacy_reviewed,action_commitment,confirmed_action,deliverable_object|document_or_record|explicit_commitment_verb|named_owner,evidence,source:t761_eakin_tech_file_sw_trinzo_minutes_sw_weekly_checkin_2026_06_15_pdf,validation,T761 Eakin Tech File SW -Trinzo Minutes SW Weekly Checkin_2026.06.15.pdf,human_approved,,
mmt_0078,Review IEC60601-1 standard compare to MDD documentation to outline what testing needs to be completed for electrical compliance,legacy_reviewed,document_control_task,confirmed_action,completed_tense|deadline_or_sequence|deliverable_object|document_or_record|explicit_commitment_verb|named_owner,evidence,source:t761_eakin_tech_file_sw_trinzo_minutes_sw_weekly_checkin_2026_06_15_pdf,validation,T761 Eakin Tech File SW -Trinzo Minutes SW Weekly Checkin_2026.06.15.pdf,human_approved,,
mmt_0079,Complete Electrical compliance testing,legacy_reviewed,action_commitment,confirmed_action,deliverable_object|document_or_record|explicit_commitment_verb|named_owner,evidence,source:t761_eakin_tech_file_sw_trinzo_minutes_sw_weekly_checkin_2026_06_15_pdf,validation,T761 Eakin Tech File SW -Trinzo Minutes SW Weekly Checkin_2026.06.15.pdf,human_approved,,
mmt_0080,Trace SW to identify the change in the SW between v1.01 and v1.02 – Document,legacy_reviewed,document_control_task,confirmed_action,deadline_or_sequence|deliverable_object|document_or_record|explicit_commitment_verb|named_owner,evidence,source:t761_eakin_tech_file_sw_trinzo_minutes_sw_weekly_checkin_2026_06_15_pdf,validation,T761 Eakin Tech File SW -Trinzo Minutes SW Weekly Checkin_2026.06.15.pdf,human_approved,,
mmt_0081,IF SW change cannot be seem generate retrospective test data,legacy_reviewed,action_commitment,confirmed_action,deliverable_object|document_or_record|explicit_commitment_verb|hypothetical_language|named_owner,evidence,source:t761_eakin_tech_file_sw_trinzo_minutes_sw_weekly_checkin_2026_06_15_pdf,validation,T761 Eakin Tech File SW -Trinzo Minutes SW Weekly Checkin_2026.06.15.pdf,human_approved,,
mmt_0082,Update Rsk Mgmt file addressing USB port lock and GUI security controls – Review competitor controls,legacy_reviewed,document_control_task,confirmed_action,deliverable_object|document_or_record|explicit_commitment_verb|named_owner,evidence,source:t761_eakin_tech_file_sw_trinzo_minutes_sw_weekly_checkin_2026_06_15_pdf,validation,T761 Eakin Tech File SW -Trinzo Minutes SW Weekly Checkin_2026.06.15.pdf,human_approved,,
mmt_0083,Share standards for review 81001-5-1 and 27427,legacy_reviewed,document_control_task,confirmed_action,deadline_or_sequence|deliverable_object|document_or_record|explicit_commitment_verb|named_owner|recipient_or_handover,evidence,source:t761_eakin_tech_file_sw_trinzo_minutes_sw_weekly_checkin_2026_06_15_pdf,validation,T761 Eakin Tech File SW -Trinzo Minutes SW Weekly Checkin_2026.06.15.pdf,human_approved,,
mmt_0084,Review relevance of standards,legacy_reviewed,document_control_task,confirmed_action,deliverable_object|document_or_record|explicit_commitment_verb|named_owner,evidence,source:t761_eakin_tech_file_sw_trinzo_minutes_sw_weekly_checkin_2026_06_15_pdf,validation,T761 Eakin Tech File SW -Trinzo Minutes SW Weekly Checkin_2026.06.15.pdf,human_approved,,
mmt_0085,Orla to review the QMS Manual from the team,legacy_reviewed,document_control_task,confirmed_action,deliverable_object|document_or_record|explicit_commitment_verb|named_owner,evidence,source:t819_dita_eyewear_importer_obligations_trinzo_minutes_client_connect_2026_06_17_pdf,train,T819 Dita Eyewear Importer Obligations -Trinzo Minutes Client Connect_2026.06.17.pdf,human_approved,,
mmt_0086,Followup with Cody for a copy of the MedEnvoy project plan for manufacturer EO,legacy_reviewed,document_control_task,confirmed_action,deliverable_object|document_or_record|explicit_commitment_verb|named_owner|recipient_or_handover,evidence,source:t819_dita_eyewear_importer_obligations_trinzo_minutes_client_connect_2026_06_17_pdf,train,T819 Dita Eyewear Importer Obligations -Trinzo Minutes Client Connect_2026.06.17.pdf,human_approved,,
mmt_0087,Orla to share a copy of the new label with Jenny for review,legacy_reviewed,document_control_task,confirmed_action,deliverable_object|document_or_record|explicit_commitment_verb|named_owner|recipient_or_handover,evidence,source:t819_dita_eyewear_importer_obligations_trinzo_minutes_client_connect_2026_06_17_pdf,train,T819 Dita Eyewear Importer Obligations -Trinzo Minutes Client Connect_2026.06.17.pdf,human_approved,,
mmt_0088,Orla to share a list of all the languages for DoC’s,legacy_reviewed,document_control_task,confirmed_action,deliverable_object|document_or_record|explicit_commitment_verb|named_owner|recipient_or_handover,evidence,source:t819_dita_eyewear_importer_obligations_trinzo_minutes_client_connect_2026_06_17_pdf,train,T819 Dita Eyewear Importer Obligations -Trinzo Minutes Client Connect_2026.06.17.pdf,human_approved,,
mmt_0089,Review the DoC’s for sunglasses for MDR and PPE compliance,legacy_reviewed,regulatory_obligation,confirmed_action,deliverable_object|document_or_record|explicit_commitment_verb|named_owner|regulatory_language,evidence,source:t819_dita_eyewear_importer_obligations_trinzo_minutes_client_connect_2026_06_17_pdf,train,T819 Dita Eyewear Importer Obligations -Trinzo Minutes Client Connect_2026.06.17.pdf,human_approved,,
mmt_0090,Review HPRA invoice fee,legacy_reviewed,regulatory_obligation,confirmed_action,deliverable_object|document_or_record|explicit_commitment_verb|named_owner|regulatory_language,evidence,source:t819_dita_eyewear_importer_obligations_trinzo_minutes_client_connect_2026_06_17_pdf,train,T819 Dita Eyewear Importer Obligations -Trinzo Minutes Client Connect_2026.06.17.pdf,human_approved,,
mmt_0091,Jacqui to followup internally to understand what the MDR regulation demands for DoC language publications.,legacy_reviewed,regulatory_obligation,confirmed_action,deliverable_object|document_or_record|explicit_commitment_verb|named_owner|recipient_or_handover|regulatory_language,evidence,source:t819_dita_eyewear_importer_obligations_trinzo_minutes_internal_connect_2026_06_17_pdf,test,T819 Dita Eyewear Importer Obligations -Trinzo Minutes internal Connect_2026.06.17.pdf,human_approved,,
mmt_0092,"Jacqui to schedule client working calls, Wed, Thurs and Fridays",legacy_reviewed,action_commitment,confirmed_action,deliverable_object|document_or_record|explicit_commitment_verb|named_owner,evidence,source:t819_dita_eyewear_importer_obligations_trinzo_minutes_internal_connect_2026_06_17_pdf,test,T819 Dita Eyewear Importer Obligations -Trinzo Minutes internal Connect_2026.06.17.pdf,human_approved,,
mmt_0093,Jacqui to schedule weekly client connect,legacy_reviewed,action_commitment,confirmed_action,deliverable_object|document_or_record|explicit_commitment_verb|named_owner,evidence,source:t819_dita_eyewear_importer_obligations_trinzo_minutes_internal_connect_2026_06_17_pdf,test,T819 Dita Eyewear Importer Obligations -Trinzo Minutes internal Connect_2026.06.17.pdf,human_approved,,
mmt_0094,Jacqui to followup with Orla on the scope of the SOW and whether it includes Sunglasses,legacy_reviewed,document_control_task,confirmed_action,deliverable_object|document_or_record|explicit_commitment_verb|named_owner|recipient_or_handover,evidence,source:t819_dita_eyewear_importer_obligations_trinzo_minutes_internal_connect_2026_06_17_pdf,test,T819 Dita Eyewear Importer Obligations -Trinzo Minutes internal Connect_2026.06.17.pdf,human_approved,,
mmt_0095,Generate question/clarification list for client,legacy_reviewed,action_commitment,confirmed_action,deliverable_object|document_or_record|explicit_commitment_verb|named_owner,evidence,source:t819_dita_eyewear_importer_obligations_trinzo_minutes_internal_connect_2026_06_17_pdf,test,T819 Dita Eyewear Importer Obligations -Trinzo Minutes internal Connect_2026.06.17.pdf,human_approved,,
mmt_0096,Jacqui to followup with Orla to co-ordinate a site visit for Mark and Jacqui,legacy_reviewed,action_commitment,confirmed_action,deliverable_object|document_or_record|explicit_commitment_verb|named_owner|recipient_or_handover,evidence,source:t819_dita_eyewear_importer_obligations_trinzo_minutes_internal_connect_2026_06_17_pdf,test,T819 Dita Eyewear Importer Obligations -Trinzo Minutes internal Connect_2026.06.17.pdf,human_approved,,
mmt_0097,David reviewed Risk Mgmt Plan.,legacy_reviewed,background_context,completed_history,completed_tense|deliverable_object|document_or_record|explicit_commitment_verb|named_owner|risk_language,evidence,source:t733_eakin_consultancy_retainer_trinzo_minutes_client_checkin_tf24_2026_06_17_pdf,test,T733 Eakin Consultancy Retainer -Trinzo Minutes Client -Checkin TF24 _2026.06.17.pdf,human_approved,,
mmt_0098,Could David review Risk Mgmt Plan?,legacy_reviewed,discussion_topic,not_action,deliverable_object|document_or_record|explicit_commitment_verb|hypothetical_language|named_owner|risk_language,evidence,source:t733_eakin_consultancy_retainer_trinzo_minutes_client_checkin_tf24_2026_06_17_pdf,test,T733 Eakin Consultancy Retainer -Trinzo Minutes Client -Checkin TF24 _2026.06.17.pdf,human_approved,,
mmt_0099,Andrew reviewed Alarm changes.,legacy_reviewed,background_context,completed_history,completed_tense|deliverable_object|document_or_record|explicit_commitment_verb|named_owner,evidence,source:t733_eakin_consultancy_retainer_trinzo_minutes_client_checkin_tf24_2026_06_17_pdf,test,T733 Eakin Consultancy Retainer -Trinzo Minutes Client -Checkin TF24 _2026.06.17.pdf,human_approved,,
mmt_0100,Could Andrew review Alarm changes?,legacy_reviewed,discussion_topic,not_action,deliverable_object|document_or_record|explicit_commitment_verb|hypothetical_language|named_owner,evidence,source:t733_eakin_consultancy_retainer_trinzo_minutes_client_checkin_tf24_2026_06_17_pdf,test,T733 Eakin Consultancy Retainer -Trinzo Minutes Client -Checkin TF24 _2026.06.17.pdf,human_approved,,
mmt_0101,Rebecca and team completed Subcontractor spreadsheet.,legacy_reviewed,background_context,completed_history,completed_tense|deliverable_object|document_or_record|explicit_commitment_verb|named_owner,evidence,source:t733_eakin_consultancy_retainer_trinzo_minutes_client_checkin_tf24_2026_06_17_pdf,test,T733 Eakin Consultancy Retainer -Trinzo Minutes Client -Checkin TF24 _2026.06.17.pdf,human_approved,,
mmt_0102,Could Rebecca and team complete Subcontractor spreadsheet?,legacy_reviewed,discussion_topic,not_action,deliverable_object|document_or_record|explicit_commitment_verb|hypothetical_language|named_owner,evidence,source:t733_eakin_consultancy_retainer_trinzo_minutes_client_checkin_tf24_2026_06_17_pdf,test,T733 Eakin Consultancy Retainer -Trinzo Minutes Client -Checkin TF24 _2026.06.17.pdf,human_approved,,
mmt_0103,Andrew reviewed mute button flash sequence.,legacy_reviewed,background_context,completed_history,completed_tense|deliverable_object|document_or_record|explicit_commitment_verb|named_owner|process_sequence,evidence,source:t761_eakin_tech_file_sw_trinzo_minutes_sw_weekly_checkin_2026_06_15_pdf,validation,T761 Eakin Tech File SW -Trinzo Minutes SW Weekly Checkin_2026.06.15.pdf,human_approved,,
mmt_0104,Could Andrew review mute button flash sequence?,legacy_reviewed,discussion_topic,not_action,deliverable_object|document_or_record|explicit_commitment_verb|hypothetical_language|named_owner|process_sequence,evidence,source:t761_eakin_tech_file_sw_trinzo_minutes_sw_weekly_checkin_2026_06_15_pdf,validation,T761 Eakin Tech File SW -Trinzo Minutes SW Weekly Checkin_2026.06.15.pdf,human_approved,,
mmt_0105,Rebecca reviewed code changes.,legacy_reviewed,background_context,completed_history,completed_tense|deliverable_object|document_or_record|explicit_commitment_verb|named_owner,evidence,source:t761_eakin_tech_file_sw_trinzo_minutes_sw_weekly_checkin_2026_06_15_pdf,validation,T761 Eakin Tech File SW -Trinzo Minutes SW Weekly Checkin_2026.06.15.pdf,human_approved,,
mmt_0106,Could Rebecca review code changes?,legacy_reviewed,discussion_topic,not_action,deliverable_object|document_or_record|explicit_commitment_verb|hypothetical_language|named_owner,evidence,source:t761_eakin_tech_file_sw_trinzo_minutes_sw_weekly_checkin_2026_06_15_pdf,validation,T761 Eakin Tech File SW -Trinzo Minutes SW Weekly Checkin_2026.06.15.pdf,human_approved,,
mmt_0107,Andrew/David reviewed debug commands.,legacy_reviewed,background_context,completed_history,completed_tense|deliverable_object|document_or_record|explicit_commitment_verb|named_owner,evidence,source:t761_eakin_tech_file_sw_trinzo_minutes_sw_weekly_checkin_2026_06_15_pdf,validation,T761 Eakin Tech File SW -Trinzo Minutes SW Weekly Checkin_2026.06.15.pdf,human_approved,,
mmt_0108,Could Andrew/David review debug commands?,legacy_reviewed,discussion_topic,not_action,deliverable_object|document_or_record|explicit_commitment_verb|hypothetical_language|named_owner,evidence,source:t761_eakin_tech_file_sw_trinzo_minutes_sw_weekly_checkin_2026_06_15_pdf,validation,T761 Eakin Tech File SW -Trinzo Minutes SW Weekly Checkin_2026.06.15.pdf,human_approved,,
mmt_0109,Andrew reviewed graphics driver.,legacy_reviewed,background_context,completed_history,completed_tense|deliverable_object|document_or_record|explicit_commitment_verb|named_owner,evidence,source:t761_eakin_tech_file_sw_trinzo_minutes_sw_weekly_checkin_2026_06_15_pdf,validation,T761 Eakin Tech File SW -Trinzo Minutes SW Weekly Checkin_2026.06.15.pdf,human_approved,,
mmt_0110,Could Andrew review graphics driver?,legacy_reviewed,discussion_topic,not_action,deliverable_object|document_or_record|explicit_commitment_verb|hypothetical_language|named_owner,evidence,source:t761_eakin_tech_file_sw_trinzo_minutes_sw_weekly_checkin_2026_06_15_pdf,validation,T761 Eakin Tech File SW -Trinzo Minutes SW Weekly Checkin_2026.06.15.pdf,human_approved,,
mmt_0111,Andrew reviewed IEC60601-1 and MDD documentation.,legacy_reviewed,background_context,completed_history,completed_tense|deadline_or_sequence|deliverable_object|document_or_record|explicit_commitment_verb|named_owner,evidence,source:t761_eakin_tech_file_sw_trinzo_minutes_sw_weekly_checkin_2026_06_15_pdf,validation,T761 Eakin Tech File SW -Trinzo Minutes SW Weekly Checkin_2026.06.15.pdf,human_approved,,
mmt_0112,Could Andrew review IEC60601-1 and MDD documentation?,legacy_reviewed,discussion_topic,not_action,deadline_or_sequence|deliverable_object|document_or_record|explicit_commitment_verb|hypothetical_language|named_owner,evidence,source:t761_eakin_tech_file_sw_trinzo_minutes_sw_weekly_checkin_2026_06_15_pdf,validation,T761 Eakin Tech File SW -Trinzo Minutes SW Weekly Checkin_2026.06.15.pdf,human_approved,,
mmt_0113,Andrew completed Electrical compliance testing.,legacy_reviewed,background_context,completed_history,completed_tense|deliverable_object|document_or_record|explicit_commitment_verb|named_owner,evidence,source:t761_eakin_tech_file_sw_trinzo_minutes_sw_weekly_checkin_2026_06_15_pdf,validation,T761 Eakin Tech File SW -Trinzo Minutes SW Weekly Checkin_2026.06.15.pdf,human_approved,,
mmt_0114,Could Andrew complete Electrical compliance testing?,legacy_reviewed,discussion_topic,not_action,deliverable_object|document_or_record|explicit_commitment_verb|hypothetical_language|named_owner,evidence,source:t761_eakin_tech_file_sw_trinzo_minutes_sw_weekly_checkin_2026_06_15_pdf,validation,T761 Eakin Tech File SW -Trinzo Minutes SW Weekly Checkin_2026.06.15.pdf,human_approved,,
mmt_0115,David traced SW change between v1.01 and v1.02.,legacy_reviewed,background_context,completed_history,completed_tense|deadline_or_sequence|deliverable_object|document_or_record|explicit_commitment_verb|named_owner,evidence,source:t761_eakin_tech_file_sw_trinzo_minutes_sw_weekly_checkin_2026_06_15_pdf,validation,T761 Eakin Tech File SW -Trinzo Minutes SW Weekly Checkin_2026.06.15.pdf,human_approved,,
mmt_0116,Could David trace SW change between v1.01 and v1.02?,legacy_reviewed,discussion_topic,not_action,deadline_or_sequence|deliverable_object|document_or_record|explicit_commitment_verb|hypothetical_language|named_owner,evidence,source:t761_eakin_tech_file_sw_trinzo_minutes_sw_weekly_checkin_2026_06_15_pdf,validation,T761 Eakin Tech File SW -Trinzo Minutes SW Weekly Checkin_2026.06.15.pdf,human_approved,,
mmt_0117,David/Andrew generated retrospective test data.,legacy_reviewed,background_context,completed_history,completed_tense|deliverable_object|document_or_record|explicit_commitment_verb|named_owner,evidence,source:t761_eakin_tech_file_sw_trinzo_minutes_sw_weekly_checkin_2026_06_15_pdf,validation,T761 Eakin Tech File SW -Trinzo Minutes SW Weekly Checkin_2026.06.15.pdf,human_approved,,
mmt_0118,Could David/Andrew generate retrospective test data?,legacy_reviewed,discussion_topic,not_action,deliverable_object|document_or_record|explicit_commitment_verb|hypothetical_language|named_owner,evidence,source:t761_eakin_tech_file_sw_trinzo_minutes_sw_weekly_checkin_2026_06_15_pdf,validation,T761 Eakin Tech File SW -Trinzo Minutes SW Weekly Checkin_2026.06.15.pdf,human_approved,,
mmt_0119,Rebecca updated Risk Management file.,legacy_reviewed,background_context,completed_history,completed_tense|deliverable_object|document_or_record|explicit_commitment_verb|named_owner|risk_language,evidence,source:t761_eakin_tech_file_sw_trinzo_minutes_sw_weekly_checkin_2026_06_15_pdf,validation,T761 Eakin Tech File SW -Trinzo Minutes SW Weekly Checkin_2026.06.15.pdf,human_approved,,
mmt_0120,Could Rebecca update Risk Management file?,legacy_reviewed,discussion_topic,not_action,deliverable_object|document_or_record|explicit_commitment_verb|hypothetical_language|named_owner|risk_language,evidence,source:t761_eakin_tech_file_sw_trinzo_minutes_sw_weekly_checkin_2026_06_15_pdf,validation,T761 Eakin Tech File SW -Trinzo Minutes SW Weekly Checkin_2026.06.15.pdf,human_approved,,
mmt_0121,Rebecca shared standards 81001-5-1 and 27427.,legacy_reviewed,background_context,completed_history,completed_tense|deadline_or_sequence|deliverable_object|document_or_record|explicit_commitment_verb|named_owner|recipient_or_handover,evidence,source:t761_eakin_tech_file_sw_trinzo_minutes_sw_weekly_checkin_2026_06_15_pdf,validation,T761 Eakin Tech File SW -Trinzo Minutes SW Weekly Checkin_2026.06.15.pdf,human_approved,,
mmt_0122,Could Rebecca share standards 81001-5-1 and 27427?,legacy_reviewed,discussion_topic,not_action,deadline_or_sequence|deliverable_object|document_or_record|explicit_commitment_verb|hypothetical_language|named_owner|recipient_or_handover,evidence,source:t761_eakin_tech_file_sw_trinzo_minutes_sw_weekly_checkin_2026_06_15_pdf,validation,T761 Eakin Tech File SW -Trinzo Minutes SW Weekly Checkin_2026.06.15.pdf,human_approved,,
mmt_0123,Colm reviewed standards.,legacy_reviewed,background_context,completed_history,completed_tense|deliverable_object|document_or_record|explicit_commitment_verb|named_owner,evidence,source:t761_eakin_tech_file_sw_trinzo_minutes_sw_weekly_checkin_2026_06_15_pdf,validation,T761 Eakin Tech File SW -Trinzo Minutes SW Weekly Checkin_2026.06.15.pdf,human_approved,,
mmt_0124,Could Colm review standards?,legacy_reviewed,discussion_topic,not_action,deliverable_object|document_or_record|explicit_commitment_verb|hypothetical_language|named_owner,evidence,source:t761_eakin_tech_file_sw_trinzo_minutes_sw_weekly_checkin_2026_06_15_pdf,validation,T761 Eakin Tech File SW -Trinzo Minutes SW Weekly Checkin_2026.06.15.pdf,human_approved,,
mmt_0125,Orla reviewed QMS Manual.,legacy_reviewed,background_context,completed_history,completed_tense|deliverable_object|document_or_record|explicit_commitment_verb|named_owner,evidence,source:t819_dita_eyewear_importer_obligations_trinzo_minutes_client_connect_2026_06_17_pdf,train,T819 Dita Eyewear Importer Obligations -Trinzo Minutes Client Connect_2026.06.17.pdf,human_approved,,
mmt_0126,Could Orla review QMS Manual?,legacy_reviewed,discussion_topic,not_action,deliverable_object|document_or_record|explicit_commitment_verb|hypothetical_language|named_owner,evidence,source:t819_dita_eyewear_importer_obligations_trinzo_minutes_client_connect_2026_06_17_pdf,train,T819 Dita Eyewear Importer Obligations -Trinzo Minutes Client Connect_2026.06.17.pdf,human_approved,,
mmt_0127,Orla followed up MedEnvoy project plan.,legacy_reviewed,background_context,completed_history,completed_tense|deliverable_object|document_or_record|explicit_commitment_verb|named_owner|recipient_or_handover,evidence,source:t819_dita_eyewear_importer_obligations_trinzo_minutes_client_connect_2026_06_17_pdf,train,T819 Dita Eyewear Importer Obligations -Trinzo Minutes Client Connect_2026.06.17.pdf,human_approved,,
mmt_0128,Could Orla follow up MedEnvoy project plan?,legacy_reviewed,discussion_topic,not_action,deliverable_object|document_or_record|explicit_commitment_verb|hypothetical_language|named_owner|recipient_or_handover,evidence,source:t819_dita_eyewear_importer_obligations_trinzo_minutes_client_connect_2026_06_17_pdf,train,T819 Dita Eyewear Importer Obligations -Trinzo Minutes Client Connect_2026.06.17.pdf,human_approved,,
mmt_0129,Orla shared new label.,legacy_reviewed,background_context,completed_history,completed_tense|deliverable_object|document_or_record|explicit_commitment_verb|named_owner|recipient_or_handover,evidence,source:t819_dita_eyewear_importer_obligations_trinzo_minutes_client_connect_2026_06_17_pdf,train,T819 Dita Eyewear Importer Obligations -Trinzo Minutes Client Connect_2026.06.17.pdf,human_approved,,
mmt_0130,Could Orla share new label?,legacy_reviewed,discussion_topic,not_action,deliverable_object|document_or_record|explicit_commitment_verb|hypothetical_language|named_owner|recipient_or_handover,evidence,source:t819_dita_eyewear_importer_obligations_trinzo_minutes_client_connect_2026_06_17_pdf,train,T819 Dita Eyewear Importer Obligations -Trinzo Minutes Client Connect_2026.06.17.pdf,human_approved,,
mmt_0131,Orla shared list of DoC languages.,legacy_reviewed,background_context,completed_history,completed_tense|deliverable_object|document_or_record|explicit_commitment_verb|named_owner|recipient_or_handover,evidence,source:t819_dita_eyewear_importer_obligations_trinzo_minutes_client_connect_2026_06_17_pdf,train,T819 Dita Eyewear Importer Obligations -Trinzo Minutes Client Connect_2026.06.17.pdf,human_approved,,
mmt_0132,Could Orla share list of DoC languages?,legacy_reviewed,discussion_topic,not_action,deliverable_object|document_or_record|explicit_commitment_verb|hypothetical_language|named_owner|recipient_or_handover,evidence,source:t819_dita_eyewear_importer_obligations_trinzo_minutes_client_connect_2026_06_17_pdf,train,T819 Dita Eyewear Importer Obligations -Trinzo Minutes Client Connect_2026.06.17.pdf,human_approved,,
mmt_0133,John-Paul reviewed DoCs for sunglasses.,legacy_reviewed,background_context,completed_history,completed_tense|deliverable_object|document_or_record|explicit_commitment_verb|named_owner,evidence,source:t819_dita_eyewear_importer_obligations_trinzo_minutes_client_connect_2026_06_17_pdf,train,T819 Dita Eyewear Importer Obligations -Trinzo Minutes Client Connect_2026.06.17.pdf,human_approved,,
mmt_0134,Could John-Paul review DoCs for sunglasses?,legacy_reviewed,discussion_topic,not_action,deliverable_object|document_or_record|explicit_commitment_verb|hypothetical_language|named_owner,evidence,source:t819_dita_eyewear_importer_obligations_trinzo_minutes_client_connect_2026_06_17_pdf,train,T819 Dita Eyewear Importer Obligations -Trinzo Minutes Client Connect_2026.06.17.pdf,human_approved,,
mmt_0135,Jacqui reviewed HPRA invoice fee.,legacy_reviewed,background_context,completed_history,completed_tense|deliverable_object|document_or_record|explicit_commitment_verb|named_owner|regulatory_language,evidence,source:t819_dita_eyewear_importer_obligations_trinzo_minutes_client_connect_2026_06_17_pdf,train,T819 Dita Eyewear Importer Obligations -Trinzo Minutes Client Connect_2026.06.17.pdf,human_approved,,
mmt_0136,Could Jacqui review HPRA invoice fee?,legacy_reviewed,discussion_topic,not_action,deliverable_object|document_or_record|explicit_commitment_verb|hypothetical_language|named_owner|regulatory_language,evidence,source:t819_dita_eyewear_importer_obligations_trinzo_minutes_client_connect_2026_06_17_pdf,train,T819 Dita Eyewear Importer Obligations -Trinzo Minutes Client Connect_2026.06.17.pdf,human_approved,,
mmt_0137,Jacqui followed up MDR requirements for DoC language publications.,legacy_reviewed,background_context,completed_history,completed_tense|deliverable_object|document_or_record|explicit_commitment_verb|named_owner|recipient_or_handover|regulatory_language,evidence,source:t819_dita_eyewear_importer_obligations_trinzo_minutes_internal_connect_2026_06_17_pdf,test,T819 Dita Eyewear Importer Obligations -Trinzo Minutes internal Connect_2026.06.17.pdf,human_approved,,
mmt_0138,Could Jacqui follow up MDR requirements for DoC language publications?,legacy_reviewed,discussion_topic,not_action,deliverable_object|document_or_record|explicit_commitment_verb|hypothetical_language|named_owner|recipient_or_handover|regulatory_language,evidence,source:t819_dita_eyewear_importer_obligations_trinzo_minutes_internal_connect_2026_06_17_pdf,test,T819 Dita Eyewear Importer Obligations -Trinzo Minutes internal Connect_2026.06.17.pdf,human_approved,,
mmt_0139,Jacqui scheduled client working calls.,legacy_reviewed,background_context,completed_history,completed_tense|deliverable_object|document_or_record|explicit_commitment_verb|named_owner|process_sequence,evidence,source:t819_dita_eyewear_importer_obligations_trinzo_minutes_internal_connect_2026_06_17_pdf,test,T819 Dita Eyewear Importer Obligations -Trinzo Minutes internal Connect_2026.06.17.pdf,human_approved,,
mmt_0140,Could Jacqui schedule client working calls?,legacy_reviewed,discussion_topic,not_action,deliverable_object|document_or_record|explicit_commitment_verb|hypothetical_language|named_owner,evidence,source:t819_dita_eyewear_importer_obligations_trinzo_minutes_internal_connect_2026_06_17_pdf,test,T819 Dita Eyewear Importer Obligations -Trinzo Minutes internal Connect_2026.06.17.pdf,human_approved,,
mmt_0141,Jacqui scheduled weekly client connect.,legacy_reviewed,background_context,completed_history,completed_tense|deliverable_object|document_or_record|explicit_commitment_verb|named_owner|process_sequence,evidence,source:t819_dita_eyewear_importer_obligations_trinzo_minutes_internal_connect_2026_06_17_pdf,test,T819 Dita Eyewear Importer Obligations -Trinzo Minutes internal Connect_2026.06.17.pdf,human_approved,,
mmt_0142,Could Jacqui schedule weekly client connect?,legacy_reviewed,discussion_topic,not_action,deliverable_object|document_or_record|explicit_commitment_verb|hypothetical_language|named_owner,evidence,source:t819_dita_eyewear_importer_obligations_trinzo_minutes_internal_connect_2026_06_17_pdf,test,T819 Dita Eyewear Importer Obligations -Trinzo Minutes internal Connect_2026.06.17.pdf,human_approved,,
mmt_0143,Jacqui followed up SOW scope.,legacy_reviewed,background_context,completed_history,completed_tense|deliverable_object|document_or_record|explicit_commitment_verb|named_owner|recipient_or_handover,evidence,source:t819_dita_eyewear_importer_obligations_trinzo_minutes_internal_connect_2026_06_17_pdf,test,T819 Dita Eyewear Importer Obligations -Trinzo Minutes internal Connect_2026.06.17.pdf,human_approved,,
mmt_0144,Could Jacqui follow up SOW scope?,legacy_reviewed,discussion_topic,not_action,deliverable_object|document_or_record|explicit_commitment_verb|hypothetical_language|named_owner|recipient_or_handover,evidence,source:t819_dita_eyewear_importer_obligations_trinzo_minutes_internal_connect_2026_06_17_pdf,test,T819 Dita Eyewear Importer Obligations -Trinzo Minutes internal Connect_2026.06.17.pdf,human_approved,,
mmt_0145,The team generated question/clarification list.,legacy_reviewed,background_context,completed_history,completed_tense|deliverable_object|document_or_record|explicit_commitment_verb|named_owner,evidence,source:t819_dita_eyewear_importer_obligations_trinzo_minutes_internal_connect_2026_06_17_pdf,test,T819 Dita Eyewear Importer Obligations -Trinzo Minutes internal Connect_2026.06.17.pdf,human_approved,,
mmt_0146,Could The team generate question/clarification list?,legacy_reviewed,discussion_topic,not_action,deliverable_object|document_or_record|explicit_commitment_verb|hypothetical_language|named_owner,evidence,source:t819_dita_eyewear_importer_obligations_trinzo_minutes_internal_connect_2026_06_17_pdf,test,T819 Dita Eyewear Importer Obligations -Trinzo Minutes internal Connect_2026.06.17.pdf,human_approved,,
mmt_0147,Jacqui followed up site visit.,legacy_reviewed,background_context,completed_history,completed_tense|deliverable_object|document_or_record|explicit_commitment_verb|named_owner|recipient_or_handover,evidence,source:t819_dita_eyewear_importer_obligations_trinzo_minutes_internal_connect_2026_06_17_pdf,test,T819 Dita Eyewear Importer Obligations -Trinzo Minutes internal Connect_2026.06.17.pdf,human_approved,,
mmt_0148,Could Jacqui follow up site visit?,legacy_reviewed,discussion_topic,not_action,deliverable_object|document_or_record|explicit_commitment_verb|hypothetical_language|named_owner|recipient_or_handover,evidence,source:t819_dita_eyewear_importer_obligations_trinzo_minutes_internal_connect_2026_06_17_pdf,test,T819 Dita Eyewear Importer Obligations -Trinzo Minutes internal Connect_2026.06.17.pdf,human_approved,,
mmt_0149,Andrew has completed the changes to all 3 parameters for the Alarm coding change.,legacy_reviewed,background_context,completed_history,completed_tense|deadline_or_sequence|deliverable_object|document_or_record|explicit_commitment_verb|named_owner,evidence,source:t733_eakin_consultancy_retainer_trinzo_minutes_client_checkin_tf24_2026_06_17_pdf,test,T733 Eakin Consultancy Retainer -Trinzo Minutes Client -Checkin TF24 _2026.06.17.pdf,human_approved,,
mmt_0150,Andrew has completed the test of the SW to accept 12 additional languages – proven memory.,legacy_reviewed,background_context,completed_history,completed_tense|deadline_or_sequence|deliverable_object|document_or_record|explicit_commitment_verb|named_owner,evidence,source:t733_eakin_consultancy_retainer_trinzo_minutes_client_checkin_tf24_2026_06_17_pdf,test,T733 Eakin Consultancy Retainer -Trinzo Minutes Client -Checkin TF24 _2026.06.17.pdf,human_approved,,
mmt_0151,Both usability specifications are complete.,legacy_reviewed,background_context,completed_history,completed_tense|deliverable_object|document_or_record|explicit_commitment_verb,evidence,source:t733_eakin_consultancy_retainer_trinzo_minutes_client_checkin_tf24_2026_06_17_pdf,test,T733 Eakin Consultancy Retainer -Trinzo Minutes Client -Checkin TF24 _2026.06.17.pdf,human_approved,,
mmt_0152,Chirstina has completed the review.,legacy_reviewed,background_context,completed_history,completed_tense|deliverable_object|document_or_record|explicit_commitment_verb|named_owner,evidence,source:t733_eakin_consultancy_retainer_trinzo_minutes_client_checkin_tf24_2026_06_17_pdf,test,T733 Eakin Consultancy Retainer -Trinzo Minutes Client -Checkin TF24 _2026.06.17.pdf,human_approved,,
mmt_0153,David has reviewed the PMS and added comments – Sent back to Ciaran for review.,legacy_reviewed,background_context,completed_history,completed_tense|deliverable_object|document_or_record|explicit_commitment_verb|named_owner|recipient_or_handover,evidence,source:t733_eakin_consultancy_retainer_trinzo_minutes_client_checkin_tf24_2026_06_17_pdf,test,T733 Eakin Consultancy Retainer -Trinzo Minutes Client -Checkin TF24 _2026.06.17.pdf,human_approved,,
mmt_0154,Change request has been raised and will be reviewed by Eakin team this week.,legacy_reviewed,action_commitment,confirmed_action,completed_tense|deadline_or_sequence|deliverable_object|document_or_record|explicit_commitment_verb|named_owner,evidence,source:t733_eakin_consultancy_retainer_trinzo_minutes_client_checkin_tf24_2026_06_17_pdf,test,T733 Eakin Consultancy Retainer -Trinzo Minutes Client -Checkin TF24 _2026.06.17.pdf,human_approved,,
mmt_0155,One slight issue remains around the mute button behaviour – Andrew reviewing.,legacy_reviewed,risk_dependency,possible_action,deliverable_object|document_or_record|explicit_commitment_verb|hypothetical_language|named_owner|risk_language,evidence,source:t733_eakin_consultancy_retainer_trinzo_minutes_client_checkin_tf24_2026_06_17_pdf,test,T733 Eakin Consultancy Retainer -Trinzo Minutes Client -Checkin TF24 _2026.06.17.pdf,human_approved,,
mmt_0156,Will be finalized once Christina returns from holiday.,legacy_reviewed,risk_dependency,possible_action,deliverable_object|document_or_record|explicit_commitment_verb|hypothetical_language|named_owner,evidence,source:t733_eakin_consultancy_retainer_trinzo_minutes_client_checkin_tf24_2026_06_17_pdf,test,T733 Eakin Consultancy Retainer -Trinzo Minutes Client -Checkin TF24 _2026.06.17.pdf,human_approved,,
mmt_0157,Testing is planned for completion by 23rd July.,legacy_reviewed,action_commitment,possible_action,deadline_or_sequence|deliverable_object|document_or_record|explicit_commitment_verb,evidence,source:t761_eakin_tech_file_sw_trinzo_minutes_sw_weekly_checkin_2026_06_15_pdf,validation,T761 Eakin Tech File SW -Trinzo Minutes SW Weekly Checkin_2026.06.15.pdf,human_approved,,
mmt_0158,Rebecca explained that the risk management file was being updated to reflect both hardware and software risks.,legacy_reviewed,document_control_task,not_action,completed_tense|deliverable_object|document_or_record|explicit_commitment_verb|named_owner|risk_language,evidence,source:t761_eakin_tech_file_sw_trinzo_minutes_sw_weekly_checkin_2026_06_15_pdf,validation,T761 Eakin Tech File SW -Trinzo Minutes SW Weekly Checkin_2026.06.15.pdf,human_approved,,
mmt_0159,"Rebecca clarified that if residual risk remains high after implementing controls, a benefit-risk assessment would be required.",legacy_reviewed,risk_dependency,possible_action,deadline_or_sequence|deliverable_object|document_or_record|explicit_commitment_verb|hypothetical_language|named_owner|risk_language,evidence,source:t761_eakin_tech_file_sw_trinzo_minutes_sw_weekly_checkin_2026_06_15_pdf,validation,T761 Eakin Tech File SW -Trinzo Minutes SW Weekly Checkin_2026.06.15.pdf,human_approved,,
mmt_0160,"Currently, UPC codes are used for barcoding.",legacy_reviewed,process_overview,not_action,deliverable_object|document_or_record|explicit_commitment_verb|process_sequence,evidence,source:t819_dita_eyewear_importer_obligations_trinzo_minutes_client_connect_2026_06_17_pdf,train,T819 Dita Eyewear Importer Obligations -Trinzo Minutes Client Connect_2026.06.17.pdf,human_approved,,
mmt_0161,All new devices must be registered in EUDAMED now.,legacy_reviewed,regulatory_obligation,not_action,deliverable_object|document_or_record|explicit_commitment_verb|regulatory_language,evidence,source:t819_dita_eyewear_importer_obligations_trinzo_minutes_client_connect_2026_06_17_pdf,train,T819 Dita Eyewear Importer Obligations -Trinzo Minutes Client Connect_2026.06.17.pdf,human_approved,,
mmt_0162,Existing products need to be registered in EUDAMED by 28th November ’26 deadline.,legacy_reviewed,regulatory_obligation,not_action,deadline_or_sequence|deliverable_object|document_or_record|explicit_commitment_verb|regulatory_language,evidence,source:t819_dita_eyewear_importer_obligations_trinzo_minutes_client_connect_2026_06_17_pdf,train,T819 Dita Eyewear Importer Obligations -Trinzo Minutes Client Connect_2026.06.17.pdf,human_approved,,
mmt_0163,Legal Manufacturer has overall responsibility to complete the registration of the devices.,legacy_reviewed,regulatory_obligation,not_action,deliverable_object|document_or_record|explicit_commitment_verb|named_owner|regulatory_language,evidence,source:t819_dita_eyewear_importer_obligations_trinzo_minutes_client_connect_2026_06_17_pdf,train,T819 Dita Eyewear Importer Obligations -Trinzo Minutes Client Connect_2026.06.17.pdf,human_approved,,
mmt_0164,Importer and Authorised Rep have responsibility to verify the registration are complete.,legacy_reviewed,regulatory_obligation,not_action,deliverable_object|document_or_record|explicit_commitment_verb|named_owner|regulatory_language,evidence,source:t819_dita_eyewear_importer_obligations_trinzo_minutes_client_connect_2026_06_17_pdf,train,T819 Dita Eyewear Importer Obligations -Trinzo Minutes Client Connect_2026.06.17.pdf,human_approved,,
mmt_0165,Orla confirmed the updates are in progress.,legacy_reviewed,document_control_task,not_action,decision_language|deliverable_object|document_or_record|explicit_commitment_verb|named_owner,evidence,source:t819_dita_eyewear_importer_obligations_trinzo_minutes_client_connect_2026_06_17_pdf,train,T819 Dita Eyewear Importer Obligations -Trinzo Minutes Client Connect_2026.06.17.pdf,human_approved,,
mmt_0166,Orla outlined they had received an invoice from the HPRA for annual Fees and asked for advice on whether they should challenge and/or pay.,legacy_reviewed,discussion_topic,not_action,deliverable_object|document_or_record|explicit_commitment_verb|hypothetical_language|named_owner|regulatory_language,evidence,source:t819_dita_eyewear_importer_obligations_trinzo_minutes_client_connect_2026_06_17_pdf,train,T819 Dita Eyewear Importer Obligations -Trinzo Minutes Client Connect_2026.06.17.pdf,human_approved,,
mmt_0167,Sunglasses are not outlined in the scope of the SOW.,legacy_reviewed,document_control_task,not_action,deliverable_object|document_or_record|explicit_commitment_verb,evidence,source:t819_dita_eyewear_importer_obligations_trinzo_minutes_internal_connect_2026_06_17_pdf,test,T819 Dita Eyewear Importer Obligations -Trinzo Minutes internal Connect_2026.06.17.pdf,human_approved,,
mmt_0168,Jacqui instructed the team to include PPE as part of the scope.,legacy_reviewed,decision_agreement,not_action,decision_language|deliverable_object|document_or_record|explicit_commitment_verb|named_owner|regulatory_language,evidence,source:t819_dita_eyewear_importer_obligations_trinzo_minutes_internal_connect_2026_06_17_pdf,test,T819 Dita Eyewear Importer Obligations -Trinzo Minutes internal Connect_2026.06.17.pdf,human_approved,,
mmt_0169,Discussion from the team on whether the DoC’s need to be translated to additional languages or whether English only DoC’s are sufficient.,legacy_reviewed,discussion_topic,not_action,deliverable_object|document_or_record|explicit_commitment_verb|hypothetical_language,evidence,source:t819_dita_eyewear_importer_obligations_trinzo_minutes_internal_connect_2026_06_17_pdf,test,T819 Dita Eyewear Importer Obligations -Trinzo Minutes internal Connect_2026.06.17.pdf,human_approved,,
mmt_0170,English is considered sufficient as it is an official EU language.,legacy_reviewed,decision_agreement,not_action,decision_language|deliverable_object|document_or_record|explicit_commitment_verb,evidence,source:t819_dita_eyewear_importer_obligations_trinzo_minutes_internal_connect_2026_06_17_pdf,test,T819 Dita Eyewear Importer Obligations -Trinzo Minutes internal Connect_2026.06.17.pdf,human_approved,,
mmt_0171,Translation is not typically required unless a specific competent authority requests it.,legacy_reviewed,regulatory_obligation,not_action,deliverable_object|document_or_record|explicit_commitment_verb|regulatory_language,evidence,source:t819_dita_eyewear_importer_obligations_trinzo_minutes_internal_connect_2026_06_17_pdf,test,T819 Dita Eyewear Importer Obligations -Trinzo Minutes internal Connect_2026.06.17.pdf,human_approved,,
mmt_0172,"Team need to understand the on-the-ground business operations, explanation of workflows and responsibilities and use of systems for clear definition of procedures.",legacy_reviewed,discussion_topic,not_action,deliverable_object|document_or_record|explicit_commitment_verb|named_owner|process_sequence,evidence,source:t819_dita_eyewear_importer_obligations_trinzo_minutes_internal_connect_2026_06_17_pdf,test,T819 Dita Eyewear Importer Obligations -Trinzo Minutes internal Connect_2026.06.17.pdf,human_approved,,
mmt_0173,"I’m starting to go through the risk analysis, but I’ll share that with you once I’ve got some more information.",legacy_reviewed,action_commitment,confirmed_action,deliverable_object|document_or_record|explicit_commitment_verb|hypothetical_language|named_owner|recipient_or_handover|risk_language,evidence,source:client_abbott_t796_audit_kick_off_sylmar_new_docx,test,Client Abbott T796 - Audit kick off Sylmar (NEW).docx,human_approved,,
mmt_0174,"I’ve identified some risks in terms of transmission, software, rollout, versions, cybersecurity, various bits and pieces.",legacy_reviewed,risk_dependency,completed_history,completed_tense|deliverable_object|document_or_record|explicit_commitment_verb|named_owner|risk_language,evidence,source:client_abbott_t796_audit_kick_off_sylmar_new_docx,test,Client Abbott T796 - Audit kick off Sylmar (NEW).docx,human_approved,,
mmt_0175,"Once your scope is determined, that will form that list of standards.",legacy_reviewed,risk_dependency,possible_action,deliverable_object|document_or_record|explicit_commitment_verb|hypothetical_language,evidence,source:client_abbott_t796_audit_kick_off_sylmar_new_docx,test,Client Abbott T796 - Audit kick off Sylmar (NEW).docx,human_approved,,
mmt_0176,You will still need to sign both of those as a training.,legacy_reviewed,action_commitment,confirmed_action,deliverable_object|document_or_record|explicit_commitment_verb|named_owner,evidence,source:client_abbott_t796_audit_kick_off_sylmar_new_docx,test,Client Abbott T796 - Audit kick off Sylmar (NEW).docx,human_approved,,
mmt_0177,"You will have the training attestation, which I will need before the audit formally starts.",legacy_reviewed,regulatory_obligation,not_action,deadline_or_sequence|deliverable_object|document_or_record|explicit_commitment_verb,evidence,source:client_abbott_t796_audit_kick_off_sylmar_new_docx,test,Client Abbott T796 - Audit kick off Sylmar (NEW).docx,human_approved,,
mmt_0178,We can probably upload them because you’re not on the Abbott network.,legacy_reviewed,action_commitment,possible_action,deliverable_object|document_or_record|explicit_commitment_verb|hypothetical_language|named_owner|recipient_or_handover,evidence,source:client_abbott_t796_audit_kick_off_sylmar_new_docx,test,Client Abbott T796 - Audit kick off Sylmar (NEW).docx,human_approved,,
mmt_0179,We’ll have to get you external access to the SharePoint that we use during the audit.,legacy_reviewed,document_control_task,confirmed_action,deliverable_object|document_or_record|explicit_commitment_verb|named_owner|recipient_or_handover,evidence,source:client_abbott_t796_audit_kick_off_sylmar_new_docx,test,Client Abbott T796 - Audit kick off Sylmar (NEW).docx,human_approved,,
mmt_0180,Does that sound like a rough plan that I’ve got in my head?,legacy_reviewed,discussion_topic,not_action,deliverable_object|document_or_record|explicit_commitment_verb|hypothetical_language|named_owner,evidence,source:client_abbott_t796_audit_kick_off_sylmar_new_docx,test,Client Abbott T796 - Audit kick off Sylmar (NEW).docx,human_approved,,
mmt_0181,"At the moment, I’m thinking having you in a separate track.",legacy_reviewed,action_commitment,possible_action,deliverable_object|document_or_record|explicit_commitment_verb|hypothetical_language|named_owner,evidence,source:client_abbott_t796_audit_kick_off_sylmar_new_docx,test,Client Abbott T796 - Audit kick off Sylmar (NEW).docx,human_approved,,
mmt_0182,"I have that code of conduct, so I’ll get that over to you today as well, Niamh.",legacy_reviewed,document_control_task,confirmed_action,deadline_or_sequence|deliverable_object|document_or_record|explicit_commitment_verb|named_owner|recipient_or_handover,evidence,source:client_abbott_t796_audit_kick_off_sylmar_new_docx,test,Client Abbott T796 - Audit kick off Sylmar (NEW).docx,human_approved,,
mmt_0183,It might be worth you going down and having a look to see the point of programming.,legacy_reviewed,discussion_topic,not_action,deliverable_object|document_or_record|explicit_commitment_verb|hypothetical_language|named_owner,evidence,source:client_abbott_t796_audit_kick_off_sylmar_new_docx,test,Client Abbott T796 - Audit kick off Sylmar (NEW).docx,human_approved,,
mmt_0184,The planning meeting is scheduled for Wednesday as the first version.,legacy_reviewed,process_overview,possible_action,deadline_or_sequence|deliverable_object|document_or_record|explicit_commitment_verb|process_sequence,evidence,source:client_abbott_t796_audit_kick_off_sylmar_new_docx,test,Client Abbott T796 - Audit kick off Sylmar (NEW).docx,human_approved,,
mmt_0185,We will have to meet Niamh before I go for the first week just to go through information.,legacy_reviewed,action_commitment,confirmed_action,deadline_or_sequence|deliverable_object|document_or_record|explicit_commitment_verb|named_owner,evidence,source:client_abbott_t796_audit_kick_off_sylmar_new_docx,test,Client Abbott T796 - Audit kick off Sylmar (NEW).docx,human_approved,,
mmt_0186,Andrew reviewed the IEC60601-1 compliance documents against the previous MDD documentation.,legacy_reviewed,background_context,completed_history,completed_tense|deadline_or_sequence|deliverable_object|document_or_record|explicit_commitment_verb|named_owner,evidence,source:client_t761_eakin_tech_file_sw_weekly_checkin_txt,validation,Client T761 Eakin Tech File SW - Weekly checkin.txt,human_approved,,
mmt_0187,David documented the debug behaviour and shared his questions with Andrew.,legacy_reviewed,background_context,completed_history,completed_tense|deliverable_object|document_or_record|explicit_commitment_verb|named_owner|recipient_or_handover,evidence,source:client_t761_eakin_tech_file_sw_weekly_checkin_txt,validation,Client T761 Eakin Tech File SW - Weekly checkin.txt,human_approved,,
mmt_0188,David traced the software changes between version 1.01 and 1.02 and documented them.,legacy_reviewed,background_context,completed_history,completed_tense|deadline_or_sequence|deliverable_object|document_or_record|explicit_commitment_verb|named_owner,evidence,source:client_t761_eakin_sw_weekly_checkin_new_txt,validation,Client T761 Eakin SW - weekly checkin (NEW).txt,human_approved,,
mmt_0189,Andrew completed the first review of the 60601-1 compliance document.,legacy_reviewed,background_context,completed_history,completed_tense|deadline_or_sequence|deliverable_object|document_or_record|explicit_commitment_verb|named_owner,evidence,source:client_t761_eakin_tech_file_sw_weekly_checkin_txt,validation,Client T761 Eakin Tech File SW - Weekly checkin.txt,human_approved,,
mmt_0190,David sent Andrew two documents relating to the fan logic.,legacy_reviewed,background_context,completed_history,completed_tense|deliverable_object|document_or_record|explicit_commitment_verb|named_owner|recipient_or_handover,evidence,source:client_t761_eakin_tech_file_sw_weekly_checkin_txt,validation,Client T761 Eakin Tech File SW - Weekly checkin.txt,human_approved,,
mmt_0191,David reviewed the PMS document and comments were added before it was shared with Ciaran.,legacy_reviewed,background_context,completed_history,completed_tense|deadline_or_sequence|deliverable_object|document_or_record|explicit_commitment_verb|named_owner|recipient_or_handover,evidence,source:client_t761_eakin_tech_file_sw_weekly_checkin_txt,validation,Client T761 Eakin Tech File SW - Weekly checkin.txt,human_approved,,
mmt_0192,"Rebecca finalised much of the feedback, missing documentation and associated justifications.",legacy_reviewed,background_context,completed_history,completed_tense|deliverable_object|document_or_record|explicit_commitment_verb|named_owner|risk_language,evidence,source:client_eakin_t733_tech_file_review_weekly_new_txt,test,Client Eakin T733 Tech File review weekly (NEW).txt,human_approved,,
mmt_0193,Colm and Louise had already provided feedback on the documents.,legacy_reviewed,background_context,completed_history,completed_tense|deliverable_object|document_or_record|explicit_commitment_verb|named_owner,evidence,source:client_eakin_t733_tech_file_review_weekly_new_txt,test,Client Eakin T733 Tech File review weekly (NEW).txt,human_approved,,
mmt_0194,The team updated the documents so that they were DF24 specific.,legacy_reviewed,background_context,completed_history,completed_tense|deliverable_object|document_or_record|explicit_commitment_verb|named_owner,evidence,source:client_eakin_t733_tech_file_review_weekly_new_txt,test,Client Eakin T733 Tech File review weekly (NEW).txt,human_approved,,
mmt_0195,The software change request form had already been started.,legacy_reviewed,background_context,completed_history,completed_tense|deliverable_object|document_or_record|explicit_commitment_verb,evidence,source:client_t761_eakin_tech_file_sw_weekly_checkin_txt,validation,Client T761 Eakin Tech File SW - Weekly checkin.txt,human_approved,,
mmt_0196,Orla received the HPRA annual fee invoice.,legacy_reviewed,background_context,completed_history,completed_tense|deliverable_object|document_or_record|explicit_commitment_verb|named_owner|regulatory_language,evidence,source:t819_dita_eyewear_importer_obligations_trinzo_minutes_client_connect_2026_06_17_txt,train,T819 Dita Eyewear Importer Obligations -Trinzo Minutes Client Connect_2026.06.17.txt,human_approved,,
mmt_0197,John-Paul created dual DoCs covering both MDR and PPE in the previous project.,legacy_reviewed,background_context,completed_history,completed_tense|deliverable_object|document_or_record|explicit_commitment_verb|named_owner|regulatory_language,evidence,source:t819_dita_eyewear_importer_obligations_trinzo_minutes_internal_connect_2026_06_17_txt,test,T819 Dita Eyewear Importer Obligations -Trinzo Minutes internal Connect_2026.06.17.txt,human_approved,,
mmt_0198,Mark shared the QMS manual on Friday.,legacy_reviewed,background_context,completed_history,completed_tense|deadline_or_sequence|deliverable_object|document_or_record|explicit_commitment_verb|named_owner|recipient_or_handover,evidence,source:client_dita_t819_importer_obligations_client_connect_txt,train,Client DITA T819 - Importer Obligations - Client connect.txt,human_approved,,
mmt_0199,The team reviewed the existing documentation during the call.,legacy_reviewed,background_context,completed_history,completed_tense|deliverable_object|document_or_record|explicit_commitment_verb|named_owner,evidence,source:client_dita_t819_importer_obligations_client_connect_txt,train,Client DITA T819 - Importer Obligations - Client connect.txt,human_approved,,
mmt_0200,The HPRA had already requested company-size information as part of the SRN follow-up.,legacy_reviewed,background_context,completed_history,completed_tense|deliverable_object|document_or_record|explicit_commitment_verb|named_owner|regulatory_language,evidence,source:client_dita_t819_importer_obligations_client_connect_txt,train,Client DITA T819 - Importer Obligations - Client connect.txt,human_approved,,
mmt_0201,Should Andrew review the graphics driver as a possible solution for additional fonts?,legacy_reviewed,discussion_topic,not_action,deliverable_object|document_or_record|explicit_commitment_verb|hypothetical_language|named_owner,evidence,source:t761_eakin_tech_file_sw_trinzo_minutes_sw_weekly_checkin_2026_06_15_txt,validation,T761 Eakin Tech File SW -Trinzo Minutes SW Weekly Checkin_2026.06.15.txt,human_approved,,
mmt_0202,Could David document the debug commands in the debug screen?,legacy_reviewed,discussion_topic,not_action,deliverable_object|document_or_record|explicit_commitment_verb|hypothetical_language|named_owner,evidence,source:t761_eakin_tech_file_sw_trinzo_minutes_sw_weekly_checkin_2026_06_15_txt,validation,T761 Eakin Tech File SW -Trinzo Minutes SW Weekly Checkin_2026.06.15.txt,human_approved,,
mmt_0203,Would Rebecca update the Risk Management file if the USB controls change?,legacy_reviewed,discussion_topic,not_action,deliverable_object|document_or_record|explicit_commitment_verb|hypothetical_language|named_owner|risk_language,evidence,source:t761_eakin_tech_file_sw_trinzo_minutes_sw_weekly_checkin_2026_06_15_txt,validation,T761 Eakin Tech File SW -Trinzo Minutes SW Weekly Checkin_2026.06.15.txt,human_approved,,
mmt_0204,Do we need Andrew to document the change request form?,legacy_reviewed,discussion_topic,not_action,deliverable_object|document_or_record|explicit_commitment_verb|hypothetical_language|named_owner,evidence,source:client_t761_eakin_tech_file_sw_weekly_checkin_txt,validation,Client T761 Eakin Tech File SW - Weekly checkin.txt,human_approved,,
mmt_0205,"If the software change cannot be seen, would David need to generate retrospective test data?",legacy_reviewed,discussion_topic,not_action,deliverable_object|document_or_record|explicit_commitment_verb|hypothetical_language|named_owner,evidence,source:client_t761_eakin_tech_file_sw_weekly_checkin_txt,validation,Client T761 Eakin Tech File SW - Weekly checkin.txt,human_approved,,
mmt_0206,Should someone in Regulatory confirm that the software change is non-substantial?,legacy_reviewed,discussion_topic,not_action,deliverable_object|document_or_record|explicit_commitment_verb|hypothetical_language|named_owner,evidence,source:client_t761_eakin_tech_file_sw_weekly_checkin_txt,validation,Client T761 Eakin Tech File SW - Weekly checkin.txt,human_approved,,
mmt_0207,Could Orla send the HPRA invoice to Jacqui for review?,legacy_reviewed,discussion_topic,not_action,deliverable_object|document_or_record|explicit_commitment_verb|hypothetical_language|named_owner|recipient_or_handover|regulatory_language,evidence,source:client_dita_t819_importer_obligations_client_connect_txt,train,Client DITA T819 - Importer Obligations - Client connect.txt,human_approved,,
mmt_0208,Should Jacqui ask MedEnvoy for the project plan?,legacy_reviewed,discussion_topic,not_action,deliverable_object|document_or_record|explicit_commitment_verb|hypothetical_language|named_owner,evidence,source:t819_dita_eyewear_importer_obligations_trinzo_minutes_client_connect_2026_06_17_txt,train,T819 Dita Eyewear Importer Obligations -Trinzo Minutes Client Connect_2026.06.17.txt,human_approved,,
mmt_0209,Maybe John-Paul could review the sunglasses DoCs for MDR and PPE compliance?,legacy_reviewed,discussion_topic,not_action,deliverable_object|document_or_record|explicit_commitment_verb|hypothetical_language|named_owner|regulatory_language,evidence,source:t819_dita_eyewear_importer_obligations_trinzo_minutes_client_connect_2026_06_17_txt,train,T819 Dita Eyewear Importer Obligations -Trinzo Minutes Client Connect_2026.06.17.txt,human_approved,,
mmt_0210,Would it help if Orla shared the list of DoC languages?,legacy_reviewed,discussion_topic,not_action,deliverable_object|document_or_record|explicit_commitment_verb|hypothetical_language|named_owner|recipient_or_handover,evidence,source:t819_dita_eyewear_importer_obligations_trinzo_minutes_client_connect_2026_06_17_txt,train,T819 Dita Eyewear Importer Obligations -Trinzo Minutes Client Connect_2026.06.17.txt,human_approved,,
mmt_0211,Should Rebecca complete the subcontractor spreadsheet before the next review?,legacy_reviewed,discussion_topic,not_action,deadline_or_sequence|deliverable_object|document_or_record|explicit_commitment_verb|hypothetical_language|named_owner,evidence,source:t733_eakin_consultancy_retainer_trinzo_minutes_client_checkin_tf24_2026_06_17_txt,test,T733 Eakin Consultancy Retainer -Trinzo Minutes Client -Checkin TF24 _2026.06.17.txt,human_approved,,
mmt_0212,Could the Eakin team re-enable SharePoint alerts somehow?,legacy_reviewed,discussion_topic,not_action,deliverable_object|document_or_record|explicit_commitment_verb|hypothetical_language|named_owner,evidence,source:t733_eakin_consultancy_retainer_trinzo_minutes_client_checkin_tf24_2026_06_17_txt,test,T733 Eakin Consultancy Retainer -Trinzo Minutes Client -Checkin TF24 _2026.06.17.txt,human_approved,,
mmt_0213,Should Niamh be given external SharePoint access before the audit?,legacy_reviewed,discussion_topic,not_action,deadline_or_sequence|deliverable_object|document_or_record|explicit_commitment_verb|hypothetical_language|named_owner,evidence,source:client_abbott_t796_audit_kick_off_sylmar_new_txt,test,Client Abbott T796 - Audit kick off Sylmar (NEW).txt,human_approved,,
mmt_0214,Could the site upload the documents if external SharePoint access is not available?,legacy_reviewed,discussion_topic,not_action,deliverable_object|document_or_record|explicit_commitment_verb|hypothetical_language|named_owner|recipient_or_handover,evidence,source:client_abbott_t796_audit_kick_off_sylmar_new_txt,test,Client Abbott T796 - Audit kick off Sylmar (NEW).txt,human_approved,,
mmt_0215,Should the training attestation and codes of conduct be signed after the audit planning meeting?,legacy_reviewed,discussion_topic,not_action,deadline_or_sequence|deliverable_object|document_or_record|explicit_commitment_verb|hypothetical_language|process_sequence,evidence,source:client_abbott_t796_audit_kick_off_sylmar_new_txt,test,Client Abbott T796 - Audit kick off Sylmar (NEW).txt,human_approved,,
mmt_0216,Jacqui may follow up internally on the MDR requirements for DoC language publication.,legacy_reviewed,document_control_task,possible_action,deliverable_object|document_or_record|explicit_commitment_verb|hypothetical_language|named_owner|regulatory_language,evidence,source:t819_dita_eyewear_importer_obligations_trinzo_minutes_internal_connect_2026_06_17_txt,test,T819 Dita Eyewear Importer Obligations -Trinzo Minutes internal Connect_2026.06.17.txt,human_approved,,
mmt_0217,Orla might share the language list once the translation position is clearer.,legacy_reviewed,action_commitment,possible_action,deliverable_object|document_or_record|explicit_commitment_verb|hypothetical_language|named_owner|recipient_or_handover,evidence,source:t819_dita_eyewear_importer_obligations_trinzo_minutes_client_connect_2026_06_17_txt,train,T819 Dita Eyewear Importer Obligations -Trinzo Minutes Client Connect_2026.06.17.txt,human_approved,,
mmt_0218,John-Paul could update the sunglasses DoCs if the PPE wording needs revision.,legacy_reviewed,document_control_task,possible_action,deliverable_object|document_or_record|explicit_commitment_verb|hypothetical_language|named_owner|regulatory_language,evidence,source:t819_dita_eyewear_importer_obligations_trinzo_minutes_client_connect_2026_06_17_txt,train,T819 Dita Eyewear Importer Obligations -Trinzo Minutes Client Connect_2026.06.17.txt,human_approved,,
mmt_0219,Andrew may start the electrical compliance testing early next week.,legacy_reviewed,action_commitment,possible_action,deadline_or_sequence|deliverable_object|document_or_record|explicit_commitment_verb|hypothetical_language|named_owner,evidence,source:client_t761_eakin_sw_weekly_checkin_new_txt,validation,Client T761 Eakin SW - weekly checkin (NEW).txt,human_approved,,
mmt_0220,David might update the final documents after the testing results are available.,legacy_reviewed,action_commitment,possible_action,deadline_or_sequence|deliverable_object|document_or_record|explicit_commitment_verb|hypothetical_language|named_owner,evidence,source:client_t761_eakin_tech_file_sw_weekly_checkin_txt,validation,Client T761 Eakin Tech File SW - Weekly checkin.txt,human_approved,,
mmt_0221,Rebecca could review the competitor controls when updating the Risk Management file.,legacy_reviewed,document_control_task,possible_action,deliverable_object|document_or_record|explicit_commitment_verb|hypothetical_language|named_owner|risk_language,evidence,source:t761_eakin_tech_file_sw_trinzo_minutes_sw_weekly_checkin_2026_06_15_txt,validation,T761 Eakin Tech File SW -Trinzo Minutes SW Weekly Checkin_2026.06.15.txt,human_approved,,
mmt_0222,The team may need to create working sessions around the document-control flows.,legacy_reviewed,document_control_task,possible_action,deliverable_object|document_or_record|explicit_commitment_verb|named_owner,evidence,source:internal_dita_t819_followup_and_review_from_client_call_txt,test,Internal DITA T819 - followup and review from client call.txt,human_approved,,
mmt_0223,MedEnvoy might need to provide additional information about how the product is categorised.,legacy_reviewed,action_commitment,possible_action,deliverable_object|document_or_record|explicit_commitment_verb|hypothetical_language|named_owner,evidence,source:internal_dita_t819_followup_and_review_from_client_call_txt,test,Internal DITA T819 - followup and review from client call.txt,human_approved,,
mmt_0224,The site could provide documents for desktop review before the audit.,legacy_reviewed,action_commitment,possible_action,deadline_or_sequence|deliverable_object|document_or_record|explicit_commitment_verb|hypothetical_language|named_owner,evidence,source:client_abbott_t796_audit_kick_off_sylmar_new_txt,test,Client Abbott T796 - Audit kick off Sylmar (NEW).txt,human_approved,,
mmt_0225,Niamh may review the documents remotely if access can be arranged.,legacy_reviewed,action_commitment,possible_action,deliverable_object|document_or_record|explicit_commitment_verb|hypothetical_language|named_owner,evidence,source:client_abbott_t796_audit_kick_off_sylmar_new_txt,test,Client Abbott T796 - Audit kick off Sylmar (NEW).txt,human_approved,,
mmt_0226,The audit plan depends on Niamh completing the risk assessment first.,legacy_reviewed,risk_dependency,not_action,deliverable_object|document_or_record|explicit_commitment_verb|named_owner|risk_language,evidence,source:client_abbott_t796_audit_kick_off_sylmar_new_txt,test,Client Abbott T796 - Audit kick off Sylmar (NEW).txt,human_approved,,
mmt_0227,Niamh's risk assessment is an input into developing the audit plan.,legacy_reviewed,risk_dependency,not_action,deliverable_object|document_or_record|explicit_commitment_verb|named_owner|risk_language,evidence,source:client_abbott_t796_audit_kick_off_sylmar_new_txt,test,Client Abbott T796 - Audit kick off Sylmar (NEW).txt,human_approved,,
mmt_0228,The audit plan cannot be finalised until the site has aligned on the risk assessment.,legacy_reviewed,risk_dependency,not_action,deliverable_object|document_or_record|explicit_commitment_verb|named_owner|risk_language,evidence,source:client_abbott_t796_audit_kick_off_sylmar_new_txt,test,Client Abbott T796 - Audit kick off Sylmar (NEW).txt,human_approved,,
mmt_0229,Testing results are required before David can update the final technical-file documents.,legacy_reviewed,risk_dependency,not_action,deadline_or_sequence|deliverable_object|document_or_record|explicit_commitment_verb|named_owner,evidence,source:client_t761_eakin_tech_file_sw_weekly_checkin_txt,validation,Client T761 Eakin Tech File SW - Weekly checkin.txt,human_approved,,
mmt_0230,"If the software changes cannot be evidenced, retrospective test data may be required.",legacy_reviewed,risk_dependency,possible_action,deliverable_object|document_or_record|explicit_commitment_verb|hypothetical_language,evidence,source:client_t761_eakin_tech_file_sw_weekly_checkin_txt,validation,Client T761 Eakin Tech File SW - Weekly checkin.txt,human_approved,,
mmt_0231,The MDR submission timing relies on electrical compliance testing finishing in July.,legacy_reviewed,risk_dependency,not_action,deadline_or_sequence|deliverable_object|document_or_record|explicit_commitment_verb|named_owner|regulatory_language,evidence,source:client_eakin_t733_consultancy_retainer_tech_file_review_weekly_txt,test,Client Eakin T733 Consultancy Retainer -Tech File review weekly.txt,human_approved,,
mmt_0232,The DoC approach depends on whether competent authorities require additional translations.,legacy_reviewed,risk_dependency,possible_action,deliverable_object|document_or_record|explicit_commitment_verb|hypothetical_language|risk_language,evidence,source:internal_dita_t819_followup_and_review_from_client_call_txt,test,Internal DITA T819 - followup and review from client call.txt,human_approved,,
mmt_0233,Secure document transfer is needed if external SharePoint access cannot be provided.,legacy_reviewed,risk_dependency,possible_action,deliverable_object|document_or_record|explicit_commitment_verb|hypothetical_language,evidence,source:client_abbott_t796_audit_kick_off_sylmar_new_txt,test,Client Abbott T796 - Audit kick off Sylmar (NEW).txt,human_approved,,
mmt_0234,The team agreed that Excel was acceptable for sharing the audit file.,legacy_reviewed,decision_agreement,completed_history,completed_tense|decision_language|deliverable_object|document_or_record|explicit_commitment_verb|named_owner|recipient_or_handover,evidence,source:client_t761_eakin_sw_weekly_checkin_new_txt,validation,Client T761 Eakin SW - weekly checkin (NEW).txt,human_approved,,
mmt_0235,It was agreed that the same change request form could document all three software changes.,legacy_reviewed,decision_agreement,completed_history,completed_tense|decision_language|deliverable_object|document_or_record|explicit_commitment_verb|hypothetical_language,evidence,source:t761_eakin_tech_file_sw_trinzo_minutes_sw_weekly_checkin_2026_06_15_txt,validation,T761 Eakin Tech File SW -Trinzo Minutes SW Weekly Checkin_2026.06.15.txt,human_approved,,
mmt_0236,The team agreed that the audit would not use checklists.,legacy_reviewed,decision_agreement,completed_history,completed_tense|decision_language|deliverable_object|document_or_record|explicit_commitment_verb|named_owner,evidence,source:client_abbott_t796_audit_kick_off_sylmar_new_txt,test,Client Abbott T796 - Audit kick off Sylmar (NEW).txt,human_approved,,
mmt_0237,The preferred approach was to review documents remotely before the site visit where access allowed.,legacy_reviewed,decision_agreement,not_action,completed_tense|deadline_or_sequence|decision_language|deliverable_object|document_or_record|explicit_commitment_verb|named_owner,evidence,source:client_abbott_t796_audit_kick_off_sylmar_new_txt,test,Client Abbott T796 - Audit kick off Sylmar (NEW).txt,human_approved,,
mmt_0238,The group agreed that English-only DoCs had been acceptable in previous notified-body audits.,legacy_reviewed,decision_agreement,completed_history,completed_tense|decision_language|deliverable_object|document_or_record|explicit_commitment_verb|named_owner,evidence,source:internal_dita_t819_followup_and_review_from_client_call_txt,test,Internal DITA T819 - followup and review from client call.txt,human_approved,,
mmt_0239,The team agreed that the summary documents should be fed from the finalised source documents.,legacy_reviewed,decision_agreement,not_action,decision_language|deliverable_object|document_or_record|explicit_commitment_verb|hypothetical_language|named_owner,evidence,source:client_eakin_t733_consultancy_retainer_tech_file_review_weekly_txt,test,Client Eakin T733 Consultancy Retainer -Tech File review weekly.txt,human_approved,,
mmt_0240,The DoC must include the information required for MDR and PPE compliance.,legacy_reviewed,regulatory_obligation,not_action,deliverable_object|document_or_record|explicit_commitment_verb|regulatory_language,evidence,source:t819_dita_eyewear_importer_obligations_trinzo_minutes_client_connect_2026_06_17_txt,train,T819 Dita Eyewear Importer Obligations -Trinzo Minutes Client Connect_2026.06.17.txt,human_approved,,
mmt_0241,An IFU must meet MDR requirements if the document is treated as an IFU.,legacy_reviewed,regulatory_obligation,not_action,deliverable_object|document_or_record|explicit_commitment_verb|hypothetical_language|regulatory_language,evidence,source:client_dita_t819_importer_obligations_client_connect_txt,train,Client DITA T819 - Importer Obligations - Client connect.txt,human_approved,,
mmt_0242,A justification needs to be present where a Class I device does not have an IFU.,legacy_reviewed,regulatory_obligation,not_action,deliverable_object|document_or_record|explicit_commitment_verb,evidence,source:client_dita_t819_importer_obligations_client_connect_txt,train,Client DITA T819 - Importer Obligations - Client connect.txt,human_approved,,
mmt_0243,The manufacturer and MedEnvoy need aligned product categorisation for regulatory submissions.,legacy_reviewed,regulatory_obligation,not_action,deliverable_object|document_or_record|explicit_commitment_verb|named_owner,evidence,source:internal_dita_t819_followup_and_review_from_client_call_txt,test,Internal DITA T819 - followup and review from client call.txt,human_approved,,
mmt_0244,The SharePoint contains the existing procedure documentation.,legacy_reviewed,document_control_task,not_action,deliverable_object|document_or_record|explicit_commitment_verb,evidence,source:internal_dita_t819_followup_and_review_from_client_call_txt,test,Internal DITA T819 - followup and review from client call.txt,human_approved,,
mmt_0245,The summary document records the current status of documentation progress.,legacy_reviewed,document_control_task,not_action,deliverable_object|document_or_record|explicit_commitment_verb,evidence,source:t733_eakin_consultancy_retainer_trinzo_minutes_client_checkin_tf24_2026_06_17_txt,test,T733 Eakin Consultancy Retainer -Trinzo Minutes Client -Checkin TF24 _2026.06.17.txt,human_approved,,
mmt_0246,The risk assessment comes before the audit plan in the audit-planning sequence.,legacy_reviewed,process_overview,not_action,deadline_or_sequence|deliverable_object|document_or_record|explicit_commitment_verb|named_owner|process_sequence|risk_language,evidence,source:client_abbott_t796_audit_kick_off_sylmar_new_txt,test,Client Abbott T796 - Audit kick off Sylmar (NEW).txt,human_approved,,
mmt_0247,Final document updates follow the completion and review of the electrical test outputs.,legacy_reviewed,process_overview,not_action,deliverable_object|document_or_record|explicit_commitment_verb|named_owner,evidence,source:client_eakin_t733_consultancy_retainer_tech_file_review_weekly_txt,test,Client Eakin T733 Consultancy Retainer -Tech File review weekly.txt,human_approved,,
mmt_0248,The audit plan follows the risk assessment once the focus areas are understood.,legacy_reviewed,process_overview,not_action,deliverable_object|document_or_record|risk_language,evidence,source:ai_generated_from_2026_08_10_weak_spot_analysis,train,AI generated from 2026-08-10 weak-spot analysis,human_approved,,
mmt_0249,Risk analysis feeds into the audit plan but no separate owner was assigned in this sentence.,legacy_reviewed,process_overview,not_action,completed_tense|deliverable_object|document_or_record|risk_language,evidence,source:ai_generated_from_2026_08_10_weak_spot_analysis,train,AI generated from 2026-08-10 weak-spot analysis,human_approved,,
mmt_0250,The training attestation must be completed before confidential documents can be shared.,legacy_reviewed,process_overview,not_action,completed_tense|deadline_or_sequence|deliverable_object|document_or_record,evidence,source:ai_generated_from_2026_08_10_weak_spot_analysis,train,AI generated from 2026-08-10 weak-spot analysis,human_approved,,
mmt_0251,The code of conduct is a prerequisite before SharePoint access is granted.,legacy_reviewed,process_overview,not_action,deadline_or_sequence|deliverable_object|document_or_record,evidence,source:ai_generated_from_2026_08_10_weak_spot_analysis,train,AI generated from 2026-08-10 weak-spot analysis,human_approved,,
mmt_0252,Document updates follow completion of the electrical test outputs.,legacy_reviewed,process_overview,not_action,deliverable_object|document_or_record,evidence,source:ai_generated_from_2026_08_10_weak_spot_analysis,train,AI generated from 2026-08-10 weak-spot analysis,human_approved,,
mmt_0253,The final report comes after the on-site audit week and evidence review.,legacy_reviewed,process_overview,not_action,deadline_or_sequence|deliverable_object|document_or_record,evidence,source:ai_generated_from_2026_08_10_weak_spot_analysis,train,AI generated from 2026-08-10 weak-spot analysis,human_approved,,
mmt_0254,The QMS procedure is updated after the business process has been mapped.,legacy_reviewed,process_overview,not_action,completed_tense|deadline_or_sequence|deliverable_object|document_or_record|process_sequence,evidence,source:ai_generated_from_2026_08_10_weak_spot_analysis,train,AI generated from 2026-08-10 weak-spot analysis,human_approved,,
mmt_0255,The DoC review depends on knowing whether sunglasses remain in scope.,legacy_reviewed,process_overview,not_action,deliverable_object|document_or_record|risk_language,evidence,source:ai_generated_from_2026_08_10_weak_spot_analysis,train,AI generated from 2026-08-10 weak-spot analysis,human_approved,,
mmt_0256,Registration checks happen after the manufacturer confirms the UDI data.,legacy_reviewed,process_overview,not_action,deadline_or_sequence|deliverable_object|document_or_record|regulatory_language,evidence,source:ai_generated_from_2026_08_10_weak_spot_analysis,train,AI generated from 2026-08-10 weak-spot analysis,human_approved,,
mmt_0257,The standards list is derived from the final audit scope.,legacy_reviewed,process_overview,not_action,deliverable_object|document_or_record,evidence,source:ai_generated_from_2026_08_10_weak_spot_analysis,train,AI generated from 2026-08-10 weak-spot analysis,human_approved,,
mmt_0258,The benefit-risk assessment is only required if residual risk remains high.,legacy_reviewed,process_overview,not_action,deliverable_object|document_or_record|hypothetical_language|risk_language,evidence,source:ai_generated_from_2026_08_10_weak_spot_analysis,train,AI generated from 2026-08-10 weak-spot analysis,human_approved,,
mmt_0259,The label artwork changes follow the barcode-format decision.,legacy_reviewed,process_overview,not_action,deliverable_object|document_or_record,evidence,source:ai_generated_from_2026_08_10_weak_spot_analysis,train,AI generated from 2026-08-10 weak-spot analysis,human_approved,,
mmt_0260,The testing summary is prepared once the debug output has been reviewed.,legacy_reviewed,process_overview,not_action,completed_tense|deliverable_object|document_or_record,evidence,source:ai_generated_from_2026_08_10_weak_spot_analysis,train,AI generated from 2026-08-10 weak-spot analysis,human_approved,,
mmt_0261,The audit tracker is used after findings are entered during execution.,legacy_reviewed,process_overview,not_action,deadline_or_sequence|deliverable_object|document_or_record,evidence,source:ai_generated_from_2026_08_10_weak_spot_analysis,train,AI generated from 2026-08-10 weak-spot analysis,human_approved,,
mmt_0262,The risk rationale comes before the declaration of conformity update.,legacy_reviewed,process_overview,not_action,deadline_or_sequence|deliverable_object|document_or_record|risk_language,evidence,source:ai_generated_from_2026_08_10_weak_spot_analysis,train,AI generated from 2026-08-10 weak-spot analysis,human_approved,,
mmt_0263,The external access request follows completion of confidentiality checks.,legacy_reviewed,process_overview,not_action,deliverable_object|document_or_record,evidence,source:ai_generated_from_2026_08_10_weak_spot_analysis,train,AI generated from 2026-08-10 weak-spot analysis,human_approved,,
mmt_0264,The planning meeting creates the first version of the audit approach.,legacy_reviewed,process_overview,not_action,deliverable_object|document_or_record|process_sequence,evidence,source:ai_generated_from_2026_08_10_weak_spot_analysis,train,AI generated from 2026-08-10 weak-spot analysis,human_approved,,
mmt_0265,"The warehouse process moves from receipt to picking, packing and dispatch.",legacy_reviewed,process_overview,not_action,deliverable_object|document_or_record|process_sequence,evidence,source:ai_generated_from_2026_08_10_weak_spot_analysis,train,AI generated from 2026-08-10 weak-spot analysis,human_approved,,
mmt_0266,The process starts with goods receipt and ends with DHL dispatch to the store.,legacy_reviewed,process_overview,not_action,deliverable_object|document_or_record|process_sequence,evidence,source:ai_generated_from_2026_08_10_weak_spot_analysis,train,AI generated from 2026-08-10 weak-spot analysis,human_approved,,
mmt_0267,"The team first maps the business process, then aligns the QMS wording.",legacy_reviewed,process_overview,not_action,deliverable_object|document_or_record|process_sequence,evidence,source:ai_generated_from_2026_08_10_weak_spot_analysis,train,AI generated from 2026-08-10 weak-spot analysis,human_approved,,
mmt_0268,The software review starts with visible debug commands and then checks traceability.,legacy_reviewed,process_overview,not_action,deliverable_object|document_or_record,evidence,source:ai_generated_from_2026_08_10_weak_spot_analysis,train,AI generated from 2026-08-10 weak-spot analysis,human_approved,,
mmt_0269,The label check follows the lot-numbering decision and barcode format review.,legacy_reviewed,process_overview,not_action,deliverable_object|document_or_record,evidence,source:ai_generated_from_2026_08_10_weak_spot_analysis,train,AI generated from 2026-08-10 weak-spot analysis,human_approved,,
mmt_0270,The audit file is reviewed after the site shares the latest procedure pack.,legacy_reviewed,process_overview,not_action,completed_tense|deadline_or_sequence|deliverable_object|document_or_record,evidence,source:ai_generated_from_2026_08_10_weak_spot_analysis,train,AI generated from 2026-08-10 weak-spot analysis,human_approved,,
mmt_0271,The project plan informs the overlap between MedEnvoy and Dita responsibilities.,legacy_reviewed,process_overview,not_action,deliverable_object|document_or_record,evidence,source:ai_generated_from_2026_08_10_weak_spot_analysis,train,AI generated from 2026-08-10 weak-spot analysis,human_approved,,
mmt_0272,The audit tracker already includes the findings template.,legacy_reviewed,document_control_task,not_action,completed_tense|deliverable_object|document_or_record,evidence,source:ai_generated_from_2026_08_10_weak_spot_analysis,train,AI generated from 2026-08-10 weak-spot analysis,human_approved,,
mmt_0273,The QMS manual currently includes the process overview diagram.,legacy_reviewed,document_control_task,not_action,deliverable_object|document_or_record|process_sequence,evidence,source:ai_generated_from_2026_08_10_weak_spot_analysis,train,AI generated from 2026-08-10 weak-spot analysis,human_approved,,
mmt_0274,The standards list sits in the shared audit folder.,legacy_reviewed,document_control_task,not_action,deliverable_object|document_or_record,evidence,source:ai_generated_from_2026_08_10_weak_spot_analysis,train,AI generated from 2026-08-10 weak-spot analysis,human_approved,,
mmt_0275,The risk management file already contains the hardware-risk section.,legacy_reviewed,document_control_task,not_action,completed_tense|deliverable_object|document_or_record|risk_language,evidence,source:ai_generated_from_2026_08_10_weak_spot_analysis,train,AI generated from 2026-08-10 weak-spot analysis,human_approved,,
mmt_0276,The label artwork is stored in the US design folder.,legacy_reviewed,document_control_task,not_action,deliverable_object|document_or_record,evidence,source:ai_generated_from_2026_08_10_weak_spot_analysis,train,AI generated from 2026-08-10 weak-spot analysis,human_approved,,
mmt_0277,The HPRA confirmation email is in Orla’s inbox.,legacy_reviewed,document_control_task,not_action,deliverable_object|document_or_record|regulatory_language,evidence,source:ai_generated_from_2026_08_10_weak_spot_analysis,train,AI generated from 2026-08-10 weak-spot analysis,human_approved,,
mmt_0278,The MedEnvoy task list is attached to Cody’s email.,legacy_reviewed,document_control_task,not_action,deliverable_object|document_or_record|recipient_or_handover,evidence,source:ai_generated_from_2026_08_10_weak_spot_analysis,train,AI generated from 2026-08-10 weak-spot analysis,human_approved,,
mmt_0279,The declarations of conformity are available in the regulatory folder.,legacy_reviewed,document_control_task,not_action,deliverable_object|document_or_record,evidence,source:ai_generated_from_2026_08_10_weak_spot_analysis,train,AI generated from 2026-08-10 weak-spot analysis,human_approved,,
mmt_0280,The code of conduct form is part of the onboarding pack.,legacy_reviewed,document_control_task,not_action,deliverable_object|document_or_record,evidence,source:ai_generated_from_2026_08_10_weak_spot_analysis,train,AI generated from 2026-08-10 weak-spot analysis,human_approved,,
mmt_0281,The training attestation is already on the audit checklist.,legacy_reviewed,document_control_task,not_action,completed_tense|deliverable_object|document_or_record,evidence,source:ai_generated_from_2026_08_10_weak_spot_analysis,train,AI generated from 2026-08-10 weak-spot analysis,human_approved,,
mmt_0282,The software debug screenshots are in David’s evidence folder.,legacy_reviewed,document_control_task,not_action,deliverable_object|document_or_record,evidence,source:ai_generated_from_2026_08_10_weak_spot_analysis,train,AI generated from 2026-08-10 weak-spot analysis,human_approved,,
mmt_0283,The test data is present in the validation pack.,legacy_reviewed,document_control_task,not_action,deliverable_object|document_or_record,evidence,source:ai_generated_from_2026_08_10_weak_spot_analysis,train,AI generated from 2026-08-10 weak-spot analysis,human_approved,,
mmt_0284,The audit plan draft is saved on SharePoint.,legacy_reviewed,document_control_task,not_action,deliverable_object|document_or_record,evidence,source:ai_generated_from_2026_08_10_weak_spot_analysis,train,AI generated from 2026-08-10 weak-spot analysis,human_approved,,
mmt_0285,The site-access details are listed in the travel note.,legacy_reviewed,document_control_task,not_action,deliverable_object|document_or_record,evidence,source:ai_generated_from_2026_08_10_weak_spot_analysis,train,AI generated from 2026-08-10 weak-spot analysis,human_approved,,
mmt_0286,The risk assessment template is available in the corporate audit pack.,legacy_reviewed,document_control_task,not_action,deliverable_object|document_or_record|risk_language,evidence,source:ai_generated_from_2026_08_10_weak_spot_analysis,train,AI generated from 2026-08-10 weak-spot analysis,human_approved,,
mmt_0287,The supplier label examples are already in the packaging folder.,legacy_reviewed,document_control_task,not_action,completed_tense|deliverable_object|document_or_record,evidence,source:ai_generated_from_2026_08_10_weak_spot_analysis,train,AI generated from 2026-08-10 weak-spot analysis,human_approved,,
mmt_0288,The DoC language list is included in the regulatory email thread.,legacy_reviewed,document_control_task,not_action,deliverable_object|document_or_record,evidence,source:ai_generated_from_2026_08_10_weak_spot_analysis,train,AI generated from 2026-08-10 weak-spot analysis,human_approved,,
mmt_0289,The final report template is stored in the client folder.,legacy_reviewed,document_control_task,not_action,deliverable_object|document_or_record,evidence,source:ai_generated_from_2026_08_10_weak_spot_analysis,train,AI generated from 2026-08-10 weak-spot analysis,human_approved,,
mmt_0290,The standards cross-reference is contained in the technical file.,legacy_reviewed,document_control_task,not_action,deliverable_object|document_or_record,evidence,source:ai_generated_from_2026_08_10_weak_spot_analysis,train,AI generated from 2026-08-10 weak-spot analysis,human_approved,,
mmt_0291,I’ll just share my screen here if that is okay.,legacy_reviewed,low_value_noise,not_action,deliverable_object|document_or_record|hypothetical_language,evidence,source:ai_generated_from_2026_08_10_weak_spot_analysis,train,AI generated from 2026-08-10 weak-spot analysis,human_approved,,
mmt_0292,Can everyone see the document on my screen?,legacy_reviewed,low_value_noise,not_action,deliverable_object|document_or_record,evidence,source:ai_generated_from_2026_08_10_weak_spot_analysis,train,AI generated from 2026-08-10 weak-spot analysis,human_approved,,
mmt_0293,"I think Teams is lagging, give me one second.",legacy_reviewed,low_value_noise,not_action,deliverable_object|document_or_record,evidence,source:ai_generated_from_2026_08_10_weak_spot_analysis,train,AI generated from 2026-08-10 weak-spot analysis,human_approved,,
mmt_0294,"You are still on mute, Andrew.",legacy_reviewed,low_value_noise,not_action,deliverable_object|document_or_record,evidence,source:ai_generated_from_2026_08_10_weak_spot_analysis,train,AI generated from 2026-08-10 weak-spot analysis,human_approved,,
mmt_0295,I need to book a holiday after this call.,legacy_reviewed,low_value_noise,not_action,deadline_or_sequence|deliverable_object|document_or_record,evidence,source:ai_generated_from_2026_08_10_weak_spot_analysis,train,AI generated from 2026-08-10 weak-spot analysis,human_approved,,
mmt_0296,"The traffic is horrific there, so we will travel together.",legacy_reviewed,low_value_noise,not_action,deliverable_object|document_or_record,evidence,source:ai_generated_from_2026_08_10_weak_spot_analysis,train,AI generated from 2026-08-10 weak-spot analysis,human_approved,,
mmt_0297,I might lose connection when I switch rooms.,legacy_reviewed,low_value_noise,not_action,deliverable_object|document_or_record|hypothetical_language,evidence,source:ai_generated_from_2026_08_10_weak_spot_analysis,train,AI generated from 2026-08-10 weak-spot analysis,human_approved,,
mmt_0298,Let me know if the screen share drops.,legacy_reviewed,low_value_noise,not_action,deliverable_object|document_or_record|hypothetical_language,evidence,source:ai_generated_from_2026_08_10_weak_spot_analysis,train,AI generated from 2026-08-10 weak-spot analysis,human_approved,,
mmt_0299,I am just opening the file now.,legacy_reviewed,low_value_noise,not_action,deliverable_object|document_or_record,evidence,source:ai_generated_from_2026_08_10_weak_spot_analysis,train,AI generated from 2026-08-10 weak-spot analysis,human_approved,,
mmt_0300,"Sorry, I was talking over you there.",legacy_reviewed,low_value_noise,not_action,completed_tense|deliverable_object|document_or_record,evidence,source:ai_generated_from_2026_08_10_weak_spot_analysis,train,AI generated from 2026-08-10 weak-spot analysis,human_approved,,
mmt_0301,We can hear you now.,legacy_reviewed,low_value_noise,not_action,deliverable_object|document_or_record,evidence,source:ai_generated_from_2026_08_10_weak_spot_analysis,train,AI generated from 2026-08-10 weak-spot analysis,human_approved,,
mmt_0302,I will drop off in five minutes for another meeting.,legacy_reviewed,low_value_noise,not_action,deliverable_object|document_or_record,evidence,source:ai_generated_from_2026_08_10_weak_spot_analysis,train,AI generated from 2026-08-10 weak-spot analysis,human_approved,,
mmt_0303,"I am not a football person, so I am not bothered.",legacy_reviewed,low_value_noise,not_action,deliverable_object|document_or_record,evidence,source:ai_generated_from_2026_08_10_weak_spot_analysis,train,AI generated from 2026-08-10 weak-spot analysis,human_approved,,
mmt_0304,I will send them over in an email if chat will not let me drop them in.,legacy_reviewed,low_value_noise,not_action,deliverable_object|document_or_record|hypothetical_language,evidence,source:ai_generated_from_2026_08_10_weak_spot_analysis,train,AI generated from 2026-08-10 weak-spot analysis,human_approved,,
mmt_0305,I just need to find the right window to share.,legacy_reviewed,low_value_noise,not_action,deliverable_object|document_or_record,evidence,source:ai_generated_from_2026_08_10_weak_spot_analysis,train,AI generated from 2026-08-10 weak-spot analysis,human_approved,,
mmt_0306,"The recording has started, so we are good to continue.",legacy_reviewed,low_value_noise,not_action,deliverable_object|document_or_record,evidence,source:ai_generated_from_2026_08_10_weak_spot_analysis,train,AI generated from 2026-08-10 weak-spot analysis,human_approved,,
mmt_0307,I am going to grab the charger before the laptop dies.,legacy_reviewed,low_value_noise,not_action,deadline_or_sequence|deliverable_object|document_or_record,evidence,source:ai_generated_from_2026_08_10_weak_spot_analysis,train,AI generated from 2026-08-10 weak-spot analysis,human_approved,,
mmt_0308,Can you make the screen a bit bigger?,legacy_reviewed,low_value_noise,not_action,deliverable_object|document_or_record,evidence,source:ai_generated_from_2026_08_10_weak_spot_analysis,train,AI generated from 2026-08-10 weak-spot analysis,human_approved,,
mmt_0309,I have lost the cursor on the shared screen.,legacy_reviewed,low_value_noise,not_action,deliverable_object|document_or_record,evidence,source:ai_generated_from_2026_08_10_weak_spot_analysis,train,AI generated from 2026-08-10 weak-spot analysis,human_approved,,
mmt_0310,Complete risk assessment to develop audit plan,legacy_reviewed,document_control_task,confirmed_action,deliverable_object|document_or_record|explicit_commitment_verb|named_owner|risk_language,evidence,source:ai_generated_from_2026_08_10_weak_spot_analysis,train,AI generated from 2026-08-10 weak-spot analysis,human_approved,,
mmt_0311,Share risk analysis with Niamh before arrival,legacy_reviewed,action_commitment,confirmed_action,deadline_or_sequence|deliverable_object|document_or_record|explicit_commitment_verb|named_owner|recipient_or_handover|risk_language,evidence,source:ai_generated_from_2026_08_10_weak_spot_analysis,train,AI generated from 2026-08-10 weak-spot analysis,human_approved,,
mmt_0312,Send code of conduct to Niamh today,legacy_reviewed,document_control_task,confirmed_action,deadline_or_sequence|deliverable_object|document_or_record|explicit_commitment_verb|named_owner|recipient_or_handover,evidence,source:ai_generated_from_2026_08_10_weak_spot_analysis,train,AI generated from 2026-08-10 weak-spot analysis,human_approved,,
mmt_0313,Sign training attestation before audit start,legacy_reviewed,document_control_task,confirmed_action,deadline_or_sequence|deliverable_object|document_or_record|explicit_commitment_verb|named_owner,evidence,source:ai_generated_from_2026_08_10_weak_spot_analysis,train,AI generated from 2026-08-10 weak-spot analysis,human_approved,,
mmt_0314,Review DoCs for sunglasses against MDR and PPE,legacy_reviewed,regulatory_obligation,confirmed_action,deliverable_object|document_or_record|explicit_commitment_verb|named_owner|regulatory_language,evidence,source:ai_generated_from_2026_08_10_weak_spot_analysis,train,AI generated from 2026-08-10 weak-spot analysis,human_approved,,
mmt_0315,Share list of DoC languages by 24 March,legacy_reviewed,document_control_task,confirmed_action,deadline_or_sequence|deliverable_object|document_or_record|explicit_commitment_verb|named_owner|recipient_or_handover,evidence,source:ai_generated_from_2026_08_10_weak_spot_analysis,train,AI generated from 2026-08-10 weak-spot analysis,human_approved,,
mmt_0316,Follow up with Cody for MedEnvoy project plan,legacy_reviewed,document_control_task,confirmed_action,deliverable_object|document_or_record|explicit_commitment_verb|named_owner|recipient_or_handover,evidence,source:ai_generated_from_2026_08_10_weak_spot_analysis,train,AI generated from 2026-08-10 weak-spot analysis,human_approved,,
mmt_0317,Review QMS manual at high level,legacy_reviewed,document_control_task,confirmed_action,deliverable_object|document_or_record|explicit_commitment_verb|named_owner,evidence,source:ai_generated_from_2026_08_10_weak_spot_analysis,train,AI generated from 2026-08-10 weak-spot analysis,human_approved,,
mmt_0318,Send HPRA invoice confirmation to Jacqui,legacy_reviewed,regulatory_obligation,confirmed_action,deliverable_object|document_or_record|explicit_commitment_verb|named_owner|recipient_or_handover|regulatory_language,evidence,source:ai_generated_from_2026_08_10_weak_spot_analysis,train,AI generated from 2026-08-10 weak-spot analysis,human_approved,,
mmt_0319,Review label artwork before final release,legacy_reviewed,document_control_task,confirmed_action,deadline_or_sequence|deliverable_object|document_or_record|explicit_commitment_verb|named_owner,evidence,source:ai_generated_from_2026_08_10_weak_spot_analysis,train,AI generated from 2026-08-10 weak-spot analysis,human_approved,,
mmt_0320,Update risk rationale in declarations of conformity,legacy_reviewed,action_commitment,confirmed_action,deliverable_object|document_or_record|explicit_commitment_verb|named_owner|risk_language,evidence,source:ai_generated_from_2026_08_10_weak_spot_analysis,train,AI generated from 2026-08-10 weak-spot analysis,human_approved,,
mmt_0321,Review mute button flash sequence against existing setup,legacy_reviewed,action_commitment,confirmed_action,deliverable_object|document_or_record|explicit_commitment_verb|named_owner|process_sequence,evidence,source:ai_generated_from_2026_08_10_weak_spot_analysis,train,AI generated from 2026-08-10 weak-spot analysis,human_approved,,
mmt_0322,Generate retrospective test data for graphics-driver change,legacy_reviewed,action_commitment,confirmed_action,deliverable_object|document_or_record|explicit_commitment_verb|named_owner,evidence,source:ai_generated_from_2026_08_10_weak_spot_analysis,train,AI generated from 2026-08-10 weak-spot analysis,human_approved,,
mmt_0323,Trace debug command output to final software documents,legacy_reviewed,action_commitment,confirmed_action,deliverable_object|document_or_record|explicit_commitment_verb|named_owner,evidence,source:ai_generated_from_2026_08_10_weak_spot_analysis,train,AI generated from 2026-08-10 weak-spot analysis,human_approved,,
mmt_0324,Review applicable standards list and send comments,legacy_reviewed,document_control_task,confirmed_action,deliverable_object|document_or_record|explicit_commitment_verb|named_owner,evidence,source:ai_generated_from_2026_08_10_weak_spot_analysis,train,AI generated from 2026-08-10 weak-spot analysis,human_approved,,
mmt_0325,Update risk management file with hardware and software risks,legacy_reviewed,document_control_task,confirmed_action,deliverable_object|document_or_record|explicit_commitment_verb|named_owner|risk_language,evidence,source:ai_generated_from_2026_08_10_weak_spot_analysis,train,AI generated from 2026-08-10 weak-spot analysis,human_approved,,
mmt_0326,Complete subcontractor spreadsheet justifications,legacy_reviewed,document_control_task,confirmed_action,deliverable_object|document_or_record|explicit_commitment_verb|named_owner,evidence,source:ai_generated_from_2026_08_10_weak_spot_analysis,train,AI generated from 2026-08-10 weak-spot analysis,human_approved,,
mmt_0327,Confirm whether overpressure valves affect neonatal configuration,legacy_reviewed,action_commitment,confirmed_action,deliverable_object|document_or_record|explicit_commitment_verb|named_owner,evidence,source:ai_generated_from_2026_08_10_weak_spot_analysis,train,AI generated from 2026-08-10 weak-spot analysis,human_approved,,
mmt_0328,Prepare audit-plan first version for Wednesday review,legacy_reviewed,document_control_task,confirmed_action,deadline_or_sequence|deliverable_object|document_or_record|explicit_commitment_verb|named_owner,evidence,source:ai_generated_from_2026_08_10_weak_spot_analysis,train,AI generated from 2026-08-10 weak-spot analysis,human_approved,,
mmt_0329,Provide external SharePoint access before confidential file review,legacy_reviewed,document_control_task,confirmed_action,deadline_or_sequence|deliverable_object|document_or_record|explicit_commitment_verb|named_owner,evidence,source:ai_generated_from_2026_08_10_weak_spot_analysis,train,AI generated from 2026-08-10 weak-spot analysis,human_approved,,
mmt_0330,Meet Niamh before first audit week to review information,legacy_reviewed,action_commitment,confirmed_action,deadline_or_sequence|deliverable_object|document_or_record|explicit_commitment_verb|named_owner,evidence,source:ai_generated_from_2026_08_10_weak_spot_analysis,train,AI generated from 2026-08-10 weak-spot analysis,human_approved,,
mmt_0331,Review audit timeline before the planning meeting,legacy_reviewed,action_commitment,confirmed_action,deadline_or_sequence|deliverable_object|document_or_record|explicit_commitment_verb|named_owner|process_sequence,evidence,source:ai_generated_from_2026_08_10_weak_spot_analysis,train,AI generated from 2026-08-10 weak-spot analysis,human_approved,,
mmt_0332,Share latest procedure pack with the audit team,legacy_reviewed,action_commitment,confirmed_action,deliverable_object|document_or_record|explicit_commitment_verb|named_owner|recipient_or_handover,evidence,source:ai_generated_from_2026_08_10_weak_spot_analysis,train,AI generated from 2026-08-10 weak-spot analysis,human_approved,,
mmt_0333,Stuart will complete the risk assessment so the audit plan can be developed for Wednesday.,legacy_reviewed,document_control_task,confirmed_action,deadline_or_sequence|deliverable_object|document_or_record|explicit_commitment_verb|named_owner|risk_language,evidence,source:ai_generated_from_2026_08_10_weak_spot_analysis,train,AI generated from 2026-08-10 weak-spot analysis,human_approved,,
mmt_0334,Stuart will prepare the first version of the audit plan for Wednesday.,legacy_reviewed,document_control_task,confirmed_action,deadline_or_sequence|deliverable_object|document_or_record|explicit_commitment_verb|named_owner,evidence,source:ai_generated_from_2026_08_10_weak_spot_analysis,train,AI generated from 2026-08-10 weak-spot analysis,human_approved,,
mmt_0335,Jacqui will check whether the training attestation timeline needs to move earlier than the 17th.,legacy_reviewed,document_control_task,confirmed_action,deadline_or_sequence|deliverable_object|document_or_record|explicit_commitment_verb|named_owner,evidence,source:ai_generated_from_2026_08_10_weak_spot_analysis,train,AI generated from 2026-08-10 weak-spot analysis,human_approved,,
mmt_0336,Niamh will sign the code of conduct before Stuart shares confidential documents.,legacy_reviewed,document_control_task,confirmed_action,deadline_or_sequence|deliverable_object|document_or_record|explicit_commitment_verb|named_owner,evidence,source:ai_generated_from_2026_08_10_weak_spot_analysis,train,AI generated from 2026-08-10 weak-spot analysis,human_approved,,
mmt_0337,Stuart will arrange external SharePoint access for Niamh if the documents cannot be shared directly.,legacy_reviewed,document_control_task,confirmed_action,deliverable_object|document_or_record|explicit_commitment_verb|hypothetical_language|named_owner,evidence,source:ai_generated_from_2026_08_10_weak_spot_analysis,train,AI generated from 2026-08-10 weak-spot analysis,human_approved,,
mmt_0338,Jacqui will send the code of conduct to Niamh today.,legacy_reviewed,document_control_task,confirmed_action,deadline_or_sequence|deliverable_object|document_or_record|explicit_commitment_verb|named_owner|recipient_or_handover,evidence,source:ai_generated_from_2026_08_10_weak_spot_analysis,train,AI generated from 2026-08-10 weak-spot analysis,human_approved,,
mmt_0339,Niamh will front-load the desktop review before the second audit week.,legacy_reviewed,action_commitment,confirmed_action,deadline_or_sequence|deliverable_object|document_or_record|explicit_commitment_verb|named_owner,evidence,source:ai_generated_from_2026_08_10_weak_spot_analysis,train,AI generated from 2026-08-10 weak-spot analysis,human_approved,,
mmt_0340,Stuart will review whether Niamh should run a separate audit track.,legacy_reviewed,action_commitment,confirmed_action,deliverable_object|document_or_record|explicit_commitment_verb|hypothetical_language|named_owner,evidence,source:ai_generated_from_2026_08_10_weak_spot_analysis,train,AI generated from 2026-08-10 weak-spot analysis,human_approved,,
mmt_0341,Jacqui will review the audit timeline and adjust the planning meeting if needed.,legacy_reviewed,action_commitment,confirmed_action,deliverable_object|document_or_record|explicit_commitment_verb|hypothetical_language|named_owner|process_sequence,evidence,source:ai_generated_from_2026_08_10_weak_spot_analysis,train,AI generated from 2026-08-10 weak-spot analysis,human_approved,,
mmt_0342,It was agreed that the same change request form could cover all three software changes.,legacy_reviewed,decision_agreement,not_action,completed_tense|decision_language|deliverable_object|document_or_record|explicit_commitment_verb|hypothetical_language|named_owner,evidence,source:ai_generated_from_2026_08_10_weak_spot_analysis,train,AI generated from 2026-08-10 weak-spot analysis,human_approved,,
mmt_0343,English was considered sufficient because it is an official EU language.,legacy_reviewed,decision_agreement,not_action,completed_tense|decision_language|deliverable_object|document_or_record|explicit_commitment_verb|named_owner,evidence,source:ai_generated_from_2026_08_10_weak_spot_analysis,train,AI generated from 2026-08-10 weak-spot analysis,human_approved,,
mmt_0344,The team decided that the importer would verify registration rather than upload it directly.,legacy_reviewed,decision_agreement,not_action,decision_language|deliverable_object|document_or_record|explicit_commitment_verb|named_owner|regulatory_language,evidence,source:ai_generated_from_2026_08_10_weak_spot_analysis,train,AI generated from 2026-08-10 weak-spot analysis,human_approved,,
mmt_0345,The group agreed that the QMS manual should mirror the actual business process.,legacy_reviewed,decision_agreement,not_action,decision_language|deliverable_object|document_or_record|explicit_commitment_verb|hypothetical_language|named_owner|process_sequence,evidence,source:ai_generated_from_2026_08_10_weak_spot_analysis,train,AI generated from 2026-08-10 weak-spot analysis,human_approved,,
mmt_0346,It was agreed that the audit would be treated as routine surveillance.,legacy_reviewed,decision_agreement,not_action,completed_tense|decision_language|deliverable_object|document_or_record|explicit_commitment_verb|named_owner,evidence,source:ai_generated_from_2026_08_10_weak_spot_analysis,train,AI generated from 2026-08-10 weak-spot analysis,human_approved,,
mmt_0347,The team decided not to add a password because rapid clinical intervention was required.,legacy_reviewed,decision_agreement,not_action,completed_tense|decision_language|deliverable_object|document_or_record|explicit_commitment_verb|named_owner,evidence,source:ai_generated_from_2026_08_10_weak_spot_analysis,train,AI generated from 2026-08-10 weak-spot analysis,human_approved,,
mmt_0348,"The meeting confirmed that MedEnvoy acts for the manufacturer, not the importer.",legacy_reviewed,decision_agreement,not_action,decision_language|deliverable_object|document_or_record|explicit_commitment_verb|named_owner|regulatory_language,evidence,source:ai_generated_from_2026_08_10_weak_spot_analysis,train,AI generated from 2026-08-10 weak-spot analysis,human_approved,,
mmt_0349,The participants agreed that lot numbering should be added to the label process.,legacy_reviewed,decision_agreement,not_action,decision_language|deliverable_object|document_or_record|explicit_commitment_verb|hypothetical_language|named_owner|process_sequence,evidence,source:ai_generated_from_2026_08_10_weak_spot_analysis,train,AI generated from 2026-08-10 weak-spot analysis,human_approved,,
mmt_0350,Maybe Jacqui could review the audit timeline if the date moves.,legacy_reviewed,discussion_topic,not_action,deliverable_object|document_or_record|explicit_commitment_verb|hypothetical_language|named_owner,evidence,source:ai_generated_from_2026_08_10_weak_spot_analysis,train,AI generated from 2026-08-10 weak-spot analysis,human_approved,,
mmt_0351,Could Stuart share the risk analysis once the site has reviewed it?,legacy_reviewed,discussion_topic,not_action,completed_tense|deliverable_object|document_or_record|explicit_commitment_verb|hypothetical_language|named_owner|recipient_or_handover|risk_language,evidence,source:ai_generated_from_2026_08_10_weak_spot_analysis,train,AI generated from 2026-08-10 weak-spot analysis,human_approved,,
mmt_0352,It might be worth Niamh looking at the SBOM if time allows.,legacy_reviewed,discussion_topic,not_action,deliverable_object|document_or_record|explicit_commitment_verb|hypothetical_language|named_owner,evidence,source:ai_generated_from_2026_08_10_weak_spot_analysis,train,AI generated from 2026-08-10 weak-spot analysis,human_approved,,
mmt_0353,We could upload the documents if SharePoint access becomes a problem.,legacy_reviewed,discussion_topic,not_action,deliverable_object|document_or_record|explicit_commitment_verb|hypothetical_language|named_owner|recipient_or_handover,evidence,source:ai_generated_from_2026_08_10_weak_spot_analysis,train,AI generated from 2026-08-10 weak-spot analysis,human_approved,,
mmt_0354,Maybe Jenny could check the label later if the artwork changes.,legacy_reviewed,discussion_topic,not_action,deliverable_object|document_or_record|explicit_commitment_verb|hypothetical_language|named_owner,evidence,source:ai_generated_from_2026_08_10_weak_spot_analysis,train,AI generated from 2026-08-10 weak-spot analysis,human_approved,,
mmt_0355,"If asked, Orla could explain the MedEnvoy project-plan position.",legacy_reviewed,discussion_topic,not_action,deliverable_object|document_or_record|explicit_commitment_verb|hypothetical_language|named_owner,evidence,source:ai_generated_from_2026_08_10_weak_spot_analysis,train,AI generated from 2026-08-10 weak-spot analysis,human_approved,,
mmt_0356,The team may follow up on the DoC language requirements later.,legacy_reviewed,discussion_topic,not_action,deliverable_object|document_or_record|explicit_commitment_verb|hypothetical_language|named_owner|recipient_or_handover,evidence,source:ai_generated_from_2026_08_10_weak_spot_analysis,train,AI generated from 2026-08-10 weak-spot analysis,human_approved,,
mmt_0357,It would be useful for Colm to look at the standards list at some point.,legacy_reviewed,discussion_topic,not_action,deliverable_object|document_or_record|explicit_commitment_verb|hypothetical_language|named_owner,evidence,source:ai_generated_from_2026_08_10_weak_spot_analysis,train,AI generated from 2026-08-10 weak-spot analysis,human_approved,,
mmt_0358,Niamh might inspect the programming area during the second week.,legacy_reviewed,discussion_topic,not_action,deadline_or_sequence|deliverable_object|document_or_record|explicit_commitment_verb|hypothetical_language|named_owner,evidence,source:ai_generated_from_2026_08_10_weak_spot_analysis,train,AI generated from 2026-08-10 weak-spot analysis,human_approved,,
mmt_0359,Rebecca could send the standard if Andrew needs it.,legacy_reviewed,discussion_topic,not_action,deliverable_object|document_or_record|explicit_commitment_verb|hypothetical_language|named_owner|recipient_or_handover,evidence,source:ai_generated_from_2026_08_10_weak_spot_analysis,train,AI generated from 2026-08-10 weak-spot analysis,human_approved,,
mmt_0360,Stuart completed the risk assessment before the audit plan was drafted.,legacy_reviewed,background_context,completed_history,completed_tense|deadline_or_sequence|deliverable_object|document_or_record|explicit_commitment_verb|named_owner|risk_language,evidence,source:ai_generated_from_2026_08_10_weak_spot_analysis,train,AI generated from 2026-08-10 weak-spot analysis,human_approved,,
mmt_0361,Jacqui sent the code of conduct to Niamh yesterday.,legacy_reviewed,background_context,completed_history,completed_tense|deliverable_object|document_or_record|explicit_commitment_verb|named_owner|recipient_or_handover,evidence,source:ai_generated_from_2026_08_10_weak_spot_analysis,train,AI generated from 2026-08-10 weak-spot analysis,human_approved,,
mmt_0362,Niamh signed the training attestation last week.,legacy_reviewed,background_context,completed_history,completed_tense|deadline_or_sequence|deliverable_object|document_or_record|explicit_commitment_verb|named_owner,evidence,source:ai_generated_from_2026_08_10_weak_spot_analysis,train,AI generated from 2026-08-10 weak-spot analysis,human_approved,,
mmt_0363,Orla shared the label artwork with Jenny on Friday.,legacy_reviewed,background_context,completed_history,completed_tense|deadline_or_sequence|deliverable_object|document_or_record|explicit_commitment_verb|named_owner|recipient_or_handover,evidence,source:ai_generated_from_2026_08_10_weak_spot_analysis,train,AI generated from 2026-08-10 weak-spot analysis,human_approved,,
mmt_0364,John-Paul reviewed the DoCs for MDR and PPE last month.,legacy_reviewed,background_context,completed_history,completed_tense|deliverable_object|document_or_record|explicit_commitment_verb|named_owner|regulatory_language,evidence,source:ai_generated_from_2026_08_10_weak_spot_analysis,train,AI generated from 2026-08-10 weak-spot analysis,human_approved,,
mmt_0365,Rebecca updated the risk management file before the meeting.,legacy_reviewed,background_context,completed_history,completed_tense|deadline_or_sequence|deliverable_object|document_or_record|explicit_commitment_verb|named_owner|risk_language,evidence,source:ai_generated_from_2026_08_10_weak_spot_analysis,train,AI generated from 2026-08-10 weak-spot analysis,human_approved,,
mmt_0366,David generated the retrospective test data yesterday.,legacy_reviewed,background_context,completed_history,completed_tense|deliverable_object|document_or_record|explicit_commitment_verb|named_owner,evidence,source:ai_generated_from_2026_08_10_weak_spot_analysis,train,AI generated from 2026-08-10 weak-spot analysis,human_approved,,
mmt_0367,Colm sent comments on the standards list already.,legacy_reviewed,background_context,completed_history,completed_tense|deliverable_object|document_or_record|explicit_commitment_verb|named_owner|recipient_or_handover,evidence,source:ai_generated_from_2026_08_10_weak_spot_analysis,train,AI generated from 2026-08-10 weak-spot analysis,human_approved,,
mmt_0368,The HPRA invoice confirmation was sent before the call.,legacy_reviewed,background_context,completed_history,completed_tense|deadline_or_sequence|deliverable_object|document_or_record|explicit_commitment_verb|named_owner|recipient_or_handover|regulatory_language,evidence,source:ai_generated_from_2026_08_10_weak_spot_analysis,train,AI generated from 2026-08-10 weak-spot analysis,human_approved,,
mmt_0369,Andrew reviewed the mute button flash sequence earlier today.,legacy_reviewed,background_context,completed_history,completed_tense|deadline_or_sequence|deliverable_object|document_or_record|explicit_commitment_verb|named_owner|process_sequence,evidence,source:ai_generated_from_2026_08_10_weak_spot_analysis,train,AI generated from 2026-08-10 weak-spot analysis,human_approved,,
mmt_0370,Orla will review the QMS Manual from the Trinzo team before the next client connect.,legacy_reviewed,document_control_task,confirmed_action,named_owner|explicit_commitment_verb|deliverable_object|deadline_or_sequence|recipient_or_handover|document_or_record|regulatory_language,evidence,source:ai_generated_from_2026_08_10_dita_handoff_action_boundary_analysis,train,AI generated from 2026-08-10 DITA handoff/action-boundary analysis,human_approved,,
mmt_0371,Orla to review the QMS Manual that Jacqui shared during the call.,legacy_reviewed,document_control_task,confirmed_action,named_owner|explicit_commitment_verb|deliverable_object|deadline_or_sequence|recipient_or_handover|document_or_record|regulatory_language,evidence,source:ai_generated_from_2026_08_10_dita_handoff_action_boundary_analysis,train,AI generated from 2026-08-10 DITA handoff/action-boundary analysis,human_approved,,
mmt_0372,Orla will follow up with Cody for a copy of the MedEnvoy project plan for manufacturer EO.,legacy_reviewed,document_control_task,confirmed_action,named_owner|explicit_commitment_verb|deliverable_object|deadline_or_sequence|recipient_or_handover|document_or_record|regulatory_language,evidence,source:ai_generated_from_2026_08_10_dita_handoff_action_boundary_analysis,train,AI generated from 2026-08-10 DITA handoff/action-boundary analysis,human_approved,,
mmt_0373,Orla to ask Cody for the MedEnvoy task list and project plan.,legacy_reviewed,document_control_task,confirmed_action,named_owner|explicit_commitment_verb|deliverable_object|deadline_or_sequence|recipient_or_handover|document_or_record|regulatory_language,evidence,source:ai_generated_from_2026_08_10_dita_handoff_action_boundary_analysis,train,AI generated from 2026-08-10 DITA handoff/action-boundary analysis,human_approved,,
mmt_0374,Orla will share a copy of the new label with Jenny for review.,legacy_reviewed,document_control_task,confirmed_action,named_owner|explicit_commitment_verb|deliverable_object|deadline_or_sequence|recipient_or_handover|document_or_record|regulatory_language,evidence,source:ai_generated_from_2026_08_10_dita_handoff_action_boundary_analysis,train,AI generated from 2026-08-10 DITA handoff/action-boundary analysis,human_approved,,
mmt_0375,Orla to send Jenny the latest DITA label artwork after the meeting.,legacy_reviewed,document_control_task,confirmed_action,named_owner|explicit_commitment_verb|deliverable_object|deadline_or_sequence|recipient_or_handover|document_or_record|regulatory_language,evidence,source:ai_generated_from_2026_08_10_dita_handoff_action_boundary_analysis,train,AI generated from 2026-08-10 DITA handoff/action-boundary analysis,human_approved,,
mmt_0376,Jenny will review the new label once Orla sends it through.,legacy_reviewed,document_control_task,confirmed_action,named_owner|explicit_commitment_verb|deliverable_object|deadline_or_sequence|recipient_or_handover|document_or_record|regulatory_language,evidence,source:ai_generated_from_2026_08_10_dita_handoff_action_boundary_analysis,train,AI generated from 2026-08-10 DITA handoff/action-boundary analysis,human_approved,,
mmt_0377,Orla will share the list of languages for the declarations of conformity.,legacy_reviewed,document_control_task,confirmed_action,named_owner|explicit_commitment_verb|deliverable_object|deadline_or_sequence|recipient_or_handover|document_or_record|regulatory_language,evidence,source:ai_generated_from_2026_08_10_dita_handoff_action_boundary_analysis,train,AI generated from 2026-08-10 DITA handoff/action-boundary analysis,human_approved,,
mmt_0378,Orla to send the country and language list needed for the DoCs to John-Paul.,legacy_reviewed,document_control_task,confirmed_action,named_owner|explicit_commitment_verb|deliverable_object|deadline_or_sequence|recipient_or_handover|document_or_record|regulatory_language,evidence,source:ai_generated_from_2026_08_10_dita_handoff_action_boundary_analysis,train,AI generated from 2026-08-10 DITA handoff/action-boundary analysis,human_approved,,
mmt_0379,John-Paul will review the DoCs for sunglasses against MDR and PPE requirements.,legacy_reviewed,document_control_task,confirmed_action,named_owner|explicit_commitment_verb|deliverable_object|deadline_or_sequence|recipient_or_handover|document_or_record|regulatory_language,evidence,source:ai_generated_from_2026_08_10_dita_handoff_action_boundary_analysis,train,AI generated from 2026-08-10 DITA handoff/action-boundary analysis,human_approved,,
mmt_0380,John-Paul to update the DoC risk rationale for category one PPE sunglasses.,legacy_reviewed,document_control_task,confirmed_action,named_owner|explicit_commitment_verb|deliverable_object|deadline_or_sequence|recipient_or_handover|document_or_record|regulatory_language|risk_language,evidence,source:ai_generated_from_2026_08_10_dita_handoff_action_boundary_analysis,train,AI generated from 2026-08-10 DITA handoff/action-boundary analysis,human_approved,,
mmt_0381,Jacqui will review the HPRA invoice fee before payment is made.,legacy_reviewed,regulatory_obligation,confirmed_action,named_owner|explicit_commitment_verb|deliverable_object|deadline_or_sequence|recipient_or_handover|document_or_record|regulatory_language,evidence,source:ai_generated_from_2026_08_10_dita_handoff_action_boundary_analysis,train,AI generated from 2026-08-10 DITA handoff/action-boundary analysis,human_approved,,
mmt_0382,Colm to send the HPRA bill and SRN email chain to Jacqui for review.,legacy_reviewed,regulatory_obligation,confirmed_action,named_owner|explicit_commitment_verb|deliverable_object|deadline_or_sequence|recipient_or_handover|document_or_record|regulatory_language,evidence,source:ai_generated_from_2026_08_10_dita_handoff_action_boundary_analysis,train,AI generated from 2026-08-10 DITA handoff/action-boundary analysis,human_approved,,
mmt_0383,Colm will forward the HPRA invoice and registration email to Jacqui today.,legacy_reviewed,regulatory_obligation,confirmed_action,named_owner|explicit_commitment_verb|deliverable_object|deadline_or_sequence|recipient_or_handover|document_or_record|regulatory_language,evidence,source:ai_generated_from_2026_08_10_dita_handoff_action_boundary_analysis,train,AI generated from 2026-08-10 DITA handoff/action-boundary analysis,human_approved,,
mmt_0384,Jacqui and Colm will confirm whether the HPRA fee relates to the four suppliers already registered.,legacy_reviewed,regulatory_obligation,confirmed_action,named_owner|explicit_commitment_verb|deliverable_object|deadline_or_sequence|document_or_record|regulatory_language,evidence,source:ai_generated_from_2026_08_10_dita_handoff_action_boundary_analysis,train,AI generated from 2026-08-10 DITA handoff/action-boundary analysis,human_approved,,
mmt_0385,Orla will check whether MedEnvoy already uploaded the DITA UDI data.,legacy_reviewed,regulatory_obligation,confirmed_action,named_owner|explicit_commitment_verb|deliverable_object|document_or_record|regulatory_language|risk_language,evidence,source:ai_generated_from_2026_08_10_dita_handoff_action_boundary_analysis,train,AI generated from 2026-08-10 DITA handoff/action-boundary analysis,human_approved,,
mmt_0386,Orla to confirm with MedEnvoy who is uploading the Basic UDI and Master UDI records.,legacy_reviewed,regulatory_obligation,confirmed_action,named_owner|explicit_commitment_verb|deliverable_object|deadline_or_sequence|recipient_or_handover|document_or_record|regulatory_language|risk_language,evidence,source:ai_generated_from_2026_08_10_dita_handoff_action_boundary_analysis,train,AI generated from 2026-08-10 DITA handoff/action-boundary analysis,human_approved,,
mmt_0387,Mark will send Orla the importer obligation summary after the call.,legacy_reviewed,document_control_task,confirmed_action,named_owner|explicit_commitment_verb|deliverable_object|deadline_or_sequence|recipient_or_handover|document_or_record|regulatory_language,evidence,source:ai_generated_from_2026_08_10_dita_handoff_action_boundary_analysis,train,AI generated from 2026-08-10 DITA handoff/action-boundary analysis,human_approved,,
mmt_0388,Jenny to check the barcode production information on the label design.,legacy_reviewed,document_control_task,confirmed_action,named_owner|explicit_commitment_verb|deliverable_object|deadline_or_sequence|recipient_or_handover|document_or_record|regulatory_language,evidence,source:ai_generated_from_2026_08_10_dita_handoff_action_boundary_analysis,train,AI generated from 2026-08-10 DITA handoff/action-boundary analysis,human_approved,,
mmt_0389,John-Paul will capture the rationale in the risk assessment and audit plan.,legacy_reviewed,document_control_task,confirmed_action,named_owner|explicit_commitment_verb|deliverable_object|deadline_or_sequence|recipient_or_handover|document_or_record|regulatory_language|risk_language,evidence,source:ai_generated_from_2026_08_10_dita_handoff_action_boundary_analysis,train,AI generated from 2026-08-10 DITA handoff/action-boundary analysis,human_approved,,
mmt_0390,Stuart to complete the risk assessment so the audit plan can be developed.,legacy_reviewed,document_control_task,confirmed_action,named_owner|explicit_commitment_verb|deliverable_object|document_or_record|risk_language|regulatory_language,evidence,source:ai_generated_from_2026_08_10_dita_handoff_action_boundary_analysis,train,AI generated from 2026-08-10 DITA handoff/action-boundary analysis,human_approved,,
mmt_0391,Rebecca will upload the signed change request to SharePoint before Friday.,legacy_reviewed,document_control_task,confirmed_action,named_owner|explicit_commitment_verb|deliverable_object|deadline_or_sequence|recipient_or_handover|document_or_record,evidence,source:ai_generated_from_2026_08_10_dita_handoff_action_boundary_analysis,train,AI generated from 2026-08-10 DITA handoff/action-boundary analysis,human_approved,,
mmt_0392,David to prepare the test evidence pack for next week's review.,legacy_reviewed,document_control_task,confirmed_action,named_owner|explicit_commitment_verb|deliverable_object|deadline_or_sequence|document_or_record,evidence,source:ai_generated_from_2026_08_10_dita_handoff_action_boundary_analysis,train,AI generated from 2026-08-10 DITA handoff/action-boundary analysis,human_approved,,
mmt_0393,Niamh will send the supplier attestation form to the warehouse team today.,legacy_reviewed,document_control_task,confirmed_action,named_owner|explicit_commitment_verb|deliverable_object|deadline_or_sequence|recipient_or_handover|document_or_record,evidence,source:ai_generated_from_2026_08_10_dita_handoff_action_boundary_analysis,train,AI generated from 2026-08-10 DITA handoff/action-boundary analysis,human_approved,,
mmt_0394,Claire to circulate the updated agenda and action log after the meeting.,legacy_reviewed,action_commitment,confirmed_action,named_owner|explicit_commitment_verb|deliverable_object|deadline_or_sequence|recipient_or_handover|document_or_record,evidence,source:ai_generated_from_2026_08_10_dita_handoff_action_boundary_analysis,train,AI generated from 2026-08-10 DITA handoff/action-boundary analysis,human_approved,,
mmt_0395,Andrew will confirm the packing validation samples before production starts.,legacy_reviewed,action_commitment,confirmed_action,named_owner|explicit_commitment_verb|deliverable_object|deadline_or_sequence|process_sequence,evidence,source:ai_generated_from_2026_08_10_dita_handoff_action_boundary_analysis,train,AI generated from 2026-08-10 DITA handoff/action-boundary analysis,human_approved,,
mmt_0396,Sarah to request the missing calibration certificate from the supplier.,legacy_reviewed,document_control_task,confirmed_action,named_owner|explicit_commitment_verb|deliverable_object|deadline_or_sequence|recipient_or_handover|document_or_record,evidence,source:ai_generated_from_2026_08_10_dita_handoff_action_boundary_analysis,train,AI generated from 2026-08-10 DITA handoff/action-boundary analysis,human_approved,,
mmt_0397,John-Paul will update the standards register with the new EN references.,legacy_reviewed,document_control_task,confirmed_action,named_owner|explicit_commitment_verb|deliverable_object|document_or_record|regulatory_language,evidence,source:ai_generated_from_2026_08_10_dita_handoff_action_boundary_analysis,train,AI generated from 2026-08-10 DITA handoff/action-boundary analysis,human_approved,,
mmt_0398,Orla will flick the QMS manual over to Orla after the call.,legacy_reviewed,document_control_task,confirmed_action,named_owner|explicit_commitment_verb|deliverable_object|deadline_or_sequence|recipient_or_handover|document_or_record|regulatory_language,evidence,source:ai_generated_from_2026_08_10_dita_handoff_action_boundary_analysis,train,AI generated from 2026-08-10 DITA handoff/action-boundary analysis,human_approved,,
mmt_0399,Jenny to send the MedEnvoy project plan to the team before Wednesday.,legacy_reviewed,document_control_task,confirmed_action,named_owner|explicit_commitment_verb|deliverable_object|deadline_or_sequence|recipient_or_handover|document_or_record|regulatory_language,evidence,source:ai_generated_from_2026_08_10_dita_handoff_action_boundary_analysis,train,AI generated from 2026-08-10 DITA handoff/action-boundary analysis,human_approved,,
mmt_0400,Jacqui is going to share the latest label artwork with Jenny today.,legacy_reviewed,document_control_task,confirmed_action,named_owner|explicit_commitment_verb|deliverable_object|deadline_or_sequence|recipient_or_handover|document_or_record|regulatory_language,evidence,source:ai_generated_from_2026_08_10_dita_handoff_action_boundary_analysis,train,AI generated from 2026-08-10 DITA handoff/action-boundary analysis,human_approved,,
mmt_0401,Colm agreed to review the DoC language list before the next review.,legacy_reviewed,document_control_task,confirmed_action,named_owner|explicit_commitment_verb|deliverable_object|deadline_or_sequence|recipient_or_handover|document_or_record|regulatory_language,evidence,source:ai_generated_from_2026_08_10_dita_handoff_action_boundary_analysis,train,AI generated from 2026-08-10 DITA handoff/action-boundary analysis,human_approved,,
mmt_0402,John-Paul will forward the HPRA invoice to Jacqui after the call.,legacy_reviewed,regulatory_obligation,confirmed_action,named_owner|explicit_commitment_verb|deliverable_object|deadline_or_sequence|recipient_or_handover|document_or_record|regulatory_language,evidence,source:ai_generated_from_2026_08_10_dita_handoff_action_boundary_analysis,train,AI generated from 2026-08-10 DITA handoff/action-boundary analysis,human_approved,,
mmt_0403,Stuart to confirm the UDI upload owner with MedEnvoy before Wednesday.,legacy_reviewed,regulatory_obligation,confirmed_action,named_owner|explicit_commitment_verb|deliverable_object|deadline_or_sequence|recipient_or_handover|document_or_record|regulatory_language|risk_language,evidence,source:ai_generated_from_2026_08_10_dita_handoff_action_boundary_analysis,train,AI generated from 2026-08-10 DITA handoff/action-boundary analysis,human_approved,,
mmt_0404,Rebecca is going to update the audit-plan rationale today.,legacy_reviewed,document_control_task,confirmed_action,named_owner|explicit_commitment_verb|deliverable_object|deadline_or_sequence|recipient_or_handover|document_or_record|regulatory_language|risk_language,evidence,source:ai_generated_from_2026_08_10_dita_handoff_action_boundary_analysis,train,AI generated from 2026-08-10 DITA handoff/action-boundary analysis,human_approved,,
mmt_0405,David agreed to send the supplier evidence pack to Colm before the next review.,legacy_reviewed,document_control_task,confirmed_action,named_owner|explicit_commitment_verb|deliverable_object|deadline_or_sequence|recipient_or_handover|document_or_record,evidence,source:ai_generated_from_2026_08_10_dita_handoff_action_boundary_analysis,train,AI generated from 2026-08-10 DITA handoff/action-boundary analysis,human_approved,,
mmt_0406,It would be useful to get the MedEnvoy project plan from Cody.,legacy_reviewed,document_control_task,possible_action,deliverable_object|recipient_or_handover|document_or_record|regulatory_language|hypothetical_language,evidence,source:ai_generated_from_2026_08_10_dita_handoff_action_boundary_analysis,train,AI generated from 2026-08-10 DITA handoff/action-boundary analysis,human_approved,,
mmt_0407,Maybe Jenny could look at the label if Orla has a copy.,legacy_reviewed,document_control_task,possible_action,named_owner|deliverable_object|document_or_record|hypothetical_language,evidence,source:ai_generated_from_2026_08_10_dita_handoff_action_boundary_analysis,train,AI generated from 2026-08-10 DITA handoff/action-boundary analysis,human_approved,,
mmt_0408,Someone should check the HPRA invoice fee before payment.,legacy_reviewed,regulatory_obligation,possible_action,explicit_commitment_verb|deliverable_object|deadline_or_sequence|document_or_record|regulatory_language|hypothetical_language,evidence,source:ai_generated_from_2026_08_10_dita_handoff_action_boundary_analysis,train,AI generated from 2026-08-10 DITA handoff/action-boundary analysis,human_approved,,
mmt_0409,We probably need a list of languages for the DoCs.,legacy_reviewed,document_control_task,possible_action,deliverable_object|document_or_record|regulatory_language|hypothetical_language,evidence,source:ai_generated_from_2026_08_10_dita_handoff_action_boundary_analysis,train,AI generated from 2026-08-10 DITA handoff/action-boundary analysis,human_approved,,
mmt_0410,There might be a follow-up for Cody around the MedEnvoy plan.,legacy_reviewed,discussion_topic,possible_action,named_owner|deliverable_object|document_or_record|hypothetical_language,evidence,source:ai_generated_from_2026_08_10_dita_handoff_action_boundary_analysis,train,AI generated from 2026-08-10 DITA handoff/action-boundary analysis,human_approved,,
mmt_0411,It may be worth asking HPRA what the annual fee covers.,legacy_reviewed,regulatory_obligation,possible_action,deliverable_object|document_or_record|regulatory_language|hypothetical_language,evidence,source:ai_generated_from_2026_08_10_dita_handoff_action_boundary_analysis,train,AI generated from 2026-08-10 DITA handoff/action-boundary analysis,human_approved,,
mmt_0412,The label may need a quick review from production.,legacy_reviewed,document_control_task,possible_action,deliverable_object|document_or_record|hypothetical_language,evidence,source:ai_generated_from_2026_08_10_dita_handoff_action_boundary_analysis,train,AI generated from 2026-08-10 DITA handoff/action-boundary analysis,human_approved,,
mmt_0413,Could the team check whether the SRN email has already gone in?,legacy_reviewed,regulatory_obligation,possible_action,explicit_commitment_verb|deliverable_object|document_or_record|regulatory_language|hypothetical_language,evidence,source:ai_generated_from_2026_08_10_dita_handoff_action_boundary_analysis,train,AI generated from 2026-08-10 DITA handoff/action-boundary analysis,human_approved,,
mmt_0414,We should probably trace which entity is responsible for UDI upload.,legacy_reviewed,regulatory_obligation,possible_action,explicit_commitment_verb|deliverable_object|regulatory_language|risk_language|hypothetical_language,evidence,source:ai_generated_from_2026_08_10_dita_handoff_action_boundary_analysis,train,AI generated from 2026-08-10 DITA handoff/action-boundary analysis,human_approved,,
mmt_0415,"If Cody has the plan, it would help to bring it into the next call.",legacy_reviewed,document_control_task,possible_action,named_owner|deliverable_object|deadline_or_sequence|document_or_record|hypothetical_language,evidence,source:ai_generated_from_2026_08_10_dita_handoff_action_boundary_analysis,train,AI generated from 2026-08-10 DITA handoff/action-boundary analysis,human_approved,,
mmt_0416,The audit plan could be developed once the risk assessment is finished.,legacy_reviewed,risk_dependency,possible_action,deliverable_object|deadline_or_sequence|document_or_record|risk_language|hypothetical_language,evidence,source:ai_generated_from_2026_08_10_dita_handoff_action_boundary_analysis,train,AI generated from 2026-08-10 DITA handoff/action-boundary analysis,human_approved,,
mmt_0417,There should be an owner for the invoice check.,legacy_reviewed,discussion_topic,possible_action,deliverable_object|document_or_record|hypothetical_language,evidence,source:ai_generated_from_2026_08_10_dita_handoff_action_boundary_analysis,train,AI generated from 2026-08-10 DITA handoff/action-boundary analysis,human_approved,,
mmt_0418,The legal manufacturer is responsible for UDI registration in EUDAMED.,legacy_reviewed,regulatory_obligation,not_action,regulatory_language|document_or_record,evidence,source:ai_generated_from_2026_08_10_dita_handoff_action_boundary_analysis,train,AI generated from 2026-08-10 DITA handoff/action-boundary analysis,human_approved,,
mmt_0419,Importer and authorised representative registrations must be verified before placing products on the market.,legacy_reviewed,regulatory_obligation,not_action,regulatory_language|deadline_or_sequence|process_sequence,evidence,source:ai_generated_from_2026_08_10_dita_handoff_action_boundary_analysis,train,AI generated from 2026-08-10 DITA handoff/action-boundary analysis,human_approved,,
mmt_0420,"The data is entered at Basic UDI, Master UDI and individual UDI levels.",legacy_reviewed,process_overview,not_action,regulatory_language|process_sequence|document_or_record,evidence,source:ai_generated_from_2026_08_10_dita_handoff_action_boundary_analysis,train,AI generated from 2026-08-10 DITA handoff/action-boundary analysis,human_approved,,
mmt_0421,MedEnvoy may already be uploading the data for DITA Inc.,legacy_reviewed,background_context,not_action,named_owner|document_or_record|regulatory_language|hypothetical_language,evidence,source:ai_generated_from_2026_08_10_dita_handoff_action_boundary_analysis,train,AI generated from 2026-08-10 DITA handoff/action-boundary analysis,human_approved,,
mmt_0422,Orla is stuck in the middle between Trinzo and MedEnvoy.,legacy_reviewed,background_context,not_action,named_owner|risk_language,evidence,source:ai_generated_from_2026_08_10_dita_handoff_action_boundary_analysis,train,AI generated from 2026-08-10 DITA handoff/action-boundary analysis,human_approved,,
mmt_0423,There is a risk of duplication or gaps if nobody has oversight of UDI upload.,legacy_reviewed,risk_dependency,not_action,risk_language|regulatory_language|hypothetical_language,evidence,source:ai_generated_from_2026_08_10_dita_handoff_action_boundary_analysis,train,AI generated from 2026-08-10 DITA handoff/action-boundary analysis,human_approved,,
mmt_0424,The HPRA sent an annual fee invoice for the registered suppliers.,legacy_reviewed,background_context,completed_history,deliverable_object|document_or_record|regulatory_language|completed_tense,evidence,source:ai_generated_from_2026_08_10_dita_handoff_action_boundary_analysis,train,AI generated from 2026-08-10 DITA handoff/action-boundary analysis,human_approved,,
mmt_0425,The invoice may relate to four suppliers that are already registered.,legacy_reviewed,background_context,not_action,deliverable_object|document_or_record|regulatory_language|hypothetical_language,evidence,source:ai_generated_from_2026_08_10_dita_handoff_action_boundary_analysis,train,AI generated from 2026-08-10 DITA handoff/action-boundary analysis,human_approved,,
mmt_0426,The label design is managed by the US team.,legacy_reviewed,background_context,not_action,named_owner|deliverable_object|document_or_record,evidence,source:ai_generated_from_2026_08_10_dita_handoff_action_boundary_analysis,train,AI generated from 2026-08-10 DITA handoff/action-boundary analysis,human_approved,,
mmt_0427,The team discussed whether the warranty booklet counts as an IFU.,legacy_reviewed,discussion_topic,not_action,document_or_record|regulatory_language,evidence,source:ai_generated_from_2026_08_10_dita_handoff_action_boundary_analysis,train,AI generated from 2026-08-10 DITA handoff/action-boundary analysis,human_approved,,
mmt_0428,You need to be able to demonstrate where the barcode information came from.,legacy_reviewed,regulatory_obligation,not_action,explicit_commitment_verb|deliverable_object|document_or_record|regulatory_language,evidence,source:ai_generated_from_2026_08_10_dita_handoff_action_boundary_analysis,train,AI generated from 2026-08-10 DITA handoff/action-boundary analysis,human_approved,,
mmt_0429,The importer needs to retain records for market surveillance purposes.,legacy_reviewed,regulatory_obligation,not_action,explicit_commitment_verb|deliverable_object|document_or_record|regulatory_language,evidence,source:ai_generated_from_2026_08_10_dita_handoff_action_boundary_analysis,train,AI generated from 2026-08-10 DITA handoff/action-boundary analysis,human_approved,,
mmt_0430,"The process starts with supplier data, then moves into UDI creation and upload.",legacy_reviewed,process_overview,not_action,process_sequence|regulatory_language|document_or_record,evidence,source:ai_generated_from_2026_08_10_dita_handoff_action_boundary_analysis,train,AI generated from 2026-08-10 DITA handoff/action-boundary analysis,human_approved,,
mmt_0431,The DoCs are different for MDR devices and PPE category one sunglasses.,legacy_reviewed,regulatory_obligation,not_action,deliverable_object|document_or_record|regulatory_language,evidence,source:ai_generated_from_2026_08_10_dita_handoff_action_boundary_analysis,train,AI generated from 2026-08-10 DITA handoff/action-boundary analysis,human_approved,,
mmt_0432,Cody had previously reached out about the countries DITA ship to.,legacy_reviewed,background_context,completed_history,named_owner|deliverable_object|completed_tense,evidence,source:ai_generated_from_2026_08_10_dita_handoff_action_boundary_analysis,train,AI generated from 2026-08-10 DITA handoff/action-boundary analysis,human_approved,,
mmt_0433,Jenny checked the FDA database and found no products registered.,legacy_reviewed,background_context,completed_history,named_owner|deliverable_object|document_or_record|regulatory_language|completed_tense,evidence,source:ai_generated_from_2026_08_10_dita_handoff_action_boundary_analysis,train,AI generated from 2026-08-10 DITA handoff/action-boundary analysis,human_approved,,
mmt_0434,Jacqui has already shared the QMS manual with Orla.,legacy_reviewed,background_context,completed_history,named_owner|explicit_commitment_verb|recipient_or_handover|deliverable_object|document_or_record|completed_tense,evidence,source:ai_generated_from_2026_08_10_dita_handoff_action_boundary_analysis,train,AI generated from 2026-08-10 DITA handoff/action-boundary analysis,human_approved,,
mmt_0435,Orla already sent the SRN follow-up information to HPRA last week.,legacy_reviewed,background_context,completed_history,named_owner|explicit_commitment_verb|recipient_or_handover|deliverable_object|document_or_record|regulatory_language|completed_tense|deadline_or_sequence,evidence,source:ai_generated_from_2026_08_10_dita_handoff_action_boundary_analysis,train,AI generated from 2026-08-10 DITA handoff/action-boundary analysis,human_approved,,
mmt_0436,The team agreed that MedEnvoy remains the likely route for manufacturer EO registration.,legacy_reviewed,decision_agreement,not_action,decision_language|named_owner|regulatory_language,evidence,source:ai_generated_from_2026_08_10_dita_handoff_action_boundary_analysis,train,AI generated from 2026-08-10 DITA handoff/action-boundary analysis,human_approved,,
mmt_0437,It was agreed that the client connect should stay focused on importer obligations.,legacy_reviewed,decision_agreement,not_action,decision_language|regulatory_language,evidence,source:ai_generated_from_2026_08_10_dita_handoff_action_boundary_analysis,train,AI generated from 2026-08-10 DITA handoff/action-boundary analysis,human_approved,,
mmt_0438,"Before the audit plan can be finalised, the risk assessment needs a stable input set.",legacy_reviewed,risk_dependency,not_action,deadline_or_sequence|deliverable_object|document_or_record|risk_language|regulatory_language,evidence,source:ai_generated_from_2026_08_10_dita_handoff_action_boundary_analysis,train,AI generated from 2026-08-10 DITA handoff/action-boundary analysis,human_approved,,
mmt_0439,The risk assessment informs the audit plan and sampling approach.,legacy_reviewed,process_overview,not_action,process_sequence|deliverable_object|document_or_record|risk_language|regulatory_language,evidence,source:ai_generated_from_2026_08_10_dita_handoff_action_boundary_analysis,train,AI generated from 2026-08-10 DITA handoff/action-boundary analysis,human_approved,,
mmt_0440,The action log was reviewed at the start of the meeting.,legacy_reviewed,background_context,completed_history,deliverable_object|document_or_record|completed_tense,evidence,source:ai_generated_from_2026_08_10_dita_handoff_action_boundary_analysis,train,AI generated from 2026-08-10 DITA handoff/action-boundary analysis,human_approved,,
mmt_0441,The supplier evidence pack had been uploaded before the call.,legacy_reviewed,background_context,completed_history,deliverable_object|document_or_record|completed_tense|deadline_or_sequence,evidence,source:ai_generated_from_2026_08_10_dita_handoff_action_boundary_analysis,train,AI generated from 2026-08-10 DITA handoff/action-boundary analysis,human_approved,,
mmt_0442,The production barcode is generated from the master data record.,legacy_reviewed,process_overview,not_action,process_sequence|deliverable_object|document_or_record,evidence,source:ai_generated_from_2026_08_10_dita_handoff_action_boundary_analysis,train,AI generated from 2026-08-10 DITA handoff/action-boundary analysis,human_approved,,
mmt_0443,The QMS manual describes how document control is handled.,legacy_reviewed,process_overview,not_action,deliverable_object|document_or_record|process_sequence,evidence,source:ai_generated_from_2026_08_10_dita_handoff_action_boundary_analysis,train,AI generated from 2026-08-10 DITA handoff/action-boundary analysis,human_approved,,
mmt_0444,The annual fee invoice is part of the HPRA registration administration.,legacy_reviewed,regulatory_obligation,not_action,deliverable_object|document_or_record|regulatory_language,evidence,source:ai_generated_from_2026_08_10_dita_handoff_action_boundary_analysis,train,AI generated from 2026-08-10 DITA handoff/action-boundary analysis,human_approved,,
mmt_0445,There was confusion about whether the SRN was linked to the older registration.,legacy_reviewed,risk_dependency,not_action,deliverable_object|document_or_record|regulatory_language|risk_language,evidence,source:ai_generated_from_2026_08_10_dita_handoff_action_boundary_analysis,train,AI generated from 2026-08-10 DITA handoff/action-boundary analysis,human_approved,,
mmt_0446,The team need to understand the importer's role before deciding the audit scope.,legacy_reviewed,risk_dependency,not_action,explicit_commitment_verb|deliverable_object|deadline_or_sequence|regulatory_language|risk_language,evidence,source:ai_generated_from_2026_08_10_dita_handoff_action_boundary_analysis,train,AI generated from 2026-08-10 DITA handoff/action-boundary analysis,human_approved,,
mmt_0447,Can I share my screen for a second?,legacy_reviewed,low_value_noise,not_action,,evidence,source:ai_generated_from_2026_08_10_dita_handoff_action_boundary_analysis,train,AI generated from 2026-08-10 DITA handoff/action-boundary analysis,human_approved,,
mmt_0448,I have a hard stop at half eleven.,legacy_reviewed,low_value_noise,not_action,deadline_or_sequence,evidence,source:ai_generated_from_2026_08_10_dita_handoff_action_boundary_analysis,train,AI generated from 2026-08-10 DITA handoff/action-boundary analysis,human_approved,,
mmt_0449,"Yeah, that makes sense from a compliance perspective.",legacy_reviewed,low_value_noise,not_action,regulatory_language,evidence,source:ai_generated_from_2026_08_10_dita_handoff_action_boundary_analysis,train,AI generated from 2026-08-10 DITA handoff/action-boundary analysis,human_approved,,
mmt_0450,Andrew will send the validation report for packaging validation to Colm before the next review.,legacy_reviewed,document_control_task,confirmed_action,named_owner|explicit_commitment_verb|deliverable_object|deadline_or_sequence|recipient_or_handover|document_or_record,evidence,source:ai_generated_from_2026_08_10_dita_handoff_action_boundary_analysis,train,AI generated from 2026-08-10 DITA handoff/action-boundary analysis,human_approved,,
mmt_0451,The packaging validation discussion covered how the validation report is normally maintained.,legacy_reviewed,process_overview,not_action,deliverable_object|document_or_record|process_sequence,evidence,source:ai_generated_from_2026_08_10_dita_handoff_action_boundary_analysis,train,AI generated from 2026-08-10 DITA handoff/action-boundary analysis,human_approved,,
mmt_0452,It might be useful to check the validation report for packaging validation later.,legacy_reviewed,document_control_task,possible_action,deliverable_object|document_or_record|hypothetical_language|deadline_or_sequence,evidence,source:ai_generated_from_2026_08_10_dita_handoff_action_boundary_analysis,train,AI generated from 2026-08-10 DITA handoff/action-boundary analysis,human_approved,,
mmt_0453,Andrew had already uploaded the validation report for packaging validation before the call.,legacy_reviewed,background_context,completed_history,named_owner|explicit_commitment_verb|deliverable_object|document_or_record|deadline_or_sequence|completed_tense,evidence,source:ai_generated_from_2026_08_10_dita_handoff_action_boundary_analysis,train,AI generated from 2026-08-10 DITA handoff/action-boundary analysis,human_approved,,
mmt_0454,Rebecca will send the process map for warehouse picking to Niamh before the next review.,legacy_reviewed,document_control_task,confirmed_action,named_owner|explicit_commitment_verb|deliverable_object|deadline_or_sequence|recipient_or_handover|document_or_record,evidence,source:ai_generated_from_2026_08_10_dita_handoff_action_boundary_analysis,train,AI generated from 2026-08-10 DITA handoff/action-boundary analysis,human_approved,,
mmt_0455,The warehouse picking discussion covered how the process map is normally maintained.,legacy_reviewed,process_overview,not_action,deliverable_object|document_or_record|process_sequence,evidence,source:ai_generated_from_2026_08_10_dita_handoff_action_boundary_analysis,train,AI generated from 2026-08-10 DITA handoff/action-boundary analysis,human_approved,,
mmt_0456,It might be useful to check the process map for warehouse picking later.,legacy_reviewed,document_control_task,possible_action,deliverable_object|document_or_record|hypothetical_language|deadline_or_sequence,evidence,source:ai_generated_from_2026_08_10_dita_handoff_action_boundary_analysis,train,AI generated from 2026-08-10 DITA handoff/action-boundary analysis,human_approved,,
mmt_0457,Rebecca had already uploaded the process map for warehouse picking before the call.,legacy_reviewed,background_context,completed_history,named_owner|explicit_commitment_verb|deliverable_object|document_or_record|deadline_or_sequence|completed_tense,evidence,source:ai_generated_from_2026_08_10_dita_handoff_action_boundary_analysis,train,AI generated from 2026-08-10 DITA handoff/action-boundary analysis,human_approved,,
mmt_0458,Sarah will send the attestation form for supplier onboarding to Jacqui before the next review.,legacy_reviewed,document_control_task,confirmed_action,named_owner|explicit_commitment_verb|deliverable_object|deadline_or_sequence|recipient_or_handover|document_or_record,evidence,source:ai_generated_from_2026_08_10_dita_handoff_action_boundary_analysis,train,AI generated from 2026-08-10 DITA handoff/action-boundary analysis,human_approved,,
mmt_0459,The supplier onboarding discussion covered how the attestation form is normally maintained.,legacy_reviewed,process_overview,not_action,deliverable_object|document_or_record|process_sequence,evidence,source:ai_generated_from_2026_08_10_dita_handoff_action_boundary_analysis,train,AI generated from 2026-08-10 DITA handoff/action-boundary analysis,human_approved,,
mmt_0460,It might be useful to check the attestation form for supplier onboarding later.,legacy_reviewed,document_control_task,possible_action,deliverable_object|document_or_record|hypothetical_language|deadline_or_sequence,evidence,source:ai_generated_from_2026_08_10_dita_handoff_action_boundary_analysis,train,AI generated from 2026-08-10 DITA handoff/action-boundary analysis,human_approved,,
mmt_0461,Sarah had already uploaded the attestation form for supplier onboarding before the call.,legacy_reviewed,background_context,completed_history,named_owner|explicit_commitment_verb|deliverable_object|document_or_record|deadline_or_sequence|completed_tense,evidence,source:ai_generated_from_2026_08_10_dita_handoff_action_boundary_analysis,train,AI generated from 2026-08-10 DITA handoff/action-boundary analysis,human_approved,,
mmt_0462,David will send the access list for SharePoint permissions to Claire before the next review.,legacy_reviewed,document_control_task,confirmed_action,named_owner|explicit_commitment_verb|deliverable_object|deadline_or_sequence|recipient_or_handover|document_or_record,evidence,source:ai_generated_from_2026_08_10_dita_handoff_action_boundary_analysis,train,AI generated from 2026-08-10 DITA handoff/action-boundary analysis,human_approved,,
mmt_0463,The SharePoint permissions discussion covered how the access list is normally maintained.,legacy_reviewed,process_overview,not_action,deliverable_object|document_or_record|process_sequence,evidence,source:ai_generated_from_2026_08_10_dita_handoff_action_boundary_analysis,train,AI generated from 2026-08-10 DITA handoff/action-boundary analysis,human_approved,,
mmt_0464,It might be useful to check the access list for SharePoint permissions later.,legacy_reviewed,document_control_task,possible_action,deliverable_object|document_or_record|hypothetical_language|deadline_or_sequence,evidence,source:ai_generated_from_2026_08_10_dita_handoff_action_boundary_analysis,train,AI generated from 2026-08-10 DITA handoff/action-boundary analysis,human_approved,,
mmt_0465,David had already uploaded the access list for SharePoint permissions before the call.,legacy_reviewed,background_context,completed_history,named_owner|explicit_commitment_verb|deliverable_object|document_or_record|deadline_or_sequence|completed_tense,evidence,source:ai_generated_from_2026_08_10_dita_handoff_action_boundary_analysis,train,AI generated from 2026-08-10 DITA handoff/action-boundary analysis,human_approved,,
mmt_0466,John-Paul will send the change request for change control to Stuart before the next review.,legacy_reviewed,document_control_task,confirmed_action,named_owner|explicit_commitment_verb|deliverable_object|deadline_or_sequence|recipient_or_handover|document_or_record,evidence,source:ai_generated_from_2026_08_10_dita_handoff_action_boundary_analysis,train,AI generated from 2026-08-10 DITA handoff/action-boundary analysis,human_approved,,
mmt_0467,The change control discussion covered how the change request is normally maintained.,legacy_reviewed,process_overview,not_action,deliverable_object|document_or_record|process_sequence,evidence,source:ai_generated_from_2026_08_10_dita_handoff_action_boundary_analysis,train,AI generated from 2026-08-10 DITA handoff/action-boundary analysis,human_approved,,
mmt_0468,It might be useful to check the change request for change control later.,legacy_reviewed,document_control_task,possible_action,deliverable_object|document_or_record|hypothetical_language|deadline_or_sequence,evidence,source:ai_generated_from_2026_08_10_dita_handoff_action_boundary_analysis,train,AI generated from 2026-08-10 DITA handoff/action-boundary analysis,human_approved,,
mmt_0469,John-Paul had already uploaded the change request for change control before the call.,legacy_reviewed,background_context,completed_history,named_owner|explicit_commitment_verb|deliverable_object|document_or_record|deadline_or_sequence|completed_tense,evidence,source:ai_generated_from_2026_08_10_dita_handoff_action_boundary_analysis,train,AI generated from 2026-08-10 DITA handoff/action-boundary analysis,human_approved,,
mmt_0470,Niamh will send the attendance log for training records to Rebecca before the next review.,legacy_reviewed,document_control_task,confirmed_action,named_owner|explicit_commitment_verb|deliverable_object|deadline_or_sequence|recipient_or_handover|document_or_record,evidence,source:ai_generated_from_2026_08_10_dita_handoff_action_boundary_analysis,train,AI generated from 2026-08-10 DITA handoff/action-boundary analysis,human_approved,,
mmt_0471,The training records discussion covered how the attendance log is normally maintained.,legacy_reviewed,process_overview,not_action,deliverable_object|document_or_record|process_sequence,evidence,source:ai_generated_from_2026_08_10_dita_handoff_action_boundary_analysis,train,AI generated from 2026-08-10 DITA handoff/action-boundary analysis,human_approved,,
mmt_0472,It might be useful to check the attendance log for training records later.,legacy_reviewed,document_control_task,possible_action,deliverable_object|document_or_record|hypothetical_language|deadline_or_sequence,evidence,source:ai_generated_from_2026_08_10_dita_handoff_action_boundary_analysis,train,AI generated from 2026-08-10 DITA handoff/action-boundary analysis,human_approved,,
mmt_0473,Niamh had already uploaded the attendance log for training records before the call.,legacy_reviewed,background_context,completed_history,named_owner|explicit_commitment_verb|deliverable_object|document_or_record|deadline_or_sequence|completed_tense,evidence,source:ai_generated_from_2026_08_10_dita_handoff_action_boundary_analysis,train,AI generated from 2026-08-10 DITA handoff/action-boundary analysis,human_approved,,
mmt_0474,Jacqui will send the certificate tracker for calibration to Colm before the next review.,legacy_reviewed,document_control_task,confirmed_action,named_owner|explicit_commitment_verb|deliverable_object|deadline_or_sequence|recipient_or_handover|document_or_record,evidence,source:ai_generated_from_2026_08_10_dita_handoff_action_boundary_analysis,train,AI generated from 2026-08-10 DITA handoff/action-boundary analysis,human_approved,,
mmt_0475,The calibration discussion covered how the certificate tracker is normally maintained.,legacy_reviewed,process_overview,not_action,deliverable_object|document_or_record|process_sequence,evidence,source:ai_generated_from_2026_08_10_dita_handoff_action_boundary_analysis,train,AI generated from 2026-08-10 DITA handoff/action-boundary analysis,human_approved,,
mmt_0476,It might be useful to check the certificate tracker for calibration later.,legacy_reviewed,document_control_task,possible_action,deliverable_object|document_or_record|hypothetical_language|deadline_or_sequence,evidence,source:ai_generated_from_2026_08_10_dita_handoff_action_boundary_analysis,train,AI generated from 2026-08-10 DITA handoff/action-boundary analysis,human_approved,,
mmt_0477,Jacqui had already uploaded the certificate tracker for calibration before the call.,legacy_reviewed,background_context,completed_history,named_owner|explicit_commitment_verb|deliverable_object|document_or_record|deadline_or_sequence|completed_tense,evidence,source:ai_generated_from_2026_08_10_dita_handoff_action_boundary_analysis,train,AI generated from 2026-08-10 DITA handoff/action-boundary analysis,human_approved,,
mmt_0478,Stuart will send the evidence index for audit readiness to Niamh before the next review.,legacy_reviewed,document_control_task,confirmed_action,named_owner|explicit_commitment_verb|deliverable_object|deadline_or_sequence|recipient_or_handover|document_or_record,evidence,source:ai_generated_from_2026_08_10_dita_handoff_action_boundary_analysis,train,AI generated from 2026-08-10 DITA handoff/action-boundary analysis,human_approved,,
mmt_0479,The audit readiness discussion covered how the evidence index is normally maintained.,legacy_reviewed,process_overview,not_action,deliverable_object|document_or_record|process_sequence,evidence,source:ai_generated_from_2026_08_10_dita_handoff_action_boundary_analysis,train,AI generated from 2026-08-10 DITA handoff/action-boundary analysis,human_approved,,
mmt_0480,It might be useful to check the evidence index for audit readiness later.,legacy_reviewed,document_control_task,possible_action,deliverable_object|document_or_record|hypothetical_language|deadline_or_sequence,evidence,source:ai_generated_from_2026_08_10_dita_handoff_action_boundary_analysis,train,AI generated from 2026-08-10 DITA handoff/action-boundary analysis,human_approved,,
mmt_0481,Stuart had already uploaded the evidence index for audit readiness before the call.,legacy_reviewed,background_context,completed_history,named_owner|explicit_commitment_verb|deliverable_object|document_or_record|deadline_or_sequence|completed_tense,evidence,source:ai_generated_from_2026_08_10_dita_handoff_action_boundary_analysis,train,AI generated from 2026-08-10 DITA handoff/action-boundary analysis,human_approved,,
mmt_0482,Orla to review the QMS Manual shared by the Trinzo team.,legacy_reviewed,document_control_task,confirmed_action,named_owner|explicit_commitment_verb|deliverable_object|document_or_record|regulatory_language|recipient_or_handover,evidence,source:ai_generated_from_2026_08_10_ownership_framing_weak_spot_analysis,train,AI generated from 2026-08-10 ownership/framing weak-spot analysis,human_approved,,
mmt_0483,Orla will review the QMS Manual that Jacqui is sending through after the call.,legacy_reviewed,document_control_task,confirmed_action,named_owner|explicit_commitment_verb|deliverable_object|document_or_record|regulatory_language|recipient_or_handover|deadline_or_sequence,evidence,source:ai_generated_from_2026_08_10_ownership_framing_weak_spot_analysis,train,AI generated from 2026-08-10 ownership/framing weak-spot analysis,human_approved,,
mmt_0484,Action: Orla to review the quality manual from Mark and raise any questions.,legacy_reviewed,document_control_task,confirmed_action,named_owner|explicit_commitment_verb|deliverable_object|document_or_record|regulatory_language,evidence,source:ai_generated_from_2026_08_10_ownership_framing_weak_spot_analysis,train,AI generated from 2026-08-10 ownership/framing weak-spot analysis,human_approved,,
mmt_0485,Orla to review the QMS manual before the next client connect.,legacy_reviewed,document_control_task,confirmed_action,named_owner|explicit_commitment_verb|deliverable_object|document_or_record|regulatory_language|deadline_or_sequence,evidence,source:ai_generated_from_2026_08_10_ownership_framing_weak_spot_analysis,train,AI generated from 2026-08-10 ownership/framing weak-spot analysis,human_approved,,
mmt_0486,Orla will read the QMS manual and come back with questions for Jacqui.,legacy_reviewed,document_control_task,confirmed_action,named_owner|explicit_commitment_verb|deliverable_object|document_or_record|regulatory_language,evidence,source:ai_generated_from_2026_08_10_ownership_framing_weak_spot_analysis,train,AI generated from 2026-08-10 ownership/framing weak-spot analysis,human_approved,,
mmt_0487,Orla to review that document as well before next week.,legacy_reviewed,document_control_task,confirmed_action,named_owner|explicit_commitment_verb|deliverable_object|document_or_record|regulatory_language|deadline_or_sequence,evidence,source:ai_generated_from_2026_08_10_ownership_framing_weak_spot_analysis,train,AI generated from 2026-08-10 ownership/framing weak-spot analysis,human_approved,,
mmt_0488,Orla to share a copy of the new label with Jenny for review.,legacy_reviewed,document_control_task,confirmed_action,named_owner|explicit_commitment_verb|deliverable_object|document_or_record|regulatory_language|recipient_or_handover,evidence,source:ai_generated_from_2026_08_10_ownership_framing_weak_spot_analysis,train,AI generated from 2026-08-10 ownership/framing weak-spot analysis,human_approved,,
mmt_0489,Orla will send Jenny the updated outer-box label so Jenny can review importer requirements.,legacy_reviewed,document_control_task,confirmed_action,named_owner|explicit_commitment_verb|deliverable_object|document_or_record|regulatory_language|recipient_or_handover,evidence,source:ai_generated_from_2026_08_10_ownership_framing_weak_spot_analysis,train,AI generated from 2026-08-10 ownership/framing weak-spot analysis,human_approved,,
mmt_0490,Action: Orla to send the current label artwork to Jenny for review.,legacy_reviewed,document_control_task,confirmed_action,named_owner|explicit_commitment_verb|deliverable_object|document_or_record|regulatory_language|recipient_or_handover,evidence,source:ai_generated_from_2026_08_10_ownership_framing_weak_spot_analysis,train,AI generated from 2026-08-10 ownership/framing weak-spot analysis,human_approved,,
mmt_0491,"Orla to share the label design with Jenny, who will review it from an importer point of view.",legacy_reviewed,document_control_task,confirmed_action,named_owner|explicit_commitment_verb|deliverable_object|document_or_record|regulatory_language|recipient_or_handover,evidence,source:ai_generated_from_2026_08_10_ownership_framing_weak_spot_analysis,train,AI generated from 2026-08-10 ownership/framing weak-spot analysis,human_approved,,
mmt_0492,Orla will provide Jenny with the product box label for regulatory review.,legacy_reviewed,document_control_task,confirmed_action,named_owner|explicit_commitment_verb|deliverable_object|document_or_record|regulatory_language|recipient_or_handover,evidence,source:ai_generated_from_2026_08_10_ownership_framing_weak_spot_analysis,train,AI generated from 2026-08-10 ownership/framing weak-spot analysis,human_approved,,
mmt_0493,Orla to circulate the label snapshot to Jenny and John-Paul for review.,legacy_reviewed,document_control_task,confirmed_action,named_owner|explicit_commitment_verb|deliverable_object|document_or_record|regulatory_language|recipient_or_handover,evidence,source:ai_generated_from_2026_08_10_ownership_framing_weak_spot_analysis,train,AI generated from 2026-08-10 ownership/framing weak-spot analysis,human_approved,,
mmt_0494,Orla to share a list of all languages for the DoCs.,legacy_reviewed,document_control_task,confirmed_action,named_owner|explicit_commitment_verb|deliverable_object|document_or_record|regulatory_language|recipient_or_handover,evidence,source:ai_generated_from_2026_08_10_ownership_framing_weak_spot_analysis,train,AI generated from 2026-08-10 ownership/framing weak-spot analysis,human_approved,,
mmt_0495,Orla will send the country and language list for the Declarations of Conformity.,legacy_reviewed,document_control_task,confirmed_action,named_owner|explicit_commitment_verb|deliverable_object|document_or_record|regulatory_language|recipient_or_handover,evidence,source:ai_generated_from_2026_08_10_ownership_framing_weak_spot_analysis,train,AI generated from 2026-08-10 ownership/framing weak-spot analysis,human_approved,,
mmt_0496,Action: Orla to confirm the countries shipped to and share the language list for DoCs.,legacy_reviewed,document_control_task,confirmed_action,named_owner|explicit_commitment_verb|deliverable_object|document_or_record|regulatory_language|recipient_or_handover,evidence,source:ai_generated_from_2026_08_10_ownership_framing_weak_spot_analysis,train,AI generated from 2026-08-10 ownership/framing weak-spot analysis,human_approved,,
mmt_0497,Orla to check with Cody and provide the final country list for DoC language requirements.,legacy_reviewed,document_control_task,confirmed_action,named_owner|explicit_commitment_verb|deliverable_object|document_or_record|regulatory_language|recipient_or_handover,evidence,source:ai_generated_from_2026_08_10_ownership_framing_weak_spot_analysis,train,AI generated from 2026-08-10 ownership/framing weak-spot analysis,human_approved,,
mmt_0498,John-Paul to review the DoCs for sunglasses for MDR and PPE compliance.,legacy_reviewed,document_control_task,confirmed_action,named_owner|explicit_commitment_verb|deliverable_object|document_or_record|regulatory_language,evidence,source:ai_generated_from_2026_08_10_ownership_framing_weak_spot_analysis,train,AI generated from 2026-08-10 ownership/framing weak-spot analysis,human_approved,,
mmt_0499,John-Paul will review the declarations of conformity against MDR and PPE requirements.,legacy_reviewed,document_control_task,confirmed_action,named_owner|explicit_commitment_verb|deliverable_object|document_or_record|regulatory_language,evidence,source:ai_generated_from_2026_08_10_ownership_framing_weak_spot_analysis,train,AI generated from 2026-08-10 ownership/framing weak-spot analysis,human_approved,,
mmt_0500,Action: John-Paul to check the sunglasses DoC for MDR and PPE compliance.,legacy_reviewed,document_control_task,confirmed_action,named_owner|explicit_commitment_verb|deliverable_object|document_or_record|regulatory_language,evidence,source:ai_generated_from_2026_08_10_ownership_framing_weak_spot_analysis,train,AI generated from 2026-08-10 ownership/framing weak-spot analysis,human_approved,,
mmt_0501,John-Paul to update any DoC risk rationale gaps after reviewing MDR and PPE compliance.,legacy_reviewed,document_control_task,confirmed_action,named_owner|explicit_commitment_verb|deliverable_object|document_or_record|regulatory_language|deadline_or_sequence,evidence,source:ai_generated_from_2026_08_10_ownership_framing_weak_spot_analysis,train,AI generated from 2026-08-10 ownership/framing weak-spot analysis,human_approved,,
mmt_0502,Jacqui to review the HPRA invoice fee before Dita pays it.,legacy_reviewed,document_control_task,confirmed_action,named_owner|explicit_commitment_verb|deliverable_object|document_or_record|regulatory_language|deadline_or_sequence,evidence,source:ai_generated_from_2026_08_10_ownership_framing_weak_spot_analysis,train,AI generated from 2026-08-10 ownership/framing weak-spot analysis,human_approved,,
mmt_0503,Jacqui will review the HPRA invoice and fee with Colm before payment.,legacy_reviewed,document_control_task,confirmed_action,named_owner|explicit_commitment_verb|deliverable_object|document_or_record|regulatory_language|deadline_or_sequence,evidence,source:ai_generated_from_2026_08_10_ownership_framing_weak_spot_analysis,train,AI generated from 2026-08-10 ownership/framing weak-spot analysis,human_approved,,
mmt_0504,Action: Jacqui to check the HPRA annual fee invoice and advise Orla.,legacy_reviewed,document_control_task,confirmed_action,named_owner|explicit_commitment_verb|deliverable_object|document_or_record|regulatory_language,evidence,source:ai_generated_from_2026_08_10_ownership_framing_weak_spot_analysis,train,AI generated from 2026-08-10 ownership/framing weak-spot analysis,human_approved,,
mmt_0505,Jacqui and Colm to review the HPRA invoice fee and confirm whether it is correct.,legacy_reviewed,document_control_task,confirmed_action,named_owner|explicit_commitment_verb|deliverable_object|document_or_record|regulatory_language,evidence,source:ai_generated_from_2026_08_10_ownership_framing_weak_spot_analysis,train,AI generated from 2026-08-10 ownership/framing weak-spot analysis,human_approved,,
mmt_0506,Jacqui to have a look at the HPRA bill and talk to Liam for direction.,legacy_reviewed,document_control_task,confirmed_action,named_owner|explicit_commitment_verb|deliverable_object|document_or_record|regulatory_language,evidence,source:ai_generated_from_2026_08_10_ownership_framing_weak_spot_analysis,train,AI generated from 2026-08-10 ownership/framing weak-spot analysis,human_approved,,
mmt_0507,Jacqui to review the HPRA invoice and SRN email for reference.,legacy_reviewed,document_control_task,confirmed_action,named_owner|explicit_commitment_verb|deliverable_object|document_or_record|regulatory_language,evidence,source:ai_generated_from_2026_08_10_ownership_framing_weak_spot_analysis,train,AI generated from 2026-08-10 ownership/framing weak-spot analysis,human_approved,,
mmt_0508,Orla to follow up with Cody for a copy of the MedEnvoy project plan for manufacturer EO.,legacy_reviewed,document_control_task,confirmed_action,named_owner|explicit_commitment_verb|deliverable_object|document_or_record|regulatory_language|recipient_or_handover,evidence,source:ai_generated_from_2026_08_10_ownership_framing_weak_spot_analysis,train,AI generated from 2026-08-10 ownership/framing weak-spot analysis,human_approved,,
mmt_0509,Orla will ask Cody for the MedEnvoy task list so Trinzo can avoid duplication.,legacy_reviewed,document_control_task,confirmed_action,named_owner|explicit_commitment_verb|deliverable_object|document_or_record|regulatory_language|recipient_or_handover,evidence,source:ai_generated_from_2026_08_10_ownership_framing_weak_spot_analysis,train,AI generated from 2026-08-10 ownership/framing weak-spot analysis,human_approved,,
mmt_0510,Action: Orla to mention the MedEnvoy project plan request to Cody on her call.,legacy_reviewed,document_control_task,confirmed_action,named_owner|explicit_commitment_verb|deliverable_object|document_or_record|regulatory_language|recipient_or_handover,evidence,source:ai_generated_from_2026_08_10_ownership_framing_weak_spot_analysis,train,AI generated from 2026-08-10 ownership/framing weak-spot analysis,human_approved,,
mmt_0511,Orla to get the MedEnvoy project plan or task list from Cody.,legacy_reviewed,document_control_task,confirmed_action,named_owner|explicit_commitment_verb|deliverable_object|document_or_record|regulatory_language|recipient_or_handover,evidence,source:ai_generated_from_2026_08_10_ownership_framing_weak_spot_analysis,train,AI generated from 2026-08-10 ownership/framing weak-spot analysis,human_approved,,
mmt_0512,Jacqui will flick this over to Orla.,legacy_reviewed,document_control_task,possible_action,named_owner|explicit_commitment_verb|deliverable_object|document_or_record|regulatory_language|recipient_or_handover,evidence,source:ai_generated_from_2026_08_10_ownership_framing_weak_spot_analysis,train,AI generated from 2026-08-10 ownership/framing weak-spot analysis,human_approved,,
mmt_0513,I will flick this over to Orla.,legacy_reviewed,document_control_task,possible_action,named_owner|explicit_commitment_verb|deliverable_object|document_or_record|regulatory_language|recipient_or_handover,evidence,source:ai_generated_from_2026_08_10_ownership_framing_weak_spot_analysis,train,AI generated from 2026-08-10 ownership/framing weak-spot analysis,human_approved,,
mmt_0514,Jenny said she could have a look at the label if wanted.,legacy_reviewed,document_control_task,possible_action,named_owner|explicit_commitment_verb|deliverable_object|document_or_record|regulatory_language|hypothetical_language,evidence,source:ai_generated_from_2026_08_10_ownership_framing_weak_spot_analysis,train,AI generated from 2026-08-10 ownership/framing weak-spot analysis,human_approved,,
mmt_0515,Jenny could review the label from an importer point of view.,legacy_reviewed,document_control_task,possible_action,named_owner|explicit_commitment_verb|deliverable_object|document_or_record|regulatory_language|hypothetical_language,evidence,source:ai_generated_from_2026_08_10_ownership_framing_weak_spot_analysis,train,AI generated from 2026-08-10 ownership/framing weak-spot analysis,human_approved,,
mmt_0516,The label discussion covered barcode format and production information.,legacy_reviewed,discussion_topic,not_action,named_owner|explicit_commitment_verb|deliverable_object|document_or_record|regulatory_language,evidence,source:ai_generated_from_2026_08_10_ownership_framing_weak_spot_analysis,train,AI generated from 2026-08-10 ownership/framing weak-spot analysis,human_approved,,
mmt_0517,The US team is managing the barcode design and label format.,legacy_reviewed,document_control_task,not_action,named_owner|explicit_commitment_verb|deliverable_object|document_or_record|regulatory_language,evidence,source:ai_generated_from_2026_08_10_ownership_framing_weak_spot_analysis,train,AI generated from 2026-08-10 ownership/framing weak-spot analysis,human_approved,,
mmt_0518,Orla said the label update is already in motion.,legacy_reviewed,background_context,completed_history,named_owner|explicit_commitment_verb|deliverable_object|document_or_record|regulatory_language|completed_tense,evidence,source:ai_generated_from_2026_08_10_ownership_framing_weak_spot_analysis,train,AI generated from 2026-08-10 ownership/framing weak-spot analysis,human_approved,,
mmt_0519,The QMS manual was shared by Mark on Friday.,legacy_reviewed,background_context,completed_history,named_owner|explicit_commitment_verb|deliverable_object|document_or_record|regulatory_language|completed_tense,evidence,source:ai_generated_from_2026_08_10_ownership_framing_weak_spot_analysis,train,AI generated from 2026-08-10 ownership/framing weak-spot analysis,human_approved,,
mmt_0520,Mark showed the QMS manual on screen.,legacy_reviewed,background_context,completed_history,named_owner|explicit_commitment_verb|deliverable_object|document_or_record|regulatory_language|completed_tense,evidence,source:ai_generated_from_2026_08_10_ownership_framing_weak_spot_analysis,train,AI generated from 2026-08-10 ownership/framing weak-spot analysis,human_approved,,
mmt_0521,The QMS manual acts as the building block for the importer process.,legacy_reviewed,discussion_topic,not_action,named_owner|explicit_commitment_verb|deliverable_object|document_or_record|regulatory_language,evidence,source:ai_generated_from_2026_08_10_ownership_framing_weak_spot_analysis,train,AI generated from 2026-08-10 ownership/framing weak-spot analysis,human_approved,,
mmt_0522,"Orla said Cody is working with MedEnvoy, not her.",legacy_reviewed,document_control_task,not_action,named_owner|explicit_commitment_verb|deliverable_object|document_or_record|regulatory_language,evidence,source:ai_generated_from_2026_08_10_ownership_framing_weak_spot_analysis,train,AI generated from 2026-08-10 ownership/framing weak-spot analysis,human_approved,,
mmt_0523,Jacqui had already asked Cody for the MedEnvoy project plan last week.,legacy_reviewed,background_context,completed_history,named_owner|explicit_commitment_verb|deliverable_object|document_or_record|regulatory_language|completed_tense|recipient_or_handover,evidence,source:ai_generated_from_2026_08_10_ownership_framing_weak_spot_analysis,train,AI generated from 2026-08-10 ownership/framing weak-spot analysis,human_approved,,
mmt_0524,Cody might have already contracted MedEnvoy to upload the data.,legacy_reviewed,document_control_task,not_action,named_owner|explicit_commitment_verb|deliverable_object|document_or_record|regulatory_language|hypothetical_language,evidence,source:ai_generated_from_2026_08_10_ownership_framing_weak_spot_analysis,train,AI generated from 2026-08-10 ownership/framing weak-spot analysis,human_approved,,
mmt_0525,It would help to have the MedEnvoy task list.,legacy_reviewed,document_control_task,possible_action,named_owner|explicit_commitment_verb|deliverable_object|document_or_record|regulatory_language|hypothetical_language,evidence,source:ai_generated_from_2026_08_10_ownership_framing_weak_spot_analysis,train,AI generated from 2026-08-10 ownership/framing weak-spot analysis,human_approved,,
mmt_0526,The DoC language discussion covered whether English-only declarations are sufficient.,legacy_reviewed,discussion_topic,not_action,named_owner|explicit_commitment_verb|deliverable_object|document_or_record|regulatory_language,evidence,source:ai_generated_from_2026_08_10_ownership_framing_weak_spot_analysis,train,AI generated from 2026-08-10 ownership/framing weak-spot analysis,human_approved,,
mmt_0527,John-Paul explained that English is often accepted for DoCs.,legacy_reviewed,discussion_topic,not_action,named_owner|explicit_commitment_verb|deliverable_object|document_or_record|regulatory_language,evidence,source:ai_generated_from_2026_08_10_ownership_framing_weak_spot_analysis,train,AI generated from 2026-08-10 ownership/framing weak-spot analysis,human_approved,,
mmt_0528,The declarations may need risk rationale for PPE category one.,legacy_reviewed,document_control_task,possible_action,named_owner|explicit_commitment_verb|deliverable_object|document_or_record|regulatory_language|hypothetical_language|risk_language,evidence,source:ai_generated_from_2026_08_10_ownership_framing_weak_spot_analysis,train,AI generated from 2026-08-10 ownership/framing weak-spot analysis,human_approved,,
mmt_0529,Colby is also working on registering sunglasses and updating declarations.,legacy_reviewed,document_control_task,not_action,named_owner|explicit_commitment_verb|deliverable_object|document_or_record|regulatory_language,evidence,source:ai_generated_from_2026_08_10_ownership_framing_weak_spot_analysis,train,AI generated from 2026-08-10 ownership/framing weak-spot analysis,human_approved,,
mmt_0530,The HPRA have sent Orla a bill for authorised representative annual fees.,legacy_reviewed,document_control_task,not_action,named_owner|explicit_commitment_verb|deliverable_object|document_or_record|regulatory_language,evidence,source:ai_generated_from_2026_08_10_ownership_framing_weak_spot_analysis,train,AI generated from 2026-08-10 ownership/framing weak-spot analysis,human_approved,,
mmt_0531,Orla can send a copy of the HPRA bill.,legacy_reviewed,document_control_task,possible_action,named_owner|explicit_commitment_verb|deliverable_object|document_or_record|regulatory_language|recipient_or_handover,evidence,source:ai_generated_from_2026_08_10_ownership_framing_weak_spot_analysis,train,AI generated from 2026-08-10 ownership/framing weak-spot analysis,human_approved,,
mmt_0532,Orla can send the SRN confirmation email as well.,legacy_reviewed,document_control_task,possible_action,named_owner|explicit_commitment_verb|deliverable_object|document_or_record|regulatory_language|recipient_or_handover,evidence,source:ai_generated_from_2026_08_10_ownership_framing_weak_spot_analysis,train,AI generated from 2026-08-10 ownership/framing weak-spot analysis,human_approved,,
mmt_0533,The invoice and the email were mentioned for reference.,legacy_reviewed,document_control_task,not_action,named_owner|explicit_commitment_verb|deliverable_object|document_or_record|regulatory_language,evidence,source:ai_generated_from_2026_08_10_ownership_framing_weak_spot_analysis,train,AI generated from 2026-08-10 ownership/framing weak-spot analysis,human_approved,,
mmt_0534,Colm said it looked like another form of tax.,legacy_reviewed,low_value_noise,not_action,,evidence,source:ai_generated_from_2026_08_10_ownership_framing_weak_spot_analysis,train,AI generated from 2026-08-10 ownership/framing weak-spot analysis,human_approved,,
mmt_0535,Jacqui said they could talk to Liam for direction.,legacy_reviewed,document_control_task,possible_action,named_owner|explicit_commitment_verb|deliverable_object|document_or_record|regulatory_language|hypothetical_language,evidence,source:ai_generated_from_2026_08_10_ownership_framing_weak_spot_analysis,train,AI generated from 2026-08-10 ownership/framing weak-spot analysis,human_approved,,
mmt_0536,Sarah to share the updated supplier label with Andrew for review.,legacy_reviewed,document_control_task,confirmed_action,named_owner|explicit_commitment_verb|deliverable_object|document_or_record|regulatory_language|recipient_or_handover,evidence,source:ai_generated_from_2026_08_10_ownership_framing_weak_spot_analysis,train,AI generated from 2026-08-10 ownership/framing weak-spot analysis,human_approved,,
mmt_0537,Andrew said he could review the supplier label if Sarah sends it through.,legacy_reviewed,document_control_task,possible_action,named_owner|explicit_commitment_verb|deliverable_object|document_or_record|regulatory_language|hypothetical_language,evidence,source:ai_generated_from_2026_08_10_ownership_framing_weak_spot_analysis,train,AI generated from 2026-08-10 ownership/framing weak-spot analysis,human_approved,,
mmt_0538,Rebecca to review the audit invoice before the client pays it.,legacy_reviewed,document_control_task,confirmed_action,named_owner|explicit_commitment_verb|deliverable_object|document_or_record|regulatory_language|deadline_or_sequence,evidence,source:ai_generated_from_2026_08_10_ownership_framing_weak_spot_analysis,train,AI generated from 2026-08-10 ownership/framing weak-spot analysis,human_approved,,
mmt_0539,Niamh can send the audit invoice to Rebecca.,legacy_reviewed,document_control_task,possible_action,named_owner|explicit_commitment_verb|deliverable_object|document_or_record|regulatory_language|recipient_or_handover,evidence,source:ai_generated_from_2026_08_10_ownership_framing_weak_spot_analysis,train,AI generated from 2026-08-10 ownership/framing weak-spot analysis,human_approved,,
mmt_0540,David to review the compliance declaration against UKCA and MDR requirements.,legacy_reviewed,document_control_task,confirmed_action,named_owner|explicit_commitment_verb|deliverable_object|document_or_record|regulatory_language,evidence,source:ai_generated_from_2026_08_10_ownership_framing_weak_spot_analysis,train,AI generated from 2026-08-10 ownership/framing weak-spot analysis,human_approved,,
mmt_0541,The declaration requirements were discussed for UKCA and MDR.,legacy_reviewed,discussion_topic,not_action,named_owner|explicit_commitment_verb|deliverable_object|document_or_record|regulatory_language,evidence,source:ai_generated_from_2026_08_10_ownership_framing_weak_spot_analysis,train,AI generated from 2026-08-10 ownership/framing weak-spot analysis,human_approved,,
mmt_0542,Claire to send the draft policy to Niamh for review.,legacy_reviewed,document_control_task,confirmed_action,named_owner|explicit_commitment_verb|deliverable_object|document_or_record|regulatory_language|recipient_or_handover,evidence,source:ai_generated_from_2026_08_10_ownership_framing_weak_spot_analysis,train,AI generated from 2026-08-10 ownership/framing weak-spot analysis,human_approved,,
mmt_0543,Niamh could have a look at the draft policy if Claire shares it.,legacy_reviewed,document_control_task,possible_action,named_owner|explicit_commitment_verb|deliverable_object|document_or_record|regulatory_language|hypothetical_language,evidence,source:ai_generated_from_2026_08_10_ownership_framing_weak_spot_analysis,train,AI generated from 2026-08-10 ownership/framing weak-spot analysis,human_approved,,
mmt_0544,Stuart to ask Karen for the audit plan and task list.,legacy_reviewed,document_control_task,confirmed_action,named_owner|explicit_commitment_verb|deliverable_object|document_or_record|regulatory_language|recipient_or_handover,evidence,source:ai_generated_from_2026_08_10_ownership_framing_weak_spot_analysis,train,AI generated from 2026-08-10 ownership/framing weak-spot analysis,human_approved,,
mmt_0545,Karen may already have an audit plan.,legacy_reviewed,discussion_topic,not_action,named_owner|explicit_commitment_verb|deliverable_object|document_or_record|regulatory_language|hypothetical_language,evidence,source:ai_generated_from_2026_08_10_ownership_framing_weak_spot_analysis,train,AI generated from 2026-08-10 ownership/framing weak-spot analysis,human_approved,,
mmt_0546,Jacqui to review the site-access form before it is submitted.,legacy_reviewed,document_control_task,confirmed_action,named_owner|explicit_commitment_verb|deliverable_object|document_or_record|regulatory_language|deadline_or_sequence,evidence,source:ai_generated_from_2026_08_10_ownership_framing_weak_spot_analysis,train,AI generated from 2026-08-10 ownership/framing weak-spot analysis,human_approved,,
mmt_0547,Stuart has already submitted the site-access form.,legacy_reviewed,background_context,completed_history,named_owner|explicit_commitment_verb|deliverable_object|document_or_record|regulatory_language|completed_tense,evidence,source:ai_generated_from_2026_08_10_ownership_framing_weak_spot_analysis,train,AI generated from 2026-08-10 ownership/framing weak-spot analysis,human_approved,,
targeted_ev_001_1,Maya Chen: I will send the revised accessibility audit to Leon Friday afternoon.,legacy_reviewed,document_control_task,confirmed_action,,evidence,targeted_context_001,train,targeted_generalisation_20260812,human_approved,,
targeted_ev_001_2,"Maya Chen: We could send the revised accessibility audit to Leon Friday afternoon if capacity allows, but nothing has been agreed.",legacy_reviewed,discussion_topic,possible_action,,evidence,targeted_context_001,train,targeted_generalisation_20260812,human_approved,,
targeted_ev_001_3,The work for Maya Chen to send the revised accessibility audit to Leon was completed yesterday; nothing remains outstanding.,legacy_reviewed,background_context,completed_history,,evidence,targeted_context_001,train,targeted_generalisation_20260812,human_approved,,
targeted_ev_001_4,Maya Chen: The website accessibility discussion covered whether someone should send the revised accessibility audit to Leon. The chair closed it with no action today.,legacy_reviewed,discussion_topic,not_action,,evidence,targeted_context_001,train,targeted_generalisation_20260812,human_approved,,
targeted_ev_002_1,Elliot Byrne: I will confirm loading-bay access with the venue before noon tomorrow.,legacy_reviewed,action_commitment,confirmed_action,,evidence,targeted_context_002,train,targeted_generalisation_20260812,human_approved,,
targeted_ev_002_2,"Elliot Byrne: We could confirm loading-bay access with the venue before noon tomorrow if capacity allows, but nothing has been agreed.",legacy_reviewed,discussion_topic,possible_action,,evidence,targeted_context_002,train,targeted_generalisation_20260812,human_approved,,
targeted_ev_002_3,The work for Elliot Byrne to confirm loading-bay access with the venue was completed yesterday; nothing remains outstanding.,legacy_reviewed,background_context,completed_history,,evidence,targeted_context_002,train,targeted_generalisation_20260812,human_approved,,
targeted_ev_002_4,Elliot Byrne: The event access discussion covered whether someone should confirm loading-bay access with the venue. The chair closed it with no action today.,legacy_reviewed,discussion_topic,not_action,,evidence,targeted_context_002,train,targeted_generalisation_20260812,human_approved,,
targeted_ev_003_1,Farah Malik: I will update the supplier qualification record within two working days of approval.,legacy_reviewed,document_control_task,confirmed_action,,evidence,targeted_context_003,train,targeted_generalisation_20260812,human_approved,,
targeted_ev_003_2,"Farah Malik: We could update the supplier qualification record within two working days of approval if capacity allows, but nothing has been agreed.",legacy_reviewed,discussion_topic,possible_action,,evidence,targeted_context_003,train,targeted_generalisation_20260812,human_approved,,
targeted_ev_003_3,The work for Farah Malik to update the supplier qualification record was completed yesterday; nothing remains outstanding.,legacy_reviewed,background_context,completed_history,,evidence,targeted_context_003,train,targeted_generalisation_20260812,human_approved,,
targeted_ev_003_4,Farah Malik: The supplier qualification discussion covered whether someone should update the supplier qualification record. The chair closed it with no action today.,legacy_reviewed,discussion_topic,not_action,,evidence,targeted_context_003,train,targeted_generalisation_20260812,human_approved,,
targeted_ev_004_1,Jonas Reed: I will publish the service-status notice 09:15 on Tuesday.,legacy_reviewed,action_commitment,confirmed_action,,evidence,targeted_context_004,train,targeted_generalisation_20260812,human_approved,,
targeted_ev_004_2,"Jonas Reed: We could publish the service-status notice 09:15 on Tuesday if capacity allows, but nothing has been agreed.",legacy_reviewed,discussion_topic,possible_action,,evidence,targeted_context_004,train,targeted_generalisation_20260812,human_approved,,
targeted_ev_004_3,The work for Jonas Reed to publish the service-status notice was completed yesterday; nothing remains outstanding.,legacy_reviewed,background_context,completed_history,,evidence,targeted_context_004,train,targeted_generalisation_20260812,human_approved,,
targeted_ev_004_4,Jonas Reed: The software release discussion covered whether someone should publish the service-status notice. The chair closed it with no action today.,legacy_reviewed,discussion_topic,not_action,,evidence,targeted_context_004,train,targeted_generalisation_20260812,human_approved,,
targeted_ev_005_1,Safiya Cole: I will review the packaging artwork against the approved copy before it goes to print.,legacy_reviewed,document_control_task,confirmed_action,,evidence,targeted_context_005,train,targeted_generalisation_20260812,human_approved,,
targeted_ev_005_2,"Safiya Cole: We could review the packaging artwork against the approved copy before it goes to print if capacity allows, but nothing has been agreed.",legacy_reviewed,discussion_topic,possible_action,,evidence,targeted_context_005,train,targeted_generalisation_20260812,human_approved,,
targeted_ev_005_3,The work for Safiya Cole to review the packaging artwork against the approved copy was completed yesterday; nothing remains outstanding.,legacy_reviewed,background_context,completed_history,,evidence,targeted_context_005,train,targeted_generalisation_20260812,human_approved,,
targeted_ev_005_4,Safiya Cole: The packaging review discussion covered whether someone should review the packaging artwork against the approved copy. The chair closed it with no action today.,legacy_reviewed,discussion_topic,not_action,,evidence,targeted_context_005,train,targeted_generalisation_20260812,human_approved,,
targeted_ev_006_1,Martin Hale: I will request the annual licence renewal quote by close Thursday.,legacy_reviewed,action_commitment,confirmed_action,,evidence,targeted_context_006,train,targeted_generalisation_20260812,human_approved,,
targeted_ev_006_2,"Martin Hale: We could request the annual licence renewal quote by close Thursday if capacity allows, but nothing has been agreed.",legacy_reviewed,discussion_topic,possible_action,,evidence,targeted_context_006,train,targeted_generalisation_20260812,human_approved,,
targeted_ev_006_3,The work for Martin Hale to request the annual licence renewal quote was completed yesterday; nothing remains outstanding.,legacy_reviewed,background_context,completed_history,,evidence,targeted_context_006,train,targeted_generalisation_20260812,human_approved,,
targeted_ev_006_4,Martin Hale: The software licensing discussion covered whether someone should request the annual licence renewal quote. The chair closed it with no action today.,legacy_reviewed,discussion_topic,not_action,,evidence,targeted_context_006,train,targeted_generalisation_20260812,human_approved,,
targeted_ev_007_1,Nina Foster: I will upload the signed consent form to the controlled folder after the client returns it.,legacy_reviewed,document_control_task,confirmed_action,,evidence,targeted_context_007,train,targeted_generalisation_20260812,human_approved,,
targeted_ev_007_2,"Nina Foster: We could upload the signed consent form to the controlled folder after the client returns it if capacity allows, but nothing has been agreed.",legacy_reviewed,discussion_topic,possible_action,,evidence,targeted_context_007,train,targeted_generalisation_20260812,human_approved,,
targeted_ev_007_3,The work for Nina Foster to upload the signed consent form to the controlled folder was completed yesterday; nothing remains outstanding.,legacy_reviewed,background_context,completed_history,,evidence,targeted_context_007,train,targeted_generalisation_20260812,human_approved,,
targeted_ev_007_4,Nina Foster: The clinical records discussion covered whether someone should upload the signed consent form to the controlled folder. The chair closed it with no action today.,legacy_reviewed,discussion_topic,not_action,,evidence,targeted_context_007,train,targeted_generalisation_20260812,human_approved,,
targeted_ev_008_1,Theo Grant: I will call the laboratory to confirm sample capacity this afternoon.,legacy_reviewed,action_commitment,confirmed_action,,evidence,targeted_context_008,train,targeted_generalisation_20260812,human_approved,,
targeted_ev_008_2,"Theo Grant: We could call the laboratory to confirm sample capacity this afternoon if capacity allows, but nothing has been agreed.",legacy_reviewed,discussion_topic,possible_action,,evidence,targeted_context_008,train,targeted_generalisation_20260812,human_approved,,
targeted_ev_008_3,The work for Theo Grant to call the laboratory to confirm sample capacity was completed yesterday; nothing remains outstanding.,legacy_reviewed,background_context,completed_history,,evidence,targeted_context_008,train,targeted_generalisation_20260812,human_approved,,
targeted_ev_008_4,Theo Grant: The laboratory capacity discussion covered whether someone should call the laboratory to confirm sample capacity. The chair closed it with no action today.,legacy_reviewed,discussion_topic,not_action,,evidence,targeted_context_008,train,targeted_generalisation_20260812,human_approved,,
targeted_ev_009_1,Aaliyah Khan: I will circulate three backup questions to the presenters tonight.,legacy_reviewed,document_control_task,confirmed_action,,evidence,targeted_context_009,train,targeted_generalisation_20260812,human_approved,,
targeted_ev_009_2,"Aaliyah Khan: We could circulate three backup questions to the presenters tonight if capacity allows, but nothing has been agreed.",legacy_reviewed,discussion_topic,possible_action,,evidence,targeted_context_009,train,targeted_generalisation_20260812,human_approved,,
targeted_ev_009_3,The work for Aaliyah Khan to circulate three backup questions to the presenters was completed yesterday; nothing remains outstanding.,legacy_reviewed,background_context,completed_history,,evidence,targeted_context_009,train,targeted_generalisation_20260812,human_approved,,
targeted_ev_009_4,Aaliyah Khan: The webinar preparation discussion covered whether someone should circulate three backup questions to the presenters. The chair closed it with no action today.,legacy_reviewed,discussion_topic,not_action,,evidence,targeted_context_009,train,targeted_generalisation_20260812,human_approved,,
targeted_ev_010_1,Sam Ortega: I will start and monitor the recording from the chair's opening words.,legacy_reviewed,action_commitment,confirmed_action,,evidence,targeted_context_010,train,targeted_generalisation_20260812,human_approved,,
targeted_ev_010_2,"Sam Ortega: We could start and monitor the recording from the chair's opening words if capacity allows, but nothing has been agreed.",legacy_reviewed,discussion_topic,possible_action,,evidence,targeted_context_010,train,targeted_generalisation_20260812,human_approved,,
targeted_ev_010_3,The work for Sam Ortega to start and monitor the recording was completed yesterday; nothing remains outstanding.,legacy_reviewed,background_context,completed_history,,evidence,targeted_context_010,train,targeted_generalisation_20260812,human_approved,,
targeted_ev_010_4,Sam Ortega: The recording control discussion covered whether someone should start and monitor the recording. The chair closed it with no action today.,legacy_reviewed,discussion_topic,not_action,,evidence,targeted_context_010,train,targeted_generalisation_20260812,human_approved,,
targeted_ev_011_1,Iris Novak: I will submit the approved variation request on the next working day after sign-off.,legacy_reviewed,regulatory_obligation,confirmed_action,,evidence,targeted_context_011,train,targeted_generalisation_20260812,human_approved,,
targeted_ev_011_2,"Iris Novak: We could submit the approved variation request on the next working day after sign-off if capacity allows, but nothing has been agreed.",legacy_reviewed,discussion_topic,possible_action,,evidence,targeted_context_011,train,targeted_generalisation_20260812,human_approved,,
targeted_ev_011_3,The work for Iris Novak to submit the approved variation request was completed yesterday; nothing remains outstanding.,legacy_reviewed,background_context,completed_history,,evidence,targeted_context_011,train,targeted_generalisation_20260812,human_approved,,
targeted_ev_011_4,Iris Novak: The regulatory submission discussion covered whether someone should submit the approved variation request. The chair closed it with no action today.,legacy_reviewed,discussion_topic,not_action,,evidence,targeted_context_011,train,targeted_generalisation_20260812,human_approved,,
targeted_ev_012_1,Lewis Park: I will reconcile the campaign invoices by month end.,legacy_reviewed,document_control_task,confirmed_action,,evidence,targeted_context_012,train,targeted_generalisation_20260812,human_approved,,
targeted_ev_012_2,"Lewis Park: We could reconcile the campaign invoices by month end if capacity allows, but nothing has been agreed.",legacy_reviewed,discussion_topic,possible_action,,evidence,targeted_context_012,train,targeted_generalisation_20260812,human_approved,,
targeted_ev_012_3,The work for Lewis Park to reconcile the campaign invoices was completed yesterday; nothing remains outstanding.,legacy_reviewed,background_context,completed_history,,evidence,targeted_context_012,train,targeted_generalisation_20260812,human_approved,,
targeted_ev_012_4,Lewis Park: The campaign finance discussion covered whether someone should reconcile the campaign invoices. The chair closed it with no action today.,legacy_reviewed,discussion_topic,not_action,,evidence,targeted_context_012,train,targeted_generalisation_20260812,human_approved,,
targeted_ev_013_1,Anika Shah: I will send the artwork proofs to the printer Wednesday morning.,legacy_reviewed,document_control_task,confirmed_action,,evidence,targeted_context_013,train,targeted_generalisation_20260812,human_approved,,
targeted_ev_013_2,"Anika Shah: We could send the artwork proofs to the printer Wednesday morning if capacity allows, but nothing has been agreed.",legacy_reviewed,discussion_topic,possible_action,,evidence,targeted_context_013,train,targeted_generalisation_20260812,human_approved,,
targeted_ev_013_3,The work for Anika Shah to send the artwork proofs to the printer was completed yesterday; nothing remains outstanding.,legacy_reviewed,background_context,completed_history,,evidence,targeted_context_013,train,targeted_generalisation_20260812,human_approved,,
targeted_ev_013_4,Anika Shah: The print production discussion covered whether someone should send the artwork proofs to the printer. The chair closed it with no action today.,legacy_reviewed,discussion_topic,not_action,,evidence,targeted_context_013,train,targeted_generalisation_20260812,human_approved,,
targeted_ev_014_1,Owen Price: I will replace the staging database connection string after lunch today.,legacy_reviewed,action_commitment,confirmed_action,,evidence,targeted_context_014,train,targeted_generalisation_20260812,human_approved,,
targeted_ev_014_2,"Owen Price: We could replace the staging database connection string after lunch today if capacity allows, but nothing has been agreed.",legacy_reviewed,discussion_topic,possible_action,,evidence,targeted_context_014,train,targeted_generalisation_20260812,human_approved,,
targeted_ev_014_3,The work for Owen Price to replace the staging database connection string was completed yesterday; nothing remains outstanding.,legacy_reviewed,background_context,completed_history,,evidence,targeted_context_014,train,targeted_generalisation_20260812,human_approved,,
targeted_ev_014_4,Owen Price: The staging repair discussion covered whether someone should replace the staging database connection string. The chair closed it with no action today.,legacy_reviewed,discussion_topic,not_action,,evidence,targeted_context_014,train,targeted_generalisation_20260812,human_approved,,
targeted_ev_015_1,Celeste Ward: I will confirm the loading certificate with the depot today.,legacy_reviewed,action_commitment,confirmed_action,,evidence,targeted_context_015,train,targeted_generalisation_20260812,human_approved,,
targeted_ev_015_2,"Celeste Ward: We could confirm the loading certificate with the depot today if capacity allows, but nothing has been agreed.",legacy_reviewed,discussion_topic,possible_action,,evidence,targeted_context_015,train,targeted_generalisation_20260812,human_approved,,
targeted_ev_015_3,The work for Celeste Ward to confirm the loading certificate with the depot was completed yesterday; nothing remains outstanding.,legacy_reviewed,background_context,completed_history,,evidence,targeted_context_015,train,targeted_generalisation_20260812,human_approved,,
targeted_ev_015_4,Celeste Ward: The depot safety discussion covered whether someone should confirm the loading certificate with the depot. The chair closed it with no action today.,legacy_reviewed,discussion_topic,not_action,,evidence,targeted_context_015,train,targeted_generalisation_20260812,human_approved,,
targeted_ev_016_1,Henry Okoye: I will update the dispatch checklist after Celeste confirms certification tomorrow morning.,legacy_reviewed,document_control_task,confirmed_action,,evidence,targeted_context_016,train,targeted_generalisation_20260812,human_approved,,
targeted_ev_016_2,"Henry Okoye: We could update the dispatch checklist after Celeste confirms certification tomorrow morning if capacity allows, but nothing has been agreed.",legacy_reviewed,discussion_topic,possible_action,,evidence,targeted_context_016,train,targeted_generalisation_20260812,human_approved,,
targeted_ev_016_3,The work for Henry Okoye to update the dispatch checklist after Celeste confirms certification was completed yesterday; nothing remains outstanding.,legacy_reviewed,background_context,completed_history,,evidence,targeted_context_016,train,targeted_generalisation_20260812,human_approved,,
targeted_ev_016_4,Henry Okoye: The dispatch planning discussion covered whether someone should update the dispatch checklist after Celeste confirms certification. The chair closed it with no action today.,legacy_reviewed,discussion_topic,not_action,,evidence,targeted_context_016,train,targeted_generalisation_20260812,human_approved,,
targeted_ev_017_1,Harriet Jones: I will issue the corrected purchase order to the supplier before dispatch.,legacy_reviewed,document_control_task,confirmed_action,,evidence,targeted_context_017,train,targeted_generalisation_20260812,human_approved,,
targeted_ev_017_2,"Harriet Jones: We could issue the corrected purchase order to the supplier before dispatch if capacity allows, but nothing has been agreed.",legacy_reviewed,discussion_topic,possible_action,,evidence,targeted_context_017,train,targeted_generalisation_20260812,human_approved,,
targeted_ev_017_3,The work for Harriet Jones to issue the corrected purchase order to the supplier was completed yesterday; nothing remains outstanding.,legacy_reviewed,background_context,completed_history,,evidence,targeted_context_017,train,targeted_generalisation_20260812,human_approved,,
targeted_ev_017_4,Harriet Jones: The procurement discussion covered whether someone should issue the corrected purchase order to the supplier. The chair closed it with no action today.,legacy_reviewed,discussion_topic,not_action,,evidence,targeted_context_017,train,targeted_generalisation_20260812,human_approved,,
targeted_ev_018_1,Ravi Mehta: I will review the data-processing agreement with legal before onboarding begins.,legacy_reviewed,document_control_task,confirmed_action,,evidence,targeted_context_018,train,targeted_generalisation_20260812,human_approved,,
targeted_ev_018_2,"Ravi Mehta: We could review the data-processing agreement with legal before onboarding begins if capacity allows, but nothing has been agreed.",legacy_reviewed,discussion_topic,possible_action,,evidence,targeted_context_018,train,targeted_generalisation_20260812,human_approved,,
targeted_ev_018_3,The work for Ravi Mehta to review the data-processing agreement with legal was completed yesterday; nothing remains outstanding.,legacy_reviewed,background_context,completed_history,,evidence,targeted_context_018,train,targeted_generalisation_20260812,human_approved,,
targeted_ev_018_4,Ravi Mehta: The data protection discussion covered whether someone should review the data-processing agreement with legal. The chair closed it with no action today.,legacy_reviewed,discussion_topic,not_action,,evidence,targeted_context_018,train,targeted_generalisation_20260812,human_approved,,
targeted_ev_019_1,Chloe Bennett: I will book the usability sessions with five participants by next Wednesday.,legacy_reviewed,action_commitment,confirmed_action,,evidence,targeted_context_019,train,targeted_generalisation_20260812,human_approved,,
targeted_ev_019_2,"Chloe Bennett: We could book the usability sessions with five participants by next Wednesday if capacity allows, but nothing has been agreed.",legacy_reviewed,discussion_topic,possible_action,,evidence,targeted_context_019,train,targeted_generalisation_20260812,human_approved,,
targeted_ev_019_3,The work for Chloe Bennett to book the usability sessions with five participants was completed yesterday; nothing remains outstanding.,legacy_reviewed,background_context,completed_history,,evidence,targeted_context_019,train,targeted_generalisation_20260812,human_approved,,
targeted_ev_019_4,Chloe Bennett: The user research discussion covered whether someone should book the usability sessions with five participants. The chair closed it with no action today.,legacy_reviewed,discussion_topic,not_action,,evidence,targeted_context_019,train,targeted_generalisation_20260812,human_approved,,
targeted_ev_020_1,Darius King: I will send the inspection pack to Monique end of day tomorrow.,legacy_reviewed,document_control_task,confirmed_action,,evidence,targeted_context_020,train,targeted_generalisation_20260812,human_approved,,
targeted_ev_020_2,"Darius King: We could send the inspection pack to Monique end of day tomorrow if capacity allows, but nothing has been agreed.",legacy_reviewed,discussion_topic,possible_action,,evidence,targeted_context_020,train,targeted_generalisation_20260812,human_approved,,
targeted_ev_020_3,The work for Darius King to send the inspection pack to Monique was completed yesterday; nothing remains outstanding.,legacy_reviewed,background_context,completed_history,,evidence,targeted_context_020,train,targeted_generalisation_20260812,human_approved,,
targeted_ev_020_4,Darius King: The inspection preparation discussion covered whether someone should send the inspection pack to Monique. The chair closed it with no action today.,legacy_reviewed,discussion_topic,not_action,,evidence,targeted_context_020,train,targeted_generalisation_20260812,human_approved,,
targeted_ev_021_1,Monique Laurent: I will review the inspection pack within three working days of receipt.,legacy_reviewed,document_control_task,confirmed_action,,evidence,targeted_context_021,train,targeted_generalisation_20260812,human_approved,,
targeted_ev_021_2,"Monique Laurent: We could review the inspection pack within three working days of receipt if capacity allows, but nothing has been agreed.",legacy_reviewed,discussion_topic,possible_action,,evidence,targeted_context_021,train,targeted_generalisation_20260812,human_approved,,
targeted_ev_021_3,The work for Monique Laurent to review the inspection pack was completed yesterday; nothing remains outstanding.,legacy_reviewed,background_context,completed_history,,evidence,targeted_context_021,train,targeted_generalisation_20260812,human_approved,,
targeted_ev_021_4,Monique Laurent: The inspection review discussion covered whether someone should review the inspection pack. The chair closed it with no action today.,legacy_reviewed,discussion_topic,not_action,,evidence,targeted_context_021,train,targeted_generalisation_20260812,human_approved,,
targeted_ev_022_1,Serena Cho: I will file the approved inspection pack the working day after Monique approves it.,legacy_reviewed,regulatory_obligation,confirmed_action,,evidence,targeted_context_022,train,targeted_generalisation_20260812,human_approved,,
targeted_ev_022_2,"Serena Cho: We could file the approved inspection pack the working day after Monique approves it if capacity allows, but nothing has been agreed.",legacy_reviewed,discussion_topic,possible_action,,evidence,targeted_context_022,train,targeted_generalisation_20260812,human_approved,,
targeted_ev_022_3,The work for Serena Cho to file the approved inspection pack was completed yesterday; nothing remains outstanding.,legacy_reviewed,background_context,completed_history,,evidence,targeted_context_022,train,targeted_generalisation_20260812,human_approved,,
targeted_ev_022_4,Serena Cho: The inspection sequence discussion covered whether someone should file the approved inspection pack. The chair closed it with no action today.,legacy_reviewed,discussion_topic,not_action,,evidence,targeted_context_022,train,targeted_generalisation_20260812,human_approved,,
targeted_ev_023_1,Gareth Webb: I will send the migration confirmation to Rina today.,legacy_reviewed,action_commitment,confirmed_action,,evidence,targeted_context_023,train,targeted_generalisation_20260812,human_approved,,
targeted_ev_023_2,"Gareth Webb: We could send the migration confirmation to Rina today if capacity allows, but nothing has been agreed.",legacy_reviewed,discussion_topic,possible_action,,evidence,targeted_context_023,train,targeted_generalisation_20260812,human_approved,,
targeted_ev_023_3,The work for Gareth Webb to send the migration confirmation to Rina was completed yesterday; nothing remains outstanding.,legacy_reviewed,background_context,completed_history,,evidence,targeted_context_023,train,targeted_generalisation_20260812,human_approved,,
targeted_ev_023_4,Gareth Webb: The system migration discussion covered whether someone should send the migration confirmation to Rina. The chair closed it with no action today.,legacy_reviewed,discussion_topic,not_action,,evidence,targeted_context_023,train,targeted_generalisation_20260812,human_approved,,
targeted_ev_024_1,Kemi Lawson: I will monitor the queue dashboard and alert Rina above five per cent for the first ninety minutes after migration.,legacy_reviewed,action_commitment,confirmed_action,,evidence,targeted_context_024,train,targeted_generalisation_20260812,human_approved,,
targeted_ev_024_2,"Kemi Lawson: We could monitor the queue dashboard and alert Rina above five per cent for the first ninety minutes after migration if capacity allows, but nothing has been agreed.",legacy_reviewed,discussion_topic,possible_action,,evidence,targeted_context_024,train,targeted_generalisation_20260812,human_approved,,
targeted_ev_024_3,The work for Kemi Lawson to monitor the queue dashboard and alert Rina above five per cent was completed yesterday; nothing remains outstanding.,legacy_reviewed,background_context,completed_history,,evidence,targeted_context_024,train,targeted_generalisation_20260812,human_approved,,
targeted_ev_024_4,Kemi Lawson: The migration monitoring discussion covered whether someone should monitor the queue dashboard and alert Rina above five per cent. The chair closed it with no action today.,legacy_reviewed,discussion_topic,not_action,,evidence,targeted_context_024,train,targeted_generalisation_20260812,human_approved,,
targeted_ev_025_1,Robyn Clarke: I will renew the SSL certificate with the hosting provider tomorrow morning.,legacy_reviewed,action_commitment,confirmed_action,,evidence,targeted_context_025,train,targeted_generalisation_20260812,human_approved,,
targeted_ev_025_2,"Robyn Clarke: We could renew the SSL certificate with the hosting provider tomorrow morning if capacity allows, but nothing has been agreed.",legacy_reviewed,discussion_topic,possible_action,,evidence,targeted_context_025,train,targeted_generalisation_20260812,human_approved,,
targeted_ev_025_3,The work for Robyn Clarke to renew the SSL certificate with the hosting provider was completed yesterday; nothing remains outstanding.,legacy_reviewed,background_context,completed_history,,evidence,targeted_context_025,train,targeted_generalisation_20260812,human_approved,,
targeted_ev_025_4,Robyn Clarke: The website security discussion covered whether someone should renew the SSL certificate with the hosting provider. The chair closed it with no action today.,legacy_reviewed,discussion_topic,not_action,,evidence,targeted_context_025,train,targeted_generalisation_20260812,human_approved,,
targeted_ev_026_1,Bruno Costa: I will upload the signed maintenance certificate by close tomorrow.,legacy_reviewed,document_control_task,confirmed_action,,evidence,targeted_context_026,train,targeted_generalisation_20260812,human_approved,,
targeted_ev_026_2,"Bruno Costa: We could upload the signed maintenance certificate by close tomorrow if capacity allows, but nothing has been agreed.",legacy_reviewed,discussion_topic,possible_action,,evidence,targeted_context_026,train,targeted_generalisation_20260812,human_approved,,
targeted_ev_026_3,The work for Bruno Costa to upload the signed maintenance certificate was completed yesterday; nothing remains outstanding.,legacy_reviewed,background_context,completed_history,,evidence,targeted_context_026,train,targeted_generalisation_20260812,human_approved,,
targeted_ev_026_4,Bruno Costa: The maintenance follow-up discussion covered whether someone should upload the signed maintenance certificate. The chair closed it with no action today.,legacy_reviewed,discussion_topic,not_action,,evidence,targeted_context_026,train,targeted_generalisation_20260812,human_approved,,
targeted_ev_027_1,Lena Vogt: I will draft and send the customer advisory Wednesday morning.,legacy_reviewed,document_control_task,confirmed_action,,evidence,targeted_context_027,train,targeted_generalisation_20260812,human_approved,,
targeted_ev_027_2,"Lena Vogt: We could draft and send the customer advisory Wednesday morning if capacity allows, but nothing has been agreed.",legacy_reviewed,discussion_topic,possible_action,,evidence,targeted_context_027,train,targeted_generalisation_20260812,human_approved,,
targeted_ev_027_3,The work for Lena Vogt to draft and send the customer advisory was completed yesterday; nothing remains outstanding.,legacy_reviewed,background_context,completed_history,,evidence,targeted_context_027,train,targeted_generalisation_20260812,human_approved,,
targeted_ev_027_4,Lena Vogt: The service planning discussion covered whether someone should draft and send the customer advisory. The chair closed it with no action today.,legacy_reviewed,discussion_topic,not_action,,evidence,targeted_context_027,train,targeted_generalisation_20260812,human_approved,,
targeted_ev_028_1,Hassan Ali: I will complete the risk assessment before drafting the audit plan by Friday.,legacy_reviewed,document_control_task,confirmed_action,,evidence,targeted_context_028,train,targeted_generalisation_20260812,human_approved,,
targeted_ev_028_2,"Hassan Ali: We could complete the risk assessment before drafting the audit plan by Friday if capacity allows, but nothing has been agreed.",legacy_reviewed,discussion_topic,possible_action,,evidence,targeted_context_028,train,targeted_generalisation_20260812,human_approved,,
targeted_ev_028_3,The work for Hassan Ali to complete the risk assessment before drafting the audit plan was completed yesterday; nothing remains outstanding.,legacy_reviewed,background_context,completed_history,,evidence,targeted_context_028,train,targeted_generalisation_20260812,human_approved,,
targeted_ev_028_4,Hassan Ali: The audit planning discussion covered whether someone should complete the risk assessment before drafting the audit plan. The chair closed it with no action today.,legacy_reviewed,discussion_topic,not_action,,evidence,targeted_context_028,train,targeted_generalisation_20260812,human_approved,,
targeted_ev_029_1,Mei Tan: I will send the calibration certificate to quality assurance once the laboratory releases it.,legacy_reviewed,document_control_task,confirmed_action,,evidence,targeted_context_029,train,targeted_generalisation_20260812,human_approved,,
targeted_ev_029_2,"Mei Tan: We could send the calibration certificate to quality assurance once the laboratory releases it if capacity allows, but nothing has been agreed.",legacy_reviewed,discussion_topic,possible_action,,evidence,targeted_context_029,train,targeted_generalisation_20260812,human_approved,,
targeted_ev_029_3,The work for Mei Tan to send the calibration certificate to quality assurance was completed yesterday; nothing remains outstanding.,legacy_reviewed,background_context,completed_history,,evidence,targeted_context_029,train,targeted_generalisation_20260812,human_approved,,
targeted_ev_029_4,Mei Tan: The equipment calibration discussion covered whether someone should send the calibration certificate to quality assurance. The chair closed it with no action today.,legacy_reviewed,discussion_topic,not_action,,evidence,targeted_context_029,train,targeted_generalisation_20260812,human_approved,,
targeted_ev_030_1,Patrick Osei: I will confirm the courier collection window before 16:00 today.,legacy_reviewed,action_commitment,confirmed_action,,evidence,targeted_context_030,train,targeted_generalisation_20260812,human_approved,,
targeted_ev_030_2,"Patrick Osei: We could confirm the courier collection window before 16:00 today if capacity allows, but nothing has been agreed.",legacy_reviewed,discussion_topic,possible_action,,evidence,targeted_context_030,train,targeted_generalisation_20260812,human_approved,,
targeted_ev_030_3,The work for Patrick Osei to confirm the courier collection window was completed yesterday; nothing remains outstanding.,legacy_reviewed,background_context,completed_history,,evidence,targeted_context_030,train,targeted_generalisation_20260812,human_approved,,
targeted_ev_030_4,Patrick Osei: The distribution discussion covered whether someone should confirm the courier collection window. The chair closed it with no action today.,legacy_reviewed,discussion_topic,not_action,,evidence,targeted_context_030,train,targeted_generalisation_20260812,human_approved,,
targeted_ev_031_1,Elena Rossi: I will rewrite the onboarding email and place it in the shared folder.,legacy_reviewed,document_control_task,confirmed_action,,evidence,targeted_context_031,train,targeted_generalisation_20260812,human_approved,,
targeted_ev_031_2,"Elena Rossi: We could rewrite the onboarding email and place it in the shared folder if capacity allows, but nothing has been agreed.",legacy_reviewed,discussion_topic,possible_action,,evidence,targeted_context_031,train,targeted_generalisation_20260812,human_approved,,
targeted_ev_031_3,The work for Elena Rossi to rewrite the onboarding email and place it in the shared folder was completed yesterday; nothing remains outstanding.,legacy_reviewed,background_context,completed_history,,evidence,targeted_context_031,train,targeted_generalisation_20260812,human_approved,,
targeted_ev_031_4,Elena Rossi: The customer onboarding discussion covered whether someone should rewrite the onboarding email and place it in the shared folder. The chair closed it with no action today.,legacy_reviewed,discussion_topic,not_action,,evidence,targeted_context_031,train,targeted_generalisation_20260812,human_approved,,
targeted_ev_032_1,Victor Lane: I will keep the product demonstration within seven minutes during the partner briefing.,legacy_reviewed,action_commitment,confirmed_action,,evidence,targeted_context_032,train,targeted_generalisation_20260812,human_approved,,
targeted_ev_032_2,"Victor Lane: We could keep the product demonstration within seven minutes during the partner briefing if capacity allows, but nothing has been agreed.",legacy_reviewed,discussion_topic,possible_action,,evidence,targeted_context_032,train,targeted_generalisation_20260812,human_approved,,
targeted_ev_032_3,The work for Victor Lane to keep the product demonstration within seven minutes was completed yesterday; nothing remains outstanding.,legacy_reviewed,background_context,completed_history,,evidence,targeted_context_032,train,targeted_generalisation_20260812,human_approved,,
targeted_ev_032_4,Victor Lane: The demonstration timing discussion covered whether someone should keep the product demonstration within seven minutes. The chair closed it with no action today.,legacy_reviewed,discussion_topic,not_action,,evidence,targeted_context_032,train,targeted_generalisation_20260812,human_approved,,
targeted_ev_033_1,"Alina Petrova: I will facilitate the introductions, transitions and closing summary during the research workshop.",legacy_reviewed,action_commitment,confirmed_action,,evidence,targeted_context_033,train,targeted_generalisation_20260812,human_approved,,
targeted_ev_033_2,"Alina Petrova: We could facilitate the introductions, transitions and closing summary during the research workshop if capacity allows, but nothing has been agreed.",legacy_reviewed,discussion_topic,possible_action,,evidence,targeted_context_033,train,targeted_generalisation_20260812,human_approved,,
targeted_ev_033_3,"The work for Alina Petrova to facilitate the introductions, transitions and closing summary was completed yesterday; nothing remains outstanding.",legacy_reviewed,background_context,completed_history,,evidence,targeted_context_033,train,targeted_generalisation_20260812,human_approved,,
targeted_ev_033_4,"Alina Petrova: The workshop facilitation discussion covered whether someone should facilitate the introductions, transitions and closing summary. The chair closed it with no action today.",legacy_reviewed,discussion_topic,not_action,,evidence,targeted_context_033,train,targeted_generalisation_20260812,human_approved,,
targeted_ev_034_1,Cormac Doyle: I will restore the chart transitions and redistribute the presentation before the dry run.,legacy_reviewed,document_control_task,confirmed_action,,evidence,targeted_context_034,train,targeted_generalisation_20260812,human_approved,,
targeted_ev_034_2,"Cormac Doyle: We could restore the chart transitions and redistribute the presentation before the dry run if capacity allows, but nothing has been agreed.",legacy_reviewed,discussion_topic,possible_action,,evidence,targeted_context_034,train,targeted_generalisation_20260812,human_approved,,
targeted_ev_034_3,The work for Cormac Doyle to restore the chart transitions and redistribute the presentation was completed yesterday; nothing remains outstanding.,legacy_reviewed,background_context,completed_history,,evidence,targeted_context_034,train,targeted_generalisation_20260812,human_approved,,
targeted_ev_034_4,Cormac Doyle: The presentation preparation discussion covered whether someone should restore the chart transitions and redistribute the presentation. The chair closed it with no action today.,legacy_reviewed,discussion_topic,not_action,,evidence,targeted_context_034,train,targeted_generalisation_20260812,human_approved,,
targeted_ev_035_1,Nkiru Eze: I will group technical questions and pass priority items to the moderator throughout the panel.,legacy_reviewed,action_commitment,confirmed_action,,evidence,targeted_context_035,train,targeted_generalisation_20260812,human_approved,,
targeted_ev_035_2,"Nkiru Eze: We could group technical questions and pass priority items to the moderator throughout the panel if capacity allows, but nothing has been agreed.",legacy_reviewed,discussion_topic,possible_action,,evidence,targeted_context_035,train,targeted_generalisation_20260812,human_approved,,
targeted_ev_035_3,The work for Nkiru Eze to group technical questions and pass priority items to the moderator was completed yesterday; nothing remains outstanding.,legacy_reviewed,background_context,completed_history,,evidence,targeted_context_035,train,targeted_generalisation_20260812,human_approved,,
targeted_ev_035_4,Nkiru Eze: The panel moderation discussion covered whether someone should group technical questions and pass priority items to the moderator. The chair closed it with no action today.,legacy_reviewed,discussion_topic,not_action,,evidence,targeted_context_035,train,targeted_generalisation_20260812,human_approved,,
targeted_ev_036_1,Yusuf Ahmed: I will verify the backup connection before the broadcast at 08:30 tomorrow.,legacy_reviewed,action_commitment,confirmed_action,,evidence,targeted_context_036,train,targeted_generalisation_20260812,human_approved,,
targeted_ev_036_2,"Yusuf Ahmed: We could verify the backup connection before the broadcast at 08:30 tomorrow if capacity allows, but nothing has been agreed.",legacy_reviewed,discussion_topic,possible_action,,evidence,targeted_context_036,train,targeted_generalisation_20260812,human_approved,,
targeted_ev_036_3,The work for Yusuf Ahmed to verify the backup connection before the broadcast was completed yesterday; nothing remains outstanding.,legacy_reviewed,background_context,completed_history,,evidence,targeted_context_036,train,targeted_generalisation_20260812,human_approved,,
targeted_ev_036_4,Yusuf Ahmed: The broadcast continuity discussion covered whether someone should verify the backup connection before the broadcast. The chair closed it with no action today.,legacy_reviewed,discussion_topic,not_action,,evidence,targeted_context_036,train,targeted_generalisation_20260812,human_approved,,
targeted_ev_037_1,Sophie Green: I will record the approved launch date in the project tracker after this meeting.,legacy_reviewed,document_control_task,confirmed_action,,evidence,targeted_context_037,train,targeted_generalisation_20260812,human_approved,,
targeted_ev_037_2,"Sophie Green: We could record the approved launch date in the project tracker after this meeting if capacity allows, but nothing has been agreed.",legacy_reviewed,discussion_topic,possible_action,,evidence,targeted_context_037,train,targeted_generalisation_20260812,human_approved,,
targeted_ev_037_3,The work for Sophie Green to record the approved launch date in the project tracker was completed yesterday; nothing remains outstanding.,legacy_reviewed,background_context,completed_history,,evidence,targeted_context_037,train,targeted_generalisation_20260812,human_approved,,
targeted_ev_037_4,Sophie Green: The project governance discussion covered whether someone should record the approved launch date in the project tracker. The chair closed it with no action today.,legacy_reviewed,discussion_topic,not_action,,evidence,targeted_context_037,train,targeted_generalisation_20260812,human_approved,,
targeted_ev_038_1,Amir Patel: I will compare supplier tolerances and document the recommendation before Friday's review.,legacy_reviewed,document_control_task,confirmed_action,,evidence,targeted_context_038,train,targeted_generalisation_20260812,human_approved,,
targeted_ev_038_2,"Amir Patel: We could compare supplier tolerances and document the recommendation before Friday's review if capacity allows, but nothing has been agreed.",legacy_reviewed,discussion_topic,possible_action,,evidence,targeted_context_038,train,targeted_generalisation_20260812,human_approved,,
targeted_ev_038_3,The work for Amir Patel to compare supplier tolerances and document the recommendation was completed yesterday; nothing remains outstanding.,legacy_reviewed,background_context,completed_history,,evidence,targeted_context_038,train,targeted_generalisation_20260812,human_approved,,
targeted_ev_038_4,Amir Patel: The supplier selection discussion covered whether someone should compare supplier tolerances and document the recommendation. The chair closed it with no action today.,legacy_reviewed,discussion_topic,not_action,,evidence,targeted_context_038,train,targeted_generalisation_20260812,human_approved,,
targeted_ev_039_1,Layla Brooks: I will remove the obsolete feature flags from staging in the next sprint.,legacy_reviewed,action_commitment,confirmed_action,,evidence,targeted_context_039,train,targeted_generalisation_20260812,human_approved,,
targeted_ev_039_2,"Layla Brooks: We could remove the obsolete feature flags from staging in the next sprint if capacity allows, but nothing has been agreed.",legacy_reviewed,discussion_topic,possible_action,,evidence,targeted_context_039,train,targeted_generalisation_20260812,human_approved,,
targeted_ev_039_3,The work for Layla Brooks to remove the obsolete feature flags from staging was completed yesterday; nothing remains outstanding.,legacy_reviewed,background_context,completed_history,,evidence,targeted_context_039,train,targeted_generalisation_20260812,human_approved,,
targeted_ev_039_4,Layla Brooks: The technical debt discussion covered whether someone should remove the obsolete feature flags from staging. The chair closed it with no action today.,legacy_reviewed,discussion_topic,not_action,,evidence,targeted_context_039,train,targeted_generalisation_20260812,human_approved,,
targeted_ev_040_1,Noah Edwards: I will share the latest attendee count with Marta and Dan by 16:00 today.,legacy_reviewed,document_control_task,confirmed_action,,evidence,targeted_context_040,train,targeted_generalisation_20260812,human_approved,,
targeted_ev_040_2,"Noah Edwards: We could share the latest attendee count with Marta and Dan by 16:00 today if capacity allows, but nothing has been agreed.",legacy_reviewed,discussion_topic,possible_action,,evidence,targeted_context_040,train,targeted_generalisation_20260812,human_approved,,
targeted_ev_040_3,The work for Noah Edwards to share the latest attendee count with Marta and Dan was completed yesterday; nothing remains outstanding.,legacy_reviewed,background_context,completed_history,,evidence,targeted_context_040,train,targeted_generalisation_20260812,human_approved,,
targeted_ev_040_4,Noah Edwards: The attendance planning discussion covered whether someone should share the latest attendee count with Marta and Dan. The chair closed it with no action today.,legacy_reviewed,discussion_topic,not_action,,evidence,targeted_context_040,train,targeted_generalisation_20260812,human_approved,,
targeted_ev_041_1,Zara Hussain: I will confirm whether the residual risk remains acceptable before release approval.,legacy_reviewed,regulatory_obligation,confirmed_action,,evidence,targeted_context_041,train,targeted_generalisation_20260812,human_approved,,
targeted_ev_041_2,"Zara Hussain: We could confirm whether the residual risk remains acceptable before release approval if capacity allows, but nothing has been agreed.",legacy_reviewed,discussion_topic,possible_action,,evidence,targeted_context_041,train,targeted_generalisation_20260812,human_approved,,
targeted_ev_041_3,The work for Zara Hussain to confirm whether the residual risk remains acceptable was completed yesterday; nothing remains outstanding.,legacy_reviewed,background_context,completed_history,,evidence,targeted_context_041,train,targeted_generalisation_20260812,human_approved,,
targeted_ev_041_4,Zara Hussain: The risk acceptance discussion covered whether someone should confirm whether the residual risk remains acceptable. The chair closed it with no action today.,legacy_reviewed,discussion_topic,not_action,,evidence,targeted_context_041,train,targeted_generalisation_20260812,human_approved,,
targeted_ev_042_1,Finn Murphy: I will prepare the board-ready budget summary by Monday morning.,legacy_reviewed,document_control_task,confirmed_action,,evidence,targeted_context_042,train,targeted_generalisation_20260812,human_approved,,
targeted_ev_042_2,"Finn Murphy: We could prepare the board-ready budget summary by Monday morning if capacity allows, but nothing has been agreed.",legacy_reviewed,discussion_topic,possible_action,,evidence,targeted_context_042,train,targeted_generalisation_20260812,human_approved,,
targeted_ev_042_3,The work for Finn Murphy to prepare the board-ready budget summary was completed yesterday; nothing remains outstanding.,legacy_reviewed,background_context,completed_history,,evidence,targeted_context_042,train,targeted_generalisation_20260812,human_approved,,
targeted_ev_042_4,Finn Murphy: The financial reporting discussion covered whether someone should prepare the board-ready budget summary. The chair closed it with no action today.,legacy_reviewed,discussion_topic,not_action,,evidence,targeted_context_042,train,targeted_generalisation_20260812,human_approved,,
targeted_ev_043_1,Amara Okoro: I will contact the printer about the delayed brochures before close today.,legacy_reviewed,action_commitment,confirmed_action,,evidence,targeted_context_043,train,targeted_generalisation_20260812,human_approved,,
targeted_ev_043_2,"Amara Okoro: We could contact the printer about the delayed brochures before close today if capacity allows, but nothing has been agreed.",legacy_reviewed,discussion_topic,possible_action,,evidence,targeted_context_043,train,targeted_generalisation_20260812,human_approved,,
targeted_ev_043_3,The work for Amara Okoro to contact the printer about the delayed brochures was completed yesterday; nothing remains outstanding.,legacy_reviewed,background_context,completed_history,,evidence,targeted_context_043,train,targeted_generalisation_20260812,human_approved,,
targeted_ev_043_4,Amara Okoro: The supplier delay discussion covered whether someone should contact the printer about the delayed brochures. The chair closed it with no action today.,legacy_reviewed,discussion_topic,not_action,,evidence,targeted_context_043,train,targeted_generalisation_20260812,human_approved,,
targeted_ev_044_1,Leo Martin: I will test the mobile navigation with three users before development starts.,legacy_reviewed,action_commitment,confirmed_action,,evidence,targeted_context_044,validation,targeted_generalisation_20260812,human_approved,,
targeted_ev_044_2,"Leo Martin: We could test the mobile navigation with three users before development starts if capacity allows, but nothing has been agreed.",legacy_reviewed,discussion_topic,possible_action,,evidence,targeted_context_044,validation,targeted_generalisation_20260812,human_approved,,
targeted_ev_044_3,The work for Leo Martin to test the mobile navigation with three users was completed yesterday; nothing remains outstanding.,legacy_reviewed,background_context,completed_history,,evidence,targeted_context_044,validation,targeted_generalisation_20260812,human_approved,,
targeted_ev_044_4,Leo Martin: The navigation decision discussion covered whether someone should test the mobile navigation with three users. The chair closed it with no action today.,legacy_reviewed,discussion_topic,not_action,,evidence,targeted_context_044,validation,targeted_generalisation_20260812,human_approved,,
targeted_ev_045_1,Fatima Rahman: I will file the signed deviation closure record once quality signs it.,legacy_reviewed,document_control_task,confirmed_action,,evidence,targeted_context_045,validation,targeted_generalisation_20260812,human_approved,,
targeted_ev_045_2,"Fatima Rahman: We could file the signed deviation closure record once quality signs it if capacity allows, but nothing has been agreed.",legacy_reviewed,discussion_topic,possible_action,,evidence,targeted_context_045,validation,targeted_generalisation_20260812,human_approved,,
targeted_ev_045_3,The work for Fatima Rahman to file the signed deviation closure record was completed yesterday; nothing remains outstanding.,legacy_reviewed,background_context,completed_history,,evidence,targeted_context_045,validation,targeted_generalisation_20260812,human_approved,,
targeted_ev_045_4,Fatima Rahman: The deviation control discussion covered whether someone should file the signed deviation closure record. The chair closed it with no action today.,legacy_reviewed,discussion_topic,not_action,,evidence,targeted_context_045,validation,targeted_generalisation_20260812,human_approved,,
targeted_ev_046_1,Oscar Young: I will notify support of the revised maintenance window by 14:00.,legacy_reviewed,action_commitment,confirmed_action,,evidence,targeted_context_046,validation,targeted_generalisation_20260812,human_approved,,
targeted_ev_046_2,"Oscar Young: We could notify support of the revised maintenance window by 14:00 if capacity allows, but nothing has been agreed.",legacy_reviewed,discussion_topic,possible_action,,evidence,targeted_context_046,validation,targeted_generalisation_20260812,human_approved,,
targeted_ev_046_3,The work for Oscar Young to notify support of the revised maintenance window was completed yesterday; nothing remains outstanding.,legacy_reviewed,background_context,completed_history,,evidence,targeted_context_046,validation,targeted_generalisation_20260812,human_approved,,
targeted_ev_046_4,Oscar Young: The service maintenance discussion covered whether someone should notify support of the revised maintenance window. The chair closed it with no action today.,legacy_reviewed,discussion_topic,not_action,,evidence,targeted_context_046,validation,targeted_generalisation_20260812,human_approved,,
targeted_ev_047_1,Mina Kapoor: I will prepare the language list for the declarations of conformity before regulatory review.,legacy_reviewed,regulatory_obligation,confirmed_action,,evidence,targeted_context_047,test,targeted_generalisation_20260812,human_approved,,
targeted_ev_047_2,"Mina Kapoor: We could prepare the language list for the declarations of conformity before regulatory review if capacity allows, but nothing has been agreed.",legacy_reviewed,discussion_topic,possible_action,,evidence,targeted_context_047,test,targeted_generalisation_20260812,human_approved,,
targeted_ev_047_3,The work for Mina Kapoor to prepare the language list for the declarations of conformity was completed yesterday; nothing remains outstanding.,legacy_reviewed,background_context,completed_history,,evidence,targeted_context_047,test,targeted_generalisation_20260812,human_approved,,
targeted_ev_047_4,Mina Kapoor: The declaration review discussion covered whether someone should prepare the language list for the declarations of conformity. The chair closed it with no action today.,legacy_reviewed,discussion_topic,not_action,,evidence,targeted_context_047,test,targeted_generalisation_20260812,human_approved,,
targeted_ev_048_1,Isaac Mensah: I will take a screenshot confirming the recording indicator when recording begins.,legacy_reviewed,document_control_task,confirmed_action,,evidence,targeted_context_048,test,targeted_generalisation_20260812,human_approved,,
targeted_ev_048_2,"Isaac Mensah: We could take a screenshot confirming the recording indicator when recording begins if capacity allows, but nothing has been agreed.",legacy_reviewed,discussion_topic,possible_action,,evidence,targeted_context_048,test,targeted_generalisation_20260812,human_approved,,
targeted_ev_048_3,The work for Isaac Mensah to take a screenshot confirming the recording indicator was completed yesterday; nothing remains outstanding.,legacy_reviewed,background_context,completed_history,,evidence,targeted_context_048,test,targeted_generalisation_20260812,human_approved,,
targeted_ev_048_4,Isaac Mensah: The recording evidence discussion covered whether someone should take a screenshot confirming the recording indicator. The chair closed it with no action today.,legacy_reviewed,discussion_topic,not_action,,evidence,targeted_context_048,test,targeted_generalisation_20260812,human_approved,,
targeted_ev_049_1,Ruby Scott: I will send the revised quote after finance approves the figures by end of play Thursday.,legacy_reviewed,document_control_task,confirmed_action,,evidence,targeted_context_049,test,targeted_generalisation_20260812,human_approved,,
targeted_ev_049_2,"Ruby Scott: We could send the revised quote after finance approves the figures by end of play Thursday if capacity allows, but nothing has been agreed.",legacy_reviewed,discussion_topic,possible_action,,evidence,targeted_context_049,test,targeted_generalisation_20260812,human_approved,,
targeted_ev_049_3,The work for Ruby Scott to send the revised quote after finance approves the figures was completed yesterday; nothing remains outstanding.,legacy_reviewed,background_context,completed_history,,evidence,targeted_context_049,test,targeted_generalisation_20260812,human_approved,,
targeted_ev_049_4,Ruby Scott: The client quotation discussion covered whether someone should send the revised quote after finance approves the figures. The chair closed it with no action today.,legacy_reviewed,discussion_topic,not_action,,evidence,targeted_context_049,test,targeted_generalisation_20260812,human_approved,,
targeted_ev_050_1,Adam Kowalski: I will monitor batch variation and escalate any result outside specification during the next production run.,legacy_reviewed,regulatory_obligation,confirmed_action,,evidence,targeted_context_050,test,targeted_generalisation_20260812,human_approved,,
targeted_ev_050_2,"Adam Kowalski: We could monitor batch variation and escalate any result outside specification during the next production run if capacity allows, but nothing has been agreed.",legacy_reviewed,discussion_topic,possible_action,,evidence,targeted_context_050,test,targeted_generalisation_20260812,human_approved,,
targeted_ev_050_3,The work for Adam Kowalski to monitor batch variation and escalate any result outside specification was completed yesterday; nothing remains outstanding.,legacy_reviewed,background_context,completed_history,,evidence,targeted_context_050,test,targeted_generalisation_20260812,human_approved,,
targeted_ev_050_4,Adam Kowalski: The production monitoring discussion covered whether someone should monitor batch variation and escalate any result outside specification. The chair closed it with no action today.,legacy_reviewed,discussion_topic,not_action,,evidence,targeted_context_050,test,targeted_generalisation_20260812,human_approved,,
targeted_type_001,The team agreed to retain the current warehouse provider through the peak period.,legacy_reviewed,decision_agreement,not_action,,evidence,targeted_type_decision_agreement_001,train,targeted_generalisation_20260812,human_approved,,
targeted_type_002,It was decided that the migration would begin on Saturday at 06:00.,legacy_reviewed,decision_agreement,not_action,,evidence,targeted_type_decision_agreement_002,train,targeted_generalisation_20260812,human_approved,,
targeted_type_003,The group approved the prototype for fabrication.,legacy_reviewed,decision_agreement,not_action,,evidence,targeted_type_decision_agreement_003,train,targeted_generalisation_20260812,human_approved,,
targeted_type_004,The depot remains authorised following review of its certification.,legacy_reviewed,decision_agreement,not_action,,evidence,targeted_type_decision_agreement_004,train,targeted_generalisation_20260812,human_approved,,
targeted_type_005,The filtered search design was selected over the category tree.,legacy_reviewed,decision_agreement,not_action,,evidence,targeted_type_decision_agreement_005,train,targeted_generalisation_20260812,human_approved,,
targeted_type_006,The remaining credit exposure was formally accepted.,legacy_reviewed,decision_agreement,not_action,,evidence,targeted_type_decision_agreement_006,train,targeted_generalisation_20260812,human_approved,,
targeted_type_007,The committee decided against rescanning the verified archive.,legacy_reviewed,decision_agreement,not_action,,evidence,targeted_type_decision_agreement_007,train,targeted_generalisation_20260812,human_approved,,
targeted_type_008,The shipment date was moved from the third to the seventh.,legacy_reviewed,decision_agreement,not_action,,evidence,targeted_type_decision_agreement_008,train,targeted_generalisation_20260812,human_approved,,
targeted_type_009,Alina was confirmed as facilitator for the research workshop.,legacy_reviewed,decision_agreement,not_action,,evidence,targeted_type_decision_agreement_009,validation,targeted_generalisation_20260812,human_approved,,
targeted_type_010,The demonstration will stop after seven minutes to protect exercise time.,legacy_reviewed,decision_agreement,not_action,,evidence,targeted_type_decision_agreement_010,validation,targeted_generalisation_20260812,human_approved,,
targeted_type_011,Courier C was confirmed as the preferred collection provider.,legacy_reviewed,decision_agreement,not_action,,evidence,targeted_type_decision_agreement_011,validation,targeted_generalisation_20260812,human_approved,,
targeted_type_012,"The migration remains scheduled for Saturday, subject to the snapshot being complete.",legacy_reviewed,decision_agreement,not_action,,evidence,targeted_type_decision_agreement_012,test,targeted_generalisation_20260812,human_approved,,
targeted_type_013,The team agreed to stop processing only if failed records exceed five per cent.,legacy_reviewed,decision_agreement,not_action,,evidence,targeted_type_decision_agreement_013,test,targeted_generalisation_20260812,human_approved,,
targeted_type_014,Forecast review was deferred until regional figures arrive.,legacy_reviewed,decision_agreement,not_action,,evidence,targeted_type_decision_agreement_014,test,targeted_generalisation_20260812,human_approved,,
targeted_type_015,The proposed fixed filing date was rejected because inspection approval controls the sequence.,legacy_reviewed,decision_agreement,not_action,,evidence,targeted_type_decision_agreement_015,test,targeted_generalisation_20260812,human_approved,,
targeted_type_016,A delayed customs release could make the revised shipment date unachievable.,legacy_reviewed,risk_dependency,not_action,,evidence,targeted_type_risk_dependency_001,train,targeted_generalisation_20260812,human_approved,,
targeted_type_017,Filing timing depends on completion of inspection and approval.,legacy_reviewed,risk_dependency,not_action,,evidence,targeted_type_risk_dependency_002,train,targeted_generalisation_20260812,human_approved,,
targeted_type_018,"If administrator access expires, month-end reports may be interrupted.",legacy_reviewed,risk_dependency,not_action,,evidence,targeted_type_risk_dependency_003,train,targeted_generalisation_20260812,human_approved,,
targeted_type_019,A failed database handover could leave orders temporarily unavailable.,legacy_reviewed,risk_dependency,not_action,,evidence,targeted_type_risk_dependency_004,train,targeted_generalisation_20260812,human_approved,,
targeted_type_020,The backup could omit recent records if synchronisation finishes late.,legacy_reviewed,risk_dependency,not_action,,evidence,targeted_type_risk_dependency_005,train,targeted_generalisation_20260812,human_approved,,
targeted_type_021,Connection loss at the depot could interrupt barcode scanning.,legacy_reviewed,risk_dependency,not_action,,evidence,targeted_type_risk_dependency_006,train,targeted_generalisation_20260812,human_approved,,
targeted_type_022,Extended demonstrations could reduce the time available for practical exercises.,legacy_reviewed,risk_dependency,not_action,,evidence,targeted_type_risk_dependency_007,train,targeted_generalisation_20260812,human_approved,,
targeted_type_023,Inventory variance remains within tolerance but warrants routine observation.,legacy_reviewed,risk_dependency,not_action,,evidence,targeted_type_risk_dependency_008,train,targeted_generalisation_20260812,human_approved,,
targeted_type_024,The migration is blocked until the inventory snapshot is approved.,legacy_reviewed,risk_dependency,not_action,,evidence,targeted_type_risk_dependency_009,validation,targeted_generalisation_20260812,human_approved,,
targeted_type_025,Workshop capacity may delay participant research beyond the planned window.,legacy_reviewed,risk_dependency,not_action,,evidence,targeted_type_risk_dependency_010,validation,targeted_generalisation_20260812,human_approved,,
targeted_type_026,An unapproved drawing change could cause fabrication from obsolete dimensions.,legacy_reviewed,risk_dependency,not_action,,evidence,targeted_type_risk_dependency_011,validation,targeted_generalisation_20260812,human_approved,,
targeted_type_027,Courier slippage could delay collection from the depot.,legacy_reviewed,risk_dependency,not_action,,evidence,targeted_type_risk_dependency_012,test,targeted_generalisation_20260812,human_approved,,
targeted_type_028,Certification is required before the dispatch checklist can be finalised.,legacy_reviewed,risk_dependency,not_action,,evidence,targeted_type_risk_dependency_013,test,targeted_generalisation_20260812,human_approved,,
targeted_type_029,A failed-record rate above five per cent would stop the migration.,legacy_reviewed,risk_dependency,not_action,,evidence,targeted_type_risk_dependency_014,test,targeted_generalisation_20260812,human_approved,,
targeted_type_030,Missing retention confirmation could delay policy approval.,legacy_reviewed,risk_dependency,not_action,,evidence,targeted_type_risk_dependency_015,test,targeted_generalisation_20260812,human_approved,,
targeted_type_031,The inspection pack moves from author review to manager approval and then to filing.,legacy_reviewed,process_overview,not_action,,evidence,targeted_type_process_overview_001,train,targeted_generalisation_20260812,human_approved,,
targeted_type_032,"Support requests are collected during the pilot, grouped by theme and passed to the service owner.",legacy_reviewed,process_overview,not_action,,evidence,targeted_type_process_overview_002,train,targeted_generalisation_20260812,human_approved,,
targeted_type_033,"The facilitator opens the workshop, introduces each exercise and returns for the closing summary.",legacy_reviewed,process_overview,not_action,,evidence,targeted_type_process_overview_003,train,targeted_generalisation_20260812,human_approved,,
targeted_type_034,Drawings are approved internally before dimensions are sent to fabrication.,legacy_reviewed,process_overview,not_action,,evidence,targeted_type_process_overview_004,train,targeted_generalisation_20260812,human_approved,,
targeted_type_035,"The data load passes through validation, reconciliation and production import.",legacy_reviewed,process_overview,not_action,,evidence,targeted_type_process_overview_005,train,targeted_generalisation_20260812,human_approved,,
targeted_type_036,"Maintenance certificates are reviewed, signed and added to the asset record.",legacy_reviewed,process_overview,not_action,,evidence,targeted_type_process_overview_006,train,targeted_generalisation_20260812,human_approved,,
targeted_type_037,"The policy is drafted, reviewed by governance and issued after final approval.",legacy_reviewed,process_overview,not_action,,evidence,targeted_type_process_overview_007,train,targeted_generalisation_20260812,human_approved,,
targeted_type_038,Depot certification is confirmed before the dispatch checklist is updated and circulated.,legacy_reviewed,process_overview,not_action,,evidence,targeted_type_process_overview_008,train,targeted_generalisation_20260812,human_approved,,
targeted_type_039,"The backup starts after synchronisation, remains monitored and is checked against a control total.",legacy_reviewed,process_overview,not_action,,evidence,targeted_type_process_overview_009,validation,targeted_generalisation_20260812,human_approved,,
targeted_type_040,Transactions are reconciled before finance approves the month-end report.,legacy_reviewed,process_overview,not_action,,evidence,targeted_type_process_overview_010,validation,targeted_generalisation_20260812,human_approved,,
targeted_type_041,Inventory counts are checked against tolerance before stock is released.,legacy_reviewed,process_overview,not_action,,evidence,targeted_type_process_overview_011,validation,targeted_generalisation_20260812,human_approved,,
targeted_type_042,The partner receives dimensions for approval before fabrication begins.,legacy_reviewed,process_overview,not_action,,evidence,targeted_type_process_overview_012,test,targeted_generalisation_20260812,human_approved,,
targeted_type_043,Capacity assessment precedes preparation of the migration schedule.,legacy_reviewed,process_overview,not_action,,evidence,targeted_type_process_overview_013,test,targeted_generalisation_20260812,human_approved,,
targeted_type_044,The team reviews the queue during the first ninety minutes and escalates threshold breaches.,legacy_reviewed,process_overview,not_action,,evidence,targeted_type_process_overview_014,test,targeted_generalisation_20260812,human_approved,,
targeted_type_045,The signed calibration certificate is filed and then shared with engineering.,legacy_reviewed,process_overview,not_action,,evidence,targeted_type_process_overview_015,test,targeted_generalisation_20260812,human_approved,,
targeted_type_046,Can everyone see my screen?,legacy_reviewed,low_value_noise,not_action,,evidence,targeted_type_low_value_noise_001,train,targeted_generalisation_20260812,human_approved,,
targeted_type_047,You are still muted.,legacy_reviewed,low_value_noise,not_action,,evidence,targeted_type_low_value_noise_002,train,targeted_generalisation_20260812,human_approved,,
targeted_type_048,Give me two seconds while I find the file.,legacy_reviewed,low_value_noise,not_action,,evidence,targeted_type_low_value_noise_003,train,targeted_generalisation_20260812,human_approved,,
targeted_type_049,That joke did not land last time.,legacy_reviewed,low_value_noise,not_action,,evidence,targeted_type_low_value_noise_004,train,targeted_generalisation_20260812,human_approved,,
targeted_type_050,"Sorry, I was talking to the dog.",legacy_reviewed,low_value_noise,not_action,,evidence,targeted_type_low_value_noise_005,train,targeted_generalisation_20260812,human_approved,,
targeted_type_051,Shall we take a quick break?,legacy_reviewed,low_value_noise,not_action,,evidence,targeted_type_low_value_noise_006,train,targeted_generalisation_20260812,human_approved,,
targeted_type_052,I think somebody has dropped off the call.,legacy_reviewed,low_value_noise,not_action,,evidence,targeted_type_low_value_noise_007,train,targeted_generalisation_20260812,human_approved,,
targeted_type_053,The chat button is at the bottom of the window.,legacy_reviewed,low_value_noise,not_action,,evidence,targeted_type_low_value_noise_008,train,targeted_generalisation_20260812,human_approved,,
targeted_type_054,"Thanks everyone, speak soon.",legacy_reviewed,low_value_noise,not_action,,evidence,targeted_type_low_value_noise_009,validation,targeted_generalisation_20260812,human_approved,,
targeted_type_055,My camera has frozen again.,legacy_reviewed,low_value_noise,not_action,,evidence,targeted_type_low_value_noise_010,validation,targeted_generalisation_20260812,human_approved,,
targeted_type_056,Could you repeat the last sentence?,legacy_reviewed,low_value_noise,not_action,,evidence,targeted_type_low_value_noise_011,validation,targeted_generalisation_20260812,human_approved,,
targeted_type_057,I have another meeting at half past.,legacy_reviewed,low_value_noise,not_action,,evidence,targeted_type_low_value_noise_012,test,targeted_generalisation_20260812,human_approved,,
targeted_type_058,There is a lot of background noise.,legacy_reviewed,low_value_noise,not_action,,evidence,targeted_type_low_value_noise_013,test,targeted_generalisation_20260812,human_approved,,
targeted_type_059,I will make tea after this.,legacy_reviewed,low_value_noise,not_action,,evidence,targeted_type_low_value_noise_014,test,targeted_generalisation_20260812,human_approved,,
targeted_type_060,We are waiting for one more person to join.,legacy_reviewed,low_value_noise,not_action,,evidence,targeted_type_low_value_noise_015,test,targeted_generalisation_20260812,human_approved,,
csa_0001,Marta: I'll reconcile the warehouse count by Friday.,commitment,action_commitment,confirmed_action,named_owner|explicit_commitment_verb|deliverable_object|deadline_or_sequence,inventory,speech_act_001_inventory,train,ai_authored_speech_act_contrast_v1,assistant_reviewed_candidate,high,Label and negative-state relationship checked against canonical staged semantics.
csa_0002,Marta: I can reconcile the warehouse count. I'll have it done by Friday.,volunteer_commitment,action_commitment,confirmed_action,named_owner|explicit_commitment_verb|deliverable_object|deadline_or_sequence,inventory,speech_act_001_inventory,train,ai_authored_speech_act_contrast_v1,assistant_reviewed_candidate,high,Label and negative-state relationship checked against canonical staged semantics.
csa_0003,"Could Marta reconcile the warehouse count by Friday? Marta: Yes, I'll take that.",request_acceptance_thread,action_commitment,confirmed_action,named_owner|explicit_commitment_verb|deliverable_object|deadline_or_sequence,inventory,speech_act_001_inventory,train,ai_authored_speech_act_contrast_v1,assistant_reviewed_candidate,high,Label and negative-state relationship checked against canonical staged semantics.
csa_0004,"Lead: Can you reconcile the warehouse count?
Marta: Yes.
Lead: Can you finish by Friday?
Marta: That works.",distributed_request_acceptance,action_commitment,confirmed_action,named_owner|explicit_commitment_verb|deliverable_object|deadline_or_sequence,inventory,speech_act_001_inventory,train,ai_authored_speech_act_contrast_v1,assistant_reviewed_candidate,high,Label and negative-state relationship checked against canonical staged semantics.
csa_0005,Marta to reconcile the warehouse count; due Friday.,minutes_assignment,action_commitment,confirmed_action,named_owner|explicit_commitment_verb|deliverable_object|deadline_or_sequence,inventory,speech_act_001_inventory,train,ai_authored_speech_act_contrast_v1,assistant_reviewed_candidate,high,Label and negative-state relationship checked against canonical staged semantics.
csa_0006,"Actions recap: Marta, you're taking the item to reconcile the warehouse count. Marta: Correct, by Friday.",recap_assignment,action_commitment,confirmed_action,named_owner|explicit_commitment_verb|deliverable_object|deadline_or_sequence,inventory,speech_act_001_inventory,train,ai_authored_speech_act_contrast_v1,assistant_reviewed_candidate,high,Label and negative-state relationship checked against canonical staged semantics.
csa_0007,We need someone to reconcile the warehouse count. Marta: Leave that with me; Friday is fine.,contextual_volunteer,action_commitment,confirmed_action,named_owner|explicit_commitment_verb|deliverable_object|deadline_or_sequence,inventory,speech_act_001_inventory,train,ai_authored_speech_act_contrast_v1,assistant_reviewed_candidate,high,Label and negative-state relationship checked against canonical staged semantics.
csa_0008,"We need to reconcile the warehouse count, but nobody accepted ownership or timing.",ownerless_need,discussion_topic,possible_action,explicit_commitment_verb|deliverable_object,inventory,speech_act_001_inventory,train,ai_authored_speech_act_contrast_v1,assistant_reviewed_candidate,medium,Label and negative-state relationship checked against canonical staged semantics.
csa_0009,It would help to reconcile the warehouse count. The group moved on without assigning it.,unassigned_suggestion,discussion_topic,possible_action,deliverable_object,inventory,speech_act_001_inventory,train,ai_authored_speech_act_contrast_v1,assistant_reviewed_candidate,medium,Label and negative-state relationship checked against canonical staged semantics.
csa_0010,"Perhaps Marta could reconcile the warehouse count if there is time, but this was not agreed.",hypothetical,discussion_topic,not_action,named_owner|deliverable_object|hypothetical_language,inventory,speech_act_001_inventory,train,ai_authored_speech_act_contrast_v1,assistant_reviewed_candidate,high,Label and negative-state relationship checked against canonical staged semantics.
csa_0011,"Marta: I might reconcile the warehouse count, depending on capacity. Lead: Treat that as an idea, not an action.",explicitly_uncommitted,discussion_topic,not_action,named_owner|deliverable_object|hypothetical_language,inventory,speech_act_001_inventory,train,ai_authored_speech_act_contrast_v1,assistant_reviewed_candidate,high,Label and negative-state relationship checked against canonical staged semantics.
csa_0012,Marta already completed the work to reconcile the warehouse count yesterday.,completed_history,background_context,completed_history,named_owner|deliverable_object|completed_tense,inventory,speech_act_001_inventory,train,ai_authored_speech_act_contrast_v1,assistant_reviewed_candidate,high,Label and negative-state relationship checked against canonical staged semantics.
csa_0013,Lead: Marta should reconcile the warehouse count. Marta: That's already done; it closed yesterday.,completed_correction,background_context,completed_history,named_owner|deliverable_object|completed_tense,inventory,speech_act_001_inventory,train,ai_authored_speech_act_contrast_v1,assistant_reviewed_candidate,high,Label and negative-state relationship checked against canonical staged semantics.
csa_0014,Do not reconcile the warehouse count; that proposed action has been cancelled.,rejection,decision_agreement,not_action,deliverable_object|decision_language,inventory,speech_act_001_inventory,train,ai_authored_speech_act_contrast_v1,assistant_reviewed_candidate,high,Label and negative-state relationship checked against canonical staged semantics.
csa_0015,Earlier we asked Marta to reconcile the warehouse count. That assignment is withdrawn and must not remain open.,superseded_action,decision_agreement,not_action,named_owner|deliverable_object|decision_language,inventory,speech_act_001_inventory,train,ai_authored_speech_act_contrast_v1,assistant_reviewed_candidate,high,Label and negative-state relationship checked against canonical staged semantics.
csa_0016,The team agreed to use barcode scanning for the next stocktake.,decision,decision_agreement,not_action,decision_language|deliverable_object,inventory,speech_act_001_inventory,train,ai_authored_speech_act_contrast_v1,assistant_reviewed_candidate,high,Label and negative-state relationship checked against canonical staged semantics.
csa_0017,"Option A was discussed, but the final position is to use barcode scanning for the next stocktake.",decision_after_alternative,decision_agreement,not_action,decision_language|deliverable_object,inventory,speech_act_001_inventory,train,ai_authored_speech_act_contrast_v1,assistant_reviewed_candidate,high,Label and negative-state relationship checked against canonical staged semantics.
csa_0018,"Lead: Shall we use barcode scanning for the next stocktake?
Team: Agreed. That's the approach we will use.",proposal_acceptance_decision,decision_agreement,not_action,decision_language|deliverable_object,inventory,speech_act_001_inventory,train,ai_authored_speech_act_contrast_v1,assistant_reviewed_candidate,high,Label and negative-state relationship checked against canonical staged semantics.
csa_0019,"One option would be to use barcode scanning for the next stocktake, although no decision was made.",unconfirmed_option,discussion_topic,not_action,hypothetical_language|deliverable_object,inventory,speech_act_001_inventory,train,ai_authored_speech_act_contrast_v1,assistant_reviewed_candidate,high,Label and negative-state relationship checked against canonical staged semantics.
csa_0020,The team identified that late supplier files could delay reconciliation.,risk,risk_dependency,not_action,risk_language|deliverable_object,inventory,speech_act_001_inventory,train,ai_authored_speech_act_contrast_v1,assistant_reviewed_candidate,high,Label and negative-state relationship checked against canonical staged semantics.
csa_0021,"If the dependency is not resolved, late supplier files could delay reconciliation. The issue remains open.",conditional_risk,risk_dependency,not_action,risk_language|deliverable_object,inventory,speech_act_001_inventory,train,ai_authored_speech_act_contrast_v1,assistant_reviewed_candidate,high,Label and negative-state relationship checked against canonical staged semantics.
csa_0022,"The team checked whether late supplier files could delay reconciliation, but evidence confirmed the exposure is closed and no monitoring is required.",closed_risk_negative,background_context,not_action,deliverable_object|completed_tense,inventory,speech_act_001_inventory,train,ai_authored_speech_act_contrast_v1,assistant_reviewed_candidate,medium,Label and negative-state relationship checked against canonical staged semantics.
csa_0023,The current position is that the inventory work remains in progress.,informational,background_context,not_action,,inventory,speech_act_001_inventory,train,ai_authored_speech_act_contrast_v1,assistant_reviewed_candidate,high,Label and negative-state relationship checked against canonical staged semantics.
csa_0024,Can everyone see the inventory screen? We will pause for two minutes before continuing.,administrative,low_value_noise,not_action,,inventory,speech_act_001_inventory,train,ai_authored_speech_act_contrast_v1,assistant_reviewed_candidate,high,Label and negative-state relationship checked against canonical staged semantics.
csa_0025,"Marta: I promise I'll bring coffee to the next inventory call. This is social chat, not project work.",social_false_commitment,low_value_noise,not_action,named_owner,inventory,speech_act_001_inventory,train,ai_authored_speech_act_contrast_v1,assistant_reviewed_candidate,high,Label and negative-state relationship checked against canonical staged semantics.
csa_0026,Elliot: I'll patch the mobile login redirect by today.,commitment,action_commitment,confirmed_action,named_owner|explicit_commitment_verb|deliverable_object|deadline_or_sequence,mobile_release,speech_act_002_mobile_release,train,ai_authored_speech_act_contrast_v1,assistant_reviewed_candidate,high,Label and negative-state relationship checked against canonical staged semantics.
csa_0027,Elliot: I can patch the mobile login redirect. I'll have it done by today.,volunteer_commitment,action_commitment,confirmed_action,named_owner|explicit_commitment_verb|deliverable_object|deadline_or_sequence,mobile_release,speech_act_002_mobile_release,train,ai_authored_speech_act_contrast_v1,assistant_reviewed_candidate,high,Label and negative-state relationship checked against canonical staged semantics.
csa_0028,"Could Elliot patch the mobile login redirect by today? Elliot: Yes, I'll take that.",request_acceptance_thread,action_commitment,confirmed_action,named_owner|explicit_commitment_verb|deliverable_object|deadline_or_sequence,mobile_release,speech_act_002_mobile_release,train,ai_authored_speech_act_contrast_v1,assistant_reviewed_candidate,high,Label and negative-state relationship checked against canonical staged semantics.
csa_0029,"Lead: Can you patch the mobile login redirect?
Elliot: Yes.
Lead: Can you finish by today?
Elliot: That works.",distributed_request_acceptance,action_commitment,confirmed_action,named_owner|explicit_commitment_verb|deliverable_object|deadline_or_sequence,mobile_release,speech_act_002_mobile_release,train,ai_authored_speech_act_contrast_v1,assistant_reviewed_candidate,high,Label and negative-state relationship checked against canonical staged semantics.
csa_0030,Elliot to patch the mobile login redirect; due today.,minutes_assignment,action_commitment,confirmed_action,named_owner|explicit_commitment_verb|deliverable_object|deadline_or_sequence,mobile_release,speech_act_002_mobile_release,train,ai_authored_speech_act_contrast_v1,assistant_reviewed_candidate,high,Label and negative-state relationship checked against canonical staged semantics.
csa_0031,"Actions recap: Elliot, you're taking the item to patch the mobile login redirect. Elliot: Correct, by today.",recap_assignment,action_commitment,confirmed_action,named_owner|explicit_commitment_verb|deliverable_object|deadline_or_sequence,mobile_release,speech_act_002_mobile_release,train,ai_authored_speech_act_contrast_v1,assistant_reviewed_candidate,high,Label and negative-state relationship checked against canonical staged semantics.
csa_0032,We need someone to patch the mobile login redirect. Elliot: Leave that with me; today is fine.,contextual_volunteer,action_commitment,confirmed_action,named_owner|explicit_commitment_verb|deliverable_object|deadline_or_sequence,mobile_release,speech_act_002_mobile_release,train,ai_authored_speech_act_contrast_v1,assistant_reviewed_candidate,high,Label and negative-state relationship checked against canonical staged semantics.
csa_0033,"We need to patch the mobile login redirect, but nobody accepted ownership or timing.",ownerless_need,discussion_topic,possible_action,explicit_commitment_verb|deliverable_object,mobile_release,speech_act_002_mobile_release,train,ai_authored_speech_act_contrast_v1,assistant_reviewed_candidate,medium,Label and negative-state relationship checked against canonical staged semantics.
csa_0034,It would help to patch the mobile login redirect. The group moved on without assigning it.,unassigned_suggestion,discussion_topic,possible_action,deliverable_object,mobile_release,speech_act_002_mobile_release,train,ai_authored_speech_act_contrast_v1,assistant_reviewed_candidate,medium,Label and negative-state relationship checked against canonical staged semantics.
csa_0035,"Perhaps Elliot could patch the mobile login redirect if there is time, but this was not agreed.",hypothetical,discussion_topic,not_action,named_owner|deliverable_object|hypothetical_language,mobile_release,speech_act_002_mobile_release,train,ai_authored_speech_act_contrast_v1,assistant_reviewed_candidate,high,Label and negative-state relationship checked against canonical staged semantics.
csa_0036,"Elliot: I might patch the mobile login redirect, depending on capacity. Lead: Treat that as an idea, not an action.",explicitly_uncommitted,discussion_topic,not_action,named_owner|deliverable_object|hypothetical_language,mobile_release,speech_act_002_mobile_release,train,ai_authored_speech_act_contrast_v1,assistant_reviewed_candidate,high,Label and negative-state relationship checked against canonical staged semantics.
csa_0037,Elliot already completed the work to patch the mobile login redirect yesterday.,completed_history,background_context,completed_history,named_owner|deliverable_object|completed_tense,mobile_release,speech_act_002_mobile_release,train,ai_authored_speech_act_contrast_v1,assistant_reviewed_candidate,high,Label and negative-state relationship checked against canonical staged semantics.
csa_0038,Lead: Elliot should patch the mobile login redirect. Elliot: That's already done; it closed yesterday.,completed_correction,background_context,completed_history,named_owner|deliverable_object|completed_tense,mobile_release,speech_act_002_mobile_release,train,ai_authored_speech_act_contrast_v1,assistant_reviewed_candidate,high,Label and negative-state relationship checked against canonical staged semantics.
csa_0039,Do not patch the mobile login redirect; that proposed action has been cancelled.,rejection,decision_agreement,not_action,deliverable_object|decision_language,mobile_release,speech_act_002_mobile_release,train,ai_authored_speech_act_contrast_v1,assistant_reviewed_candidate,high,Label and negative-state relationship checked against canonical staged semantics.
csa_0040,Earlier we asked Elliot to patch the mobile login redirect. That assignment is withdrawn and must not remain open.,superseded_action,decision_agreement,not_action,named_owner|deliverable_object|decision_language,mobile_release,speech_act_002_mobile_release,train,ai_authored_speech_act_contrast_v1,assistant_reviewed_candidate,high,Label and negative-state relationship checked against canonical staged semantics.
csa_0041,The team agreed to hold the release until smoke testing passes.,decision,decision_agreement,not_action,decision_language|deliverable_object,mobile_release,speech_act_002_mobile_release,train,ai_authored_speech_act_contrast_v1,assistant_reviewed_candidate,high,Label and negative-state relationship checked against canonical staged semantics.
csa_0042,"Option A was discussed, but the final position is to hold the release until smoke testing passes.",decision_after_alternative,decision_agreement,not_action,decision_language|deliverable_object,mobile_release,speech_act_002_mobile_release,train,ai_authored_speech_act_contrast_v1,assistant_reviewed_candidate,high,Label and negative-state relationship checked against canonical staged semantics.
csa_0043,"Lead: Shall we hold the release until smoke testing passes?
Team: Agreed. That's the approach we will use.",proposal_acceptance_decision,decision_agreement,not_action,decision_language|deliverable_object,mobile_release,speech_act_002_mobile_release,train,ai_authored_speech_act_contrast_v1,assistant_reviewed_candidate,high,Label and negative-state relationship checked against canonical staged semantics.
csa_0044,"One option would be to hold the release until smoke testing passes, although no decision was made.",unconfirmed_option,discussion_topic,not_action,hypothetical_language|deliverable_object,mobile_release,speech_act_002_mobile_release,train,ai_authored_speech_act_contrast_v1,assistant_reviewed_candidate,high,Label and negative-state relationship checked against canonical staged semantics.
csa_0045,The team identified that the redirect defect could block customer access.,risk,risk_dependency,not_action,risk_language|deliverable_object,mobile_release,speech_act_002_mobile_release,train,ai_authored_speech_act_contrast_v1,assistant_reviewed_candidate,high,Label and negative-state relationship checked against canonical staged semantics.
csa_0046,"If the dependency is not resolved, the redirect defect could block customer access. The issue remains open.",conditional_risk,risk_dependency,not_action,risk_language|deliverable_object,mobile_release,speech_act_002_mobile_release,train,ai_authored_speech_act_contrast_v1,assistant_reviewed_candidate,high,Label and negative-state relationship checked against canonical staged semantics.
csa_0047,"The team checked whether the redirect defect could block customer access, but evidence confirmed the exposure is closed and no monitoring is required.",closed_risk_negative,background_context,not_action,deliverable_object|completed_tense,mobile_release,speech_act_002_mobile_release,train,ai_authored_speech_act_contrast_v1,assistant_reviewed_candidate,medium,Label and negative-state relationship checked against canonical staged semantics.
csa_0048,The current position is that the mobile release work remains in progress.,informational,background_context,not_action,,mobile_release,speech_act_002_mobile_release,train,ai_authored_speech_act_contrast_v1,assistant_reviewed_candidate,high,Label and negative-state relationship checked against canonical staged semantics.
csa_0049,Can everyone see the mobile release screen? We will pause for two minutes before continuing.,administrative,low_value_noise,not_action,,mobile_release,speech_act_002_mobile_release,train,ai_authored_speech_act_contrast_v1,assistant_reviewed_candidate,high,Label and negative-state relationship checked against canonical staged semantics.
csa_0050,"Elliot: I promise I'll bring coffee to the next mobile release call. This is social chat, not project work.",social_false_commitment,low_value_noise,not_action,named_owner,mobile_release,speech_act_002_mobile_release,train,ai_authored_speech_act_contrast_v1,assistant_reviewed_candidate,high,Label and negative-state relationship checked against canonical staged semantics.
csa_0051,Sana: I'll invite the shortlisted engineer to a technical interview by tomorrow.,commitment,action_commitment,confirmed_action,named_owner|explicit_commitment_verb|deliverable_object|deadline_or_sequence,recruitment,speech_act_003_recruitment,validation,ai_authored_speech_act_contrast_v1,assistant_reviewed_candidate,high,Label and negative-state relationship checked against canonical staged semantics.
csa_0052,Sana: I can invite the shortlisted engineer to a technical interview. I'll have it done by tomorrow.,volunteer_commitment,action_commitment,confirmed_action,named_owner|explicit_commitment_verb|deliverable_object|deadline_or_sequence,recruitment,speech_act_003_recruitment,validation,ai_authored_speech_act_contrast_v1,assistant_reviewed_candidate,high,Label and negative-state relationship checked against canonical staged semantics.
csa_0053,"Could Sana invite the shortlisted engineer to a technical interview by tomorrow? Sana: Yes, I'll take that.",request_acceptance_thread,action_commitment,confirmed_action,named_owner|explicit_commitment_verb|deliverable_object|deadline_or_sequence,recruitment,speech_act_003_recruitment,validation,ai_authored_speech_act_contrast_v1,assistant_reviewed_candidate,high,Label and negative-state relationship checked against canonical staged semantics.
csa_0054,"Lead: Can you invite the shortlisted engineer to a technical interview?
Sana: Yes.
Lead: Can you finish by tomorrow?
Sana: That works.",distributed_request_acceptance,action_commitment,confirmed_action,named_owner|explicit_commitment_verb|deliverable_object|deadline_or_sequence,recruitment,speech_act_003_recruitment,validation,ai_authored_speech_act_contrast_v1,assistant_reviewed_candidate,high,Label and negative-state relationship checked against canonical staged semantics.
csa_0055,Sana to invite the shortlisted engineer to a technical interview; due tomorrow.,minutes_assignment,action_commitment,confirmed_action,named_owner|explicit_commitment_verb|deliverable_object|deadline_or_sequence,recruitment,speech_act_003_recruitment,validation,ai_authored_speech_act_contrast_v1,assistant_reviewed_candidate,high,Label and negative-state relationship checked against canonical staged semantics.
csa_0056,"Actions recap: Sana, you're taking the item to invite the shortlisted engineer to a technical interview. Sana: Correct, by tomorrow.",recap_assignment,action_commitment,confirmed_action,named_owner|explicit_commitment_verb|deliverable_object|deadline_or_sequence,recruitment,speech_act_003_recruitment,validation,ai_authored_speech_act_contrast_v1,assistant_reviewed_candidate,high,Label and negative-state relationship checked against canonical staged semantics.
csa_0057,We need someone to invite the shortlisted engineer to a technical interview. Sana: Leave that with me; tomorrow is fine.,contextual_volunteer,action_commitment,confirmed_action,named_owner|explicit_commitment_verb|deliverable_object|deadline_or_sequence,recruitment,speech_act_003_recruitment,validation,ai_authored_speech_act_contrast_v1,assistant_reviewed_candidate,high,Label and negative-state relationship checked against canonical staged semantics.
csa_0058,"We need to invite the shortlisted engineer to a technical interview, but nobody accepted ownership or timing.",ownerless_need,discussion_topic,possible_action,explicit_commitment_verb|deliverable_object,recruitment,speech_act_003_recruitment,validation,ai_authored_speech_act_contrast_v1,assistant_reviewed_candidate,medium,Label and negative-state relationship checked against canonical staged semantics.
csa_0059,It would help to invite the shortlisted engineer to a technical interview. The group moved on without assigning it.,unassigned_suggestion,discussion_topic,possible_action,deliverable_object,recruitment,speech_act_003_recruitment,validation,ai_authored_speech_act_contrast_v1,assistant_reviewed_candidate,medium,Label and negative-state relationship checked against canonical staged semantics.
csa_0060,"Perhaps Sana could invite the shortlisted engineer to a technical interview if there is time, but this was not agreed.",hypothetical,discussion_topic,not_action,named_owner|deliverable_object|hypothetical_language,recruitment,speech_act_003_recruitment,validation,ai_authored_speech_act_contrast_v1,assistant_reviewed_candidate,high,Label and negative-state relationship checked against canonical staged semantics.
csa_0061,"Sana: I might invite the shortlisted engineer to a technical interview, depending on capacity. Lead: Treat that as an idea, not an action.",explicitly_uncommitted,discussion_topic,not_action,named_owner|deliverable_object|hypothetical_language,recruitment,speech_act_003_recruitment,validation,ai_authored_speech_act_contrast_v1,assistant_reviewed_candidate,high,Label and negative-state relationship checked against canonical staged semantics.
csa_0062,Sana already completed the work to invite the shortlisted engineer to a technical interview yesterday.,completed_history,background_context,completed_history,named_owner|deliverable_object|completed_tense,recruitment,speech_act_003_recruitment,validation,ai_authored_speech_act_contrast_v1,assistant_reviewed_candidate,high,Label and negative-state relationship checked against canonical staged semantics.
csa_0063,Lead: Sana should invite the shortlisted engineer to a technical interview. Sana: That's already done; it closed yesterday.,completed_correction,background_context,completed_history,named_owner|deliverable_object|completed_tense,recruitment,speech_act_003_recruitment,validation,ai_authored_speech_act_contrast_v1,assistant_reviewed_candidate,high,Label and negative-state relationship checked against canonical staged semantics.
csa_0064,Do not invite the shortlisted engineer to a technical interview; that proposed action has been cancelled.,rejection,decision_agreement,not_action,deliverable_object|decision_language,recruitment,speech_act_003_recruitment,validation,ai_authored_speech_act_contrast_v1,assistant_reviewed_candidate,high,Label and negative-state relationship checked against canonical staged semantics.
csa_0065,Earlier we asked Sana to invite the shortlisted engineer to a technical interview. That assignment is withdrawn and must not remain open.,superseded_action,decision_agreement,not_action,named_owner|deliverable_object|decision_language,recruitment,speech_act_003_recruitment,validation,ai_authored_speech_act_contrast_v1,assistant_reviewed_candidate,high,Label and negative-state relationship checked against canonical staged semantics.
csa_0066,The team agreed to progress one candidate to the final round.,decision,decision_agreement,not_action,decision_language|deliverable_object,recruitment,speech_act_003_recruitment,validation,ai_authored_speech_act_contrast_v1,assistant_reviewed_candidate,high,Label and negative-state relationship checked against canonical staged semantics.
csa_0067,"Option A was discussed, but the final position is to progress one candidate to the final round.",decision_after_alternative,decision_agreement,not_action,decision_language|deliverable_object,recruitment,speech_act_003_recruitment,validation,ai_authored_speech_act_contrast_v1,assistant_reviewed_candidate,high,Label and negative-state relationship checked against canonical staged semantics.
csa_0068,"Lead: Shall we progress one candidate to the final round?
Team: Agreed. That's the approach we will use.",proposal_acceptance_decision,decision_agreement,not_action,decision_language|deliverable_object,recruitment,speech_act_003_recruitment,validation,ai_authored_speech_act_contrast_v1,assistant_reviewed_candidate,high,Label and negative-state relationship checked against canonical staged semantics.
csa_0069,"One option would be to progress one candidate to the final round, although no decision was made.",unconfirmed_option,discussion_topic,not_action,hypothetical_language|deliverable_object,recruitment,speech_act_003_recruitment,validation,ai_authored_speech_act_contrast_v1,assistant_reviewed_candidate,high,Label and negative-state relationship checked against canonical staged semantics.
csa_0070,The team identified that interviewer availability may delay the final round.,risk,risk_dependency,not_action,risk_language|deliverable_object,recruitment,speech_act_003_recruitment,validation,ai_authored_speech_act_contrast_v1,assistant_reviewed_candidate,high,Label and negative-state relationship checked against canonical staged semantics.
csa_0071,"If the dependency is not resolved, interviewer availability may delay the final round. The issue remains open.",conditional_risk,risk_dependency,not_action,risk_language|deliverable_object,recruitment,speech_act_003_recruitment,validation,ai_authored_speech_act_contrast_v1,assistant_reviewed_candidate,high,Label and negative-state relationship checked against canonical staged semantics.
csa_0072,"The team checked whether interviewer availability may delay the final round, but evidence confirmed the exposure is closed and no monitoring is required.",closed_risk_negative,background_context,not_action,deliverable_object|completed_tense,recruitment,speech_act_003_recruitment,validation,ai_authored_speech_act_contrast_v1,assistant_reviewed_candidate,medium,Label and negative-state relationship checked against canonical staged semantics.
csa_0073,The current position is that the recruitment work remains in progress.,informational,background_context,not_action,,recruitment,speech_act_003_recruitment,validation,ai_authored_speech_act_contrast_v1,assistant_reviewed_candidate,high,Label and negative-state relationship checked against canonical staged semantics.
csa_0074,Can everyone see the recruitment screen? We will pause for two minutes before continuing.,administrative,low_value_noise,not_action,,recruitment,speech_act_003_recruitment,validation,ai_authored_speech_act_contrast_v1,assistant_reviewed_candidate,high,Label and negative-state relationship checked against canonical staged semantics.
csa_0075,"Sana: I promise I'll bring coffee to the next recruitment call. This is social chat, not project work.",social_false_commitment,low_value_noise,not_action,named_owner,recruitment,speech_act_003_recruitment,validation,ai_authored_speech_act_contrast_v1,assistant_reviewed_candidate,high,Label and negative-state relationship checked against canonical staged semantics.
csa_0076,Theo: I'll circulate the revised department forecast by before lunch.,commitment,action_commitment,confirmed_action,named_owner|explicit_commitment_verb|deliverable_object|deadline_or_sequence,budget,speech_act_004_budget,train,ai_authored_speech_act_contrast_v1,assistant_reviewed_candidate,high,Label and negative-state relationship checked against canonical staged semantics.
csa_0077,Theo: I can circulate the revised department forecast. I'll have it done by before lunch.,volunteer_commitment,action_commitment,confirmed_action,named_owner|explicit_commitment_verb|deliverable_object|deadline_or_sequence,budget,speech_act_004_budget,train,ai_authored_speech_act_contrast_v1,assistant_reviewed_candidate,high,Label and negative-state relationship checked against canonical staged semantics.
csa_0078,"Could Theo circulate the revised department forecast by before lunch? Theo: Yes, I'll take that.",request_acceptance_thread,action_commitment,confirmed_action,named_owner|explicit_commitment_verb|deliverable_object|deadline_or_sequence,budget,speech_act_004_budget,train,ai_authored_speech_act_contrast_v1,assistant_reviewed_candidate,high,Label and negative-state relationship checked against canonical staged semantics.
csa_0079,"Lead: Can you circulate the revised department forecast?
Theo: Yes.
Lead: Can you finish by before lunch?
Theo: That works.",distributed_request_acceptance,action_commitment,confirmed_action,named_owner|explicit_commitment_verb|deliverable_object|deadline_or_sequence,budget,speech_act_004_budget,train,ai_authored_speech_act_contrast_v1,assistant_reviewed_candidate,high,Label and negative-state relationship checked against canonical staged semantics.
csa_0080,Theo to circulate the revised department forecast; due before lunch.,minutes_assignment,action_commitment,confirmed_action,named_owner|explicit_commitment_verb|deliverable_object|deadline_or_sequence,budget,speech_act_004_budget,train,ai_authored_speech_act_contrast_v1,assistant_reviewed_candidate,high,Label and negative-state relationship checked against canonical staged semantics.
csa_0081,"Actions recap: Theo, you're taking the item to circulate the revised department forecast. Theo: Correct, by before lunch.",recap_assignment,action_commitment,confirmed_action,named_owner|explicit_commitment_verb|deliverable_object|deadline_or_sequence,budget,speech_act_004_budget,train,ai_authored_speech_act_contrast_v1,assistant_reviewed_candidate,high,Label and negative-state relationship checked against canonical staged semantics.
csa_0082,We need someone to circulate the revised department forecast. Theo: Leave that with me; before lunch is fine.,contextual_volunteer,action_commitment,confirmed_action,named_owner|explicit_commitment_verb|deliverable_object|deadline_or_sequence,budget,speech_act_004_budget,train,ai_authored_speech_act_contrast_v1,assistant_reviewed_candidate,high,Label and negative-state relationship checked against canonical staged semantics.
csa_0083,"We need to circulate the revised department forecast, but nobody accepted ownership or timing.",ownerless_need,discussion_topic,possible_action,explicit_commitment_verb|deliverable_object,budget,speech_act_004_budget,train,ai_authored_speech_act_contrast_v1,assistant_reviewed_candidate,medium,Label and negative-state relationship checked against canonical staged semantics.
csa_0084,It would help to circulate the revised department forecast. The group moved on without assigning it.,unassigned_suggestion,discussion_topic,possible_action,deliverable_object,budget,speech_act_004_budget,train,ai_authored_speech_act_contrast_v1,assistant_reviewed_candidate,medium,Label and negative-state relationship checked against canonical staged semantics.
csa_0085,"Perhaps Theo could circulate the revised department forecast if there is time, but this was not agreed.",hypothetical,discussion_topic,not_action,named_owner|deliverable_object|hypothetical_language,budget,speech_act_004_budget,train,ai_authored_speech_act_contrast_v1,assistant_reviewed_candidate,high,Label and negative-state relationship checked against canonical staged semantics.
csa_0086,"Theo: I might circulate the revised department forecast, depending on capacity. Lead: Treat that as an idea, not an action.",explicitly_uncommitted,discussion_topic,not_action,named_owner|deliverable_object|hypothetical_language,budget,speech_act_004_budget,train,ai_authored_speech_act_contrast_v1,assistant_reviewed_candidate,high,Label and negative-state relationship checked against canonical staged semantics.
csa_0087,Theo already completed the work to circulate the revised department forecast yesterday.,completed_history,background_context,completed_history,named_owner|deliverable_object|completed_tense,budget,speech_act_004_budget,train,ai_authored_speech_act_contrast_v1,assistant_reviewed_candidate,high,Label and negative-state relationship checked against canonical staged semantics.
csa_0088,Lead: Theo should circulate the revised department forecast. Theo: That's already done; it closed yesterday.,completed_correction,background_context,completed_history,named_owner|deliverable_object|completed_tense,budget,speech_act_004_budget,train,ai_authored_speech_act_contrast_v1,assistant_reviewed_candidate,high,Label and negative-state relationship checked against canonical staged semantics.
csa_0089,Do not circulate the revised department forecast; that proposed action has been cancelled.,rejection,decision_agreement,not_action,deliverable_object|decision_language,budget,speech_act_004_budget,train,ai_authored_speech_act_contrast_v1,assistant_reviewed_candidate,high,Label and negative-state relationship checked against canonical staged semantics.
csa_0090,Earlier we asked Theo to circulate the revised department forecast. That assignment is withdrawn and must not remain open.,superseded_action,decision_agreement,not_action,named_owner|deliverable_object|decision_language,budget,speech_act_004_budget,train,ai_authored_speech_act_contrast_v1,assistant_reviewed_candidate,high,Label and negative-state relationship checked against canonical staged semantics.
csa_0091,The team agreed to defer the contractor extension.,decision,decision_agreement,not_action,decision_language|deliverable_object,budget,speech_act_004_budget,train,ai_authored_speech_act_contrast_v1,assistant_reviewed_candidate,high,Label and negative-state relationship checked against canonical staged semantics.
csa_0092,"Option A was discussed, but the final position is to defer the contractor extension.",decision_after_alternative,decision_agreement,not_action,decision_language|deliverable_object,budget,speech_act_004_budget,train,ai_authored_speech_act_contrast_v1,assistant_reviewed_candidate,high,Label and negative-state relationship checked against canonical staged semantics.
csa_0093,"Lead: Shall we defer the contractor extension?
Team: Agreed. That's the approach we will use.",proposal_acceptance_decision,decision_agreement,not_action,decision_language|deliverable_object,budget,speech_act_004_budget,train,ai_authored_speech_act_contrast_v1,assistant_reviewed_candidate,high,Label and negative-state relationship checked against canonical staged semantics.
csa_0094,"One option would be to defer the contractor extension, although no decision was made.",unconfirmed_option,discussion_topic,not_action,hypothetical_language|deliverable_object,budget,speech_act_004_budget,train,ai_authored_speech_act_contrast_v1,assistant_reviewed_candidate,high,Label and negative-state relationship checked against canonical staged semantics.
csa_0095,The team identified that exchange-rate movement could exceed the travel budget.,risk,risk_dependency,not_action,risk_language|deliverable_object,budget,speech_act_004_budget,train,ai_authored_speech_act_contrast_v1,assistant_reviewed_candidate,high,Label and negative-state relationship checked against canonical staged semantics.
csa_0096,"If the dependency is not resolved, exchange-rate movement could exceed the travel budget. The issue remains open.",conditional_risk,risk_dependency,not_action,risk_language|deliverable_object,budget,speech_act_004_budget,train,ai_authored_speech_act_contrast_v1,assistant_reviewed_candidate,high,Label and negative-state relationship checked against canonical staged semantics.
csa_0097,"The team checked whether exchange-rate movement could exceed the travel budget, but evidence confirmed the exposure is closed and no monitoring is required.",closed_risk_negative,background_context,not_action,deliverable_object|completed_tense,budget,speech_act_004_budget,train,ai_authored_speech_act_contrast_v1,assistant_reviewed_candidate,medium,Label and negative-state relationship checked against canonical staged semantics.
csa_0098,The current position is that the budget work remains in progress.,informational,background_context,not_action,,budget,speech_act_004_budget,train,ai_authored_speech_act_contrast_v1,assistant_reviewed_candidate,high,Label and negative-state relationship checked against canonical staged semantics.
csa_0099,Can everyone see the budget screen? We will pause for two minutes before continuing.,administrative,low_value_noise,not_action,,budget,speech_act_004_budget,train,ai_authored_speech_act_contrast_v1,assistant_reviewed_candidate,high,Label and negative-state relationship checked against canonical staged semantics.
csa_0100,"Theo: I promise I'll bring coffee to the next budget call. This is social chat, not project work.",social_false_commitment,low_value_noise,not_action,named_owner,budget,speech_act_004_budget,train,ai_authored_speech_act_contrast_v1,assistant_reviewed_candidate,high,Label and negative-state relationship checked against canonical staged semantics.
csa_0101,Inez: I'll create separate queues for complex support cases by next Tuesday.,commitment,action_commitment,confirmed_action,named_owner|explicit_commitment_verb|deliverable_object|deadline_or_sequence,customer_support,speech_act_005_customer_support,train,ai_authored_speech_act_contrast_v1,assistant_reviewed_candidate,high,Label and negative-state relationship checked against canonical staged semantics.
csa_0102,Inez: I can create separate queues for complex support cases. I'll have it done by next Tuesday.,volunteer_commitment,action_commitment,confirmed_action,named_owner|explicit_commitment_verb|deliverable_object|deadline_or_sequence,customer_support,speech_act_005_customer_support,train,ai_authored_speech_act_contrast_v1,assistant_reviewed_candidate,high,Label and negative-state relationship checked against canonical staged semantics.
csa_0103,"Could Inez create separate queues for complex support cases by next Tuesday? Inez: Yes, I'll take that.",request_acceptance_thread,action_commitment,confirmed_action,named_owner|explicit_commitment_verb|deliverable_object|deadline_or_sequence,customer_support,speech_act_005_customer_support,train,ai_authored_speech_act_contrast_v1,assistant_reviewed_candidate,high,Label and negative-state relationship checked against canonical staged semantics.
csa_0104,"Lead: Can you create separate queues for complex support cases?
Inez: Yes.
Lead: Can you finish by next Tuesday?
Inez: That works.",distributed_request_acceptance,action_commitment,confirmed_action,named_owner|explicit_commitment_verb|deliverable_object|deadline_or_sequence,customer_support,speech_act_005_customer_support,train,ai_authored_speech_act_contrast_v1,assistant_reviewed_candidate,high,Label and negative-state relationship checked against canonical staged semantics.
csa_0105,Inez to create separate queues for complex support cases; due next Tuesday.,minutes_assignment,action_commitment,confirmed_action,named_owner|explicit_commitment_verb|deliverable_object|deadline_or_sequence,customer_support,speech_act_005_customer_support,train,ai_authored_speech_act_contrast_v1,assistant_reviewed_candidate,high,Label and negative-state relationship checked against canonical staged semantics.
csa_0106,"Actions recap: Inez, you're taking the item to create separate queues for complex support cases. Inez: Correct, by next Tuesday.",recap_assignment,action_commitment,confirmed_action,named_owner|explicit_commitment_verb|deliverable_object|deadline_or_sequence,customer_support,speech_act_005_customer_support,train,ai_authored_speech_act_contrast_v1,assistant_reviewed_candidate,high,Label and negative-state relationship checked against canonical staged semantics.
csa_0107,We need someone to create separate queues for complex support cases. Inez: Leave that with me; next Tuesday is fine.,contextual_volunteer,action_commitment,confirmed_action,named_owner|explicit_commitment_verb|deliverable_object|deadline_or_sequence,customer_support,speech_act_005_customer_support,train,ai_authored_speech_act_contrast_v1,assistant_reviewed_candidate,high,Label and negative-state relationship checked against canonical staged semantics.
csa_0108,"We need to create separate queues for complex support cases, but nobody accepted ownership or timing.",ownerless_need,discussion_topic,possible_action,explicit_commitment_verb|deliverable_object,customer_support,speech_act_005_customer_support,train,ai_authored_speech_act_contrast_v1,assistant_reviewed_candidate,medium,Label and negative-state relationship checked against canonical staged semantics.
csa_0109,It would help to create separate queues for complex support cases. The group moved on without assigning it.,unassigned_suggestion,discussion_topic,possible_action,deliverable_object,customer_support,speech_act_005_customer_support,train,ai_authored_speech_act_contrast_v1,assistant_reviewed_candidate,medium,Label and negative-state relationship checked against canonical staged semantics.
csa_0110,"Perhaps Inez could create separate queues for complex support cases if there is time, but this was not agreed.",hypothetical,discussion_topic,not_action,named_owner|deliverable_object|hypothetical_language,customer_support,speech_act_005_customer_support,train,ai_authored_speech_act_contrast_v1,assistant_reviewed_candidate,high,Label and negative-state relationship checked against canonical staged semantics.
csa_0111,"Inez: I might create separate queues for complex support cases, depending on capacity. Lead: Treat that as an idea, not an action.",explicitly_uncommitted,discussion_topic,not_action,named_owner|deliverable_object|hypothetical_language,customer_support,speech_act_005_customer_support,train,ai_authored_speech_act_contrast_v1,assistant_reviewed_candidate,high,Label and negative-state relationship checked against canonical staged semantics.
csa_0112,Inez already completed the work to create separate queues for complex support cases yesterday.,completed_history,background_context,completed_history,named_owner|deliverable_object|completed_tense,customer_support,speech_act_005_customer_support,train,ai_authored_speech_act_contrast_v1,assistant_reviewed_candidate,high,Label and negative-state relationship checked against canonical staged semantics.
csa_0113,Lead: Inez should create separate queues for complex support cases. Inez: That's already done; it closed yesterday.,completed_correction,background_context,completed_history,named_owner|deliverable_object|completed_tense,customer_support,speech_act_005_customer_support,train,ai_authored_speech_act_contrast_v1,assistant_reviewed_candidate,high,Label and negative-state relationship checked against canonical staged semantics.
csa_0114,Do not create separate queues for complex support cases; that proposed action has been cancelled.,rejection,decision_agreement,not_action,deliverable_object|decision_language,customer_support,speech_act_005_customer_support,train,ai_authored_speech_act_contrast_v1,assistant_reviewed_candidate,high,Label and negative-state relationship checked against canonical staged semantics.
csa_0115,Earlier we asked Inez to create separate queues for complex support cases. That assignment is withdrawn and must not remain open.,superseded_action,decision_agreement,not_action,named_owner|deliverable_object|decision_language,customer_support,speech_act_005_customer_support,train,ai_authored_speech_act_contrast_v1,assistant_reviewed_candidate,high,Label and negative-state relationship checked against canonical staged semantics.
csa_0116,The team agreed to pilot specialist triage for one month.,decision,decision_agreement,not_action,decision_language|deliverable_object,customer_support,speech_act_005_customer_support,train,ai_authored_speech_act_contrast_v1,assistant_reviewed_candidate,high,Label and negative-state relationship checked against canonical staged semantics.
csa_0117,"Option A was discussed, but the final position is to pilot specialist triage for one month.",decision_after_alternative,decision_agreement,not_action,decision_language|deliverable_object,customer_support,speech_act_005_customer_support,train,ai_authored_speech_act_contrast_v1,assistant_reviewed_candidate,high,Label and negative-state relationship checked against canonical staged semantics.
csa_0118,"Lead: Shall we pilot specialist triage for one month?
Team: Agreed. That's the approach we will use.",proposal_acceptance_decision,decision_agreement,not_action,decision_language|deliverable_object,customer_support,speech_act_005_customer_support,train,ai_authored_speech_act_contrast_v1,assistant_reviewed_candidate,high,Label and negative-state relationship checked against canonical staged semantics.
csa_0119,"One option would be to pilot specialist triage for one month, although no decision was made.",unconfirmed_option,discussion_topic,not_action,hypothetical_language|deliverable_object,customer_support,speech_act_005_customer_support,train,ai_authored_speech_act_contrast_v1,assistant_reviewed_candidate,high,Label and negative-state relationship checked against canonical staged semantics.
csa_0120,The team identified that urgent cases may remain hidden in the general queue.,risk,risk_dependency,not_action,risk_language|deliverable_object,customer_support,speech_act_005_customer_support,train,ai_authored_speech_act_contrast_v1,assistant_reviewed_candidate,high,Label and negative-state relationship checked against canonical staged semantics.
csa_0121,"If the dependency is not resolved, urgent cases may remain hidden in the general queue. The issue remains open.",conditional_risk,risk_dependency,not_action,risk_language|deliverable_object,customer_support,speech_act_005_customer_support,train,ai_authored_speech_act_contrast_v1,assistant_reviewed_candidate,high,Label and negative-state relationship checked against canonical staged semantics.
csa_0122,"The team checked whether urgent cases may remain hidden in the general queue, but evidence confirmed the exposure is closed and no monitoring is required.",closed_risk_negative,background_context,not_action,deliverable_object|completed_tense,customer_support,speech_act_005_customer_support,train,ai_authored_speech_act_contrast_v1,assistant_reviewed_candidate,medium,Label and negative-state relationship checked against canonical staged semantics.
csa_0123,The current position is that the customer support work remains in progress.,informational,background_context,not_action,,customer_support,speech_act_005_customer_support,train,ai_authored_speech_act_contrast_v1,assistant_reviewed_candidate,high,Label and negative-state relationship checked against canonical staged semantics.
csa_0124,Can everyone see the customer support screen? We will pause for two minutes before continuing.,administrative,low_value_noise,not_action,,customer_support,speech_act_005_customer_support,train,ai_authored_speech_act_contrast_v1,assistant_reviewed_candidate,high,Label and negative-state relationship checked against canonical staged semantics.
csa_0125,"Inez: I promise I'll bring coffee to the next customer support call. This is social chat, not project work.",social_false_commitment,low_value_noise,not_action,named_owner,customer_support,speech_act_005_customer_support,train,ai_authored_speech_act_contrast_v1,assistant_reviewed_candidate,high,Label and negative-state relationship checked against canonical staged semantics.
csa_0126,Ravi: I'll request the supplier insurance certificate by Thursday.,commitment,action_commitment,confirmed_action,named_owner|explicit_commitment_verb|deliverable_object|deadline_or_sequence,supplier,speech_act_006_supplier,train,ai_authored_speech_act_contrast_v1,assistant_reviewed_candidate,high,Label and negative-state relationship checked against canonical staged semantics.
csa_0127,Ravi: I can request the supplier insurance certificate. I'll have it done by Thursday.,volunteer_commitment,action_commitment,confirmed_action,named_owner|explicit_commitment_verb|deliverable_object|deadline_or_sequence,supplier,speech_act_006_supplier,train,ai_authored_speech_act_contrast_v1,assistant_reviewed_candidate,high,Label and negative-state relationship checked against canonical staged semantics.
csa_0128,"Could Ravi request the supplier insurance certificate by Thursday? Ravi: Yes, I'll take that.",request_acceptance_thread,action_commitment,confirmed_action,named_owner|explicit_commitment_verb|deliverable_object|deadline_or_sequence,supplier,speech_act_006_supplier,train,ai_authored_speech_act_contrast_v1,assistant_reviewed_candidate,high,Label and negative-state relationship checked against canonical staged semantics.
csa_0129,"Lead: Can you request the supplier insurance certificate?
Ravi: Yes.
Lead: Can you finish by Thursday?
Ravi: That works.",distributed_request_acceptance,action_commitment,confirmed_action,named_owner|explicit_commitment_verb|deliverable_object|deadline_or_sequence,supplier,speech_act_006_supplier,train,ai_authored_speech_act_contrast_v1,assistant_reviewed_candidate,high,Label and negative-state relationship checked against canonical staged semantics.
csa_0130,Ravi to request the supplier insurance certificate; due Thursday.,minutes_assignment,action_commitment,confirmed_action,named_owner|explicit_commitment_verb|deliverable_object|deadline_or_sequence,supplier,speech_act_006_supplier,train,ai_authored_speech_act_contrast_v1,assistant_reviewed_candidate,high,Label and negative-state relationship checked against canonical staged semantics.
csa_0131,"Actions recap: Ravi, you're taking the item to request the supplier insurance certificate. Ravi: Correct, by Thursday.",recap_assignment,action_commitment,confirmed_action,named_owner|explicit_commitment_verb|deliverable_object|deadline_or_sequence,supplier,speech_act_006_supplier,train,ai_authored_speech_act_contrast_v1,assistant_reviewed_candidate,high,Label and negative-state relationship checked against canonical staged semantics.
csa_0132,We need someone to request the supplier insurance certificate. Ravi: Leave that with me; Thursday is fine.,contextual_volunteer,action_commitment,confirmed_action,named_owner|explicit_commitment_verb|deliverable_object|deadline_or_sequence,supplier,speech_act_006_supplier,train,ai_authored_speech_act_contrast_v1,assistant_reviewed_candidate,high,Label and negative-state relationship checked against canonical staged semantics.
csa_0133,"We need to request the supplier insurance certificate, but nobody accepted ownership or timing.",ownerless_need,discussion_topic,possible_action,explicit_commitment_verb|deliverable_object,supplier,speech_act_006_supplier,train,ai_authored_speech_act_contrast_v1,assistant_reviewed_candidate,medium,Label and negative-state relationship checked against canonical staged semantics.
csa_0134,It would help to request the supplier insurance certificate. The group moved on without assigning it.,unassigned_suggestion,discussion_topic,possible_action,deliverable_object,supplier,speech_act_006_supplier,train,ai_authored_speech_act_contrast_v1,assistant_reviewed_candidate,medium,Label and negative-state relationship checked against canonical staged semantics.
csa_0135,"Perhaps Ravi could request the supplier insurance certificate if there is time, but this was not agreed.",hypothetical,discussion_topic,not_action,named_owner|deliverable_object|hypothetical_language,supplier,speech_act_006_supplier,train,ai_authored_speech_act_contrast_v1,assistant_reviewed_candidate,high,Label and negative-state relationship checked against canonical staged semantics.
csa_0136,"Ravi: I might request the supplier insurance certificate, depending on capacity. Lead: Treat that as an idea, not an action.",explicitly_uncommitted,discussion_topic,not_action,named_owner|deliverable_object|hypothetical_language,supplier,speech_act_006_supplier,train,ai_authored_speech_act_contrast_v1,assistant_reviewed_candidate,high,Label and negative-state relationship checked against canonical staged semantics.
csa_0137,Ravi already completed the work to request the supplier insurance certificate yesterday.,completed_history,background_context,completed_history,named_owner|deliverable_object|completed_tense,supplier,speech_act_006_supplier,train,ai_authored_speech_act_contrast_v1,assistant_reviewed_candidate,high,Label and negative-state relationship checked against canonical staged semantics.
csa_0138,Lead: Ravi should request the supplier insurance certificate. Ravi: That's already done; it closed yesterday.,completed_correction,background_context,completed_history,named_owner|deliverable_object|completed_tense,supplier,speech_act_006_supplier,train,ai_authored_speech_act_contrast_v1,assistant_reviewed_candidate,high,Label and negative-state relationship checked against canonical staged semantics.
csa_0139,Do not request the supplier insurance certificate; that proposed action has been cancelled.,rejection,decision_agreement,not_action,deliverable_object|decision_language,supplier,speech_act_006_supplier,train,ai_authored_speech_act_contrast_v1,assistant_reviewed_candidate,high,Label and negative-state relationship checked against canonical staged semantics.
csa_0140,Earlier we asked Ravi to request the supplier insurance certificate. That assignment is withdrawn and must not remain open.,superseded_action,decision_agreement,not_action,named_owner|deliverable_object|decision_language,supplier,speech_act_006_supplier,train,ai_authored_speech_act_contrast_v1,assistant_reviewed_candidate,high,Label and negative-state relationship checked against canonical staged semantics.
csa_0141,The team agreed to approve onboarding only after due diligence.,decision,decision_agreement,not_action,decision_language|deliverable_object,supplier,speech_act_006_supplier,train,ai_authored_speech_act_contrast_v1,assistant_reviewed_candidate,high,Label and negative-state relationship checked against canonical staged semantics.
csa_0142,"Option A was discussed, but the final position is to approve onboarding only after due diligence.",decision_after_alternative,decision_agreement,not_action,decision_language|deliverable_object,supplier,speech_act_006_supplier,train,ai_authored_speech_act_contrast_v1,assistant_reviewed_candidate,high,Label and negative-state relationship checked against canonical staged semantics.
csa_0143,"Lead: Shall we approve onboarding only after due diligence?
Team: Agreed. That's the approach we will use.",proposal_acceptance_decision,decision_agreement,not_action,decision_language|deliverable_object,supplier,speech_act_006_supplier,train,ai_authored_speech_act_contrast_v1,assistant_reviewed_candidate,high,Label and negative-state relationship checked against canonical staged semantics.
csa_0144,"One option would be to approve onboarding only after due diligence, although no decision was made.",unconfirmed_option,discussion_topic,not_action,hypothetical_language|deliverable_object,supplier,speech_act_006_supplier,train,ai_authored_speech_act_contrast_v1,assistant_reviewed_candidate,high,Label and negative-state relationship checked against canonical staged semantics.
csa_0145,The team identified that missing insurance evidence could postpone onboarding.,risk,risk_dependency,not_action,risk_language|deliverable_object,supplier,speech_act_006_supplier,train,ai_authored_speech_act_contrast_v1,assistant_reviewed_candidate,high,Label and negative-state relationship checked against canonical staged semantics.
csa_0146,"If the dependency is not resolved, missing insurance evidence could postpone onboarding. The issue remains open.",conditional_risk,risk_dependency,not_action,risk_language|deliverable_object,supplier,speech_act_006_supplier,train,ai_authored_speech_act_contrast_v1,assistant_reviewed_candidate,high,Label and negative-state relationship checked against canonical staged semantics.
csa_0147,"The team checked whether missing insurance evidence could postpone onboarding, but evidence confirmed the exposure is closed and no monitoring is required.",closed_risk_negative,background_context,not_action,deliverable_object|completed_tense,supplier,speech_act_006_supplier,train,ai_authored_speech_act_contrast_v1,assistant_reviewed_candidate,medium,Label and negative-state relationship checked against canonical staged semantics.
csa_0148,The current position is that the supplier work remains in progress.,informational,background_context,not_action,,supplier,speech_act_006_supplier,train,ai_authored_speech_act_contrast_v1,assistant_reviewed_candidate,high,Label and negative-state relationship checked against canonical staged semantics.
csa_0149,Can everyone see the supplier screen? We will pause for two minutes before continuing.,administrative,low_value_noise,not_action,,supplier,speech_act_006_supplier,train,ai_authored_speech_act_contrast_v1,assistant_reviewed_candidate,high,Label and negative-state relationship checked against canonical staged semantics.
csa_0150,"Ravi: I promise I'll bring coffee to the next supplier call. This is social chat, not project work.",social_false_commitment,low_value_noise,not_action,named_owner,supplier,speech_act_006_supplier,train,ai_authored_speech_act_contrast_v1,assistant_reviewed_candidate,high,Label and negative-state relationship checked against canonical staged semantics.
csa_0151,Chloe: I'll shorten the product demonstration by Wednesday.,commitment,action_commitment,confirmed_action,named_owner|explicit_commitment_verb|deliverable_object|deadline_or_sequence,webinar,speech_act_007_webinar,test,ai_authored_speech_act_contrast_v1,assistant_reviewed_candidate,high,Label and negative-state relationship checked against canonical staged semantics.
csa_0152,Chloe: I can shorten the product demonstration. I'll have it done by Wednesday.,volunteer_commitment,action_commitment,confirmed_action,named_owner|explicit_commitment_verb|deliverable_object|deadline_or_sequence,webinar,speech_act_007_webinar,test,ai_authored_speech_act_contrast_v1,assistant_reviewed_candidate,high,Label and negative-state relationship checked against canonical staged semantics.
csa_0153,"Could Chloe shorten the product demonstration by Wednesday? Chloe: Yes, I'll take that.",request_acceptance_thread,action_commitment,confirmed_action,named_owner|explicit_commitment_verb|deliverable_object|deadline_or_sequence,webinar,speech_act_007_webinar,test,ai_authored_speech_act_contrast_v1,assistant_reviewed_candidate,high,Label and negative-state relationship checked against canonical staged semantics.
csa_0154,"Lead: Can you shorten the product demonstration?
Chloe: Yes.
Lead: Can you finish by Wednesday?
Chloe: That works.",distributed_request_acceptance,action_commitment,confirmed_action,named_owner|explicit_commitment_verb|deliverable_object|deadline_or_sequence,webinar,speech_act_007_webinar,test,ai_authored_speech_act_contrast_v1,assistant_reviewed_candidate,high,Label and negative-state relationship checked against canonical staged semantics.
csa_0155,Chloe to shorten the product demonstration; due Wednesday.,minutes_assignment,action_commitment,confirmed_action,named_owner|explicit_commitment_verb|deliverable_object|deadline_or_sequence,webinar,speech_act_007_webinar,test,ai_authored_speech_act_contrast_v1,assistant_reviewed_candidate,high,Label and negative-state relationship checked against canonical staged semantics.
csa_0156,"Actions recap: Chloe, you're taking the item to shorten the product demonstration. Chloe: Correct, by Wednesday.",recap_assignment,action_commitment,confirmed_action,named_owner|explicit_commitment_verb|deliverable_object|deadline_or_sequence,webinar,speech_act_007_webinar,test,ai_authored_speech_act_contrast_v1,assistant_reviewed_candidate,high,Label and negative-state relationship checked against canonical staged semantics.
csa_0157,We need someone to shorten the product demonstration. Chloe: Leave that with me; Wednesday is fine.,contextual_volunteer,action_commitment,confirmed_action,named_owner|explicit_commitment_verb|deliverable_object|deadline_or_sequence,webinar,speech_act_007_webinar,test,ai_authored_speech_act_contrast_v1,assistant_reviewed_candidate,high,Label and negative-state relationship checked against canonical staged semantics.
csa_0158,"We need to shorten the product demonstration, but nobody accepted ownership or timing.",ownerless_need,discussion_topic,possible_action,explicit_commitment_verb|deliverable_object,webinar,speech_act_007_webinar,test,ai_authored_speech_act_contrast_v1,assistant_reviewed_candidate,medium,Label and negative-state relationship checked against canonical staged semantics.
csa_0159,It would help to shorten the product demonstration. The group moved on without assigning it.,unassigned_suggestion,discussion_topic,possible_action,deliverable_object,webinar,speech_act_007_webinar,test,ai_authored_speech_act_contrast_v1,assistant_reviewed_candidate,medium,Label and negative-state relationship checked against canonical staged semantics.
csa_0160,"Perhaps Chloe could shorten the product demonstration if there is time, but this was not agreed.",hypothetical,discussion_topic,not_action,named_owner|deliverable_object|hypothetical_language,webinar,speech_act_007_webinar,test,ai_authored_speech_act_contrast_v1,assistant_reviewed_candidate,high,Label and negative-state relationship checked against canonical staged semantics.
csa_0161,"Chloe: I might shorten the product demonstration, depending on capacity. Lead: Treat that as an idea, not an action.",explicitly_uncommitted,discussion_topic,not_action,named_owner|deliverable_object|hypothetical_language,webinar,speech_act_007_webinar,test,ai_authored_speech_act_contrast_v1,assistant_reviewed_candidate,high,Label and negative-state relationship checked against canonical staged semantics.
csa_0162,Chloe already completed the work to shorten the product demonstration yesterday.,completed_history,background_context,completed_history,named_owner|deliverable_object|completed_tense,webinar,speech_act_007_webinar,test,ai_authored_speech_act_contrast_v1,assistant_reviewed_candidate,high,Label and negative-state relationship checked against canonical staged semantics.
csa_0163,Lead: Chloe should shorten the product demonstration. Chloe: That's already done; it closed yesterday.,completed_correction,background_context,completed_history,named_owner|deliverable_object|completed_tense,webinar,speech_act_007_webinar,test,ai_authored_speech_act_contrast_v1,assistant_reviewed_candidate,high,Label and negative-state relationship checked against canonical staged semantics.
csa_0164,Do not shorten the product demonstration; that proposed action has been cancelled.,rejection,decision_agreement,not_action,deliverable_object|decision_language,webinar,speech_act_007_webinar,test,ai_authored_speech_act_contrast_v1,assistant_reviewed_candidate,high,Label and negative-state relationship checked against canonical staged semantics.
csa_0165,Earlier we asked Chloe to shorten the product demonstration. That assignment is withdrawn and must not remain open.,superseded_action,decision_agreement,not_action,named_owner|deliverable_object|decision_language,webinar,speech_act_007_webinar,test,ai_authored_speech_act_contrast_v1,assistant_reviewed_candidate,high,Label and negative-state relationship checked against canonical staged semantics.
csa_0166,The team agreed to reserve the final fifteen minutes for questions.,decision,decision_agreement,not_action,decision_language|deliverable_object,webinar,speech_act_007_webinar,test,ai_authored_speech_act_contrast_v1,assistant_reviewed_candidate,high,Label and negative-state relationship checked against canonical staged semantics.
csa_0167,"Option A was discussed, but the final position is to reserve the final fifteen minutes for questions.",decision_after_alternative,decision_agreement,not_action,decision_language|deliverable_object,webinar,speech_act_007_webinar,test,ai_authored_speech_act_contrast_v1,assistant_reviewed_candidate,high,Label and negative-state relationship checked against canonical staged semantics.
csa_0168,"Lead: Shall we reserve the final fifteen minutes for questions?
Team: Agreed. That's the approach we will use.",proposal_acceptance_decision,decision_agreement,not_action,decision_language|deliverable_object,webinar,speech_act_007_webinar,test,ai_authored_speech_act_contrast_v1,assistant_reviewed_candidate,high,Label and negative-state relationship checked against canonical staged semantics.
csa_0169,"One option would be to reserve the final fifteen minutes for questions, although no decision was made.",unconfirmed_option,discussion_topic,not_action,hypothetical_language|deliverable_object,webinar,speech_act_007_webinar,test,ai_authored_speech_act_contrast_v1,assistant_reviewed_candidate,high,Label and negative-state relationship checked against canonical staged semantics.
csa_0170,The team identified that a long demonstration could crowd out questions.,risk,risk_dependency,not_action,risk_language|deliverable_object,webinar,speech_act_007_webinar,test,ai_authored_speech_act_contrast_v1,assistant_reviewed_candidate,high,Label and negative-state relationship checked against canonical staged semantics.
csa_0171,"If the dependency is not resolved, a long demonstration could crowd out questions. The issue remains open.",conditional_risk,risk_dependency,not_action,risk_language|deliverable_object,webinar,speech_act_007_webinar,test,ai_authored_speech_act_contrast_v1,assistant_reviewed_candidate,high,Label and negative-state relationship checked against canonical staged semantics.
csa_0172,"The team checked whether a long demonstration could crowd out questions, but evidence confirmed the exposure is closed and no monitoring is required.",closed_risk_negative,background_context,not_action,deliverable_object|completed_tense,webinar,speech_act_007_webinar,test,ai_authored_speech_act_contrast_v1,assistant_reviewed_candidate,medium,Label and negative-state relationship checked against canonical staged semantics.
csa_0173,The current position is that the webinar work remains in progress.,informational,background_context,not_action,,webinar,speech_act_007_webinar,test,ai_authored_speech_act_contrast_v1,assistant_reviewed_candidate,high,Label and negative-state relationship checked against canonical staged semantics.
csa_0174,Can everyone see the webinar screen? We will pause for two minutes before continuing.,administrative,low_value_noise,not_action,,webinar,speech_act_007_webinar,test,ai_authored_speech_act_contrast_v1,assistant_reviewed_candidate,high,Label and negative-state relationship checked against canonical staged semantics.
csa_0175,"Chloe: I promise I'll bring coffee to the next webinar call. This is social chat, not project work.",social_false_commitment,low_value_noise,not_action,named_owner,webinar,speech_act_007_webinar,test,ai_authored_speech_act_contrast_v1,assistant_reviewed_candidate,high,Label and negative-state relationship checked against canonical staged semantics.
csa_0176,Jonah: I'll disable the legacy file-transfer account by end of day.,commitment,action_commitment,confirmed_action,named_owner|explicit_commitment_verb|deliverable_object|deadline_or_sequence,security,speech_act_008_security,validation,ai_authored_speech_act_contrast_v1,assistant_reviewed_candidate,high,Label and negative-state relationship checked against canonical staged semantics.
csa_0177,Jonah: I can disable the legacy file-transfer account. I'll have it done by end of day.,volunteer_commitment,action_commitment,confirmed_action,named_owner|explicit_commitment_verb|deliverable_object|deadline_or_sequence,security,speech_act_008_security,validation,ai_authored_speech_act_contrast_v1,assistant_reviewed_candidate,high,Label and negative-state relationship checked against canonical staged semantics.
csa_0178,"Could Jonah disable the legacy file-transfer account by end of day? Jonah: Yes, I'll take that.",request_acceptance_thread,action_commitment,confirmed_action,named_owner|explicit_commitment_verb|deliverable_object|deadline_or_sequence,security,speech_act_008_security,validation,ai_authored_speech_act_contrast_v1,assistant_reviewed_candidate,high,Label and negative-state relationship checked against canonical staged semantics.
csa_0179,"Lead: Can you disable the legacy file-transfer account?
Jonah: Yes.
Lead: Can you finish by end of day?
Jonah: That works.",distributed_request_acceptance,action_commitment,confirmed_action,named_owner|explicit_commitment_verb|deliverable_object|deadline_or_sequence,security,speech_act_008_security,validation,ai_authored_speech_act_contrast_v1,assistant_reviewed_candidate,high,Label and negative-state relationship checked against canonical staged semantics.
csa_0180,Jonah to disable the legacy file-transfer account; due end of day.,minutes_assignment,action_commitment,confirmed_action,named_owner|explicit_commitment_verb|deliverable_object|deadline_or_sequence,security,speech_act_008_security,validation,ai_authored_speech_act_contrast_v1,assistant_reviewed_candidate,high,Label and negative-state relationship checked against canonical staged semantics.
csa_0181,"Actions recap: Jonah, you're taking the item to disable the legacy file-transfer account. Jonah: Correct, by end of day.",recap_assignment,action_commitment,confirmed_action,named_owner|explicit_commitment_verb|deliverable_object|deadline_or_sequence,security,speech_act_008_security,validation,ai_authored_speech_act_contrast_v1,assistant_reviewed_candidate,high,Label and negative-state relationship checked against canonical staged semantics.
csa_0182,We need someone to disable the legacy file-transfer account. Jonah: Leave that with me; end of day is fine.,contextual_volunteer,action_commitment,confirmed_action,named_owner|explicit_commitment_verb|deliverable_object|deadline_or_sequence,security,speech_act_008_security,validation,ai_authored_speech_act_contrast_v1,assistant_reviewed_candidate,high,Label and negative-state relationship checked against canonical staged semantics.
csa_0183,"We need to disable the legacy file-transfer account, but nobody accepted ownership or timing.",ownerless_need,discussion_topic,possible_action,explicit_commitment_verb|deliverable_object,security,speech_act_008_security,validation,ai_authored_speech_act_contrast_v1,assistant_reviewed_candidate,medium,Label and negative-state relationship checked against canonical staged semantics.
csa_0184,It would help to disable the legacy file-transfer account. The group moved on without assigning it.,unassigned_suggestion,discussion_topic,possible_action,deliverable_object,security,speech_act_008_security,validation,ai_authored_speech_act_contrast_v1,assistant_reviewed_candidate,medium,Label and negative-state relationship checked against canonical staged semantics.
csa_0185,"Perhaps Jonah could disable the legacy file-transfer account if there is time, but this was not agreed.",hypothetical,discussion_topic,not_action,named_owner|deliverable_object|hypothetical_language,security,speech_act_008_security,validation,ai_authored_speech_act_contrast_v1,assistant_reviewed_candidate,high,Label and negative-state relationship checked against canonical staged semantics.
csa_0186,"Jonah: I might disable the legacy file-transfer account, depending on capacity. Lead: Treat that as an idea, not an action.",explicitly_uncommitted,discussion_topic,not_action,named_owner|deliverable_object|hypothetical_language,security,speech_act_008_security,validation,ai_authored_speech_act_contrast_v1,assistant_reviewed_candidate,high,Label and negative-state relationship checked against canonical staged semantics.
csa_0187,Jonah already completed the work to disable the legacy file-transfer account yesterday.,completed_history,background_context,completed_history,named_owner|deliverable_object|completed_tense,security,speech_act_008_security,validation,ai_authored_speech_act_contrast_v1,assistant_reviewed_candidate,high,Label and negative-state relationship checked against canonical staged semantics.
csa_0188,Lead: Jonah should disable the legacy file-transfer account. Jonah: That's already done; it closed yesterday.,completed_correction,background_context,completed_history,named_owner|deliverable_object|completed_tense,security,speech_act_008_security,validation,ai_authored_speech_act_contrast_v1,assistant_reviewed_candidate,high,Label and negative-state relationship checked against canonical staged semantics.
csa_0189,Do not disable the legacy file-transfer account; that proposed action has been cancelled.,rejection,decision_agreement,not_action,deliverable_object|decision_language,security,speech_act_008_security,validation,ai_authored_speech_act_contrast_v1,assistant_reviewed_candidate,high,Label and negative-state relationship checked against canonical staged semantics.
csa_0190,Earlier we asked Jonah to disable the legacy file-transfer account. That assignment is withdrawn and must not remain open.,superseded_action,decision_agreement,not_action,named_owner|deliverable_object|decision_language,security,speech_act_008_security,validation,ai_authored_speech_act_contrast_v1,assistant_reviewed_candidate,high,Label and negative-state relationship checked against canonical staged semantics.
csa_0191,The team agreed to require multifactor authentication for external access.,decision,decision_agreement,not_action,decision_language|deliverable_object,security,speech_act_008_security,validation,ai_authored_speech_act_contrast_v1,assistant_reviewed_candidate,high,Label and negative-state relationship checked against canonical staged semantics.
csa_0192,"Option A was discussed, but the final position is to require multifactor authentication for external access.",decision_after_alternative,decision_agreement,not_action,decision_language|deliverable_object,security,speech_act_008_security,validation,ai_authored_speech_act_contrast_v1,assistant_reviewed_candidate,high,Label and negative-state relationship checked against canonical staged semantics.
csa_0193,"Lead: Shall we require multifactor authentication for external access?
Team: Agreed. That's the approach we will use.",proposal_acceptance_decision,decision_agreement,not_action,decision_language|deliverable_object,security,speech_act_008_security,validation,ai_authored_speech_act_contrast_v1,assistant_reviewed_candidate,high,Label and negative-state relationship checked against canonical staged semantics.
csa_0194,"One option would be to require multifactor authentication for external access, although no decision was made.",unconfirmed_option,discussion_topic,not_action,hypothetical_language|deliverable_object,security,speech_act_008_security,validation,ai_authored_speech_act_contrast_v1,assistant_reviewed_candidate,high,Label and negative-state relationship checked against canonical staged semantics.
csa_0195,The team identified that the legacy account creates an unauthorised-access risk.,risk,risk_dependency,not_action,risk_language|deliverable_object,security,speech_act_008_security,validation,ai_authored_speech_act_contrast_v1,assistant_reviewed_candidate,high,Label and negative-state relationship checked against canonical staged semantics.
csa_0196,"If the dependency is not resolved, the legacy account creates an unauthorised-access risk. The issue remains open.",conditional_risk,risk_dependency,not_action,risk_language|deliverable_object,security,speech_act_008_security,validation,ai_authored_speech_act_contrast_v1,assistant_reviewed_candidate,high,Label and negative-state relationship checked against canonical staged semantics.
csa_0197,"The team checked whether the legacy account creates an unauthorised-access risk, but evidence confirmed the exposure is closed and no monitoring is required.",closed_risk_negative,background_context,not_action,deliverable_object|completed_tense,security,speech_act_008_security,validation,ai_authored_speech_act_contrast_v1,assistant_reviewed_candidate,medium,Label and negative-state relationship checked against canonical staged semantics.
csa_0198,The current position is that the security work remains in progress.,informational,background_context,not_action,,security,speech_act_008_security,validation,ai_authored_speech_act_contrast_v1,assistant_reviewed_candidate,high,Label and negative-state relationship checked against canonical staged semantics.
csa_0199,Can everyone see the security screen? We will pause for two minutes before continuing.,administrative,low_value_noise,not_action,,security,speech_act_008_security,validation,ai_authored_speech_act_contrast_v1,assistant_reviewed_candidate,high,Label and negative-state relationship checked against canonical staged semantics.
csa_0200,"Jonah: I promise I'll bring coffee to the next security call. This is social chat, not project work.",social_false_commitment,low_value_noise,not_action,named_owner,security,speech_act_008_security,validation,ai_authored_speech_act_contrast_v1,assistant_reviewed_candidate,high,Label and negative-state relationship checked against canonical staged semantics.
csa_0201,Amara: I'll redline the termination wording by Monday.,commitment,action_commitment,confirmed_action,named_owner|explicit_commitment_verb|deliverable_object|deadline_or_sequence,contract,speech_act_009_contract,train,ai_authored_speech_act_contrast_v1,assistant_reviewed_candidate,high,Label and negative-state relationship checked against canonical staged semantics.
csa_0202,Amara: I can redline the termination wording. I'll have it done by Monday.,volunteer_commitment,action_commitment,confirmed_action,named_owner|explicit_commitment_verb|deliverable_object|deadline_or_sequence,contract,speech_act_009_contract,train,ai_authored_speech_act_contrast_v1,assistant_reviewed_candidate,high,Label and negative-state relationship checked against canonical staged semantics.
csa_0203,"Could Amara redline the termination wording by Monday? Amara: Yes, I'll take that.",request_acceptance_thread,action_commitment,confirmed_action,named_owner|explicit_commitment_verb|deliverable_object|deadline_or_sequence,contract,speech_act_009_contract,train,ai_authored_speech_act_contrast_v1,assistant_reviewed_candidate,high,Label and negative-state relationship checked against canonical staged semantics.
csa_0204,"Lead: Can you redline the termination wording?
Amara: Yes.
Lead: Can you finish by Monday?
Amara: That works.",distributed_request_acceptance,action_commitment,confirmed_action,named_owner|explicit_commitment_verb|deliverable_object|deadline_or_sequence,contract,speech_act_009_contract,train,ai_authored_speech_act_contrast_v1,assistant_reviewed_candidate,high,Label and negative-state relationship checked against canonical staged semantics.
csa_0205,Amara to redline the termination wording; due Monday.,minutes_assignment,action_commitment,confirmed_action,named_owner|explicit_commitment_verb|deliverable_object|deadline_or_sequence,contract,speech_act_009_contract,train,ai_authored_speech_act_contrast_v1,assistant_reviewed_candidate,high,Label and negative-state relationship checked against canonical staged semantics.
csa_0206,"Actions recap: Amara, you're taking the item to redline the termination wording. Amara: Correct, by Monday.",recap_assignment,action_commitment,confirmed_action,named_owner|explicit_commitment_verb|deliverable_object|deadline_or_sequence,contract,speech_act_009_contract,train,ai_authored_speech_act_contrast_v1,assistant_reviewed_candidate,high,Label and negative-state relationship checked against canonical staged semantics.
csa_0207,We need someone to redline the termination wording. Amara: Leave that with me; Monday is fine.,contextual_volunteer,action_commitment,confirmed_action,named_owner|explicit_commitment_verb|deliverable_object|deadline_or_sequence,contract,speech_act_009_contract,train,ai_authored_speech_act_contrast_v1,assistant_reviewed_candidate,high,Label and negative-state relationship checked against canonical staged semantics.
csa_0208,"We need to redline the termination wording, but nobody accepted ownership or timing.",ownerless_need,discussion_topic,possible_action,explicit_commitment_verb|deliverable_object,contract,speech_act_009_contract,train,ai_authored_speech_act_contrast_v1,assistant_reviewed_candidate,medium,Label and negative-state relationship checked against canonical staged semantics.
csa_0209,It would help to redline the termination wording. The group moved on without assigning it.,unassigned_suggestion,discussion_topic,possible_action,deliverable_object,contract,speech_act_009_contract,train,ai_authored_speech_act_contrast_v1,assistant_reviewed_candidate,medium,Label and negative-state relationship checked against canonical staged semantics.
csa_0210,"Perhaps Amara could redline the termination wording if there is time, but this was not agreed.",hypothetical,discussion_topic,not_action,named_owner|deliverable_object|hypothetical_language,contract,speech_act_009_contract,train,ai_authored_speech_act_contrast_v1,assistant_reviewed_candidate,high,Label and negative-state relationship checked against canonical staged semantics.
csa_0211,"Amara: I might redline the termination wording, depending on capacity. Lead: Treat that as an idea, not an action.",explicitly_uncommitted,discussion_topic,not_action,named_owner|deliverable_object|hypothetical_language,contract,speech_act_009_contract,train,ai_authored_speech_act_contrast_v1,assistant_reviewed_candidate,high,Label and negative-state relationship checked against canonical staged semantics.
csa_0212,Amara already completed the work to redline the termination wording yesterday.,completed_history,background_context,completed_history,named_owner|deliverable_object|completed_tense,contract,speech_act_009_contract,train,ai_authored_speech_act_contrast_v1,assistant_reviewed_candidate,high,Label and negative-state relationship checked against canonical staged semantics.
csa_0213,Lead: Amara should redline the termination wording. Amara: That's already done; it closed yesterday.,completed_correction,background_context,completed_history,named_owner|deliverable_object|completed_tense,contract,speech_act_009_contract,train,ai_authored_speech_act_contrast_v1,assistant_reviewed_candidate,high,Label and negative-state relationship checked against canonical staged semantics.
csa_0214,Do not redline the termination wording; that proposed action has been cancelled.,rejection,decision_agreement,not_action,deliverable_object|decision_language,contract,speech_act_009_contract,train,ai_authored_speech_act_contrast_v1,assistant_reviewed_candidate,high,Label and negative-state relationship checked against canonical staged semantics.
csa_0215,Earlier we asked Amara to redline the termination wording. That assignment is withdrawn and must not remain open.,superseded_action,decision_agreement,not_action,named_owner|deliverable_object|decision_language,contract,speech_act_009_contract,train,ai_authored_speech_act_contrast_v1,assistant_reviewed_candidate,high,Label and negative-state relationship checked against canonical staged semantics.
csa_0216,The team agreed to offer a twelve-month renewal.,decision,decision_agreement,not_action,decision_language|deliverable_object,contract,speech_act_009_contract,train,ai_authored_speech_act_contrast_v1,assistant_reviewed_candidate,high,Label and negative-state relationship checked against canonical staged semantics.
csa_0217,"Option A was discussed, but the final position is to offer a twelve-month renewal.",decision_after_alternative,decision_agreement,not_action,decision_language|deliverable_object,contract,speech_act_009_contract,train,ai_authored_speech_act_contrast_v1,assistant_reviewed_candidate,high,Label and negative-state relationship checked against canonical staged semantics.
csa_0218,"Lead: Shall we offer a twelve-month renewal?
Team: Agreed. That's the approach we will use.",proposal_acceptance_decision,decision_agreement,not_action,decision_language|deliverable_object,contract,speech_act_009_contract,train,ai_authored_speech_act_contrast_v1,assistant_reviewed_candidate,high,Label and negative-state relationship checked against canonical staged semantics.
csa_0219,"One option would be to offer a twelve-month renewal, although no decision was made.",unconfirmed_option,discussion_topic,not_action,hypothetical_language|deliverable_object,contract,speech_act_009_contract,train,ai_authored_speech_act_contrast_v1,assistant_reviewed_candidate,high,Label and negative-state relationship checked against canonical staged semantics.
csa_0220,The team identified that unclear termination wording could prolong negotiation.,risk,risk_dependency,not_action,risk_language|deliverable_object,contract,speech_act_009_contract,train,ai_authored_speech_act_contrast_v1,assistant_reviewed_candidate,high,Label and negative-state relationship checked against canonical staged semantics.
csa_0221,"If the dependency is not resolved, unclear termination wording could prolong negotiation. The issue remains open.",conditional_risk,risk_dependency,not_action,risk_language|deliverable_object,contract,speech_act_009_contract,train,ai_authored_speech_act_contrast_v1,assistant_reviewed_candidate,high,Label and negative-state relationship checked against canonical staged semantics.
csa_0222,"The team checked whether unclear termination wording could prolong negotiation, but evidence confirmed the exposure is closed and no monitoring is required.",closed_risk_negative,background_context,not_action,deliverable_object|completed_tense,contract,speech_act_009_contract,train,ai_authored_speech_act_contrast_v1,assistant_reviewed_candidate,medium,Label and negative-state relationship checked against canonical staged semantics.
csa_0223,The current position is that the contract work remains in progress.,informational,background_context,not_action,,contract,speech_act_009_contract,train,ai_authored_speech_act_contrast_v1,assistant_reviewed_candidate,high,Label and negative-state relationship checked against canonical staged semantics.
csa_0224,Can everyone see the contract screen? We will pause for two minutes before continuing.,administrative,low_value_noise,not_action,,contract,speech_act_009_contract,train,ai_authored_speech_act_contrast_v1,assistant_reviewed_candidate,high,Label and negative-state relationship checked against canonical staged semantics.
csa_0225,"Amara: I promise I'll bring coffee to the next contract call. This is social chat, not project work.",social_false_commitment,low_value_noise,not_action,named_owner,contract,speech_act_009_contract,train,ai_authored_speech_act_contrast_v1,assistant_reviewed_candidate,high,Label and negative-state relationship checked against canonical staged semantics.
csa_0226,Louis: I'll prepare the audit evidence index by next week.,commitment,action_commitment,confirmed_action,named_owner|explicit_commitment_verb|deliverable_object|deadline_or_sequence,audit,speech_act_010_audit,train,ai_authored_speech_act_contrast_v1,assistant_reviewed_candidate,high,Label and negative-state relationship checked against canonical staged semantics.
csa_0227,Louis: I can prepare the audit evidence index. I'll have it done by next week.,volunteer_commitment,action_commitment,confirmed_action,named_owner|explicit_commitment_verb|deliverable_object|deadline_or_sequence,audit,speech_act_010_audit,train,ai_authored_speech_act_contrast_v1,assistant_reviewed_candidate,high,Label and negative-state relationship checked against canonical staged semantics.
csa_0228,"Could Louis prepare the audit evidence index by next week? Louis: Yes, I'll take that.",request_acceptance_thread,action_commitment,confirmed_action,named_owner|explicit_commitment_verb|deliverable_object|deadline_or_sequence,audit,speech_act_010_audit,train,ai_authored_speech_act_contrast_v1,assistant_reviewed_candidate,high,Label and negative-state relationship checked against canonical staged semantics.
csa_0229,"Lead: Can you prepare the audit evidence index?
Louis: Yes.
Lead: Can you finish by next week?
Louis: That works.",distributed_request_acceptance,action_commitment,confirmed_action,named_owner|explicit_commitment_verb|deliverable_object|deadline_or_sequence,audit,speech_act_010_audit,train,ai_authored_speech_act_contrast_v1,assistant_reviewed_candidate,high,Label and negative-state relationship checked against canonical staged semantics.
csa_0230,Louis to prepare the audit evidence index; due next week.,minutes_assignment,action_commitment,confirmed_action,named_owner|explicit_commitment_verb|deliverable_object|deadline_or_sequence,audit,speech_act_010_audit,train,ai_authored_speech_act_contrast_v1,assistant_reviewed_candidate,high,Label and negative-state relationship checked against canonical staged semantics.
csa_0231,"Actions recap: Louis, you're taking the item to prepare the audit evidence index. Louis: Correct, by next week.",recap_assignment,action_commitment,confirmed_action,named_owner|explicit_commitment_verb|deliverable_object|deadline_or_sequence,audit,speech_act_010_audit,train,ai_authored_speech_act_contrast_v1,assistant_reviewed_candidate,high,Label and negative-state relationship checked against canonical staged semantics.
csa_0232,We need someone to prepare the audit evidence index. Louis: Leave that with me; next week is fine.,contextual_volunteer,action_commitment,confirmed_action,named_owner|explicit_commitment_verb|deliverable_object|deadline_or_sequence,audit,speech_act_010_audit,train,ai_authored_speech_act_contrast_v1,assistant_reviewed_candidate,high,Label and negative-state relationship checked against canonical staged semantics.
csa_0233,"We need to prepare the audit evidence index, but nobody accepted ownership or timing.",ownerless_need,discussion_topic,possible_action,explicit_commitment_verb|deliverable_object,audit,speech_act_010_audit,train,ai_authored_speech_act_contrast_v1,assistant_reviewed_candidate,medium,Label and negative-state relationship checked against canonical staged semantics.
csa_0234,It would help to prepare the audit evidence index. The group moved on without assigning it.,unassigned_suggestion,discussion_topic,possible_action,deliverable_object,audit,speech_act_010_audit,train,ai_authored_speech_act_contrast_v1,assistant_reviewed_candidate,medium,Label and negative-state relationship checked against canonical staged semantics.
csa_0235,"Perhaps Louis could prepare the audit evidence index if there is time, but this was not agreed.",hypothetical,discussion_topic,not_action,named_owner|deliverable_object|hypothetical_language,audit,speech_act_010_audit,train,ai_authored_speech_act_contrast_v1,assistant_reviewed_candidate,high,Label and negative-state relationship checked against canonical staged semantics.
csa_0236,"Louis: I might prepare the audit evidence index, depending on capacity. Lead: Treat that as an idea, not an action.",explicitly_uncommitted,discussion_topic,not_action,named_owner|deliverable_object|hypothetical_language,audit,speech_act_010_audit,train,ai_authored_speech_act_contrast_v1,assistant_reviewed_candidate,high,Label and negative-state relationship checked against canonical staged semantics.
csa_0237,Louis already completed the work to prepare the audit evidence index yesterday.,completed_history,background_context,completed_history,named_owner|deliverable_object|completed_tense,audit,speech_act_010_audit,train,ai_authored_speech_act_contrast_v1,assistant_reviewed_candidate,high,Label and negative-state relationship checked against canonical staged semantics.
csa_0238,Lead: Louis should prepare the audit evidence index. Louis: That's already done; it closed yesterday.,completed_correction,background_context,completed_history,named_owner|deliverable_object|completed_tense,audit,speech_act_010_audit,train,ai_authored_speech_act_contrast_v1,assistant_reviewed_candidate,high,Label and negative-state relationship checked against canonical staged semantics.
csa_0239,Do not prepare the audit evidence index; that proposed action has been cancelled.,rejection,decision_agreement,not_action,deliverable_object|decision_language,audit,speech_act_010_audit,train,ai_authored_speech_act_contrast_v1,assistant_reviewed_candidate,high,Label and negative-state relationship checked against canonical staged semantics.
csa_0240,Earlier we asked Louis to prepare the audit evidence index. That assignment is withdrawn and must not remain open.,superseded_action,decision_agreement,not_action,named_owner|deliverable_object|decision_language,audit,speech_act_010_audit,train,ai_authored_speech_act_contrast_v1,assistant_reviewed_candidate,high,Label and negative-state relationship checked against canonical staged semantics.
csa_0241,The team agreed to sample two additional operational processes.,decision,decision_agreement,not_action,decision_language|deliverable_object,audit,speech_act_010_audit,train,ai_authored_speech_act_contrast_v1,assistant_reviewed_candidate,high,Label and negative-state relationship checked against canonical staged semantics.
csa_0242,"Option A was discussed, but the final position is to sample two additional operational processes.",decision_after_alternative,decision_agreement,not_action,decision_language|deliverable_object,audit,speech_act_010_audit,train,ai_authored_speech_act_contrast_v1,assistant_reviewed_candidate,high,Label and negative-state relationship checked against canonical staged semantics.
csa_0243,"Lead: Shall we sample two additional operational processes?
Team: Agreed. That's the approach we will use.",proposal_acceptance_decision,decision_agreement,not_action,decision_language|deliverable_object,audit,speech_act_010_audit,train,ai_authored_speech_act_contrast_v1,assistant_reviewed_candidate,high,Label and negative-state relationship checked against canonical staged semantics.
csa_0244,"One option would be to sample two additional operational processes, although no decision was made.",unconfirmed_option,discussion_topic,not_action,hypothetical_language|deliverable_object,audit,speech_act_010_audit,train,ai_authored_speech_act_contrast_v1,assistant_reviewed_candidate,high,Label and negative-state relationship checked against canonical staged semantics.
csa_0245,The team identified that missing records could prevent completion of the audit plan.,risk,risk_dependency,not_action,risk_language|deliverable_object,audit,speech_act_010_audit,train,ai_authored_speech_act_contrast_v1,assistant_reviewed_candidate,high,Label and negative-state relationship checked against canonical staged semantics.
csa_0246,"If the dependency is not resolved, missing records could prevent completion of the audit plan. The issue remains open.",conditional_risk,risk_dependency,not_action,risk_language|deliverable_object,audit,speech_act_010_audit,train,ai_authored_speech_act_contrast_v1,assistant_reviewed_candidate,high,Label and negative-state relationship checked against canonical staged semantics.
csa_0247,"The team checked whether missing records could prevent completion of the audit plan, but evidence confirmed the exposure is closed and no monitoring is required.",closed_risk_negative,background_context,not_action,deliverable_object|completed_tense,audit,speech_act_010_audit,train,ai_authored_speech_act_contrast_v1,assistant_reviewed_candidate,medium,Label and negative-state relationship checked against canonical staged semantics.
csa_0248,The current position is that the audit work remains in progress.,informational,background_context,not_action,,audit,speech_act_010_audit,train,ai_authored_speech_act_contrast_v1,assistant_reviewed_candidate,high,Label and negative-state relationship checked against canonical staged semantics.
csa_0249,Can everyone see the audit screen? We will pause for two minutes before continuing.,administrative,low_value_noise,not_action,,audit,speech_act_010_audit,train,ai_authored_speech_act_contrast_v1,assistant_reviewed_candidate,high,Label and negative-state relationship checked against canonical staged semantics.
csa_0250,"Louis: I promise I'll bring coffee to the next audit call. This is social chat, not project work.",social_false_commitment,low_value_noise,not_action,named_owner,audit,speech_act_010_audit,train,ai_authored_speech_act_contrast_v1,assistant_reviewed_candidate,high,Label and negative-state relationship checked against canonical staged semantics.
csa_0251,Mei: I'll update the campaign launch schedule by Tuesday.,commitment,action_commitment,confirmed_action,named_owner|explicit_commitment_verb|deliverable_object|deadline_or_sequence,marketing,speech_act_011_marketing,train,ai_authored_speech_act_contrast_v1,assistant_reviewed_candidate,high,Label and negative-state relationship checked against canonical staged semantics.
csa_0252,Mei: I can update the campaign launch schedule. I'll have it done by Tuesday.,volunteer_commitment,action_commitment,confirmed_action,named_owner|explicit_commitment_verb|deliverable_object|deadline_or_sequence,marketing,speech_act_011_marketing,train,ai_authored_speech_act_contrast_v1,assistant_reviewed_candidate,high,Label and negative-state relationship checked against canonical staged semantics.
csa_0253,"Could Mei update the campaign launch schedule by Tuesday? Mei: Yes, I'll take that.",request_acceptance_thread,action_commitment,confirmed_action,named_owner|explicit_commitment_verb|deliverable_object|deadline_or_sequence,marketing,speech_act_011_marketing,train,ai_authored_speech_act_contrast_v1,assistant_reviewed_candidate,high,Label and negative-state relationship checked against canonical staged semantics.
csa_0254,"Lead: Can you update the campaign launch schedule?
Mei: Yes.
Lead: Can you finish by Tuesday?
Mei: That works.",distributed_request_acceptance,action_commitment,confirmed_action,named_owner|explicit_commitment_verb|deliverable_object|deadline_or_sequence,marketing,speech_act_011_marketing,train,ai_authored_speech_act_contrast_v1,assistant_reviewed_candidate,high,Label and negative-state relationship checked against canonical staged semantics.
csa_0255,Mei to update the campaign launch schedule; due Tuesday.,minutes_assignment,action_commitment,confirmed_action,named_owner|explicit_commitment_verb|deliverable_object|deadline_or_sequence,marketing,speech_act_011_marketing,train,ai_authored_speech_act_contrast_v1,assistant_reviewed_candidate,high,Label and negative-state relationship checked against canonical staged semantics.
csa_0256,"Actions recap: Mei, you're taking the item to update the campaign launch schedule. Mei: Correct, by Tuesday.",recap_assignment,action_commitment,confirmed_action,named_owner|explicit_commitment_verb|deliverable_object|deadline_or_sequence,marketing,speech_act_011_marketing,train,ai_authored_speech_act_contrast_v1,assistant_reviewed_candidate,high,Label and negative-state relationship checked against canonical staged semantics.
csa_0257,We need someone to update the campaign launch schedule. Mei: Leave that with me; Tuesday is fine.,contextual_volunteer,action_commitment,confirmed_action,named_owner|explicit_commitment_verb|deliverable_object|deadline_or_sequence,marketing,speech_act_011_marketing,train,ai_authored_speech_act_contrast_v1,assistant_reviewed_candidate,high,Label and negative-state relationship checked against canonical staged semantics.
csa_0258,"We need to update the campaign launch schedule, but nobody accepted ownership or timing.",ownerless_need,discussion_topic,possible_action,explicit_commitment_verb|deliverable_object,marketing,speech_act_011_marketing,train,ai_authored_speech_act_contrast_v1,assistant_reviewed_candidate,medium,Label and negative-state relationship checked against canonical staged semantics.
csa_0259,It would help to update the campaign launch schedule. The group moved on without assigning it.,unassigned_suggestion,discussion_topic,possible_action,deliverable_object,marketing,speech_act_011_marketing,train,ai_authored_speech_act_contrast_v1,assistant_reviewed_candidate,medium,Label and negative-state relationship checked against canonical staged semantics.
csa_0260,"Perhaps Mei could update the campaign launch schedule if there is time, but this was not agreed.",hypothetical,discussion_topic,not_action,named_owner|deliverable_object|hypothetical_language,marketing,speech_act_011_marketing,train,ai_authored_speech_act_contrast_v1,assistant_reviewed_candidate,high,Label and negative-state relationship checked against canonical staged semantics.
csa_0261,"Mei: I might update the campaign launch schedule, depending on capacity. Lead: Treat that as an idea, not an action.",explicitly_uncommitted,discussion_topic,not_action,named_owner|deliverable_object|hypothetical_language,marketing,speech_act_011_marketing,train,ai_authored_speech_act_contrast_v1,assistant_reviewed_candidate,high,Label and negative-state relationship checked against canonical staged semantics.
csa_0262,Mei already completed the work to update the campaign launch schedule yesterday.,completed_history,background_context,completed_history,named_owner|deliverable_object|completed_tense,marketing,speech_act_011_marketing,train,ai_authored_speech_act_contrast_v1,assistant_reviewed_candidate,high,Label and negative-state relationship checked against canonical staged semantics.
csa_0263,Lead: Mei should update the campaign launch schedule. Mei: That's already done; it closed yesterday.,completed_correction,background_context,completed_history,named_owner|deliverable_object|completed_tense,marketing,speech_act_011_marketing,train,ai_authored_speech_act_contrast_v1,assistant_reviewed_candidate,high,Label and negative-state relationship checked against canonical staged semantics.
csa_0264,Do not update the campaign launch schedule; that proposed action has been cancelled.,rejection,decision_agreement,not_action,deliverable_object|decision_language,marketing,speech_act_011_marketing,train,ai_authored_speech_act_contrast_v1,assistant_reviewed_candidate,high,Label and negative-state relationship checked against canonical staged semantics.
csa_0265,Earlier we asked Mei to update the campaign launch schedule. That assignment is withdrawn and must not remain open.,superseded_action,decision_agreement,not_action,named_owner|deliverable_object|decision_language,marketing,speech_act_011_marketing,train,ai_authored_speech_act_contrast_v1,assistant_reviewed_candidate,high,Label and negative-state relationship checked against canonical staged semantics.
csa_0266,The team agreed to move the regional campaign into September.,decision,decision_agreement,not_action,decision_language|deliverable_object,marketing,speech_act_011_marketing,train,ai_authored_speech_act_contrast_v1,assistant_reviewed_candidate,high,Label and negative-state relationship checked against canonical staged semantics.
csa_0267,"Option A was discussed, but the final position is to move the regional campaign into September.",decision_after_alternative,decision_agreement,not_action,decision_language|deliverable_object,marketing,speech_act_011_marketing,train,ai_authored_speech_act_contrast_v1,assistant_reviewed_candidate,high,Label and negative-state relationship checked against canonical staged semantics.
csa_0268,"Lead: Shall we move the regional campaign into September?
Team: Agreed. That's the approach we will use.",proposal_acceptance_decision,decision_agreement,not_action,decision_language|deliverable_object,marketing,speech_act_011_marketing,train,ai_authored_speech_act_contrast_v1,assistant_reviewed_candidate,high,Label and negative-state relationship checked against canonical staged semantics.
csa_0269,"One option would be to move the regional campaign into September, although no decision was made.",unconfirmed_option,discussion_topic,not_action,hypothetical_language|deliverable_object,marketing,speech_act_011_marketing,train,ai_authored_speech_act_contrast_v1,assistant_reviewed_candidate,high,Label and negative-state relationship checked against canonical staged semantics.
csa_0270,The team identified that creative approval may slip beyond the media booking date.,risk,risk_dependency,not_action,risk_language|deliverable_object,marketing,speech_act_011_marketing,train,ai_authored_speech_act_contrast_v1,assistant_reviewed_candidate,high,Label and negative-state relationship checked against canonical staged semantics.
csa_0271,"If the dependency is not resolved, creative approval may slip beyond the media booking date. The issue remains open.",conditional_risk,risk_dependency,not_action,risk_language|deliverable_object,marketing,speech_act_011_marketing,train,ai_authored_speech_act_contrast_v1,assistant_reviewed_candidate,high,Label and negative-state relationship checked against canonical staged semantics.
csa_0272,"The team checked whether creative approval may slip beyond the media booking date, but evidence confirmed the exposure is closed and no monitoring is required.",closed_risk_negative,background_context,not_action,deliverable_object|completed_tense,marketing,speech_act_011_marketing,train,ai_authored_speech_act_contrast_v1,assistant_reviewed_candidate,medium,Label and negative-state relationship checked against canonical staged semantics.
csa_0273,The current position is that the marketing work remains in progress.,informational,background_context,not_action,,marketing,speech_act_011_marketing,train,ai_authored_speech_act_contrast_v1,assistant_reviewed_candidate,high,Label and negative-state relationship checked against canonical staged semantics.
csa_0274,Can everyone see the marketing screen? We will pause for two minutes before continuing.,administrative,low_value_noise,not_action,,marketing,speech_act_011_marketing,train,ai_authored_speech_act_contrast_v1,assistant_reviewed_candidate,high,Label and negative-state relationship checked against canonical staged semantics.
csa_0275,"Mei: I promise I'll bring coffee to the next marketing call. This is social chat, not project work.",social_false_commitment,low_value_noise,not_action,named_owner,marketing,speech_act_011_marketing,train,ai_authored_speech_act_contrast_v1,assistant_reviewed_candidate,high,Label and negative-state relationship checked against canonical staged semantics.
csa_0276,Declan: I'll update the weekend duty rota by this afternoon.,commitment,action_commitment,confirmed_action,named_owner|explicit_commitment_verb|deliverable_object|deadline_or_sequence,operations,speech_act_012_operations,test,ai_authored_speech_act_contrast_v1,assistant_reviewed_candidate,high,Label and negative-state relationship checked against canonical staged semantics.
csa_0277,Declan: I can update the weekend duty rota. I'll have it done by this afternoon.,volunteer_commitment,action_commitment,confirmed_action,named_owner|explicit_commitment_verb|deliverable_object|deadline_or_sequence,operations,speech_act_012_operations,test,ai_authored_speech_act_contrast_v1,assistant_reviewed_candidate,high,Label and negative-state relationship checked against canonical staged semantics.
csa_0278,"Could Declan update the weekend duty rota by this afternoon? Declan: Yes, I'll take that.",request_acceptance_thread,action_commitment,confirmed_action,named_owner|explicit_commitment_verb|deliverable_object|deadline_or_sequence,operations,speech_act_012_operations,test,ai_authored_speech_act_contrast_v1,assistant_reviewed_candidate,high,Label and negative-state relationship checked against canonical staged semantics.
csa_0279,"Lead: Can you update the weekend duty rota?
Declan: Yes.
Lead: Can you finish by this afternoon?
Declan: That works.",distributed_request_acceptance,action_commitment,confirmed_action,named_owner|explicit_commitment_verb|deliverable_object|deadline_or_sequence,operations,speech_act_012_operations,test,ai_authored_speech_act_contrast_v1,assistant_reviewed_candidate,high,Label and negative-state relationship checked against canonical staged semantics.
csa_0280,Declan to update the weekend duty rota; due this afternoon.,minutes_assignment,action_commitment,confirmed_action,named_owner|explicit_commitment_verb|deliverable_object|deadline_or_sequence,operations,speech_act_012_operations,test,ai_authored_speech_act_contrast_v1,assistant_reviewed_candidate,high,Label and negative-state relationship checked against canonical staged semantics.
csa_0281,"Actions recap: Declan, you're taking the item to update the weekend duty rota. Declan: Correct, by this afternoon.",recap_assignment,action_commitment,confirmed_action,named_owner|explicit_commitment_verb|deliverable_object|deadline_or_sequence,operations,speech_act_012_operations,test,ai_authored_speech_act_contrast_v1,assistant_reviewed_candidate,high,Label and negative-state relationship checked against canonical staged semantics.
csa_0282,We need someone to update the weekend duty rota. Declan: Leave that with me; this afternoon is fine.,contextual_volunteer,action_commitment,confirmed_action,named_owner|explicit_commitment_verb|deliverable_object|deadline_or_sequence,operations,speech_act_012_operations,test,ai_authored_speech_act_contrast_v1,assistant_reviewed_candidate,high,Label and negative-state relationship checked against canonical staged semantics.
csa_0283,"We need to update the weekend duty rota, but nobody accepted ownership or timing.",ownerless_need,discussion_topic,possible_action,explicit_commitment_verb|deliverable_object,operations,speech_act_012_operations,test,ai_authored_speech_act_contrast_v1,assistant_reviewed_candidate,medium,Label and negative-state relationship checked against canonical staged semantics.
csa_0284,It would help to update the weekend duty rota. The group moved on without assigning it.,unassigned_suggestion,discussion_topic,possible_action,deliverable_object,operations,speech_act_012_operations,test,ai_authored_speech_act_contrast_v1,assistant_reviewed_candidate,medium,Label and negative-state relationship checked against canonical staged semantics.
csa_0285,"Perhaps Declan could update the weekend duty rota if there is time, but this was not agreed.",hypothetical,discussion_topic,not_action,named_owner|deliverable_object|hypothetical_language,operations,speech_act_012_operations,test,ai_authored_speech_act_contrast_v1,assistant_reviewed_candidate,high,Label and negative-state relationship checked against canonical staged semantics.
csa_0286,"Declan: I might update the weekend duty rota, depending on capacity. Lead: Treat that as an idea, not an action.",explicitly_uncommitted,discussion_topic,not_action,named_owner|deliverable_object|hypothetical_language,operations,speech_act_012_operations,test,ai_authored_speech_act_contrast_v1,assistant_reviewed_candidate,high,Label and negative-state relationship checked against canonical staged semantics.
csa_0287,Declan already completed the work to update the weekend duty rota yesterday.,completed_history,background_context,completed_history,named_owner|deliverable_object|completed_tense,operations,speech_act_012_operations,test,ai_authored_speech_act_contrast_v1,assistant_reviewed_candidate,high,Label and negative-state relationship checked against canonical staged semantics.
csa_0288,Lead: Declan should update the weekend duty rota. Declan: That's already done; it closed yesterday.,completed_correction,background_context,completed_history,named_owner|deliverable_object|completed_tense,operations,speech_act_012_operations,test,ai_authored_speech_act_contrast_v1,assistant_reviewed_candidate,high,Label and negative-state relationship checked against canonical staged semantics.
csa_0289,Do not update the weekend duty rota; that proposed action has been cancelled.,rejection,decision_agreement,not_action,deliverable_object|decision_language,operations,speech_act_012_operations,test,ai_authored_speech_act_contrast_v1,assistant_reviewed_candidate,high,Label and negative-state relationship checked against canonical staged semantics.
csa_0290,Earlier we asked Declan to update the weekend duty rota. That assignment is withdrawn and must not remain open.,superseded_action,decision_agreement,not_action,named_owner|deliverable_object|decision_language,operations,speech_act_012_operations,test,ai_authored_speech_act_contrast_v1,assistant_reviewed_candidate,high,Label and negative-state relationship checked against canonical staged semantics.
csa_0291,The team agreed to keep weekend support within the internal team.,decision,decision_agreement,not_action,decision_language|deliverable_object,operations,speech_act_012_operations,test,ai_authored_speech_act_contrast_v1,assistant_reviewed_candidate,high,Label and negative-state relationship checked against canonical staged semantics.
csa_0292,"Option A was discussed, but the final position is to keep weekend support within the internal team.",decision_after_alternative,decision_agreement,not_action,decision_language|deliverable_object,operations,speech_act_012_operations,test,ai_authored_speech_act_contrast_v1,assistant_reviewed_candidate,high,Label and negative-state relationship checked against canonical staged semantics.
csa_0293,"Lead: Shall we keep weekend support within the internal team?
Team: Agreed. That's the approach we will use.",proposal_acceptance_decision,decision_agreement,not_action,decision_language|deliverable_object,operations,speech_act_012_operations,test,ai_authored_speech_act_contrast_v1,assistant_reviewed_candidate,high,Label and negative-state relationship checked against canonical staged semantics.
csa_0294,"One option would be to keep weekend support within the internal team, although no decision was made.",unconfirmed_option,discussion_topic,not_action,hypothetical_language|deliverable_object,operations,speech_act_012_operations,test,ai_authored_speech_act_contrast_v1,assistant_reviewed_candidate,high,Label and negative-state relationship checked against canonical staged semantics.
csa_0295,The team identified that insufficient weekend cover could delay incident response.,risk,risk_dependency,not_action,risk_language|deliverable_object,operations,speech_act_012_operations,test,ai_authored_speech_act_contrast_v1,assistant_reviewed_candidate,high,Label and negative-state relationship checked against canonical staged semantics.
csa_0296,"If the dependency is not resolved, insufficient weekend cover could delay incident response. The issue remains open.",conditional_risk,risk_dependency,not_action,risk_language|deliverable_object,operations,speech_act_012_operations,test,ai_authored_speech_act_contrast_v1,assistant_reviewed_candidate,high,Label and negative-state relationship checked against canonical staged semantics.
csa_0297,"The team checked whether insufficient weekend cover could delay incident response, but evidence confirmed the exposure is closed and no monitoring is required.",closed_risk_negative,background_context,not_action,deliverable_object|completed_tense,operations,speech_act_012_operations,test,ai_authored_speech_act_contrast_v1,assistant_reviewed_candidate,medium,Label and negative-state relationship checked against canonical staged semantics.
csa_0298,The current position is that the operations work remains in progress.,informational,background_context,not_action,,operations,speech_act_012_operations,test,ai_authored_speech_act_contrast_v1,assistant_reviewed_candidate,high,Label and negative-state relationship checked against canonical staged semantics.
csa_0299,Can everyone see the operations screen? We will pause for two minutes before continuing.,administrative,low_value_noise,not_action,,operations,speech_act_012_operations,test,ai_authored_speech_act_contrast_v1,assistant_reviewed_candidate,high,Label and negative-state relationship checked against canonical staged semantics.
csa_0300,"Declan: I promise I'll bring coffee to the next operations call. This is social chat, not project work.",social_false_commitment,low_value_noise,not_action,named_owner,operations,speech_act_012_operations,test,ai_authored_speech_act_contrast_v1,assistant_reviewed_candidate,high,Label and negative-state relationship checked against canonical staged semantics.
csa_0301,Nora: I'll rewrite the account-permissions guide by Friday.,commitment,action_commitment,confirmed_action,named_owner|explicit_commitment_verb|deliverable_object|deadline_or_sequence,documentation,speech_act_013_documentation,train,ai_authored_speech_act_contrast_v1,assistant_reviewed_candidate,high,Label and negative-state relationship checked against canonical staged semantics.
csa_0302,Nora: I can rewrite the account-permissions guide. I'll have it done by Friday.,volunteer_commitment,action_commitment,confirmed_action,named_owner|explicit_commitment_verb|deliverable_object|deadline_or_sequence,documentation,speech_act_013_documentation,train,ai_authored_speech_act_contrast_v1,assistant_reviewed_candidate,high,Label and negative-state relationship checked against canonical staged semantics.
csa_0303,"Could Nora rewrite the account-permissions guide by Friday? Nora: Yes, I'll take that.",request_acceptance_thread,action_commitment,confirmed_action,named_owner|explicit_commitment_verb|deliverable_object|deadline_or_sequence,documentation,speech_act_013_documentation,train,ai_authored_speech_act_contrast_v1,assistant_reviewed_candidate,high,Label and negative-state relationship checked against canonical staged semantics.
csa_0304,"Lead: Can you rewrite the account-permissions guide?
Nora: Yes.
Lead: Can you finish by Friday?
Nora: That works.",distributed_request_acceptance,action_commitment,confirmed_action,named_owner|explicit_commitment_verb|deliverable_object|deadline_or_sequence,documentation,speech_act_013_documentation,train,ai_authored_speech_act_contrast_v1,assistant_reviewed_candidate,high,Label and negative-state relationship checked against canonical staged semantics.
csa_0305,Nora to rewrite the account-permissions guide; due Friday.,minutes_assignment,action_commitment,confirmed_action,named_owner|explicit_commitment_verb|deliverable_object|deadline_or_sequence,documentation,speech_act_013_documentation,train,ai_authored_speech_act_contrast_v1,assistant_reviewed_candidate,high,Label and negative-state relationship checked against canonical staged semantics.
csa_0306,"Actions recap: Nora, you're taking the item to rewrite the account-permissions guide. Nora: Correct, by Friday.",recap_assignment,action_commitment,confirmed_action,named_owner|explicit_commitment_verb|deliverable_object|deadline_or_sequence,documentation,speech_act_013_documentation,train,ai_authored_speech_act_contrast_v1,assistant_reviewed_candidate,high,Label and negative-state relationship checked against canonical staged semantics.
csa_0307,We need someone to rewrite the account-permissions guide. Nora: Leave that with me; Friday is fine.,contextual_volunteer,action_commitment,confirmed_action,named_owner|explicit_commitment_verb|deliverable_object|deadline_or_sequence,documentation,speech_act_013_documentation,train,ai_authored_speech_act_contrast_v1,assistant_reviewed_candidate,high,Label and negative-state relationship checked against canonical staged semantics.
csa_0308,"We need to rewrite the account-permissions guide, but nobody accepted ownership or timing.",ownerless_need,discussion_topic,possible_action,explicit_commitment_verb|deliverable_object,documentation,speech_act_013_documentation,train,ai_authored_speech_act_contrast_v1,assistant_reviewed_candidate,medium,Label and negative-state relationship checked against canonical staged semantics.
csa_0309,It would help to rewrite the account-permissions guide. The group moved on without assigning it.,unassigned_suggestion,discussion_topic,possible_action,deliverable_object,documentation,speech_act_013_documentation,train,ai_authored_speech_act_contrast_v1,assistant_reviewed_candidate,medium,Label and negative-state relationship checked against canonical staged semantics.
csa_0310,"Perhaps Nora could rewrite the account-permissions guide if there is time, but this was not agreed.",hypothetical,discussion_topic,not_action,named_owner|deliverable_object|hypothetical_language,documentation,speech_act_013_documentation,train,ai_authored_speech_act_contrast_v1,assistant_reviewed_candidate,high,Label and negative-state relationship checked against canonical staged semantics.
csa_0311,"Nora: I might rewrite the account-permissions guide, depending on capacity. Lead: Treat that as an idea, not an action.",explicitly_uncommitted,discussion_topic,not_action,named_owner|deliverable_object|hypothetical_language,documentation,speech_act_013_documentation,train,ai_authored_speech_act_contrast_v1,assistant_reviewed_candidate,high,Label and negative-state relationship checked against canonical staged semantics.
csa_0312,Nora already completed the work to rewrite the account-permissions guide yesterday.,completed_history,background_context,completed_history,named_owner|deliverable_object|completed_tense,documentation,speech_act_013_documentation,train,ai_authored_speech_act_contrast_v1,assistant_reviewed_candidate,high,Label and negative-state relationship checked against canonical staged semantics.
csa_0313,Lead: Nora should rewrite the account-permissions guide. Nora: That's already done; it closed yesterday.,completed_correction,background_context,completed_history,named_owner|deliverable_object|completed_tense,documentation,speech_act_013_documentation,train,ai_authored_speech_act_contrast_v1,assistant_reviewed_candidate,high,Label and negative-state relationship checked against canonical staged semantics.
csa_0314,Do not rewrite the account-permissions guide; that proposed action has been cancelled.,rejection,decision_agreement,not_action,deliverable_object|decision_language,documentation,speech_act_013_documentation,train,ai_authored_speech_act_contrast_v1,assistant_reviewed_candidate,high,Label and negative-state relationship checked against canonical staged semantics.
csa_0315,Earlier we asked Nora to rewrite the account-permissions guide. That assignment is withdrawn and must not remain open.,superseded_action,decision_agreement,not_action,named_owner|deliverable_object|decision_language,documentation,speech_act_013_documentation,train,ai_authored_speech_act_contrast_v1,assistant_reviewed_candidate,high,Label and negative-state relationship checked against canonical staged semantics.
csa_0316,The team agreed to publish one combined onboarding guide.,decision,decision_agreement,not_action,decision_language|deliverable_object,documentation,speech_act_013_documentation,train,ai_authored_speech_act_contrast_v1,assistant_reviewed_candidate,high,Label and negative-state relationship checked against canonical staged semantics.
csa_0317,"Option A was discussed, but the final position is to publish one combined onboarding guide.",decision_after_alternative,decision_agreement,not_action,decision_language|deliverable_object,documentation,speech_act_013_documentation,train,ai_authored_speech_act_contrast_v1,assistant_reviewed_candidate,high,Label and negative-state relationship checked against canonical staged semantics.
csa_0318,"Lead: Shall we publish one combined onboarding guide?
Team: Agreed. That's the approach we will use.",proposal_acceptance_decision,decision_agreement,not_action,decision_language|deliverable_object,documentation,speech_act_013_documentation,train,ai_authored_speech_act_contrast_v1,assistant_reviewed_candidate,high,Label and negative-state relationship checked against canonical staged semantics.
csa_0319,"One option would be to publish one combined onboarding guide, although no decision was made.",unconfirmed_option,discussion_topic,not_action,hypothetical_language|deliverable_object,documentation,speech_act_013_documentation,train,ai_authored_speech_act_contrast_v1,assistant_reviewed_candidate,high,Label and negative-state relationship checked against canonical staged semantics.
csa_0320,The team identified that ambiguous permissions guidance is increasing support demand.,risk,risk_dependency,not_action,risk_language|deliverable_object,documentation,speech_act_013_documentation,train,ai_authored_speech_act_contrast_v1,assistant_reviewed_candidate,high,Label and negative-state relationship checked against canonical staged semantics.
csa_0321,"If the dependency is not resolved, ambiguous permissions guidance is increasing support demand. The issue remains open.",conditional_risk,risk_dependency,not_action,risk_language|deliverable_object,documentation,speech_act_013_documentation,train,ai_authored_speech_act_contrast_v1,assistant_reviewed_candidate,high,Label and negative-state relationship checked against canonical staged semantics.
csa_0322,"The team checked whether ambiguous permissions guidance is increasing support demand, but evidence confirmed the exposure is closed and no monitoring is required.",closed_risk_negative,background_context,not_action,deliverable_object|completed_tense,documentation,speech_act_013_documentation,train,ai_authored_speech_act_contrast_v1,assistant_reviewed_candidate,medium,Label and negative-state relationship checked against canonical staged semantics.
csa_0323,The current position is that the documentation work remains in progress.,informational,background_context,not_action,,documentation,speech_act_013_documentation,train,ai_authored_speech_act_contrast_v1,assistant_reviewed_candidate,high,Label and negative-state relationship checked against canonical staged semantics.
csa_0324,Can everyone see the documentation screen? We will pause for two minutes before continuing.,administrative,low_value_noise,not_action,,documentation,speech_act_013_documentation,train,ai_authored_speech_act_contrast_v1,assistant_reviewed_candidate,high,Label and negative-state relationship checked against canonical staged semantics.
csa_0325,"Nora: I promise I'll bring coffee to the next documentation call. This is social chat, not project work.",social_false_commitment,low_value_noise,not_action,named_owner,documentation,speech_act_013_documentation,train,ai_authored_speech_act_contrast_v1,assistant_reviewed_candidate,high,Label and negative-state relationship checked against canonical staged semantics.
csa_0326,Omar: I'll refresh the quarterly sales forecast by Tuesday morning.,commitment,action_commitment,confirmed_action,named_owner|explicit_commitment_verb|deliverable_object|deadline_or_sequence,analytics,speech_act_014_analytics,train,ai_authored_speech_act_contrast_v1,assistant_reviewed_candidate,high,Label and negative-state relationship checked against canonical staged semantics.
csa_0327,Omar: I can refresh the quarterly sales forecast. I'll have it done by Tuesday morning.,volunteer_commitment,action_commitment,confirmed_action,named_owner|explicit_commitment_verb|deliverable_object|deadline_or_sequence,analytics,speech_act_014_analytics,train,ai_authored_speech_act_contrast_v1,assistant_reviewed_candidate,high,Label and negative-state relationship checked against canonical staged semantics.
csa_0328,"Could Omar refresh the quarterly sales forecast by Tuesday morning? Omar: Yes, I'll take that.",request_acceptance_thread,action_commitment,confirmed_action,named_owner|explicit_commitment_verb|deliverable_object|deadline_or_sequence,analytics,speech_act_014_analytics,train,ai_authored_speech_act_contrast_v1,assistant_reviewed_candidate,high,Label and negative-state relationship checked against canonical staged semantics.
csa_0329,"Lead: Can you refresh the quarterly sales forecast?
Omar: Yes.
Lead: Can you finish by Tuesday morning?
Omar: That works.",distributed_request_acceptance,action_commitment,confirmed_action,named_owner|explicit_commitment_verb|deliverable_object|deadline_or_sequence,analytics,speech_act_014_analytics,train,ai_authored_speech_act_contrast_v1,assistant_reviewed_candidate,high,Label and negative-state relationship checked against canonical staged semantics.
csa_0330,Omar to refresh the quarterly sales forecast; due Tuesday morning.,minutes_assignment,action_commitment,confirmed_action,named_owner|explicit_commitment_verb|deliverable_object|deadline_or_sequence,analytics,speech_act_014_analytics,train,ai_authored_speech_act_contrast_v1,assistant_reviewed_candidate,high,Label and negative-state relationship checked against canonical staged semantics.
csa_0331,"Actions recap: Omar, you're taking the item to refresh the quarterly sales forecast. Omar: Correct, by Tuesday morning.",recap_assignment,action_commitment,confirmed_action,named_owner|explicit_commitment_verb|deliverable_object|deadline_or_sequence,analytics,speech_act_014_analytics,train,ai_authored_speech_act_contrast_v1,assistant_reviewed_candidate,high,Label and negative-state relationship checked against canonical staged semantics.
csa_0332,We need someone to refresh the quarterly sales forecast. Omar: Leave that with me; Tuesday morning is fine.,contextual_volunteer,action_commitment,confirmed_action,named_owner|explicit_commitment_verb|deliverable_object|deadline_or_sequence,analytics,speech_act_014_analytics,train,ai_authored_speech_act_contrast_v1,assistant_reviewed_candidate,high,Label and negative-state relationship checked against canonical staged semantics.
csa_0333,"We need to refresh the quarterly sales forecast, but nobody accepted ownership or timing.",ownerless_need,discussion_topic,possible_action,explicit_commitment_verb|deliverable_object,analytics,speech_act_014_analytics,train,ai_authored_speech_act_contrast_v1,assistant_reviewed_candidate,medium,Label and negative-state relationship checked against canonical staged semantics.
csa_0334,It would help to refresh the quarterly sales forecast. The group moved on without assigning it.,unassigned_suggestion,discussion_topic,possible_action,deliverable_object,analytics,speech_act_014_analytics,train,ai_authored_speech_act_contrast_v1,assistant_reviewed_candidate,medium,Label and negative-state relationship checked against canonical staged semantics.
csa_0335,"Perhaps Omar could refresh the quarterly sales forecast if there is time, but this was not agreed.",hypothetical,discussion_topic,not_action,named_owner|deliverable_object|hypothetical_language,analytics,speech_act_014_analytics,train,ai_authored_speech_act_contrast_v1,assistant_reviewed_candidate,high,Label and negative-state relationship checked against canonical staged semantics.
csa_0336,"Omar: I might refresh the quarterly sales forecast, depending on capacity. Lead: Treat that as an idea, not an action.",explicitly_uncommitted,discussion_topic,not_action,named_owner|deliverable_object|hypothetical_language,analytics,speech_act_014_analytics,train,ai_authored_speech_act_contrast_v1,assistant_reviewed_candidate,high,Label and negative-state relationship checked against canonical staged semantics.
csa_0337,Omar already completed the work to refresh the quarterly sales forecast yesterday.,completed_history,background_context,completed_history,named_owner|deliverable_object|completed_tense,analytics,speech_act_014_analytics,train,ai_authored_speech_act_contrast_v1,assistant_reviewed_candidate,high,Label and negative-state relationship checked against canonical staged semantics.
csa_0338,Lead: Omar should refresh the quarterly sales forecast. Omar: That's already done; it closed yesterday.,completed_correction,background_context,completed_history,named_owner|deliverable_object|completed_tense,analytics,speech_act_014_analytics,train,ai_authored_speech_act_contrast_v1,assistant_reviewed_candidate,high,Label and negative-state relationship checked against canonical staged semantics.
csa_0339,Do not refresh the quarterly sales forecast; that proposed action has been cancelled.,rejection,decision_agreement,not_action,deliverable_object|decision_language,analytics,speech_act_014_analytics,train,ai_authored_speech_act_contrast_v1,assistant_reviewed_candidate,high,Label and negative-state relationship checked against canonical staged semantics.
csa_0340,Earlier we asked Omar to refresh the quarterly sales forecast. That assignment is withdrawn and must not remain open.,superseded_action,decision_agreement,not_action,named_owner|deliverable_object|decision_language,analytics,speech_act_014_analytics,train,ai_authored_speech_act_contrast_v1,assistant_reviewed_candidate,high,Label and negative-state relationship checked against canonical staged semantics.
csa_0341,The team agreed to focus pipeline reviews on logistics and healthcare.,decision,decision_agreement,not_action,decision_language|deliverable_object,analytics,speech_act_014_analytics,train,ai_authored_speech_act_contrast_v1,assistant_reviewed_candidate,high,Label and negative-state relationship checked against canonical staged semantics.
csa_0342,"Option A was discussed, but the final position is to focus pipeline reviews on logistics and healthcare.",decision_after_alternative,decision_agreement,not_action,decision_language|deliverable_object,analytics,speech_act_014_analytics,train,ai_authored_speech_act_contrast_v1,assistant_reviewed_candidate,high,Label and negative-state relationship checked against canonical staged semantics.
csa_0343,"Lead: Shall we focus pipeline reviews on logistics and healthcare?
Team: Agreed. That's the approach we will use.",proposal_acceptance_decision,decision_agreement,not_action,decision_language|deliverable_object,analytics,speech_act_014_analytics,train,ai_authored_speech_act_contrast_v1,assistant_reviewed_candidate,high,Label and negative-state relationship checked against canonical staged semantics.
csa_0344,"One option would be to focus pipeline reviews on logistics and healthcare, although no decision was made.",unconfirmed_option,discussion_topic,not_action,hypothetical_language|deliverable_object,analytics,speech_act_014_analytics,train,ai_authored_speech_act_contrast_v1,assistant_reviewed_candidate,high,Label and negative-state relationship checked against canonical staged semantics.
csa_0345,The team identified that two unqualified opportunities may distort the forecast.,risk,risk_dependency,not_action,risk_language|deliverable_object,analytics,speech_act_014_analytics,train,ai_authored_speech_act_contrast_v1,assistant_reviewed_candidate,high,Label and negative-state relationship checked against canonical staged semantics.
csa_0346,"If the dependency is not resolved, two unqualified opportunities may distort the forecast. The issue remains open.",conditional_risk,risk_dependency,not_action,risk_language|deliverable_object,analytics,speech_act_014_analytics,train,ai_authored_speech_act_contrast_v1,assistant_reviewed_candidate,high,Label and negative-state relationship checked against canonical staged semantics.
csa_0347,"The team checked whether two unqualified opportunities may distort the forecast, but evidence confirmed the exposure is closed and no monitoring is required.",closed_risk_negative,background_context,not_action,deliverable_object|completed_tense,analytics,speech_act_014_analytics,train,ai_authored_speech_act_contrast_v1,assistant_reviewed_candidate,medium,Label and negative-state relationship checked against canonical staged semantics.
csa_0348,The current position is that the analytics work remains in progress.,informational,background_context,not_action,,analytics,speech_act_014_analytics,train,ai_authored_speech_act_contrast_v1,assistant_reviewed_candidate,high,Label and negative-state relationship checked against canonical staged semantics.
csa_0349,Can everyone see the analytics screen? We will pause for two minutes before continuing.,administrative,low_value_noise,not_action,,analytics,speech_act_014_analytics,train,ai_authored_speech_act_contrast_v1,assistant_reviewed_candidate,high,Label and negative-state relationship checked against canonical staged semantics.
csa_0350,"Omar: I promise I'll bring coffee to the next analytics call. This is social chat, not project work.",social_false_commitment,low_value_noise,not_action,named_owner,analytics,speech_act_014_analytics,train,ai_authored_speech_act_contrast_v1,assistant_reviewed_candidate,high,Label and negative-state relationship checked against canonical staged semantics.
csa_0351,Priya: I'll upload the signed corrective-action response by close tomorrow.,commitment,action_commitment,confirmed_action,named_owner|explicit_commitment_verb|deliverable_object|deadline_or_sequence,quality,speech_act_015_quality,train,ai_authored_speech_act_contrast_v1,assistant_reviewed_candidate,high,Label and negative-state relationship checked against canonical staged semantics.
csa_0352,Priya: I can upload the signed corrective-action response. I'll have it done by close tomorrow.,volunteer_commitment,action_commitment,confirmed_action,named_owner|explicit_commitment_verb|deliverable_object|deadline_or_sequence,quality,speech_act_015_quality,train,ai_authored_speech_act_contrast_v1,assistant_reviewed_candidate,high,Label and negative-state relationship checked against canonical staged semantics.
csa_0353,"Could Priya upload the signed corrective-action response by close tomorrow? Priya: Yes, I'll take that.",request_acceptance_thread,action_commitment,confirmed_action,named_owner|explicit_commitment_verb|deliverable_object|deadline_or_sequence,quality,speech_act_015_quality,train,ai_authored_speech_act_contrast_v1,assistant_reviewed_candidate,high,Label and negative-state relationship checked against canonical staged semantics.
csa_0354,"Lead: Can you upload the signed corrective-action response?
Priya: Yes.
Lead: Can you finish by close tomorrow?
Priya: That works.",distributed_request_acceptance,action_commitment,confirmed_action,named_owner|explicit_commitment_verb|deliverable_object|deadline_or_sequence,quality,speech_act_015_quality,train,ai_authored_speech_act_contrast_v1,assistant_reviewed_candidate,high,Label and negative-state relationship checked against canonical staged semantics.
csa_0355,Priya to upload the signed corrective-action response; due close tomorrow.,minutes_assignment,action_commitment,confirmed_action,named_owner|explicit_commitment_verb|deliverable_object|deadline_or_sequence,quality,speech_act_015_quality,train,ai_authored_speech_act_contrast_v1,assistant_reviewed_candidate,high,Label and negative-state relationship checked against canonical staged semantics.
csa_0356,"Actions recap: Priya, you're taking the item to upload the signed corrective-action response. Priya: Correct, by close tomorrow.",recap_assignment,action_commitment,confirmed_action,named_owner|explicit_commitment_verb|deliverable_object|deadline_or_sequence,quality,speech_act_015_quality,train,ai_authored_speech_act_contrast_v1,assistant_reviewed_candidate,high,Label and negative-state relationship checked against canonical staged semantics.
csa_0357,We need someone to upload the signed corrective-action response. Priya: Leave that with me; close tomorrow is fine.,contextual_volunteer,action_commitment,confirmed_action,named_owner|explicit_commitment_verb|deliverable_object|deadline_or_sequence,quality,speech_act_015_quality,train,ai_authored_speech_act_contrast_v1,assistant_reviewed_candidate,high,Label and negative-state relationship checked against canonical staged semantics.
csa_0358,"We need to upload the signed corrective-action response, but nobody accepted ownership or timing.",ownerless_need,discussion_topic,possible_action,explicit_commitment_verb|deliverable_object,quality,speech_act_015_quality,train,ai_authored_speech_act_contrast_v1,assistant_reviewed_candidate,medium,Label and negative-state relationship checked against canonical staged semantics.
csa_0359,It would help to upload the signed corrective-action response. The group moved on without assigning it.,unassigned_suggestion,discussion_topic,possible_action,deliverable_object,quality,speech_act_015_quality,train,ai_authored_speech_act_contrast_v1,assistant_reviewed_candidate,medium,Label and negative-state relationship checked against canonical staged semantics.
csa_0360,"Perhaps Priya could upload the signed corrective-action response if there is time, but this was not agreed.",hypothetical,discussion_topic,not_action,named_owner|deliverable_object|hypothetical_language,quality,speech_act_015_quality,train,ai_authored_speech_act_contrast_v1,assistant_reviewed_candidate,high,Label and negative-state relationship checked against canonical staged semantics.
csa_0361,"Priya: I might upload the signed corrective-action response, depending on capacity. Lead: Treat that as an idea, not an action.",explicitly_uncommitted,discussion_topic,not_action,named_owner|deliverable_object|hypothetical_language,quality,speech_act_015_quality,train,ai_authored_speech_act_contrast_v1,assistant_reviewed_candidate,high,Label and negative-state relationship checked against canonical staged semantics.
csa_0362,Priya already completed the work to upload the signed corrective-action response yesterday.,completed_history,background_context,completed_history,named_owner|deliverable_object|completed_tense,quality,speech_act_015_quality,train,ai_authored_speech_act_contrast_v1,assistant_reviewed_candidate,high,Label and negative-state relationship checked against canonical staged semantics.
csa_0363,Lead: Priya should upload the signed corrective-action response. Priya: That's already done; it closed yesterday.,completed_correction,background_context,completed_history,named_owner|deliverable_object|completed_tense,quality,speech_act_015_quality,train,ai_authored_speech_act_contrast_v1,assistant_reviewed_candidate,high,Label and negative-state relationship checked against canonical staged semantics.
csa_0364,Do not upload the signed corrective-action response; that proposed action has been cancelled.,rejection,decision_agreement,not_action,deliverable_object|decision_language,quality,speech_act_015_quality,train,ai_authored_speech_act_contrast_v1,assistant_reviewed_candidate,high,Label and negative-state relationship checked against canonical staged semantics.
csa_0365,Earlier we asked Priya to upload the signed corrective-action response. That assignment is withdrawn and must not remain open.,superseded_action,decision_agreement,not_action,named_owner|deliverable_object|decision_language,quality,speech_act_015_quality,train,ai_authored_speech_act_contrast_v1,assistant_reviewed_candidate,high,Label and negative-state relationship checked against canonical staged semantics.
csa_0366,The team agreed to retain the supplier on the approved list.,decision,decision_agreement,not_action,decision_language|deliverable_object,quality,speech_act_015_quality,train,ai_authored_speech_act_contrast_v1,assistant_reviewed_candidate,high,Label and negative-state relationship checked against canonical staged semantics.
csa_0367,"Option A was discussed, but the final position is to retain the supplier on the approved list.",decision_after_alternative,decision_agreement,not_action,decision_language|deliverable_object,quality,speech_act_015_quality,train,ai_authored_speech_act_contrast_v1,assistant_reviewed_candidate,high,Label and negative-state relationship checked against canonical staged semantics.
csa_0368,"Lead: Shall we retain the supplier on the approved list?
Team: Agreed. That's the approach we will use.",proposal_acceptance_decision,decision_agreement,not_action,decision_language|deliverable_object,quality,speech_act_015_quality,train,ai_authored_speech_act_contrast_v1,assistant_reviewed_candidate,high,Label and negative-state relationship checked against canonical staged semantics.
csa_0369,"One option would be to retain the supplier on the approved list, although no decision was made.",unconfirmed_option,discussion_topic,not_action,hypothetical_language|deliverable_object,quality,speech_act_015_quality,train,ai_authored_speech_act_contrast_v1,assistant_reviewed_candidate,high,Label and negative-state relationship checked against canonical staged semantics.
csa_0370,The team identified that an overdue corrective action could affect supplier approval.,risk,risk_dependency,not_action,risk_language|deliverable_object,quality,speech_act_015_quality,train,ai_authored_speech_act_contrast_v1,assistant_reviewed_candidate,high,Label and negative-state relationship checked against canonical staged semantics.
csa_0371,"If the dependency is not resolved, an overdue corrective action could affect supplier approval. The issue remains open.",conditional_risk,risk_dependency,not_action,risk_language|deliverable_object,quality,speech_act_015_quality,train,ai_authored_speech_act_contrast_v1,assistant_reviewed_candidate,high,Label and negative-state relationship checked against canonical staged semantics.
csa_0372,"The team checked whether an overdue corrective action could affect supplier approval, but evidence confirmed the exposure is closed and no monitoring is required.",closed_risk_negative,background_context,not_action,deliverable_object|completed_tense,quality,speech_act_015_quality,train,ai_authored_speech_act_contrast_v1,assistant_reviewed_candidate,medium,Label and negative-state relationship checked against canonical staged semantics.
csa_0373,The current position is that the quality work remains in progress.,informational,background_context,not_action,,quality,speech_act_015_quality,train,ai_authored_speech_act_contrast_v1,assistant_reviewed_candidate,high,Label and negative-state relationship checked against canonical staged semantics.
csa_0374,Can everyone see the quality screen? We will pause for two minutes before continuing.,administrative,low_value_noise,not_action,,quality,speech_act_015_quality,train,ai_authored_speech_act_contrast_v1,assistant_reviewed_candidate,high,Label and negative-state relationship checked against canonical staged semantics.
csa_0375,"Priya: I promise I'll bring coffee to the next quality call. This is social chat, not project work.",social_false_commitment,low_value_noise,not_action,named_owner,quality,speech_act_015_quality,train,ai_authored_speech_act_contrast_v1,assistant_reviewed_candidate,high,Label and negative-state relationship checked against canonical staged semantics.
csa_0376,David: I'll reschedule the programme check-in by today.,commitment,action_commitment,confirmed_action,named_owner|explicit_commitment_verb|deliverable_object|deadline_or_sequence,planning,speech_act_016_planning,validation,ai_authored_speech_act_contrast_v1,assistant_reviewed_candidate,high,Label and negative-state relationship checked against canonical staged semantics.
csa_0377,David: I can reschedule the programme check-in. I'll have it done by today.,volunteer_commitment,action_commitment,confirmed_action,named_owner|explicit_commitment_verb|deliverable_object|deadline_or_sequence,planning,speech_act_016_planning,validation,ai_authored_speech_act_contrast_v1,assistant_reviewed_candidate,high,Label and negative-state relationship checked against canonical staged semantics.
csa_0378,"Could David reschedule the programme check-in by today? David: Yes, I'll take that.",request_acceptance_thread,action_commitment,confirmed_action,named_owner|explicit_commitment_verb|deliverable_object|deadline_or_sequence,planning,speech_act_016_planning,validation,ai_authored_speech_act_contrast_v1,assistant_reviewed_candidate,high,Label and negative-state relationship checked against canonical staged semantics.
csa_0379,"Lead: Can you reschedule the programme check-in?
David: Yes.
Lead: Can you finish by today?
David: That works.",distributed_request_acceptance,action_commitment,confirmed_action,named_owner|explicit_commitment_verb|deliverable_object|deadline_or_sequence,planning,speech_act_016_planning,validation,ai_authored_speech_act_contrast_v1,assistant_reviewed_candidate,high,Label and negative-state relationship checked against canonical staged semantics.
csa_0380,David to reschedule the programme check-in; due today.,minutes_assignment,action_commitment,confirmed_action,named_owner|explicit_commitment_verb|deliverable_object|deadline_or_sequence,planning,speech_act_016_planning,validation,ai_authored_speech_act_contrast_v1,assistant_reviewed_candidate,high,Label and negative-state relationship checked against canonical staged semantics.
csa_0381,"Actions recap: David, you're taking the item to reschedule the programme check-in. David: Correct, by today.",recap_assignment,action_commitment,confirmed_action,named_owner|explicit_commitment_verb|deliverable_object|deadline_or_sequence,planning,speech_act_016_planning,validation,ai_authored_speech_act_contrast_v1,assistant_reviewed_candidate,high,Label and negative-state relationship checked against canonical staged semantics.
csa_0382,We need someone to reschedule the programme check-in. David: Leave that with me; today is fine.,contextual_volunteer,action_commitment,confirmed_action,named_owner|explicit_commitment_verb|deliverable_object|deadline_or_sequence,planning,speech_act_016_planning,validation,ai_authored_speech_act_contrast_v1,assistant_reviewed_candidate,high,Label and negative-state relationship checked against canonical staged semantics.
csa_0383,"We need to reschedule the programme check-in, but nobody accepted ownership or timing.",ownerless_need,discussion_topic,possible_action,explicit_commitment_verb|deliverable_object,planning,speech_act_016_planning,validation,ai_authored_speech_act_contrast_v1,assistant_reviewed_candidate,medium,Label and negative-state relationship checked against canonical staged semantics.
csa_0384,It would help to reschedule the programme check-in. The group moved on without assigning it.,unassigned_suggestion,discussion_topic,possible_action,deliverable_object,planning,speech_act_016_planning,validation,ai_authored_speech_act_contrast_v1,assistant_reviewed_candidate,medium,Label and negative-state relationship checked against canonical staged semantics.
csa_0385,"Perhaps David could reschedule the programme check-in if there is time, but this was not agreed.",hypothetical,discussion_topic,not_action,named_owner|deliverable_object|hypothetical_language,planning,speech_act_016_planning,validation,ai_authored_speech_act_contrast_v1,assistant_reviewed_candidate,high,Label and negative-state relationship checked against canonical staged semantics.
csa_0386,"David: I might reschedule the programme check-in, depending on capacity. Lead: Treat that as an idea, not an action.",explicitly_uncommitted,discussion_topic,not_action,named_owner|deliverable_object|hypothetical_language,planning,speech_act_016_planning,validation,ai_authored_speech_act_contrast_v1,assistant_reviewed_candidate,high,Label and negative-state relationship checked against canonical staged semantics.
csa_0387,David already completed the work to reschedule the programme check-in yesterday.,completed_history,background_context,completed_history,named_owner|deliverable_object|completed_tense,planning,speech_act_016_planning,validation,ai_authored_speech_act_contrast_v1,assistant_reviewed_candidate,high,Label and negative-state relationship checked against canonical staged semantics.
csa_0388,Lead: David should reschedule the programme check-in. David: That's already done; it closed yesterday.,completed_correction,background_context,completed_history,named_owner|deliverable_object|completed_tense,planning,speech_act_016_planning,validation,ai_authored_speech_act_contrast_v1,assistant_reviewed_candidate,high,Label and negative-state relationship checked against canonical staged semantics.
csa_0389,Do not reschedule the programme check-in; that proposed action has been cancelled.,rejection,decision_agreement,not_action,deliverable_object|decision_language,planning,speech_act_016_planning,validation,ai_authored_speech_act_contrast_v1,assistant_reviewed_candidate,high,Label and negative-state relationship checked against canonical staged semantics.
csa_0390,Earlier we asked David to reschedule the programme check-in. That assignment is withdrawn and must not remain open.,superseded_action,decision_agreement,not_action,named_owner|deliverable_object|decision_language,planning,speech_act_016_planning,validation,ai_authored_speech_act_contrast_v1,assistant_reviewed_candidate,high,Label and negative-state relationship checked against canonical staged semantics.
csa_0391,The team agreed to hold the check-in on Friday at noon.,decision,decision_agreement,not_action,decision_language|deliverable_object,planning,speech_act_016_planning,validation,ai_authored_speech_act_contrast_v1,assistant_reviewed_candidate,high,Label and negative-state relationship checked against canonical staged semantics.
csa_0392,"Option A was discussed, but the final position is to hold the check-in on Friday at noon.",decision_after_alternative,decision_agreement,not_action,decision_language|deliverable_object,planning,speech_act_016_planning,validation,ai_authored_speech_act_contrast_v1,assistant_reviewed_candidate,high,Label and negative-state relationship checked against canonical staged semantics.
csa_0393,"Lead: Shall we hold the check-in on Friday at noon?
Team: Agreed. That's the approach we will use.",proposal_acceptance_decision,decision_agreement,not_action,decision_language|deliverable_object,planning,speech_act_016_planning,validation,ai_authored_speech_act_contrast_v1,assistant_reviewed_candidate,high,Label and negative-state relationship checked against canonical staged semantics.
csa_0394,"One option would be to hold the check-in on Friday at noon, although no decision was made.",unconfirmed_option,discussion_topic,not_action,hypothetical_language|deliverable_object,planning,speech_act_016_planning,validation,ai_authored_speech_act_contrast_v1,assistant_reviewed_candidate,high,Label and negative-state relationship checked against canonical staged semantics.
csa_0395,The team identified that the proposed time may conflict with the client workshop.,risk,risk_dependency,not_action,risk_language|deliverable_object,planning,speech_act_016_planning,validation,ai_authored_speech_act_contrast_v1,assistant_reviewed_candidate,high,Label and negative-state relationship checked against canonical staged semantics.
csa_0396,"If the dependency is not resolved, the proposed time may conflict with the client workshop. The issue remains open.",conditional_risk,risk_dependency,not_action,risk_language|deliverable_object,planning,speech_act_016_planning,validation,ai_authored_speech_act_contrast_v1,assistant_reviewed_candidate,high,Label and negative-state relationship checked against canonical staged semantics.
csa_0397,"The team checked whether the proposed time may conflict with the client workshop, but evidence confirmed the exposure is closed and no monitoring is required.",closed_risk_negative,background_context,not_action,deliverable_object|completed_tense,planning,speech_act_016_planning,validation,ai_authored_speech_act_contrast_v1,assistant_reviewed_candidate,medium,Label and negative-state relationship checked against canonical staged semantics.
csa_0398,The current position is that the planning work remains in progress.,informational,background_context,not_action,,planning,speech_act_016_planning,validation,ai_authored_speech_act_contrast_v1,assistant_reviewed_candidate,high,Label and negative-state relationship checked against canonical staged semantics.
csa_0399,Can everyone see the planning screen? We will pause for two minutes before continuing.,administrative,low_value_noise,not_action,,planning,speech_act_016_planning,validation,ai_authored_speech_act_contrast_v1,assistant_reviewed_candidate,high,Label and negative-state relationship checked against canonical staged semantics.
csa_0400,"David: I promise I'll bring coffee to the next planning call. This is social chat, not project work.",social_false_commitment,low_value_noise,not_action,named_owner,planning,speech_act_016_planning,validation,ai_authored_speech_act_contrast_v1,assistant_reviewed_candidate,high,Label and negative-state relationship checked against canonical staged semantics.
csa_0401,Fatima: I'll verify the customer mapping file by Thursday.,commitment,action_commitment,confirmed_action,named_owner|explicit_commitment_verb|deliverable_object|deadline_or_sequence,data_migration,speech_act_017_data_migration,train,ai_authored_speech_act_contrast_v1,assistant_reviewed_candidate,high,Label and negative-state relationship checked against canonical staged semantics.
csa_0402,Fatima: I can verify the customer mapping file. I'll have it done by Thursday.,volunteer_commitment,action_commitment,confirmed_action,named_owner|explicit_commitment_verb|deliverable_object|deadline_or_sequence,data_migration,speech_act_017_data_migration,train,ai_authored_speech_act_contrast_v1,assistant_reviewed_candidate,high,Label and negative-state relationship checked against canonical staged semantics.
csa_0403,"Could Fatima verify the customer mapping file by Thursday? Fatima: Yes, I'll take that.",request_acceptance_thread,action_commitment,confirmed_action,named_owner|explicit_commitment_verb|deliverable_object|deadline_or_sequence,data_migration,speech_act_017_data_migration,train,ai_authored_speech_act_contrast_v1,assistant_reviewed_candidate,high,Label and negative-state relationship checked against canonical staged semantics.
csa_0404,"Lead: Can you verify the customer mapping file?
Fatima: Yes.
Lead: Can you finish by Thursday?
Fatima: That works.",distributed_request_acceptance,action_commitment,confirmed_action,named_owner|explicit_commitment_verb|deliverable_object|deadline_or_sequence,data_migration,speech_act_017_data_migration,train,ai_authored_speech_act_contrast_v1,assistant_reviewed_candidate,high,Label and negative-state relationship checked against canonical staged semantics.
csa_0405,Fatima to verify the customer mapping file; due Thursday.,minutes_assignment,action_commitment,confirmed_action,named_owner|explicit_commitment_verb|deliverable_object|deadline_or_sequence,data_migration,speech_act_017_data_migration,train,ai_authored_speech_act_contrast_v1,assistant_reviewed_candidate,high,Label and negative-state relationship checked against canonical staged semantics.
csa_0406,"Actions recap: Fatima, you're taking the item to verify the customer mapping file. Fatima: Correct, by Thursday.",recap_assignment,action_commitment,confirmed_action,named_owner|explicit_commitment_verb|deliverable_object|deadline_or_sequence,data_migration,speech_act_017_data_migration,train,ai_authored_speech_act_contrast_v1,assistant_reviewed_candidate,high,Label and negative-state relationship checked against canonical staged semantics.
csa_0407,We need someone to verify the customer mapping file. Fatima: Leave that with me; Thursday is fine.,contextual_volunteer,action_commitment,confirmed_action,named_owner|explicit_commitment_verb|deliverable_object|deadline_or_sequence,data_migration,speech_act_017_data_migration,train,ai_authored_speech_act_contrast_v1,assistant_reviewed_candidate,high,Label and negative-state relationship checked against canonical staged semantics.
csa_0408,"We need to verify the customer mapping file, but nobody accepted ownership or timing.",ownerless_need,discussion_topic,possible_action,explicit_commitment_verb|deliverable_object,data_migration,speech_act_017_data_migration,train,ai_authored_speech_act_contrast_v1,assistant_reviewed_candidate,medium,Label and negative-state relationship checked against canonical staged semantics.
csa_0409,It would help to verify the customer mapping file. The group moved on without assigning it.,unassigned_suggestion,discussion_topic,possible_action,deliverable_object,data_migration,speech_act_017_data_migration,train,ai_authored_speech_act_contrast_v1,assistant_reviewed_candidate,medium,Label and negative-state relationship checked against canonical staged semantics.
csa_0410,"Perhaps Fatima could verify the customer mapping file if there is time, but this was not agreed.",hypothetical,discussion_topic,not_action,named_owner|deliverable_object|hypothetical_language,data_migration,speech_act_017_data_migration,train,ai_authored_speech_act_contrast_v1,assistant_reviewed_candidate,high,Label and negative-state relationship checked against canonical staged semantics.
csa_0411,"Fatima: I might verify the customer mapping file, depending on capacity. Lead: Treat that as an idea, not an action.",explicitly_uncommitted,discussion_topic,not_action,named_owner|deliverable_object|hypothetical_language,data_migration,speech_act_017_data_migration,train,ai_authored_speech_act_contrast_v1,assistant_reviewed_candidate,high,Label and negative-state relationship checked against canonical staged semantics.
csa_0412,Fatima already completed the work to verify the customer mapping file yesterday.,completed_history,background_context,completed_history,named_owner|deliverable_object|completed_tense,data_migration,speech_act_017_data_migration,train,ai_authored_speech_act_contrast_v1,assistant_reviewed_candidate,high,Label and negative-state relationship checked against canonical staged semantics.
csa_0413,Lead: Fatima should verify the customer mapping file. Fatima: That's already done; it closed yesterday.,completed_correction,background_context,completed_history,named_owner|deliverable_object|completed_tense,data_migration,speech_act_017_data_migration,train,ai_authored_speech_act_contrast_v1,assistant_reviewed_candidate,high,Label and negative-state relationship checked against canonical staged semantics.
csa_0414,Do not verify the customer mapping file; that proposed action has been cancelled.,rejection,decision_agreement,not_action,deliverable_object|decision_language,data_migration,speech_act_017_data_migration,train,ai_authored_speech_act_contrast_v1,assistant_reviewed_candidate,high,Label and negative-state relationship checked against canonical staged semantics.
csa_0415,Earlier we asked Fatima to verify the customer mapping file. That assignment is withdrawn and must not remain open.,superseded_action,decision_agreement,not_action,named_owner|deliverable_object|decision_language,data_migration,speech_act_017_data_migration,train,ai_authored_speech_act_contrast_v1,assistant_reviewed_candidate,high,Label and negative-state relationship checked against canonical staged semantics.
csa_0416,The team agreed to run a phased migration by region.,decision,decision_agreement,not_action,decision_language|deliverable_object,data_migration,speech_act_017_data_migration,train,ai_authored_speech_act_contrast_v1,assistant_reviewed_candidate,high,Label and negative-state relationship checked against canonical staged semantics.
csa_0417,"Option A was discussed, but the final position is to run a phased migration by region.",decision_after_alternative,decision_agreement,not_action,decision_language|deliverable_object,data_migration,speech_act_017_data_migration,train,ai_authored_speech_act_contrast_v1,assistant_reviewed_candidate,high,Label and negative-state relationship checked against canonical staged semantics.
csa_0418,"Lead: Shall we run a phased migration by region?
Team: Agreed. That's the approach we will use.",proposal_acceptance_decision,decision_agreement,not_action,decision_language|deliverable_object,data_migration,speech_act_017_data_migration,train,ai_authored_speech_act_contrast_v1,assistant_reviewed_candidate,high,Label and negative-state relationship checked against canonical staged semantics.
csa_0419,"One option would be to run a phased migration by region, although no decision was made.",unconfirmed_option,discussion_topic,not_action,hypothetical_language|deliverable_object,data_migration,speech_act_017_data_migration,train,ai_authored_speech_act_contrast_v1,assistant_reviewed_candidate,high,Label and negative-state relationship checked against canonical staged semantics.
csa_0420,The team identified that duplicate customer identifiers could corrupt the import.,risk,risk_dependency,not_action,risk_language|deliverable_object,data_migration,speech_act_017_data_migration,train,ai_authored_speech_act_contrast_v1,assistant_reviewed_candidate,high,Label and negative-state relationship checked against canonical staged semantics.
csa_0421,"If the dependency is not resolved, duplicate customer identifiers could corrupt the import. The issue remains open.",conditional_risk,risk_dependency,not_action,risk_language|deliverable_object,data_migration,speech_act_017_data_migration,train,ai_authored_speech_act_contrast_v1,assistant_reviewed_candidate,high,Label and negative-state relationship checked against canonical staged semantics.
csa_0422,"The team checked whether duplicate customer identifiers could corrupt the import, but evidence confirmed the exposure is closed and no monitoring is required.",closed_risk_negative,background_context,not_action,deliverable_object|completed_tense,data_migration,speech_act_017_data_migration,train,ai_authored_speech_act_contrast_v1,assistant_reviewed_candidate,medium,Label and negative-state relationship checked against canonical staged semantics.
csa_0423,The current position is that the data migration work remains in progress.,informational,background_context,not_action,,data_migration,speech_act_017_data_migration,train,ai_authored_speech_act_contrast_v1,assistant_reviewed_candidate,high,Label and negative-state relationship checked against canonical staged semantics.
csa_0424,Can everyone see the data migration screen? We will pause for two minutes before continuing.,administrative,low_value_noise,not_action,,data_migration,speech_act_017_data_migration,train,ai_authored_speech_act_contrast_v1,assistant_reviewed_candidate,high,Label and negative-state relationship checked against canonical staged semantics.
csa_0425,"Fatima: I promise I'll bring coffee to the next data migration call. This is social chat, not project work.",social_false_commitment,low_value_noise,not_action,named_owner,data_migration,speech_act_017_data_migration,train,ai_authored_speech_act_contrast_v1,assistant_reviewed_candidate,high,Label and negative-state relationship checked against canonical staged semantics.
csa_0426,Gabriel: I'll remove two fields from the registration form by before release.,commitment,action_commitment,confirmed_action,named_owner|explicit_commitment_verb|deliverable_object|deadline_or_sequence,product,speech_act_018_product,train,ai_authored_speech_act_contrast_v1,assistant_reviewed_candidate,high,Label and negative-state relationship checked against canonical staged semantics.
csa_0427,Gabriel: I can remove two fields from the registration form. I'll have it done by before release.,volunteer_commitment,action_commitment,confirmed_action,named_owner|explicit_commitment_verb|deliverable_object|deadline_or_sequence,product,speech_act_018_product,train,ai_authored_speech_act_contrast_v1,assistant_reviewed_candidate,high,Label and negative-state relationship checked against canonical staged semantics.
csa_0428,"Could Gabriel remove two fields from the registration form by before release? Gabriel: Yes, I'll take that.",request_acceptance_thread,action_commitment,confirmed_action,named_owner|explicit_commitment_verb|deliverable_object|deadline_or_sequence,product,speech_act_018_product,train,ai_authored_speech_act_contrast_v1,assistant_reviewed_candidate,high,Label and negative-state relationship checked against canonical staged semantics.
csa_0429,"Lead: Can you remove two fields from the registration form?
Gabriel: Yes.
Lead: Can you finish by before release?
Gabriel: That works.",distributed_request_acceptance,action_commitment,confirmed_action,named_owner|explicit_commitment_verb|deliverable_object|deadline_or_sequence,product,speech_act_018_product,train,ai_authored_speech_act_contrast_v1,assistant_reviewed_candidate,high,Label and negative-state relationship checked against canonical staged semantics.
csa_0430,Gabriel to remove two fields from the registration form; due before release.,minutes_assignment,action_commitment,confirmed_action,named_owner|explicit_commitment_verb|deliverable_object|deadline_or_sequence,product,speech_act_018_product,train,ai_authored_speech_act_contrast_v1,assistant_reviewed_candidate,high,Label and negative-state relationship checked against canonical staged semantics.
csa_0431,"Actions recap: Gabriel, you're taking the item to remove two fields from the registration form. Gabriel: Correct, by before release.",recap_assignment,action_commitment,confirmed_action,named_owner|explicit_commitment_verb|deliverable_object|deadline_or_sequence,product,speech_act_018_product,train,ai_authored_speech_act_contrast_v1,assistant_reviewed_candidate,high,Label and negative-state relationship checked against canonical staged semantics.
csa_0432,We need someone to remove two fields from the registration form. Gabriel: Leave that with me; before release is fine.,contextual_volunteer,action_commitment,confirmed_action,named_owner|explicit_commitment_verb|deliverable_object|deadline_or_sequence,product,speech_act_018_product,train,ai_authored_speech_act_contrast_v1,assistant_reviewed_candidate,high,Label and negative-state relationship checked against canonical staged semantics.
csa_0433,"We need to remove two fields from the registration form, but nobody accepted ownership or timing.",ownerless_need,discussion_topic,possible_action,explicit_commitment_verb|deliverable_object,product,speech_act_018_product,train,ai_authored_speech_act_contrast_v1,assistant_reviewed_candidate,medium,Label and negative-state relationship checked against canonical staged semantics.
csa_0434,It would help to remove two fields from the registration form. The group moved on without assigning it.,unassigned_suggestion,discussion_topic,possible_action,deliverable_object,product,speech_act_018_product,train,ai_authored_speech_act_contrast_v1,assistant_reviewed_candidate,medium,Label and negative-state relationship checked against canonical staged semantics.
csa_0435,"Perhaps Gabriel could remove two fields from the registration form if there is time, but this was not agreed.",hypothetical,discussion_topic,not_action,named_owner|deliverable_object|hypothetical_language,product,speech_act_018_product,train,ai_authored_speech_act_contrast_v1,assistant_reviewed_candidate,high,Label and negative-state relationship checked against canonical staged semantics.
csa_0436,"Gabriel: I might remove two fields from the registration form, depending on capacity. Lead: Treat that as an idea, not an action.",explicitly_uncommitted,discussion_topic,not_action,named_owner|deliverable_object|hypothetical_language,product,speech_act_018_product,train,ai_authored_speech_act_contrast_v1,assistant_reviewed_candidate,high,Label and negative-state relationship checked against canonical staged semantics.
csa_0437,Gabriel already completed the work to remove two fields from the registration form yesterday.,completed_history,background_context,completed_history,named_owner|deliverable_object|completed_tense,product,speech_act_018_product,train,ai_authored_speech_act_contrast_v1,assistant_reviewed_candidate,high,Label and negative-state relationship checked against canonical staged semantics.
csa_0438,Lead: Gabriel should remove two fields from the registration form. Gabriel: That's already done; it closed yesterday.,completed_correction,background_context,completed_history,named_owner|deliverable_object|completed_tense,product,speech_act_018_product,train,ai_authored_speech_act_contrast_v1,assistant_reviewed_candidate,high,Label and negative-state relationship checked against canonical staged semantics.
csa_0439,Do not remove two fields from the registration form; that proposed action has been cancelled.,rejection,decision_agreement,not_action,deliverable_object|decision_language,product,speech_act_018_product,train,ai_authored_speech_act_contrast_v1,assistant_reviewed_candidate,high,Label and negative-state relationship checked against canonical staged semantics.
csa_0440,Earlier we asked Gabriel to remove two fields from the registration form. That assignment is withdrawn and must not remain open.,superseded_action,decision_agreement,not_action,named_owner|deliverable_object|decision_language,product,speech_act_018_product,train,ai_authored_speech_act_contrast_v1,assistant_reviewed_candidate,high,Label and negative-state relationship checked against canonical staged semantics.
csa_0441,The team agreed to use the shorter registration journey.,decision,decision_agreement,not_action,decision_language|deliverable_object,product,speech_act_018_product,train,ai_authored_speech_act_contrast_v1,assistant_reviewed_candidate,high,Label and negative-state relationship checked against canonical staged semantics.
csa_0442,"Option A was discussed, but the final position is to use the shorter registration journey.",decision_after_alternative,decision_agreement,not_action,decision_language|deliverable_object,product,speech_act_018_product,train,ai_authored_speech_act_contrast_v1,assistant_reviewed_candidate,high,Label and negative-state relationship checked against canonical staged semantics.
csa_0443,"Lead: Shall we use the shorter registration journey?
Team: Agreed. That's the approach we will use.",proposal_acceptance_decision,decision_agreement,not_action,decision_language|deliverable_object,product,speech_act_018_product,train,ai_authored_speech_act_contrast_v1,assistant_reviewed_candidate,high,Label and negative-state relationship checked against canonical staged semantics.
csa_0444,"One option would be to use the shorter registration journey, although no decision was made.",unconfirmed_option,discussion_topic,not_action,hypothetical_language|deliverable_object,product,speech_act_018_product,train,ai_authored_speech_act_contrast_v1,assistant_reviewed_candidate,high,Label and negative-state relationship checked against canonical staged semantics.
csa_0445,The team identified that removing mandatory fields could weaken reporting.,risk,risk_dependency,not_action,risk_language|deliverable_object,product,speech_act_018_product,train,ai_authored_speech_act_contrast_v1,assistant_reviewed_candidate,high,Label and negative-state relationship checked against canonical staged semantics.
csa_0446,"If the dependency is not resolved, removing mandatory fields could weaken reporting. The issue remains open.",conditional_risk,risk_dependency,not_action,risk_language|deliverable_object,product,speech_act_018_product,train,ai_authored_speech_act_contrast_v1,assistant_reviewed_candidate,high,Label and negative-state relationship checked against canonical staged semantics.
csa_0447,"The team checked whether removing mandatory fields could weaken reporting, but evidence confirmed the exposure is closed and no monitoring is required.",closed_risk_negative,background_context,not_action,deliverable_object|completed_tense,product,speech_act_018_product,train,ai_authored_speech_act_contrast_v1,assistant_reviewed_candidate,medium,Label and negative-state relationship checked against canonical staged semantics.
csa_0448,The current position is that the product work remains in progress.,informational,background_context,not_action,,product,speech_act_018_product,train,ai_authored_speech_act_contrast_v1,assistant_reviewed_candidate,high,Label and negative-state relationship checked against canonical staged semantics.
csa_0449,Can everyone see the product screen? We will pause for two minutes before continuing.,administrative,low_value_noise,not_action,,product,speech_act_018_product,train,ai_authored_speech_act_contrast_v1,assistant_reviewed_candidate,high,Label and negative-state relationship checked against canonical staged semantics.
csa_0450,"Gabriel: I promise I'll bring coffee to the next product call. This is social chat, not project work.",social_false_commitment,low_value_noise,not_action,named_owner,product,speech_act_018_product,train,ai_authored_speech_act_contrast_v1,assistant_reviewed_candidate,high,Label and negative-state relationship checked against canonical staged semantics.
csa_0451,Anika: I'll confirm the laboratory access list by Monday.,commitment,action_commitment,confirmed_action,named_owner|explicit_commitment_verb|deliverable_object|deadline_or_sequence,facilities,speech_act_019_facilities,test,ai_authored_speech_act_contrast_v1,assistant_reviewed_candidate,high,Label and negative-state relationship checked against canonical staged semantics.
csa_0452,Anika: I can confirm the laboratory access list. I'll have it done by Monday.,volunteer_commitment,action_commitment,confirmed_action,named_owner|explicit_commitment_verb|deliverable_object|deadline_or_sequence,facilities,speech_act_019_facilities,test,ai_authored_speech_act_contrast_v1,assistant_reviewed_candidate,high,Label and negative-state relationship checked against canonical staged semantics.
csa_0453,"Could Anika confirm the laboratory access list by Monday? Anika: Yes, I'll take that.",request_acceptance_thread,action_commitment,confirmed_action,named_owner|explicit_commitment_verb|deliverable_object|deadline_or_sequence,facilities,speech_act_019_facilities,test,ai_authored_speech_act_contrast_v1,assistant_reviewed_candidate,high,Label and negative-state relationship checked against canonical staged semantics.
csa_0454,"Lead: Can you confirm the laboratory access list?
Anika: Yes.
Lead: Can you finish by Monday?
Anika: That works.",distributed_request_acceptance,action_commitment,confirmed_action,named_owner|explicit_commitment_verb|deliverable_object|deadline_or_sequence,facilities,speech_act_019_facilities,test,ai_authored_speech_act_contrast_v1,assistant_reviewed_candidate,high,Label and negative-state relationship checked against canonical staged semantics.
csa_0455,Anika to confirm the laboratory access list; due Monday.,minutes_assignment,action_commitment,confirmed_action,named_owner|explicit_commitment_verb|deliverable_object|deadline_or_sequence,facilities,speech_act_019_facilities,test,ai_authored_speech_act_contrast_v1,assistant_reviewed_candidate,high,Label and negative-state relationship checked against canonical staged semantics.
csa_0456,"Actions recap: Anika, you're taking the item to confirm the laboratory access list. Anika: Correct, by Monday.",recap_assignment,action_commitment,confirmed_action,named_owner|explicit_commitment_verb|deliverable_object|deadline_or_sequence,facilities,speech_act_019_facilities,test,ai_authored_speech_act_contrast_v1,assistant_reviewed_candidate,high,Label and negative-state relationship checked against canonical staged semantics.
csa_0457,We need someone to confirm the laboratory access list. Anika: Leave that with me; Monday is fine.,contextual_volunteer,action_commitment,confirmed_action,named_owner|explicit_commitment_verb|deliverable_object|deadline_or_sequence,facilities,speech_act_019_facilities,test,ai_authored_speech_act_contrast_v1,assistant_reviewed_candidate,high,Label and negative-state relationship checked against canonical staged semantics.
csa_0458,"We need to confirm the laboratory access list, but nobody accepted ownership or timing.",ownerless_need,discussion_topic,possible_action,explicit_commitment_verb|deliverable_object,facilities,speech_act_019_facilities,test,ai_authored_speech_act_contrast_v1,assistant_reviewed_candidate,medium,Label and negative-state relationship checked against canonical staged semantics.
csa_0459,It would help to confirm the laboratory access list. The group moved on without assigning it.,unassigned_suggestion,discussion_topic,possible_action,deliverable_object,facilities,speech_act_019_facilities,test,ai_authored_speech_act_contrast_v1,assistant_reviewed_candidate,medium,Label and negative-state relationship checked against canonical staged semantics.
csa_0460,"Perhaps Anika could confirm the laboratory access list if there is time, but this was not agreed.",hypothetical,discussion_topic,not_action,named_owner|deliverable_object|hypothetical_language,facilities,speech_act_019_facilities,test,ai_authored_speech_act_contrast_v1,assistant_reviewed_candidate,high,Label and negative-state relationship checked against canonical staged semantics.
csa_0461,"Anika: I might confirm the laboratory access list, depending on capacity. Lead: Treat that as an idea, not an action.",explicitly_uncommitted,discussion_topic,not_action,named_owner|deliverable_object|hypothetical_language,facilities,speech_act_019_facilities,test,ai_authored_speech_act_contrast_v1,assistant_reviewed_candidate,high,Label and negative-state relationship checked against canonical staged semantics.
csa_0462,Anika already completed the work to confirm the laboratory access list yesterday.,completed_history,background_context,completed_history,named_owner|deliverable_object|completed_tense,facilities,speech_act_019_facilities,test,ai_authored_speech_act_contrast_v1,assistant_reviewed_candidate,high,Label and negative-state relationship checked against canonical staged semantics.
csa_0463,Lead: Anika should confirm the laboratory access list. Anika: That's already done; it closed yesterday.,completed_correction,background_context,completed_history,named_owner|deliverable_object|completed_tense,facilities,speech_act_019_facilities,test,ai_authored_speech_act_contrast_v1,assistant_reviewed_candidate,high,Label and negative-state relationship checked against canonical staged semantics.
csa_0464,Do not confirm the laboratory access list; that proposed action has been cancelled.,rejection,decision_agreement,not_action,deliverable_object|decision_language,facilities,speech_act_019_facilities,test,ai_authored_speech_act_contrast_v1,assistant_reviewed_candidate,high,Label and negative-state relationship checked against canonical staged semantics.
csa_0465,Earlier we asked Anika to confirm the laboratory access list. That assignment is withdrawn and must not remain open.,superseded_action,decision_agreement,not_action,named_owner|deliverable_object|decision_language,facilities,speech_act_019_facilities,test,ai_authored_speech_act_contrast_v1,assistant_reviewed_candidate,high,Label and negative-state relationship checked against canonical staged semantics.
csa_0466,The team agreed to limit after-hours access to trained staff.,decision,decision_agreement,not_action,decision_language|deliverable_object,facilities,speech_act_019_facilities,test,ai_authored_speech_act_contrast_v1,assistant_reviewed_candidate,high,Label and negative-state relationship checked against canonical staged semantics.
csa_0467,"Option A was discussed, but the final position is to limit after-hours access to trained staff.",decision_after_alternative,decision_agreement,not_action,decision_language|deliverable_object,facilities,speech_act_019_facilities,test,ai_authored_speech_act_contrast_v1,assistant_reviewed_candidate,high,Label and negative-state relationship checked against canonical staged semantics.
csa_0468,"Lead: Shall we limit after-hours access to trained staff?
Team: Agreed. That's the approach we will use.",proposal_acceptance_decision,decision_agreement,not_action,decision_language|deliverable_object,facilities,speech_act_019_facilities,test,ai_authored_speech_act_contrast_v1,assistant_reviewed_candidate,high,Label and negative-state relationship checked against canonical staged semantics.
csa_0469,"One option would be to limit after-hours access to trained staff, although no decision was made.",unconfirmed_option,discussion_topic,not_action,hypothetical_language|deliverable_object,facilities,speech_act_019_facilities,test,ai_authored_speech_act_contrast_v1,assistant_reviewed_candidate,high,Label and negative-state relationship checked against canonical staged semantics.
csa_0470,The team identified that unapproved access could breach safety controls.,risk,risk_dependency,not_action,risk_language|deliverable_object,facilities,speech_act_019_facilities,test,ai_authored_speech_act_contrast_v1,assistant_reviewed_candidate,high,Label and negative-state relationship checked against canonical staged semantics.
csa_0471,"If the dependency is not resolved, unapproved access could breach safety controls. The issue remains open.",conditional_risk,risk_dependency,not_action,risk_language|deliverable_object,facilities,speech_act_019_facilities,test,ai_authored_speech_act_contrast_v1,assistant_reviewed_candidate,high,Label and negative-state relationship checked against canonical staged semantics.
csa_0472,"The team checked whether unapproved access could breach safety controls, but evidence confirmed the exposure is closed and no monitoring is required.",closed_risk_negative,background_context,not_action,deliverable_object|completed_tense,facilities,speech_act_019_facilities,test,ai_authored_speech_act_contrast_v1,assistant_reviewed_candidate,medium,Label and negative-state relationship checked against canonical staged semantics.
csa_0473,The current position is that the facilities work remains in progress.,informational,background_context,not_action,,facilities,speech_act_019_facilities,test,ai_authored_speech_act_contrast_v1,assistant_reviewed_candidate,high,Label and negative-state relationship checked against canonical staged semantics.
csa_0474,Can everyone see the facilities screen? We will pause for two minutes before continuing.,administrative,low_value_noise,not_action,,facilities,speech_act_019_facilities,test,ai_authored_speech_act_contrast_v1,assistant_reviewed_candidate,high,Label and negative-state relationship checked against canonical staged semantics.
csa_0475,"Anika: I promise I'll bring coffee to the next facilities call. This is social chat, not project work.",social_false_commitment,low_value_noise,not_action,named_owner,facilities,speech_act_019_facilities,test,ai_authored_speech_act_contrast_v1,assistant_reviewed_candidate,high,Label and negative-state relationship checked against canonical staged semantics.
csa_0476,Marcus: I'll send the revised facilitator pack by tomorrow morning.,commitment,action_commitment,confirmed_action,named_owner|explicit_commitment_verb|deliverable_object|deadline_or_sequence,training,speech_act_020_training,train,ai_authored_speech_act_contrast_v1,assistant_reviewed_candidate,high,Label and negative-state relationship checked against canonical staged semantics.
csa_0477,Marcus: I can send the revised facilitator pack. I'll have it done by tomorrow morning.,volunteer_commitment,action_commitment,confirmed_action,named_owner|explicit_commitment_verb|deliverable_object|deadline_or_sequence,training,speech_act_020_training,train,ai_authored_speech_act_contrast_v1,assistant_reviewed_candidate,high,Label and negative-state relationship checked against canonical staged semantics.
csa_0478,"Could Marcus send the revised facilitator pack by tomorrow morning? Marcus: Yes, I'll take that.",request_acceptance_thread,action_commitment,confirmed_action,named_owner|explicit_commitment_verb|deliverable_object|deadline_or_sequence,training,speech_act_020_training,train,ai_authored_speech_act_contrast_v1,assistant_reviewed_candidate,high,Label and negative-state relationship checked against canonical staged semantics.
csa_0479,"Lead: Can you send the revised facilitator pack?
Marcus: Yes.
Lead: Can you finish by tomorrow morning?
Marcus: That works.",distributed_request_acceptance,action_commitment,confirmed_action,named_owner|explicit_commitment_verb|deliverable_object|deadline_or_sequence,training,speech_act_020_training,train,ai_authored_speech_act_contrast_v1,assistant_reviewed_candidate,high,Label and negative-state relationship checked against canonical staged semantics.
csa_0480,Marcus to send the revised facilitator pack; due tomorrow morning.,minutes_assignment,action_commitment,confirmed_action,named_owner|explicit_commitment_verb|deliverable_object|deadline_or_sequence,training,speech_act_020_training,train,ai_authored_speech_act_contrast_v1,assistant_reviewed_candidate,high,Label and negative-state relationship checked against canonical staged semantics.
csa_0481,"Actions recap: Marcus, you're taking the item to send the revised facilitator pack. Marcus: Correct, by tomorrow morning.",recap_assignment,action_commitment,confirmed_action,named_owner|explicit_commitment_verb|deliverable_object|deadline_or_sequence,training,speech_act_020_training,train,ai_authored_speech_act_contrast_v1,assistant_reviewed_candidate,high,Label and negative-state relationship checked against canonical staged semantics.
csa_0482,We need someone to send the revised facilitator pack. Marcus: Leave that with me; tomorrow morning is fine.,contextual_volunteer,action_commitment,confirmed_action,named_owner|explicit_commitment_verb|deliverable_object|deadline_or_sequence,training,speech_act_020_training,train,ai_authored_speech_act_contrast_v1,assistant_reviewed_candidate,high,Label and negative-state relationship checked against canonical staged semantics.
csa_0483,"We need to send the revised facilitator pack, but nobody accepted ownership or timing.",ownerless_need,discussion_topic,possible_action,explicit_commitment_verb|deliverable_object,training,speech_act_020_training,train,ai_authored_speech_act_contrast_v1,assistant_reviewed_candidate,medium,Label and negative-state relationship checked against canonical staged semantics.
csa_0484,It would help to send the revised facilitator pack. The group moved on without assigning it.,unassigned_suggestion,discussion_topic,possible_action,deliverable_object,training,speech_act_020_training,train,ai_authored_speech_act_contrast_v1,assistant_reviewed_candidate,medium,Label and negative-state relationship checked against canonical staged semantics.
csa_0485,"Perhaps Marcus could send the revised facilitator pack if there is time, but this was not agreed.",hypothetical,discussion_topic,not_action,named_owner|deliverable_object|hypothetical_language,training,speech_act_020_training,train,ai_authored_speech_act_contrast_v1,assistant_reviewed_candidate,high,Label and negative-state relationship checked against canonical staged semantics.
csa_0486,"Marcus: I might send the revised facilitator pack, depending on capacity. Lead: Treat that as an idea, not an action.",explicitly_uncommitted,discussion_topic,not_action,named_owner|deliverable_object|hypothetical_language,training,speech_act_020_training,train,ai_authored_speech_act_contrast_v1,assistant_reviewed_candidate,high,Label and negative-state relationship checked against canonical staged semantics.
csa_0487,Marcus already completed the work to send the revised facilitator pack yesterday.,completed_history,background_context,completed_history,named_owner|deliverable_object|completed_tense,training,speech_act_020_training,train,ai_authored_speech_act_contrast_v1,assistant_reviewed_candidate,high,Label and negative-state relationship checked against canonical staged semantics.
csa_0488,Lead: Marcus should send the revised facilitator pack. Marcus: That's already done; it closed yesterday.,completed_correction,background_context,completed_history,named_owner|deliverable_object|completed_tense,training,speech_act_020_training,train,ai_authored_speech_act_contrast_v1,assistant_reviewed_candidate,high,Label and negative-state relationship checked against canonical staged semantics.
csa_0489,Do not send the revised facilitator pack; that proposed action has been cancelled.,rejection,decision_agreement,not_action,deliverable_object|decision_language,training,speech_act_020_training,train,ai_authored_speech_act_contrast_v1,assistant_reviewed_candidate,high,Label and negative-state relationship checked against canonical staged semantics.
csa_0490,Earlier we asked Marcus to send the revised facilitator pack. That assignment is withdrawn and must not remain open.,superseded_action,decision_agreement,not_action,named_owner|deliverable_object|decision_language,training,speech_act_020_training,train,ai_authored_speech_act_contrast_v1,assistant_reviewed_candidate,high,Label and negative-state relationship checked against canonical staged semantics.
csa_0491,The team agreed to replace the lecture with two practical exercises.,decision,decision_agreement,not_action,decision_language|deliverable_object,training,speech_act_020_training,train,ai_authored_speech_act_contrast_v1,assistant_reviewed_candidate,high,Label and negative-state relationship checked against canonical staged semantics.
csa_0492,"Option A was discussed, but the final position is to replace the lecture with two practical exercises.",decision_after_alternative,decision_agreement,not_action,decision_language|deliverable_object,training,speech_act_020_training,train,ai_authored_speech_act_contrast_v1,assistant_reviewed_candidate,high,Label and negative-state relationship checked against canonical staged semantics.
csa_0493,"Lead: Shall we replace the lecture with two practical exercises?
Team: Agreed. That's the approach we will use.",proposal_acceptance_decision,decision_agreement,not_action,decision_language|deliverable_object,training,speech_act_020_training,train,ai_authored_speech_act_contrast_v1,assistant_reviewed_candidate,high,Label and negative-state relationship checked against canonical staged semantics.
csa_0494,"One option would be to replace the lecture with two practical exercises, although no decision was made.",unconfirmed_option,discussion_topic,not_action,hypothetical_language|deliverable_object,training,speech_act_020_training,train,ai_authored_speech_act_contrast_v1,assistant_reviewed_candidate,high,Label and negative-state relationship checked against canonical staged semantics.
csa_0495,The team identified that late materials could leave facilitators unprepared.,risk,risk_dependency,not_action,risk_language|deliverable_object,training,speech_act_020_training,train,ai_authored_speech_act_contrast_v1,assistant_reviewed_candidate,high,Label and negative-state relationship checked against canonical staged semantics.
csa_0496,"If the dependency is not resolved, late materials could leave facilitators unprepared. The issue remains open.",conditional_risk,risk_dependency,not_action,risk_language|deliverable_object,training,speech_act_020_training,train,ai_authored_speech_act_contrast_v1,assistant_reviewed_candidate,high,Label and negative-state relationship checked against canonical staged semantics.
csa_0497,"The team checked whether late materials could leave facilitators unprepared, but evidence confirmed the exposure is closed and no monitoring is required.",closed_risk_negative,background_context,not_action,deliverable_object|completed_tense,training,speech_act_020_training,train,ai_authored_speech_act_contrast_v1,assistant_reviewed_candidate,medium,Label and negative-state relationship checked against canonical staged semantics.
csa_0498,The current position is that the training work remains in progress.,informational,background_context,not_action,,training,speech_act_020_training,train,ai_authored_speech_act_contrast_v1,assistant_reviewed_candidate,high,Label and negative-state relationship checked against canonical staged semantics.
csa_0499,Can everyone see the training screen? We will pause for two minutes before continuing.,administrative,low_value_noise,not_action,,training,speech_act_020_training,train,ai_authored_speech_act_contrast_v1,assistant_reviewed_candidate,high,Label and negative-state relationship checked against canonical staged semantics.
csa_0500,"Marcus: I promise I'll bring coffee to the next training call. This is social chat, not project work.",social_false_commitment,low_value_noise,not_action,named_owner,training,speech_act_020_training,train,ai_authored_speech_act_contrast_v1,assistant_reviewed_candidate,high,Label and negative-state relationship checked against canonical staged semantics.
