row_id,text,speech_act,evidence_type,action_state,signals,domain,group_id,recommended_split,source,review_status,review_confidence,review_notes,previous_text,current_text,next_text,context_text,lifecycle_state,context_dependency,canonical_worthiness,temporal_role,canonical_group_id,gold_include,gold_section
mmt_0001,Orla will review the QMS manual before the next client connect.,legacy_reviewed,document_control_task,confirmed_action,named_owner|explicit_commitment_verb|deliverable_object|deadline_or_sequence|document_or_record,evidence,source:t819_seed,train,t819_seed,human_approved,,,,Orla will review the QMS manual before the next client connect.,,"[PREVIOUS]

[CURRENT]
Orla will review the QMS manual before the next client connect.
[NEXT]
",,,,,,,
mmt_0002,Orla to follow up with Cody for the MedEnvoy project plan for manufacturer EO.,legacy_reviewed,document_control_task,confirmed_action,named_owner|explicit_commitment_verb|deliverable_object|recipient_or_handover|document_or_record,evidence,source:t819_seed,train,t819_seed,human_approved,,,,Orla to follow up with Cody for the MedEnvoy project plan for manufacturer EO.,,"[PREVIOUS]

[CURRENT]
Orla to follow up with Cody for the MedEnvoy project plan for manufacturer EO.
[NEXT]
",,,,,,,
mmt_0003,Orla will share a copy of the new label with Jenny.,legacy_reviewed,document_control_task,confirmed_action,named_owner|explicit_commitment_verb|deliverable_object|recipient_or_handover|document_or_record,evidence,source:t819_seed,train,t819_seed,human_approved,,,,Orla will share a copy of the new label with Jenny.,,"[PREVIOUS]

[CURRENT]
Orla will share a copy of the new label with Jenny.
[NEXT]
",,,,,,,
mmt_0004,Orla to share the list of languages for the declarations of conformity.,legacy_reviewed,document_control_task,confirmed_action,named_owner|explicit_commitment_verb|deliverable_object|recipient_or_handover|document_or_record|regulatory_language,evidence,source:t819_seed,train,t819_seed,human_approved,,,,Orla to share the list of languages for the declarations of conformity.,,"[PREVIOUS]

[CURRENT]
Orla to share the list of languages for the declarations of conformity.
[NEXT]
",,,,,,,
mmt_0005,John-Paul will review the declarations of conformity for sunglasses against MDR and PPE requirements.,legacy_reviewed,document_control_task,confirmed_action,named_owner|explicit_commitment_verb|deliverable_object|document_or_record|regulatory_language,evidence,source:t819_seed,train,t819_seed,human_approved,,,,John-Paul will review the declarations of conformity for sunglasses against MDR and PPE requirements.,,"[PREVIOUS]

[CURRENT]
John-Paul will review the declarations of conformity for sunglasses against MDR and PPE requirements.
[NEXT]
",,,,,,,
mmt_0006,Jacqui will review the HPRA invoice fee and confirm the position.,legacy_reviewed,regulatory_obligation,confirmed_action,named_owner|explicit_commitment_verb|deliverable_object|regulatory_language,evidence,source:t819_seed,train,t819_seed,human_approved,,,,Jacqui will review the HPRA invoice fee and confirm the position.,,"[PREVIOUS]

[CURRENT]
Jacqui will review the HPRA invoice fee and confirm the position.
[NEXT]
",,,,,,,
mmt_0007,Jenny should review the proposed label layout when Orla sends it through.,legacy_reviewed,document_control_task,confirmed_action,named_owner|explicit_commitment_verb|deliverable_object|recipient_or_handover|document_or_record,evidence,source:t819_seed,train,t819_seed,human_approved,,,,Jenny should review the proposed label layout when Orla sends it through.,,"[PREVIOUS]

[CURRENT]
Jenny should review the proposed label layout when Orla sends it through.
[NEXT]
",,,,,,,
mmt_0008,Colm will send the HPRA bill and confirmation email to Jacqui.,legacy_reviewed,regulatory_obligation,confirmed_action,named_owner|explicit_commitment_verb|deliverable_object|recipient_or_handover|regulatory_language,evidence,source:t819_seed,train,t819_seed,human_approved,,,,Colm will send the HPRA bill and confirmation email to Jacqui.,,"[PREVIOUS]

[CURRENT]
Colm will send the HPRA bill and confirmation email to Jacqui.
[NEXT]
",,,,,,,
mmt_0009,Andrew will review the mute button flash sequence and confirm whether the alarm state is correct.,legacy_reviewed,action_commitment,confirmed_action,named_owner|explicit_commitment_verb|deliverable_object,evidence,source:t761_seed,validation,t761_seed,human_approved,,,,Andrew will review the mute button flash sequence and confirm whether the alarm state is correct.,,"[PREVIOUS]

[CURRENT]
Andrew will review the mute button flash sequence and confirm whether the alarm state is correct.
[NEXT]
",,,,,,,
mmt_0010,Rebecca will complete the clinical review before the change request is closed.,legacy_reviewed,document_control_task,confirmed_action,named_owner|explicit_commitment_verb|deliverable_object|deadline_or_sequence|document_or_record,evidence,source:t761_seed,validation,t761_seed,human_approved,,,,Rebecca will complete the clinical review before the change request is closed.,,"[PREVIOUS]

[CURRENT]
Rebecca will complete the clinical review before the change request is closed.
[NEXT]
",,,,,,,
mmt_0011,Andrew and Rebecca need to sign off the change request after the final evidence is added.,legacy_reviewed,document_control_task,confirmed_action,named_owner|explicit_commitment_verb|deliverable_object|deadline_or_sequence|document_or_record|decision_language,evidence,source:t761_seed,validation,t761_seed,human_approved,,,,Andrew and Rebecca need to sign off the change request after the final evidence is added.,,"[PREVIOUS]

[CURRENT]
Andrew and Rebecca need to sign off the change request after the final evidence is added.
[NEXT]
",,,,,,,
mmt_0012,David and Andrew will review the debug commands and decide which should remain available.,legacy_reviewed,action_commitment,confirmed_action,named_owner|explicit_commitment_verb|deliverable_object|decision_language,evidence,source:t761_seed,validation,t761_seed,human_approved,,,,David and Andrew will review the debug commands and decide which should remain available.,,"[PREVIOUS]

[CURRENT]
David and Andrew will review the debug commands and decide which should remain available.
[NEXT]
",,,,,,,
mmt_0013,David will generate retrospective test data for the graphics driver issue.,legacy_reviewed,action_commitment,confirmed_action,named_owner|explicit_commitment_verb|deliverable_object,evidence,source:t761_seed,validation,t761_seed,human_approved,,,,David will generate retrospective test data for the graphics driver issue.,,"[PREVIOUS]

[CURRENT]
David will generate retrospective test data for the graphics driver issue.
[NEXT]
",,,,,,,
mmt_0014,Rebecca will update the risk management file with the latest mitigation.,legacy_reviewed,document_control_task,confirmed_action,named_owner|explicit_commitment_verb|deliverable_object|document_or_record|risk_language,evidence,source:t761_seed,validation,t761_seed,human_approved,,,,Rebecca will update the risk management file with the latest mitigation.,,"[PREVIOUS]

[CURRENT]
Rebecca will update the risk management file with the latest mitigation.
[NEXT]
",,,,,,,
mmt_0015,Stuart will complete the risk assessment to develop the audit plan by Wednesday.,legacy_reviewed,document_control_task,confirmed_action,named_owner|explicit_commitment_verb|deliverable_object|deadline_or_sequence|document_or_record|risk_language,evidence,source:abbott_seed,test,abbott_seed,human_approved,,,,Stuart will complete the risk assessment to develop the audit plan by Wednesday.,,"[PREVIOUS]

[CURRENT]
Stuart will complete the risk assessment to develop the audit plan by Wednesday.
[NEXT]
",,,,,,,
mmt_0016,Stuart will share the risk analysis with Niamh before she arrives.,legacy_reviewed,action_commitment,confirmed_action,named_owner|explicit_commitment_verb|deliverable_object|recipient_or_handover|deadline_or_sequence|risk_language,evidence,source:abbott_seed,test,abbott_seed,human_approved,,,,Stuart will share the risk analysis with Niamh before she arrives.,,"[PREVIOUS]

[CURRENT]
Stuart will share the risk analysis with Niamh before she arrives.
[NEXT]
",,,,,,,
mmt_0017,Claire will send Conor the updated draft minutes by Friday.,legacy_reviewed,document_control_task,confirmed_action,named_owner|explicit_commitment_verb|deliverable_object|recipient_or_handover|deadline_or_sequence|document_or_record,evidence,source:generic_seed,train,generic_seed,human_approved,,,,Claire will send Conor the updated draft minutes by Friday.,,"[PREVIOUS]

[CURRENT]
Claire will send Conor the updated draft minutes by Friday.
[NEXT]
",,,,,,,
mmt_0018,The team agreed that the importer should hold final storage responsibility.,legacy_reviewed,decision_agreement,not_action,decision_language|regulatory_language,evidence,source:t819_seed,train,t819_seed,human_approved,,,,The team agreed that the importer should hold final storage responsibility.,,"[PREVIOUS]

[CURRENT]
The team agreed that the importer should hold final storage responsibility.
[NEXT]
",,,,,,,
mmt_0019,It was agreed that UDI registration would be handled through Udimed rather than MedEnvoy.,legacy_reviewed,decision_agreement,not_action,decision_language|regulatory_language,evidence,source:t819_seed,train,t819_seed,human_approved,,,,It was agreed that UDI registration would be handled through Udimed rather than MedEnvoy.,,"[PREVIOUS]

[CURRENT]
It was agreed that UDI registration would be handled through Udimed rather than MedEnvoy.
[NEXT]
",,,,,,,
mmt_0020,The proposed approach was approved for the software change request.,legacy_reviewed,decision_agreement,not_action,decision_language|document_or_record,evidence,source:t761_seed,validation,t761_seed,human_approved,,,,The proposed approach was approved for the software change request.,,"[PREVIOUS]

[CURRENT]
The proposed approach was approved for the software change request.
[NEXT]
",,,,,,,
mmt_0021,The team decided not to expand the label wording until Jenny has reviewed the draft.,legacy_reviewed,decision_agreement,not_action,decision_language|document_or_record|deadline_or_sequence,evidence,source:t819_seed,train,t819_seed,human_approved,,,,The team decided not to expand the label wording until Jenny has reviewed the draft.,,"[PREVIOUS]

[CURRENT]
The team decided not to expand the label wording until Jenny has reviewed the draft.
[NEXT]
",,,,,,,
mmt_0022,"The goods arrive from the manufacturer, are stored in the warehouse and are then picked for customer orders.",legacy_reviewed,process_overview,not_action,process_sequence,evidence,source:t819_seed,train,t819_seed,human_approved,,,,"The goods arrive from the manufacturer, are stored in the warehouse and are then picked for customer orders.",,"[PREVIOUS]

[CURRENT]
The goods arrive from the manufacturer, are stored in the warehouse and are then picked for customer orders.
[NEXT]
",,,,,,,
mmt_0023,"Packaging is applied after goods receipt, then the order is picked, packed and distributed to the customer.",legacy_reviewed,process_overview,not_action,process_sequence,evidence,source:t819_seed,train,t819_seed,human_approved,,,,"Packaging is applied after goods receipt, then the order is picked, packed and distributed to the customer.",,"[PREVIOUS]

[CURRENT]
Packaging is applied after goods receipt, then the order is picked, packed and distributed to the customer.
[NEXT]
",,,,,,,
mmt_0024,"The software build starts with the graphics driver, moves through alarm validation and then into retrospective testing.",legacy_reviewed,process_overview,not_action,process_sequence,evidence,source:t761_seed,validation,t761_seed,human_approved,,,,"The software build starts with the graphics driver, moves through alarm validation and then into retrospective testing.",,"[PREVIOUS]

[CURRENT]
The software build starts with the graphics driver, moves through alarm validation and then into retrospective testing.
[NEXT]
",,,,,,,
mmt_0025,"The QMS manual describes how the business process links to goods receipt, order picking and distribution.",legacy_reviewed,process_overview,not_action,process_sequence|document_or_record,evidence,source:t819_seed,train,t819_seed,human_approved,,,,"The QMS manual describes how the business process links to goods receipt, order picking and distribution.",,"[PREVIOUS]

[CURRENT]
The QMS manual describes how the business process links to goods receipt, order picking and distribution.
[NEXT]
",,,,,,,
mmt_0026,The importer obligations sit with Dita once the product is placed on the Irish market.,legacy_reviewed,regulatory_obligation,not_action,regulatory_language,evidence,source:t819_seed,train,t819_seed,human_approved,,,,The importer obligations sit with Dita once the product is placed on the Irish market.,,"[PREVIOUS]

[CURRENT]
The importer obligations sit with Dita once the product is placed on the Irish market.
[NEXT]
",,,,,,,
mmt_0027,The declarations of conformity need to cover both MDR and PPE where sunglasses are in scope.,legacy_reviewed,regulatory_obligation,possible_action,deliverable_object|document_or_record|regulatory_language,evidence,source:t819_seed,train,t819_seed,human_approved,,,,The declarations of conformity need to cover both MDR and PPE where sunglasses are in scope.,,"[PREVIOUS]

[CURRENT]
The declarations of conformity need to cover both MDR and PPE where sunglasses are in scope.
[NEXT]
",,,,,,,
mmt_0028,The audit plan depends on completing the risk assessment first.,legacy_reviewed,risk_dependency,possible_action,deliverable_object|deadline_or_sequence|risk_language|document_or_record,evidence,source:abbott_seed,test,abbott_seed,human_approved,,,,The audit plan depends on completing the risk assessment first.,,"[PREVIOUS]

[CURRENT]
The audit plan depends on completing the risk assessment first.
[NEXT]
",,,,,,,
mmt_0029,Domain access remains blocked until IT provides firewall access.,legacy_reviewed,risk_dependency,possible_action,deadline_or_sequence|risk_language,evidence,source:generic_seed,train,generic_seed,human_approved,,,,Domain access remains blocked until IT provides firewall access.,,"[PREVIOUS]

[CURRENT]
Domain access remains blocked until IT provides firewall access.
[NEXT]
",,,,,,,
mmt_0030,We are missing confirmation on which languages are required for the DoCs.,legacy_reviewed,risk_dependency,possible_action,deliverable_object|document_or_record|regulatory_language|risk_language,evidence,source:t819_seed,train,t819_seed,human_approved,,,,We are missing confirmation on which languages are required for the DoCs.,,"[PREVIOUS]

[CURRENT]
We are missing confirmation on which languages are required for the DoCs.
[NEXT]
",,,,,,,
mmt_0031,The HPRA fee has already been paid and the confirmation email was sent yesterday.,legacy_reviewed,background_context,completed_history,deliverable_object|regulatory_language|completed_tense,evidence,source:t819_seed,train,t819_seed,human_approved,,,,The HPRA fee has already been paid and the confirmation email was sent yesterday.,,"[PREVIOUS]

[CURRENT]
The HPRA fee has already been paid and the confirmation email was sent yesterday.
[NEXT]
",,,,,,,
mmt_0032,Claire sent the revised minutes yesterday.,legacy_reviewed,background_context,completed_history,named_owner|deliverable_object|document_or_record|completed_tense,evidence,source:generic_seed,train,generic_seed,human_approved,,,,Claire sent the revised minutes yesterday.,,"[PREVIOUS]

[CURRENT]
Claire sent the revised minutes yesterday.
[NEXT]
",,,,,,,
mmt_0033,John-Paul reviewed the DoCs last week.,legacy_reviewed,background_context,completed_history,named_owner|deliverable_object|document_or_record|regulatory_language|completed_tense,evidence,source:t819_seed,train,t819_seed,human_approved,,,,John-Paul reviewed the DoCs last week.,,"[PREVIOUS]

[CURRENT]
John-Paul reviewed the DoCs last week.
[NEXT]
",,,,,,,
mmt_0034,Rebecca has already updated the risk management file.,legacy_reviewed,background_context,completed_history,named_owner|deliverable_object|document_or_record|risk_language|completed_tense,evidence,source:t761_seed,validation,t761_seed,human_approved,,,,Rebecca has already updated the risk management file.,,"[PREVIOUS]

[CURRENT]
Rebecca has already updated the risk management file.
[NEXT]
",,,,,,,
mmt_0035,Maybe we could look at the label in a later session.,legacy_reviewed,discussion_topic,not_action,hypothetical_language|document_or_record,evidence,source:t819_seed,train,t819_seed,human_approved,,,,Maybe we could look at the label in a later session.,,"[PREVIOUS]

[CURRENT]
Maybe we could look at the label in a later session.
[NEXT]
",,,,,,,
mmt_0036,Should we think about whether the DoCs need more languages?,legacy_reviewed,discussion_topic,not_action,hypothetical_language|document_or_record|regulatory_language,evidence,source:t819_seed,train,t819_seed,human_approved,,,,Should we think about whether the DoCs need more languages?,,"[PREVIOUS]

[CURRENT]
Should we think about whether the DoCs need more languages?
[NEXT]
",,,,,,,
mmt_0037,It might be worth considering a different audit structure.,legacy_reviewed,discussion_topic,not_action,hypothetical_language|document_or_record,evidence,source:generic_seed,train,generic_seed,human_approved,,,,It might be worth considering a different audit structure.,,"[PREVIOUS]

[CURRENT]
It might be worth considering a different audit structure.
[NEXT]
",,,,,,,
mmt_0038,"If asked, we could explain that MedEnvoy is acting for the manufacturer.",legacy_reviewed,discussion_topic,not_action,hypothetical_language|regulatory_language,evidence,source:t819_seed,train,t819_seed,human_approved,,,,"If asked, we could explain that MedEnvoy is acting for the manufacturer.",,"[PREVIOUS]

[CURRENT]
If asked, we could explain that MedEnvoy is acting for the manufacturer.
[NEXT]
",,,,,,,
mmt_0039,"The call covered QMS structure, UDI registration and HPRA fees.",legacy_reviewed,discussion_topic,not_action,document_or_record|regulatory_language,evidence,source:t819_seed,train,t819_seed,human_approved,,,,"The call covered QMS structure, UDI registration and HPRA fees.",,"[PREVIOUS]

[CURRENT]
The call covered QMS structure, UDI registration and HPRA fees.
[NEXT]
",,,,,,,
mmt_0040,"The team discussed alarm changes, language changes and software versioning.",legacy_reviewed,discussion_topic,not_action,document_or_record,evidence,source:t761_seed,validation,t761_seed,human_approved,,,,"The team discussed alarm changes, language changes and software versioning.",,"[PREVIOUS]

[CURRENT]
The team discussed alarm changes, language changes and software versioning.
[NEXT]
",,,,,,,
mmt_0041,There was a deep dive into the software debug review and change request evidence.,legacy_reviewed,discussion_topic,not_action,document_or_record,evidence,source:t761_seed,validation,t761_seed,human_approved,,,,There was a deep dive into the software debug review and change request evidence.,,"[PREVIOUS]

[CURRENT]
There was a deep dive into the software debug review and change request evidence.
[NEXT]
",,,,,,,
mmt_0042,"We talked through final storage, packaging, customer orders and distribution.",legacy_reviewed,process_overview,not_action,process_sequence,evidence,source:t819_seed,train,t819_seed,human_approved,,,,"We talked through final storage, packaging, customer orders and distribution.",,"[PREVIOUS]

[CURRENT]
We talked through final storage, packaging, customer orders and distribution.
[NEXT]
",,,,,,,
mmt_0043,"I just turned on the transcript, so we missed the middle bit.",legacy_reviewed,low_value_noise,not_action,,evidence,source:generic_seed,train,generic_seed,human_approved,,,,"I just turned on the transcript, so we missed the middle bit.",,"[PREVIOUS]

[CURRENT]
I just turned on the transcript, so we missed the middle bit.
[NEXT]
",,,,,,,
mmt_0044,Can everyone hear me now?,legacy_reviewed,low_value_noise,not_action,,evidence,source:generic_seed,train,generic_seed,human_approved,,,,Can everyone hear me now?,,"[PREVIOUS]

[CURRENT]
Can everyone hear me now?
[NEXT]
",,,,,,,
mmt_0045,"Sorry, Teams is being slow and I lost the screen share.",legacy_reviewed,low_value_noise,not_action,,evidence,source:generic_seed,train,generic_seed,human_approved,,,,"Sorry, Teams is being slow and I lost the screen share.",,"[PREVIOUS]

[CURRENT]
Sorry, Teams is being slow and I lost the screen share.
[NEXT]
",,,,,,,
mmt_0046,"That is grand, thanks, we can move on.",legacy_reviewed,low_value_noise,not_action,,evidence,source:generic_seed,train,generic_seed,human_approved,,,,"That is grand, thanks, we can move on.",,"[PREVIOUS]

[CURRENT]
That is grand, thanks, we can move on.
[NEXT]
",,,,,,,
mmt_0047,Review status of TF24 and agree the next review activities.,legacy_reviewed,discussion_topic,not_action,document_or_record,evidence,source:generic_seed,train,generic_seed,human_approved,,,,Review status of TF24 and agree the next review activities.,,"[PREVIOUS]

[CURRENT]
Review status of TF24 and agree the next review activities.
[NEXT]
",,,,,,,
mmt_0048,Plan approach and initial activities for importer obligations.,legacy_reviewed,discussion_topic,not_action,regulatory_language,evidence,source:generic_seed,train,generic_seed,human_approved,,,,Plan approach and initial activities for importer obligations.,,"[PREVIOUS]

[CURRENT]
Plan approach and initial activities for importer obligations.
[NEXT]
",,,,,,,
mmt_0049,The objective was to review the software change request and supporting evidence.,legacy_reviewed,discussion_topic,not_action,document_or_record,evidence,source:generic_seed,train,generic_seed,human_approved,,,,The objective was to review the software change request and supporting evidence.,,"[PREVIOUS]

[CURRENT]
The objective was to review the software change request and supporting evidence.
[NEXT]
",,,,,,,
mmt_0050,The team needs to review the QMS manual.,legacy_reviewed,document_control_task,possible_action,explicit_commitment_verb|deliverable_object|document_or_record,evidence,source:t819_seed,train,t819_seed,human_approved,,,,The team needs to review the QMS manual.,,"[PREVIOUS]

[CURRENT]
The team needs to review the QMS manual.
[NEXT]
",,,,,,,
mmt_0051,Someone should send Jenny the label when it is ready.,legacy_reviewed,document_control_task,possible_action,explicit_commitment_verb|deliverable_object|recipient_or_handover|document_or_record,evidence,source:t819_seed,train,t819_seed,human_approved,,,,Someone should send Jenny the label when it is ready.,,"[PREVIOUS]

[CURRENT]
Someone should send Jenny the label when it is ready.
[NEXT]
",,,,,,,
mmt_0052,The declarations need to be reviewed for MDR and PPE.,legacy_reviewed,document_control_task,possible_action,explicit_commitment_verb|deliverable_object|document_or_record|regulatory_language,evidence,source:t819_seed,train,t819_seed,human_approved,,,,The declarations need to be reviewed for MDR and PPE.,,"[PREVIOUS]

[CURRENT]
The declarations need to be reviewed for MDR and PPE.
[NEXT]
",,,,,,,
mmt_0053,We need confirmation from HPRA on the fee.,legacy_reviewed,regulatory_obligation,possible_action,deliverable_object|regulatory_language|risk_language,evidence,source:t819_seed,train,t819_seed,human_approved,,,,We need confirmation from HPRA on the fee.,,"[PREVIOUS]

[CURRENT]
We need confirmation from HPRA on the fee.
[NEXT]
",,,,,,,
mmt_0054,The audit needs a risk assessment before the plan can be finalised.,legacy_reviewed,risk_dependency,possible_action,deliverable_object|deadline_or_sequence|document_or_record|risk_language,evidence,source:abbott_seed,test,abbott_seed,human_approved,,,,The audit needs a risk assessment before the plan can be finalised.,,"[PREVIOUS]

[CURRENT]
The audit needs a risk assessment before the plan can be finalised.
[NEXT]
",,,,,,,
mmt_0055,Colm to review the standards list and send comments back to Rebecca.,legacy_reviewed,document_control_task,confirmed_action,named_owner|explicit_commitment_verb|deliverable_object|recipient_or_handover|document_or_record,evidence,source:t761_seed,validation,t761_seed,human_approved,,,,Colm to review the standards list and send comments back to Rebecca.,,"[PREVIOUS]

[CURRENT]
Colm to review the standards list and send comments back to Rebecca.
[NEXT]
",,,,,,,
mmt_0056,Andrew to trace the graphics driver issue through the test evidence.,legacy_reviewed,action_commitment,confirmed_action,named_owner|explicit_commitment_verb|deliverable_object|document_or_record,evidence,source:t761_seed,validation,t761_seed,human_approved,,,,Andrew to trace the graphics driver issue through the test evidence.,,"[PREVIOUS]

[CURRENT]
Andrew to trace the graphics driver issue through the test evidence.
[NEXT]
",,,,,,,
mmt_0057,Rebecca to share the standards applicable to the change request.,legacy_reviewed,document_control_task,confirmed_action,named_owner|explicit_commitment_verb|deliverable_object|recipient_or_handover|document_or_record,evidence,source:t761_seed,validation,t761_seed,human_approved,,,,Rebecca to share the standards applicable to the change request.,,"[PREVIOUS]

[CURRENT]
Rebecca to share the standards applicable to the change request.
[NEXT]
",,,,,,,
mmt_0058,Niamh will review the audit timeline once Stuart sends the risk analysis.,legacy_reviewed,document_control_task,confirmed_action,named_owner|explicit_commitment_verb|deliverable_object|recipient_or_handover|deadline_or_sequence|document_or_record|risk_language,evidence,source:abbott_seed,test,abbott_seed,human_approved,,,,Niamh will review the audit timeline once Stuart sends the risk analysis.,,"[PREVIOUS]

[CURRENT]
Niamh will review the audit timeline once Stuart sends the risk analysis.
[NEXT]
",,,,,,,
mmt_0059,The audit timeline was reviewed in detail during the call.,legacy_reviewed,discussion_topic,completed_history,document_or_record|completed_tense,evidence,source:abbott_seed,test,abbott_seed,human_approved,,,,The audit timeline was reviewed in detail during the call.,,"[PREVIOUS]

[CURRENT]
The audit timeline was reviewed in detail during the call.
[NEXT]
",,,,,,,
mmt_0060,The risk assessment was completed before the meeting.,legacy_reviewed,background_context,completed_history,deliverable_object|document_or_record|risk_language|completed_tense,evidence,source:abbott_seed,test,abbott_seed,human_approved,,,,The risk assessment was completed before the meeting.,,"[PREVIOUS]

[CURRENT]
The risk assessment was completed before the meeting.
[NEXT]
",,,,,,,
mmt_0061,Share the risk analysis with Niamh before she arrives.,legacy_reviewed,action_commitment,confirmed_action,explicit_commitment_verb|deliverable_object|recipient_or_handover|deadline_or_sequence|risk_language,evidence,source:abbott_seed,test,abbott_seed,human_approved,,,,Share the risk analysis with Niamh before she arrives.,,"[PREVIOUS]

[CURRENT]
Share the risk analysis with Niamh before she arrives.
[NEXT]
",,,,,,,
mmt_0062,Complete the risk assessment to develop the audit plan.,legacy_reviewed,document_control_task,confirmed_action,explicit_commitment_verb|deliverable_object|document_or_record|risk_language,evidence,source:abbott_seed,test,abbott_seed,human_approved,,,,Complete the risk assessment to develop the audit plan.,,"[PREVIOUS]

[CURRENT]
Complete the risk assessment to develop the audit plan.
[NEXT]
",,,,,,,
mmt_0063,Review the QMS Manual by 24 March.,legacy_reviewed,document_control_task,confirmed_action,explicit_commitment_verb|deliverable_object|deadline_or_sequence|document_or_record,evidence,source:t819_seed,train,t819_seed,human_approved,,,,Review the QMS Manual by 24 March.,,"[PREVIOUS]

[CURRENT]
Review the QMS Manual by 24 March.
[NEXT]
",,,,,,,
mmt_0064,Share copy of new label with Jenny by 24 March.,legacy_reviewed,document_control_task,confirmed_action,explicit_commitment_verb|deliverable_object|recipient_or_handover|deadline_or_sequence|document_or_record,evidence,source:t819_seed,train,t819_seed,human_approved,,,,Share copy of new label with Jenny by 24 March.,,"[PREVIOUS]

[CURRENT]
Share copy of new label with Jenny by 24 March.
[NEXT]
",,,,,,,
mmt_0065,Share list of languages for DoCs by 24 March.,legacy_reviewed,document_control_task,confirmed_action,explicit_commitment_verb|deliverable_object|deadline_or_sequence|document_or_record|regulatory_language,evidence,source:t819_seed,train,t819_seed,human_approved,,,,Share list of languages for DoCs by 24 March.,,"[PREVIOUS]

[CURRENT]
Share list of languages for DoCs by 24 March.
[NEXT]
",,,,,,,
mmt_0066,Review DoCs for sunglasses for MDR and PPE.,legacy_reviewed,document_control_task,confirmed_action,explicit_commitment_verb|deliverable_object|document_or_record|regulatory_language,evidence,source:t819_seed,train,t819_seed,human_approved,,,,Review DoCs for sunglasses for MDR and PPE.,,"[PREVIOUS]

[CURRENT]
Review DoCs for sunglasses for MDR and PPE.
[NEXT]
",,,,,,,
mmt_0067,Review HPRA invoice fee.,legacy_reviewed,regulatory_obligation,confirmed_action,explicit_commitment_verb|deliverable_object|regulatory_language,evidence,source:t819_seed,train,t819_seed,human_approved,,,,Review HPRA invoice fee.,,"[PREVIOUS]

[CURRENT]
Review HPRA invoice fee.
[NEXT]
",,,,,,,
mmt_0068,The supplier audit topic could be November's webinar.,legacy_reviewed,discussion_topic,not_action,hypothetical_language,evidence,source:generic_seed,train,generic_seed,human_approved,,,,The supplier audit topic could be November's webinar.,,"[PREVIOUS]

[CURRENT]
The supplier audit topic could be November's webinar.
[NEXT]
",,,,,,,
mmt_0069,"Approved supplier is only the title of the content session, not something anyone needs to action today.",legacy_reviewed,discussion_topic,not_action,hypothetical_language,evidence,source:generic_seed,train,generic_seed,human_approved,,,,"Approved supplier is only the title of the content session, not something anyone needs to action today.",,"[PREVIOUS]

[CURRENT]
Approved supplier is only the title of the content session, not something anyone needs to action today.
[NEXT]
",,,,,,,
mmt_0070,Validation is one of the themes for the webinar series.,legacy_reviewed,discussion_topic,not_action,,evidence,source:generic_seed,train,generic_seed,human_approved,,,,Validation is one of the themes for the webinar series.,,"[PREVIOUS]

[CURRENT]
Validation is one of the themes for the webinar series.
[NEXT]
",,,,,,,
mmt_0071,Review Rebecca’s updates to the Risk Mgmt Plan,legacy_reviewed,document_control_task,confirmed_action,deliverable_object|document_or_record|explicit_commitment_verb|named_owner|risk_language,evidence,source:t733_eakin_consultancy_retainer_trinzo_minutes_client_checkin_tf24_2026_06_17_pdf,test,T733 Eakin Consultancy Retainer -Trinzo Minutes Client -Checkin TF24 _2026.06.17.pdf,human_approved,,,,Review Rebecca’s updates to the Risk Mgmt Plan,,"[PREVIOUS]

[CURRENT]
Review Rebecca’s updates to the Risk Mgmt Plan
[NEXT]
",,,,,,,
mmt_0072,Clinical and usability review of the Alarm changes,legacy_reviewed,action_commitment,confirmed_action,deliverable_object|document_or_record|explicit_commitment_verb|named_owner,evidence,source:t733_eakin_consultancy_retainer_trinzo_minutes_client_checkin_tf24_2026_06_17_pdf,test,T733 Eakin Consultancy Retainer -Trinzo Minutes Client -Checkin TF24 _2026.06.17.pdf,human_approved,,,,Clinical and usability review of the Alarm changes,,"[PREVIOUS]

[CURRENT]
Clinical and usability review of the Alarm changes
[NEXT]
",,,,,,,
mmt_0073,Subcontractor spreadsheet to be completed – justifications,legacy_reviewed,document_control_task,confirmed_action,completed_tense|deliverable_object|document_or_record|explicit_commitment_verb|named_owner,evidence,source:t733_eakin_consultancy_retainer_trinzo_minutes_client_checkin_tf24_2026_06_17_pdf,test,T733 Eakin Consultancy Retainer -Trinzo Minutes Client -Checkin TF24 _2026.06.17.pdf,human_approved,,,,Subcontractor spreadsheet to be completed – justifications,,"[PREVIOUS]

[CURRENT]
Subcontractor spreadsheet to be completed – justifications
[NEXT]
",,,,,,,
mmt_0074,Andrew to review the mute button flash sequence V the existing setup,legacy_reviewed,action_commitment,confirmed_action,deliverable_object|document_or_record|explicit_commitment_verb|named_owner|process_sequence,evidence,source:t761_eakin_tech_file_sw_trinzo_minutes_sw_weekly_checkin_2026_06_15_pdf,validation,T761 Eakin Tech File SW -Trinzo Minutes SW Weekly Checkin_2026.06.15.pdf,human_approved,,,,Andrew to review the mute button flash sequence V the existing setup,,"[PREVIOUS]

[CURRENT]
Andrew to review the mute button flash sequence V the existing setup
[NEXT]
",,,,,,,
mmt_0075,"Clinical review of code changes for sounds, colour and flash",legacy_reviewed,action_commitment,confirmed_action,deliverable_object|document_or_record|explicit_commitment_verb|named_owner,evidence,source:t761_eakin_tech_file_sw_trinzo_minutes_sw_weekly_checkin_2026_06_15_pdf,validation,T761 Eakin Tech File SW -Trinzo Minutes SW Weekly Checkin_2026.06.15.pdf,human_approved,,,,"Clinical review of code changes for sounds, colour and flash",,"[PREVIOUS]

[CURRENT]
Clinical review of code changes for sounds, colour and flash
[NEXT]
",,,,,,,
mmt_0076,Review the debug commands in the debug screen,legacy_reviewed,action_commitment,confirmed_action,deliverable_object|document_or_record|explicit_commitment_verb|named_owner,evidence,source:t761_eakin_tech_file_sw_trinzo_minutes_sw_weekly_checkin_2026_06_15_pdf,validation,T761 Eakin Tech File SW -Trinzo Minutes SW Weekly Checkin_2026.06.15.pdf,human_approved,,,,Review the debug commands in the debug screen,,"[PREVIOUS]

[CURRENT]
Review the debug commands in the debug screen
[NEXT]
",,,,,,,
mmt_0077,Andrew to review the graphics driver as possible solution for additional fonts,legacy_reviewed,action_commitment,confirmed_action,deliverable_object|document_or_record|explicit_commitment_verb|named_owner,evidence,source:t761_eakin_tech_file_sw_trinzo_minutes_sw_weekly_checkin_2026_06_15_pdf,validation,T761 Eakin Tech File SW -Trinzo Minutes SW Weekly Checkin_2026.06.15.pdf,human_approved,,,,Andrew to review the graphics driver as possible solution for additional fonts,,"[PREVIOUS]

[CURRENT]
Andrew to review the graphics driver as possible solution for additional fonts
[NEXT]
",,,,,,,
mmt_0078,Review IEC60601-1 standard compare to MDD documentation to outline what testing needs to be completed for electrical compliance,legacy_reviewed,document_control_task,confirmed_action,completed_tense|deadline_or_sequence|deliverable_object|document_or_record|explicit_commitment_verb|named_owner,evidence,source:t761_eakin_tech_file_sw_trinzo_minutes_sw_weekly_checkin_2026_06_15_pdf,validation,T761 Eakin Tech File SW -Trinzo Minutes SW Weekly Checkin_2026.06.15.pdf,human_approved,,,,Review IEC60601-1 standard compare to MDD documentation to outline what testing needs to be completed for electrical compliance,,"[PREVIOUS]

[CURRENT]
Review IEC60601-1 standard compare to MDD documentation to outline what testing needs to be completed for electrical compliance
[NEXT]
",,,,,,,
mmt_0079,Complete Electrical compliance testing,legacy_reviewed,action_commitment,confirmed_action,deliverable_object|document_or_record|explicit_commitment_verb|named_owner,evidence,source:t761_eakin_tech_file_sw_trinzo_minutes_sw_weekly_checkin_2026_06_15_pdf,validation,T761 Eakin Tech File SW -Trinzo Minutes SW Weekly Checkin_2026.06.15.pdf,human_approved,,,,Complete Electrical compliance testing,,"[PREVIOUS]

[CURRENT]
Complete Electrical compliance testing
[NEXT]
",,,,,,,
mmt_0080,Trace SW to identify the change in the SW between v1.01 and v1.02 – Document,legacy_reviewed,document_control_task,confirmed_action,deadline_or_sequence|deliverable_object|document_or_record|explicit_commitment_verb|named_owner,evidence,source:t761_eakin_tech_file_sw_trinzo_minutes_sw_weekly_checkin_2026_06_15_pdf,validation,T761 Eakin Tech File SW -Trinzo Minutes SW Weekly Checkin_2026.06.15.pdf,human_approved,,,,Trace SW to identify the change in the SW between v1.01 and v1.02 – Document,,"[PREVIOUS]

[CURRENT]
Trace SW to identify the change in the SW between v1.01 and v1.02 – Document
[NEXT]
",,,,,,,
mmt_0081,IF SW change cannot be seem generate retrospective test data,legacy_reviewed,action_commitment,confirmed_action,deliverable_object|document_or_record|explicit_commitment_verb|hypothetical_language|named_owner,evidence,source:t761_eakin_tech_file_sw_trinzo_minutes_sw_weekly_checkin_2026_06_15_pdf,validation,T761 Eakin Tech File SW -Trinzo Minutes SW Weekly Checkin_2026.06.15.pdf,human_approved,,,,IF SW change cannot be seem generate retrospective test data,,"[PREVIOUS]

[CURRENT]
IF SW change cannot be seem generate retrospective test data
[NEXT]
",,,,,,,
mmt_0082,Update Rsk Mgmt file addressing USB port lock and GUI security controls – Review competitor controls,legacy_reviewed,document_control_task,confirmed_action,deliverable_object|document_or_record|explicit_commitment_verb|named_owner,evidence,source:t761_eakin_tech_file_sw_trinzo_minutes_sw_weekly_checkin_2026_06_15_pdf,validation,T761 Eakin Tech File SW -Trinzo Minutes SW Weekly Checkin_2026.06.15.pdf,human_approved,,,,Update Rsk Mgmt file addressing USB port lock and GUI security controls – Review competitor controls,,"[PREVIOUS]

[CURRENT]
Update Rsk Mgmt file addressing USB port lock and GUI security controls – Review competitor controls
[NEXT]
",,,,,,,
mmt_0083,Share standards for review 81001-5-1 and 27427,legacy_reviewed,document_control_task,confirmed_action,deadline_or_sequence|deliverable_object|document_or_record|explicit_commitment_verb|named_owner|recipient_or_handover,evidence,source:t761_eakin_tech_file_sw_trinzo_minutes_sw_weekly_checkin_2026_06_15_pdf,validation,T761 Eakin Tech File SW -Trinzo Minutes SW Weekly Checkin_2026.06.15.pdf,human_approved,,,,Share standards for review 81001-5-1 and 27427,,"[PREVIOUS]

[CURRENT]
Share standards for review 81001-5-1 and 27427
[NEXT]
",,,,,,,
mmt_0084,Review relevance of standards,legacy_reviewed,document_control_task,confirmed_action,deliverable_object|document_or_record|explicit_commitment_verb|named_owner,evidence,source:t761_eakin_tech_file_sw_trinzo_minutes_sw_weekly_checkin_2026_06_15_pdf,validation,T761 Eakin Tech File SW -Trinzo Minutes SW Weekly Checkin_2026.06.15.pdf,human_approved,,,,Review relevance of standards,,"[PREVIOUS]

[CURRENT]
Review relevance of standards
[NEXT]
",,,,,,,
mmt_0085,Orla to review the QMS Manual from the team,legacy_reviewed,document_control_task,confirmed_action,deliverable_object|document_or_record|explicit_commitment_verb|named_owner,evidence,source:t819_dita_eyewear_importer_obligations_trinzo_minutes_client_connect_2026_06_17_pdf,train,T819 Dita Eyewear Importer Obligations -Trinzo Minutes Client Connect_2026.06.17.pdf,human_approved,,,,Orla to review the QMS Manual from the team,,"[PREVIOUS]

[CURRENT]
Orla to review the QMS Manual from the team
[NEXT]
",,,,,,,
mmt_0086,Followup with Cody for a copy of the MedEnvoy project plan for manufacturer EO,legacy_reviewed,document_control_task,confirmed_action,deliverable_object|document_or_record|explicit_commitment_verb|named_owner|recipient_or_handover,evidence,source:t819_dita_eyewear_importer_obligations_trinzo_minutes_client_connect_2026_06_17_pdf,train,T819 Dita Eyewear Importer Obligations -Trinzo Minutes Client Connect_2026.06.17.pdf,human_approved,,,,Followup with Cody for a copy of the MedEnvoy project plan for manufacturer EO,,"[PREVIOUS]

[CURRENT]
Followup with Cody for a copy of the MedEnvoy project plan for manufacturer EO
[NEXT]
",,,,,,,
mmt_0087,Orla to share a copy of the new label with Jenny for review,legacy_reviewed,document_control_task,confirmed_action,deliverable_object|document_or_record|explicit_commitment_verb|named_owner|recipient_or_handover,evidence,source:t819_dita_eyewear_importer_obligations_trinzo_minutes_client_connect_2026_06_17_pdf,train,T819 Dita Eyewear Importer Obligations -Trinzo Minutes Client Connect_2026.06.17.pdf,human_approved,,,,Orla to share a copy of the new label with Jenny for review,,"[PREVIOUS]

[CURRENT]
Orla to share a copy of the new label with Jenny for review
[NEXT]
",,,,,,,
mmt_0088,Orla to share a list of all the languages for DoC’s,legacy_reviewed,document_control_task,confirmed_action,deliverable_object|document_or_record|explicit_commitment_verb|named_owner|recipient_or_handover,evidence,source:t819_dita_eyewear_importer_obligations_trinzo_minutes_client_connect_2026_06_17_pdf,train,T819 Dita Eyewear Importer Obligations -Trinzo Minutes Client Connect_2026.06.17.pdf,human_approved,,,,Orla to share a list of all the languages for DoC’s,,"[PREVIOUS]

[CURRENT]
Orla to share a list of all the languages for DoC’s
[NEXT]
",,,,,,,
mmt_0089,Review the DoC’s for sunglasses for MDR and PPE compliance,legacy_reviewed,regulatory_obligation,confirmed_action,deliverable_object|document_or_record|explicit_commitment_verb|named_owner|regulatory_language,evidence,source:t819_dita_eyewear_importer_obligations_trinzo_minutes_client_connect_2026_06_17_pdf,train,T819 Dita Eyewear Importer Obligations -Trinzo Minutes Client Connect_2026.06.17.pdf,human_approved,,,,Review the DoC’s for sunglasses for MDR and PPE compliance,,"[PREVIOUS]

[CURRENT]
Review the DoC’s for sunglasses for MDR and PPE compliance
[NEXT]
",,,,,,,
mmt_0090,Review HPRA invoice fee,legacy_reviewed,regulatory_obligation,confirmed_action,deliverable_object|document_or_record|explicit_commitment_verb|named_owner|regulatory_language,evidence,source:t819_dita_eyewear_importer_obligations_trinzo_minutes_client_connect_2026_06_17_pdf,train,T819 Dita Eyewear Importer Obligations -Trinzo Minutes Client Connect_2026.06.17.pdf,human_approved,,,,Review HPRA invoice fee,,"[PREVIOUS]

[CURRENT]
Review HPRA invoice fee
[NEXT]
",,,,,,,
mmt_0091,Jacqui to followup internally to understand what the MDR regulation demands for DoC language publications.,legacy_reviewed,regulatory_obligation,confirmed_action,deliverable_object|document_or_record|explicit_commitment_verb|named_owner|recipient_or_handover|regulatory_language,evidence,source:t819_dita_eyewear_importer_obligations_trinzo_minutes_internal_connect_2026_06_17_pdf,test,T819 Dita Eyewear Importer Obligations -Trinzo Minutes internal Connect_2026.06.17.pdf,human_approved,,,,Jacqui to followup internally to understand what the MDR regulation demands for DoC language publications.,,"[PREVIOUS]

[CURRENT]
Jacqui to followup internally to understand what the MDR regulation demands for DoC language publications.
[NEXT]
",,,,,,,
mmt_0092,"Jacqui to schedule client working calls, Wed, Thurs and Fridays",legacy_reviewed,action_commitment,confirmed_action,deliverable_object|document_or_record|explicit_commitment_verb|named_owner,evidence,source:t819_dita_eyewear_importer_obligations_trinzo_minutes_internal_connect_2026_06_17_pdf,test,T819 Dita Eyewear Importer Obligations -Trinzo Minutes internal Connect_2026.06.17.pdf,human_approved,,,,"Jacqui to schedule client working calls, Wed, Thurs and Fridays",,"[PREVIOUS]

[CURRENT]
Jacqui to schedule client working calls, Wed, Thurs and Fridays
[NEXT]
",,,,,,,
mmt_0093,Jacqui to schedule weekly client connect,legacy_reviewed,action_commitment,confirmed_action,deliverable_object|document_or_record|explicit_commitment_verb|named_owner,evidence,source:t819_dita_eyewear_importer_obligations_trinzo_minutes_internal_connect_2026_06_17_pdf,test,T819 Dita Eyewear Importer Obligations -Trinzo Minutes internal Connect_2026.06.17.pdf,human_approved,,,,Jacqui to schedule weekly client connect,,"[PREVIOUS]

[CURRENT]
Jacqui to schedule weekly client connect
[NEXT]
",,,,,,,
mmt_0094,Jacqui to followup with Orla on the scope of the SOW and whether it includes Sunglasses,legacy_reviewed,document_control_task,confirmed_action,deliverable_object|document_or_record|explicit_commitment_verb|named_owner|recipient_or_handover,evidence,source:t819_dita_eyewear_importer_obligations_trinzo_minutes_internal_connect_2026_06_17_pdf,test,T819 Dita Eyewear Importer Obligations -Trinzo Minutes internal Connect_2026.06.17.pdf,human_approved,,,,Jacqui to followup with Orla on the scope of the SOW and whether it includes Sunglasses,,"[PREVIOUS]

[CURRENT]
Jacqui to followup with Orla on the scope of the SOW and whether it includes Sunglasses
[NEXT]
",,,,,,,
mmt_0095,Generate question/clarification list for client,legacy_reviewed,action_commitment,confirmed_action,deliverable_object|document_or_record|explicit_commitment_verb|named_owner,evidence,source:t819_dita_eyewear_importer_obligations_trinzo_minutes_internal_connect_2026_06_17_pdf,test,T819 Dita Eyewear Importer Obligations -Trinzo Minutes internal Connect_2026.06.17.pdf,human_approved,,,,Generate question/clarification list for client,,"[PREVIOUS]

[CURRENT]
Generate question/clarification list for client
[NEXT]
",,,,,,,
mmt_0096,Jacqui to followup with Orla to co-ordinate a site visit for Mark and Jacqui,legacy_reviewed,action_commitment,confirmed_action,deliverable_object|document_or_record|explicit_commitment_verb|named_owner|recipient_or_handover,evidence,source:t819_dita_eyewear_importer_obligations_trinzo_minutes_internal_connect_2026_06_17_pdf,test,T819 Dita Eyewear Importer Obligations -Trinzo Minutes internal Connect_2026.06.17.pdf,human_approved,,,,Jacqui to followup with Orla to co-ordinate a site visit for Mark and Jacqui,,"[PREVIOUS]

[CURRENT]
Jacqui to followup with Orla to co-ordinate a site visit for Mark and Jacqui
[NEXT]
",,,,,,,
mmt_0097,David reviewed Risk Mgmt Plan.,legacy_reviewed,background_context,completed_history,completed_tense|deliverable_object|document_or_record|explicit_commitment_verb|named_owner|risk_language,evidence,source:t733_eakin_consultancy_retainer_trinzo_minutes_client_checkin_tf24_2026_06_17_pdf,test,T733 Eakin Consultancy Retainer -Trinzo Minutes Client -Checkin TF24 _2026.06.17.pdf,human_approved,,,,David reviewed Risk Mgmt Plan.,,"[PREVIOUS]

[CURRENT]
David reviewed Risk Mgmt Plan.
[NEXT]
",,,,,,,
mmt_0098,Could David review Risk Mgmt Plan?,legacy_reviewed,discussion_topic,not_action,deliverable_object|document_or_record|explicit_commitment_verb|hypothetical_language|named_owner|risk_language,evidence,source:t733_eakin_consultancy_retainer_trinzo_minutes_client_checkin_tf24_2026_06_17_pdf,test,T733 Eakin Consultancy Retainer -Trinzo Minutes Client -Checkin TF24 _2026.06.17.pdf,human_approved,,,,Could David review Risk Mgmt Plan?,,"[PREVIOUS]

[CURRENT]
Could David review Risk Mgmt Plan?
[NEXT]
",,,,,,,
mmt_0099,Andrew reviewed Alarm changes.,legacy_reviewed,background_context,completed_history,completed_tense|deliverable_object|document_or_record|explicit_commitment_verb|named_owner,evidence,source:t733_eakin_consultancy_retainer_trinzo_minutes_client_checkin_tf24_2026_06_17_pdf,test,T733 Eakin Consultancy Retainer -Trinzo Minutes Client -Checkin TF24 _2026.06.17.pdf,human_approved,,,,Andrew reviewed Alarm changes.,,"[PREVIOUS]

[CURRENT]
Andrew reviewed Alarm changes.
[NEXT]
",,,,,,,
mmt_0100,Could Andrew review Alarm changes?,legacy_reviewed,discussion_topic,not_action,deliverable_object|document_or_record|explicit_commitment_verb|hypothetical_language|named_owner,evidence,source:t733_eakin_consultancy_retainer_trinzo_minutes_client_checkin_tf24_2026_06_17_pdf,test,T733 Eakin Consultancy Retainer -Trinzo Minutes Client -Checkin TF24 _2026.06.17.pdf,human_approved,,,,Could Andrew review Alarm changes?,,"[PREVIOUS]

[CURRENT]
Could Andrew review Alarm changes?
[NEXT]
",,,,,,,
mmt_0101,Rebecca and team completed Subcontractor spreadsheet.,legacy_reviewed,background_context,completed_history,completed_tense|deliverable_object|document_or_record|explicit_commitment_verb|named_owner,evidence,source:t733_eakin_consultancy_retainer_trinzo_minutes_client_checkin_tf24_2026_06_17_pdf,test,T733 Eakin Consultancy Retainer -Trinzo Minutes Client -Checkin TF24 _2026.06.17.pdf,human_approved,,,,Rebecca and team completed Subcontractor spreadsheet.,,"[PREVIOUS]

[CURRENT]
Rebecca and team completed Subcontractor spreadsheet.
[NEXT]
",,,,,,,
mmt_0102,Could Rebecca and team complete Subcontractor spreadsheet?,legacy_reviewed,discussion_topic,not_action,deliverable_object|document_or_record|explicit_commitment_verb|hypothetical_language|named_owner,evidence,source:t733_eakin_consultancy_retainer_trinzo_minutes_client_checkin_tf24_2026_06_17_pdf,test,T733 Eakin Consultancy Retainer -Trinzo Minutes Client -Checkin TF24 _2026.06.17.pdf,human_approved,,,,Could Rebecca and team complete Subcontractor spreadsheet?,,"[PREVIOUS]

[CURRENT]
Could Rebecca and team complete Subcontractor spreadsheet?
[NEXT]
",,,,,,,
mmt_0103,Andrew reviewed mute button flash sequence.,legacy_reviewed,background_context,completed_history,completed_tense|deliverable_object|document_or_record|explicit_commitment_verb|named_owner|process_sequence,evidence,source:t761_eakin_tech_file_sw_trinzo_minutes_sw_weekly_checkin_2026_06_15_pdf,validation,T761 Eakin Tech File SW -Trinzo Minutes SW Weekly Checkin_2026.06.15.pdf,human_approved,,,,Andrew reviewed mute button flash sequence.,,"[PREVIOUS]

[CURRENT]
Andrew reviewed mute button flash sequence.
[NEXT]
",,,,,,,
mmt_0104,Could Andrew review mute button flash sequence?,legacy_reviewed,discussion_topic,not_action,deliverable_object|document_or_record|explicit_commitment_verb|hypothetical_language|named_owner|process_sequence,evidence,source:t761_eakin_tech_file_sw_trinzo_minutes_sw_weekly_checkin_2026_06_15_pdf,validation,T761 Eakin Tech File SW -Trinzo Minutes SW Weekly Checkin_2026.06.15.pdf,human_approved,,,,Could Andrew review mute button flash sequence?,,"[PREVIOUS]

[CURRENT]
Could Andrew review mute button flash sequence?
[NEXT]
",,,,,,,
mmt_0105,Rebecca reviewed code changes.,legacy_reviewed,background_context,completed_history,completed_tense|deliverable_object|document_or_record|explicit_commitment_verb|named_owner,evidence,source:t761_eakin_tech_file_sw_trinzo_minutes_sw_weekly_checkin_2026_06_15_pdf,validation,T761 Eakin Tech File SW -Trinzo Minutes SW Weekly Checkin_2026.06.15.pdf,human_approved,,,,Rebecca reviewed code changes.,,"[PREVIOUS]

[CURRENT]
Rebecca reviewed code changes.
[NEXT]
",,,,,,,
mmt_0106,Could Rebecca review code changes?,legacy_reviewed,discussion_topic,not_action,deliverable_object|document_or_record|explicit_commitment_verb|hypothetical_language|named_owner,evidence,source:t761_eakin_tech_file_sw_trinzo_minutes_sw_weekly_checkin_2026_06_15_pdf,validation,T761 Eakin Tech File SW -Trinzo Minutes SW Weekly Checkin_2026.06.15.pdf,human_approved,,,,Could Rebecca review code changes?,,"[PREVIOUS]

[CURRENT]
Could Rebecca review code changes?
[NEXT]
",,,,,,,
mmt_0107,Andrew/David reviewed debug commands.,legacy_reviewed,background_context,completed_history,completed_tense|deliverable_object|document_or_record|explicit_commitment_verb|named_owner,evidence,source:t761_eakin_tech_file_sw_trinzo_minutes_sw_weekly_checkin_2026_06_15_pdf,validation,T761 Eakin Tech File SW -Trinzo Minutes SW Weekly Checkin_2026.06.15.pdf,human_approved,,,,Andrew/David reviewed debug commands.,,"[PREVIOUS]

[CURRENT]
Andrew/David reviewed debug commands.
[NEXT]
",,,,,,,
mmt_0108,Could Andrew/David review debug commands?,legacy_reviewed,discussion_topic,not_action,deliverable_object|document_or_record|explicit_commitment_verb|hypothetical_language|named_owner,evidence,source:t761_eakin_tech_file_sw_trinzo_minutes_sw_weekly_checkin_2026_06_15_pdf,validation,T761 Eakin Tech File SW -Trinzo Minutes SW Weekly Checkin_2026.06.15.pdf,human_approved,,,,Could Andrew/David review debug commands?,,"[PREVIOUS]

[CURRENT]
Could Andrew/David review debug commands?
[NEXT]
",,,,,,,
mmt_0109,Andrew reviewed graphics driver.,legacy_reviewed,background_context,completed_history,completed_tense|deliverable_object|document_or_record|explicit_commitment_verb|named_owner,evidence,source:t761_eakin_tech_file_sw_trinzo_minutes_sw_weekly_checkin_2026_06_15_pdf,validation,T761 Eakin Tech File SW -Trinzo Minutes SW Weekly Checkin_2026.06.15.pdf,human_approved,,,,Andrew reviewed graphics driver.,,"[PREVIOUS]

[CURRENT]
Andrew reviewed graphics driver.
[NEXT]
",,,,,,,
mmt_0110,Could Andrew review graphics driver?,legacy_reviewed,discussion_topic,not_action,deliverable_object|document_or_record|explicit_commitment_verb|hypothetical_language|named_owner,evidence,source:t761_eakin_tech_file_sw_trinzo_minutes_sw_weekly_checkin_2026_06_15_pdf,validation,T761 Eakin Tech File SW -Trinzo Minutes SW Weekly Checkin_2026.06.15.pdf,human_approved,,,,Could Andrew review graphics driver?,,"[PREVIOUS]

[CURRENT]
Could Andrew review graphics driver?
[NEXT]
",,,,,,,
mmt_0111,Andrew reviewed IEC60601-1 and MDD documentation.,legacy_reviewed,background_context,completed_history,completed_tense|deadline_or_sequence|deliverable_object|document_or_record|explicit_commitment_verb|named_owner,evidence,source:t761_eakin_tech_file_sw_trinzo_minutes_sw_weekly_checkin_2026_06_15_pdf,validation,T761 Eakin Tech File SW -Trinzo Minutes SW Weekly Checkin_2026.06.15.pdf,human_approved,,,,Andrew reviewed IEC60601-1 and MDD documentation.,,"[PREVIOUS]

[CURRENT]
Andrew reviewed IEC60601-1 and MDD documentation.
[NEXT]
",,,,,,,
mmt_0112,Could Andrew review IEC60601-1 and MDD documentation?,legacy_reviewed,discussion_topic,not_action,deadline_or_sequence|deliverable_object|document_or_record|explicit_commitment_verb|hypothetical_language|named_owner,evidence,source:t761_eakin_tech_file_sw_trinzo_minutes_sw_weekly_checkin_2026_06_15_pdf,validation,T761 Eakin Tech File SW -Trinzo Minutes SW Weekly Checkin_2026.06.15.pdf,human_approved,,,,Could Andrew review IEC60601-1 and MDD documentation?,,"[PREVIOUS]

[CURRENT]
Could Andrew review IEC60601-1 and MDD documentation?
[NEXT]
",,,,,,,
mmt_0113,Andrew completed Electrical compliance testing.,legacy_reviewed,background_context,completed_history,completed_tense|deliverable_object|document_or_record|explicit_commitment_verb|named_owner,evidence,source:t761_eakin_tech_file_sw_trinzo_minutes_sw_weekly_checkin_2026_06_15_pdf,validation,T761 Eakin Tech File SW -Trinzo Minutes SW Weekly Checkin_2026.06.15.pdf,human_approved,,,,Andrew completed Electrical compliance testing.,,"[PREVIOUS]

[CURRENT]
Andrew completed Electrical compliance testing.
[NEXT]
",,,,,,,
mmt_0114,Could Andrew complete Electrical compliance testing?,legacy_reviewed,discussion_topic,not_action,deliverable_object|document_or_record|explicit_commitment_verb|hypothetical_language|named_owner,evidence,source:t761_eakin_tech_file_sw_trinzo_minutes_sw_weekly_checkin_2026_06_15_pdf,validation,T761 Eakin Tech File SW -Trinzo Minutes SW Weekly Checkin_2026.06.15.pdf,human_approved,,,,Could Andrew complete Electrical compliance testing?,,"[PREVIOUS]

[CURRENT]
Could Andrew complete Electrical compliance testing?
[NEXT]
",,,,,,,
mmt_0115,David traced SW change between v1.01 and v1.02.,legacy_reviewed,background_context,completed_history,completed_tense|deadline_or_sequence|deliverable_object|document_or_record|explicit_commitment_verb|named_owner,evidence,source:t761_eakin_tech_file_sw_trinzo_minutes_sw_weekly_checkin_2026_06_15_pdf,validation,T761 Eakin Tech File SW -Trinzo Minutes SW Weekly Checkin_2026.06.15.pdf,human_approved,,,,David traced SW change between v1.01 and v1.02.,,"[PREVIOUS]

[CURRENT]
David traced SW change between v1.01 and v1.02.
[NEXT]
",,,,,,,
mmt_0116,Could David trace SW change between v1.01 and v1.02?,legacy_reviewed,discussion_topic,not_action,deadline_or_sequence|deliverable_object|document_or_record|explicit_commitment_verb|hypothetical_language|named_owner,evidence,source:t761_eakin_tech_file_sw_trinzo_minutes_sw_weekly_checkin_2026_06_15_pdf,validation,T761 Eakin Tech File SW -Trinzo Minutes SW Weekly Checkin_2026.06.15.pdf,human_approved,,,,Could David trace SW change between v1.01 and v1.02?,,"[PREVIOUS]

[CURRENT]
Could David trace SW change between v1.01 and v1.02?
[NEXT]
",,,,,,,
mmt_0117,David/Andrew generated retrospective test data.,legacy_reviewed,background_context,completed_history,completed_tense|deliverable_object|document_or_record|explicit_commitment_verb|named_owner,evidence,source:t761_eakin_tech_file_sw_trinzo_minutes_sw_weekly_checkin_2026_06_15_pdf,validation,T761 Eakin Tech File SW -Trinzo Minutes SW Weekly Checkin_2026.06.15.pdf,human_approved,,,,David/Andrew generated retrospective test data.,,"[PREVIOUS]

[CURRENT]
David/Andrew generated retrospective test data.
[NEXT]
",,,,,,,
mmt_0118,Could David/Andrew generate retrospective test data?,legacy_reviewed,discussion_topic,not_action,deliverable_object|document_or_record|explicit_commitment_verb|hypothetical_language|named_owner,evidence,source:t761_eakin_tech_file_sw_trinzo_minutes_sw_weekly_checkin_2026_06_15_pdf,validation,T761 Eakin Tech File SW -Trinzo Minutes SW Weekly Checkin_2026.06.15.pdf,human_approved,,,,Could David/Andrew generate retrospective test data?,,"[PREVIOUS]

[CURRENT]
Could David/Andrew generate retrospective test data?
[NEXT]
",,,,,,,
mmt_0119,Rebecca updated Risk Management file.,legacy_reviewed,background_context,completed_history,completed_tense|deliverable_object|document_or_record|explicit_commitment_verb|named_owner|risk_language,evidence,source:t761_eakin_tech_file_sw_trinzo_minutes_sw_weekly_checkin_2026_06_15_pdf,validation,T761 Eakin Tech File SW -Trinzo Minutes SW Weekly Checkin_2026.06.15.pdf,human_approved,,,,Rebecca updated Risk Management file.,,"[PREVIOUS]

[CURRENT]
Rebecca updated Risk Management file.
[NEXT]
",,,,,,,
mmt_0120,Could Rebecca update Risk Management file?,legacy_reviewed,discussion_topic,not_action,deliverable_object|document_or_record|explicit_commitment_verb|hypothetical_language|named_owner|risk_language,evidence,source:t761_eakin_tech_file_sw_trinzo_minutes_sw_weekly_checkin_2026_06_15_pdf,validation,T761 Eakin Tech File SW -Trinzo Minutes SW Weekly Checkin_2026.06.15.pdf,human_approved,,,,Could Rebecca update Risk Management file?,,"[PREVIOUS]

[CURRENT]
Could Rebecca update Risk Management file?
[NEXT]
",,,,,,,
mmt_0121,Rebecca shared standards 81001-5-1 and 27427.,legacy_reviewed,background_context,completed_history,completed_tense|deadline_or_sequence|deliverable_object|document_or_record|explicit_commitment_verb|named_owner|recipient_or_handover,evidence,source:t761_eakin_tech_file_sw_trinzo_minutes_sw_weekly_checkin_2026_06_15_pdf,validation,T761 Eakin Tech File SW -Trinzo Minutes SW Weekly Checkin_2026.06.15.pdf,human_approved,,,,Rebecca shared standards 81001-5-1 and 27427.,,"[PREVIOUS]

[CURRENT]
Rebecca shared standards 81001-5-1 and 27427.
[NEXT]
",,,,,,,
mmt_0122,Could Rebecca share standards 81001-5-1 and 27427?,legacy_reviewed,discussion_topic,not_action,deadline_or_sequence|deliverable_object|document_or_record|explicit_commitment_verb|hypothetical_language|named_owner|recipient_or_handover,evidence,source:t761_eakin_tech_file_sw_trinzo_minutes_sw_weekly_checkin_2026_06_15_pdf,validation,T761 Eakin Tech File SW -Trinzo Minutes SW Weekly Checkin_2026.06.15.pdf,human_approved,,,,Could Rebecca share standards 81001-5-1 and 27427?,,"[PREVIOUS]

[CURRENT]
Could Rebecca share standards 81001-5-1 and 27427?
[NEXT]
",,,,,,,
mmt_0123,Colm reviewed standards.,legacy_reviewed,background_context,completed_history,completed_tense|deliverable_object|document_or_record|explicit_commitment_verb|named_owner,evidence,source:t761_eakin_tech_file_sw_trinzo_minutes_sw_weekly_checkin_2026_06_15_pdf,validation,T761 Eakin Tech File SW -Trinzo Minutes SW Weekly Checkin_2026.06.15.pdf,human_approved,,,,Colm reviewed standards.,,"[PREVIOUS]

[CURRENT]
Colm reviewed standards.
[NEXT]
",,,,,,,
mmt_0124,Could Colm review standards?,legacy_reviewed,discussion_topic,not_action,deliverable_object|document_or_record|explicit_commitment_verb|hypothetical_language|named_owner,evidence,source:t761_eakin_tech_file_sw_trinzo_minutes_sw_weekly_checkin_2026_06_15_pdf,validation,T761 Eakin Tech File SW -Trinzo Minutes SW Weekly Checkin_2026.06.15.pdf,human_approved,,,,Could Colm review standards?,,"[PREVIOUS]

[CURRENT]
Could Colm review standards?
[NEXT]
",,,,,,,
mmt_0125,Orla reviewed QMS Manual.,legacy_reviewed,background_context,completed_history,completed_tense|deliverable_object|document_or_record|explicit_commitment_verb|named_owner,evidence,source:t819_dita_eyewear_importer_obligations_trinzo_minutes_client_connect_2026_06_17_pdf,train,T819 Dita Eyewear Importer Obligations -Trinzo Minutes Client Connect_2026.06.17.pdf,human_approved,,,,Orla reviewed QMS Manual.,,"[PREVIOUS]

[CURRENT]
Orla reviewed QMS Manual.
[NEXT]
",,,,,,,
mmt_0126,Could Orla review QMS Manual?,legacy_reviewed,discussion_topic,not_action,deliverable_object|document_or_record|explicit_commitment_verb|hypothetical_language|named_owner,evidence,source:t819_dita_eyewear_importer_obligations_trinzo_minutes_client_connect_2026_06_17_pdf,train,T819 Dita Eyewear Importer Obligations -Trinzo Minutes Client Connect_2026.06.17.pdf,human_approved,,,,Could Orla review QMS Manual?,,"[PREVIOUS]

[CURRENT]
Could Orla review QMS Manual?
[NEXT]
",,,,,,,
mmt_0127,Orla followed up MedEnvoy project plan.,legacy_reviewed,background_context,completed_history,completed_tense|deliverable_object|document_or_record|explicit_commitment_verb|named_owner|recipient_or_handover,evidence,source:t819_dita_eyewear_importer_obligations_trinzo_minutes_client_connect_2026_06_17_pdf,train,T819 Dita Eyewear Importer Obligations -Trinzo Minutes Client Connect_2026.06.17.pdf,human_approved,,,,Orla followed up MedEnvoy project plan.,,"[PREVIOUS]

[CURRENT]
Orla followed up MedEnvoy project plan.
[NEXT]
",,,,,,,
mmt_0128,Could Orla follow up MedEnvoy project plan?,legacy_reviewed,discussion_topic,not_action,deliverable_object|document_or_record|explicit_commitment_verb|hypothetical_language|named_owner|recipient_or_handover,evidence,source:t819_dita_eyewear_importer_obligations_trinzo_minutes_client_connect_2026_06_17_pdf,train,T819 Dita Eyewear Importer Obligations -Trinzo Minutes Client Connect_2026.06.17.pdf,human_approved,,,,Could Orla follow up MedEnvoy project plan?,,"[PREVIOUS]

[CURRENT]
Could Orla follow up MedEnvoy project plan?
[NEXT]
",,,,,,,
mmt_0129,Orla shared new label.,legacy_reviewed,background_context,completed_history,completed_tense|deliverable_object|document_or_record|explicit_commitment_verb|named_owner|recipient_or_handover,evidence,source:t819_dita_eyewear_importer_obligations_trinzo_minutes_client_connect_2026_06_17_pdf,train,T819 Dita Eyewear Importer Obligations -Trinzo Minutes Client Connect_2026.06.17.pdf,human_approved,,,,Orla shared new label.,,"[PREVIOUS]

[CURRENT]
Orla shared new label.
[NEXT]
",,,,,,,
mmt_0130,Could Orla share new label?,legacy_reviewed,discussion_topic,not_action,deliverable_object|document_or_record|explicit_commitment_verb|hypothetical_language|named_owner|recipient_or_handover,evidence,source:t819_dita_eyewear_importer_obligations_trinzo_minutes_client_connect_2026_06_17_pdf,train,T819 Dita Eyewear Importer Obligations -Trinzo Minutes Client Connect_2026.06.17.pdf,human_approved,,,,Could Orla share new label?,,"[PREVIOUS]

[CURRENT]
Could Orla share new label?
[NEXT]
",,,,,,,
mmt_0131,Orla shared list of DoC languages.,legacy_reviewed,background_context,completed_history,completed_tense|deliverable_object|document_or_record|explicit_commitment_verb|named_owner|recipient_or_handover,evidence,source:t819_dita_eyewear_importer_obligations_trinzo_minutes_client_connect_2026_06_17_pdf,train,T819 Dita Eyewear Importer Obligations -Trinzo Minutes Client Connect_2026.06.17.pdf,human_approved,,,,Orla shared list of DoC languages.,,"[PREVIOUS]

[CURRENT]
Orla shared list of DoC languages.
[NEXT]
",,,,,,,
mmt_0132,Could Orla share list of DoC languages?,legacy_reviewed,discussion_topic,not_action,deliverable_object|document_or_record|explicit_commitment_verb|hypothetical_language|named_owner|recipient_or_handover,evidence,source:t819_dita_eyewear_importer_obligations_trinzo_minutes_client_connect_2026_06_17_pdf,train,T819 Dita Eyewear Importer Obligations -Trinzo Minutes Client Connect_2026.06.17.pdf,human_approved,,,,Could Orla share list of DoC languages?,,"[PREVIOUS]

[CURRENT]
Could Orla share list of DoC languages?
[NEXT]
",,,,,,,
mmt_0133,John-Paul reviewed DoCs for sunglasses.,legacy_reviewed,background_context,completed_history,completed_tense|deliverable_object|document_or_record|explicit_commitment_verb|named_owner,evidence,source:t819_dita_eyewear_importer_obligations_trinzo_minutes_client_connect_2026_06_17_pdf,train,T819 Dita Eyewear Importer Obligations -Trinzo Minutes Client Connect_2026.06.17.pdf,human_approved,,,,John-Paul reviewed DoCs for sunglasses.,,"[PREVIOUS]

[CURRENT]
John-Paul reviewed DoCs for sunglasses.
[NEXT]
",,,,,,,
mmt_0134,Could John-Paul review DoCs for sunglasses?,legacy_reviewed,discussion_topic,not_action,deliverable_object|document_or_record|explicit_commitment_verb|hypothetical_language|named_owner,evidence,source:t819_dita_eyewear_importer_obligations_trinzo_minutes_client_connect_2026_06_17_pdf,train,T819 Dita Eyewear Importer Obligations -Trinzo Minutes Client Connect_2026.06.17.pdf,human_approved,,,,Could John-Paul review DoCs for sunglasses?,,"[PREVIOUS]

[CURRENT]
Could John-Paul review DoCs for sunglasses?
[NEXT]
",,,,,,,
mmt_0135,Jacqui reviewed HPRA invoice fee.,legacy_reviewed,background_context,completed_history,completed_tense|deliverable_object|document_or_record|explicit_commitment_verb|named_owner|regulatory_language,evidence,source:t819_dita_eyewear_importer_obligations_trinzo_minutes_client_connect_2026_06_17_pdf,train,T819 Dita Eyewear Importer Obligations -Trinzo Minutes Client Connect_2026.06.17.pdf,human_approved,,,,Jacqui reviewed HPRA invoice fee.,,"[PREVIOUS]

[CURRENT]
Jacqui reviewed HPRA invoice fee.
[NEXT]
",,,,,,,
mmt_0136,Could Jacqui review HPRA invoice fee?,legacy_reviewed,discussion_topic,not_action,deliverable_object|document_or_record|explicit_commitment_verb|hypothetical_language|named_owner|regulatory_language,evidence,source:t819_dita_eyewear_importer_obligations_trinzo_minutes_client_connect_2026_06_17_pdf,train,T819 Dita Eyewear Importer Obligations -Trinzo Minutes Client Connect_2026.06.17.pdf,human_approved,,,,Could Jacqui review HPRA invoice fee?,,"[PREVIOUS]

[CURRENT]
Could Jacqui review HPRA invoice fee?
[NEXT]
",,,,,,,
mmt_0137,Jacqui followed up MDR requirements for DoC language publications.,legacy_reviewed,background_context,completed_history,completed_tense|deliverable_object|document_or_record|explicit_commitment_verb|named_owner|recipient_or_handover|regulatory_language,evidence,source:t819_dita_eyewear_importer_obligations_trinzo_minutes_internal_connect_2026_06_17_pdf,test,T819 Dita Eyewear Importer Obligations -Trinzo Minutes internal Connect_2026.06.17.pdf,human_approved,,,,Jacqui followed up MDR requirements for DoC language publications.,,"[PREVIOUS]

[CURRENT]
Jacqui followed up MDR requirements for DoC language publications.
[NEXT]
",,,,,,,
mmt_0138,Could Jacqui follow up MDR requirements for DoC language publications?,legacy_reviewed,discussion_topic,not_action,deliverable_object|document_or_record|explicit_commitment_verb|hypothetical_language|named_owner|recipient_or_handover|regulatory_language,evidence,source:t819_dita_eyewear_importer_obligations_trinzo_minutes_internal_connect_2026_06_17_pdf,test,T819 Dita Eyewear Importer Obligations -Trinzo Minutes internal Connect_2026.06.17.pdf,human_approved,,,,Could Jacqui follow up MDR requirements for DoC language publications?,,"[PREVIOUS]

[CURRENT]
Could Jacqui follow up MDR requirements for DoC language publications?
[NEXT]
",,,,,,,
mmt_0139,Jacqui scheduled client working calls.,legacy_reviewed,background_context,completed_history,completed_tense|deliverable_object|document_or_record|explicit_commitment_verb|named_owner|process_sequence,evidence,source:t819_dita_eyewear_importer_obligations_trinzo_minutes_internal_connect_2026_06_17_pdf,test,T819 Dita Eyewear Importer Obligations -Trinzo Minutes internal Connect_2026.06.17.pdf,human_approved,,,,Jacqui scheduled client working calls.,,"[PREVIOUS]

[CURRENT]
Jacqui scheduled client working calls.
[NEXT]
",,,,,,,
mmt_0140,Could Jacqui schedule client working calls?,legacy_reviewed,discussion_topic,not_action,deliverable_object|document_or_record|explicit_commitment_verb|hypothetical_language|named_owner,evidence,source:t819_dita_eyewear_importer_obligations_trinzo_minutes_internal_connect_2026_06_17_pdf,test,T819 Dita Eyewear Importer Obligations -Trinzo Minutes internal Connect_2026.06.17.pdf,human_approved,,,,Could Jacqui schedule client working calls?,,"[PREVIOUS]

[CURRENT]
Could Jacqui schedule client working calls?
[NEXT]
",,,,,,,
mmt_0141,Jacqui scheduled weekly client connect.,legacy_reviewed,background_context,completed_history,completed_tense|deliverable_object|document_or_record|explicit_commitment_verb|named_owner|process_sequence,evidence,source:t819_dita_eyewear_importer_obligations_trinzo_minutes_internal_connect_2026_06_17_pdf,test,T819 Dita Eyewear Importer Obligations -Trinzo Minutes internal Connect_2026.06.17.pdf,human_approved,,,,Jacqui scheduled weekly client connect.,,"[PREVIOUS]

[CURRENT]
Jacqui scheduled weekly client connect.
[NEXT]
",,,,,,,
mmt_0142,Could Jacqui schedule weekly client connect?,legacy_reviewed,discussion_topic,not_action,deliverable_object|document_or_record|explicit_commitment_verb|hypothetical_language|named_owner,evidence,source:t819_dita_eyewear_importer_obligations_trinzo_minutes_internal_connect_2026_06_17_pdf,test,T819 Dita Eyewear Importer Obligations -Trinzo Minutes internal Connect_2026.06.17.pdf,human_approved,,,,Could Jacqui schedule weekly client connect?,,"[PREVIOUS]

[CURRENT]
Could Jacqui schedule weekly client connect?
[NEXT]
",,,,,,,
mmt_0143,Jacqui followed up SOW scope.,legacy_reviewed,background_context,completed_history,completed_tense|deliverable_object|document_or_record|explicit_commitment_verb|named_owner|recipient_or_handover,evidence,source:t819_dita_eyewear_importer_obligations_trinzo_minutes_internal_connect_2026_06_17_pdf,test,T819 Dita Eyewear Importer Obligations -Trinzo Minutes internal Connect_2026.06.17.pdf,human_approved,,,,Jacqui followed up SOW scope.,,"[PREVIOUS]

[CURRENT]
Jacqui followed up SOW scope.
[NEXT]
",,,,,,,
mmt_0144,Could Jacqui follow up SOW scope?,legacy_reviewed,discussion_topic,not_action,deliverable_object|document_or_record|explicit_commitment_verb|hypothetical_language|named_owner|recipient_or_handover,evidence,source:t819_dita_eyewear_importer_obligations_trinzo_minutes_internal_connect_2026_06_17_pdf,test,T819 Dita Eyewear Importer Obligations -Trinzo Minutes internal Connect_2026.06.17.pdf,human_approved,,,,Could Jacqui follow up SOW scope?,,"[PREVIOUS]

[CURRENT]
Could Jacqui follow up SOW scope?
[NEXT]
",,,,,,,
mmt_0145,The team generated question/clarification list.,legacy_reviewed,background_context,completed_history,completed_tense|deliverable_object|document_or_record|explicit_commitment_verb|named_owner,evidence,source:t819_dita_eyewear_importer_obligations_trinzo_minutes_internal_connect_2026_06_17_pdf,test,T819 Dita Eyewear Importer Obligations -Trinzo Minutes internal Connect_2026.06.17.pdf,human_approved,,,,The team generated question/clarification list.,,"[PREVIOUS]

[CURRENT]
The team generated question/clarification list.
[NEXT]
",,,,,,,
mmt_0146,Could The team generate question/clarification list?,legacy_reviewed,discussion_topic,not_action,deliverable_object|document_or_record|explicit_commitment_verb|hypothetical_language|named_owner,evidence,source:t819_dita_eyewear_importer_obligations_trinzo_minutes_internal_connect_2026_06_17_pdf,test,T819 Dita Eyewear Importer Obligations -Trinzo Minutes internal Connect_2026.06.17.pdf,human_approved,,,,Could The team generate question/clarification list?,,"[PREVIOUS]

[CURRENT]
Could The team generate question/clarification list?
[NEXT]
",,,,,,,
mmt_0147,Jacqui followed up site visit.,legacy_reviewed,background_context,completed_history,completed_tense|deliverable_object|document_or_record|explicit_commitment_verb|named_owner|recipient_or_handover,evidence,source:t819_dita_eyewear_importer_obligations_trinzo_minutes_internal_connect_2026_06_17_pdf,test,T819 Dita Eyewear Importer Obligations -Trinzo Minutes internal Connect_2026.06.17.pdf,human_approved,,,,Jacqui followed up site visit.,,"[PREVIOUS]

[CURRENT]
Jacqui followed up site visit.
[NEXT]
",,,,,,,
mmt_0148,Could Jacqui follow up site visit?,legacy_reviewed,discussion_topic,not_action,deliverable_object|document_or_record|explicit_commitment_verb|hypothetical_language|named_owner|recipient_or_handover,evidence,source:t819_dita_eyewear_importer_obligations_trinzo_minutes_internal_connect_2026_06_17_pdf,test,T819 Dita Eyewear Importer Obligations -Trinzo Minutes internal Connect_2026.06.17.pdf,human_approved,,,,Could Jacqui follow up site visit?,,"[PREVIOUS]

[CURRENT]
Could Jacqui follow up site visit?
[NEXT]
",,,,,,,
mmt_0149,Andrew has completed the changes to all 3 parameters for the Alarm coding change.,legacy_reviewed,background_context,completed_history,completed_tense|deadline_or_sequence|deliverable_object|document_or_record|explicit_commitment_verb|named_owner,evidence,source:t733_eakin_consultancy_retainer_trinzo_minutes_client_checkin_tf24_2026_06_17_pdf,test,T733 Eakin Consultancy Retainer -Trinzo Minutes Client -Checkin TF24 _2026.06.17.pdf,human_approved,,,,Andrew has completed the changes to all 3 parameters for the Alarm coding change.,,"[PREVIOUS]

[CURRENT]
Andrew has completed the changes to all 3 parameters for the Alarm coding change.
[NEXT]
",,,,,,,
mmt_0150,Andrew has completed the test of the SW to accept 12 additional languages – proven memory.,legacy_reviewed,background_context,completed_history,completed_tense|deadline_or_sequence|deliverable_object|document_or_record|explicit_commitment_verb|named_owner,evidence,source:t733_eakin_consultancy_retainer_trinzo_minutes_client_checkin_tf24_2026_06_17_pdf,test,T733 Eakin Consultancy Retainer -Trinzo Minutes Client -Checkin TF24 _2026.06.17.pdf,human_approved,,,,Andrew has completed the test of the SW to accept 12 additional languages – proven memory.,,"[PREVIOUS]

[CURRENT]
Andrew has completed the test of the SW to accept 12 additional languages – proven memory.
[NEXT]
",,,,,,,
mmt_0151,Both usability specifications are complete.,legacy_reviewed,background_context,completed_history,completed_tense|deliverable_object|document_or_record|explicit_commitment_verb,evidence,source:t733_eakin_consultancy_retainer_trinzo_minutes_client_checkin_tf24_2026_06_17_pdf,test,T733 Eakin Consultancy Retainer -Trinzo Minutes Client -Checkin TF24 _2026.06.17.pdf,human_approved,,,,Both usability specifications are complete.,,"[PREVIOUS]

[CURRENT]
Both usability specifications are complete.
[NEXT]
",,,,,,,
mmt_0152,Chirstina has completed the review.,legacy_reviewed,background_context,completed_history,completed_tense|deliverable_object|document_or_record|explicit_commitment_verb|named_owner,evidence,source:t733_eakin_consultancy_retainer_trinzo_minutes_client_checkin_tf24_2026_06_17_pdf,test,T733 Eakin Consultancy Retainer -Trinzo Minutes Client -Checkin TF24 _2026.06.17.pdf,human_approved,,,,Chirstina has completed the review.,,"[PREVIOUS]

[CURRENT]
Chirstina has completed the review.
[NEXT]
",,,,,,,
mmt_0153,David has reviewed the PMS and added comments – Sent back to Ciaran for review.,legacy_reviewed,background_context,completed_history,completed_tense|deliverable_object|document_or_record|explicit_commitment_verb|named_owner|recipient_or_handover,evidence,source:t733_eakin_consultancy_retainer_trinzo_minutes_client_checkin_tf24_2026_06_17_pdf,test,T733 Eakin Consultancy Retainer -Trinzo Minutes Client -Checkin TF24 _2026.06.17.pdf,human_approved,,,,David has reviewed the PMS and added comments – Sent back to Ciaran for review.,,"[PREVIOUS]

[CURRENT]
David has reviewed the PMS and added comments – Sent back to Ciaran for review.
[NEXT]
",,,,,,,
mmt_0154,Change request has been raised and will be reviewed by Eakin team this week.,legacy_reviewed,action_commitment,confirmed_action,completed_tense|deadline_or_sequence|deliverable_object|document_or_record|explicit_commitment_verb|named_owner,evidence,source:t733_eakin_consultancy_retainer_trinzo_minutes_client_checkin_tf24_2026_06_17_pdf,test,T733 Eakin Consultancy Retainer -Trinzo Minutes Client -Checkin TF24 _2026.06.17.pdf,human_approved,,,,Change request has been raised and will be reviewed by Eakin team this week.,,"[PREVIOUS]

[CURRENT]
Change request has been raised and will be reviewed by Eakin team this week.
[NEXT]
",,,,,,,
mmt_0155,One slight issue remains around the mute button behaviour – Andrew reviewing.,legacy_reviewed,risk_dependency,possible_action,deliverable_object|document_or_record|explicit_commitment_verb|hypothetical_language|named_owner|risk_language,evidence,source:t733_eakin_consultancy_retainer_trinzo_minutes_client_checkin_tf24_2026_06_17_pdf,test,T733 Eakin Consultancy Retainer -Trinzo Minutes Client -Checkin TF24 _2026.06.17.pdf,human_approved,,,,One slight issue remains around the mute button behaviour – Andrew reviewing.,,"[PREVIOUS]

[CURRENT]
One slight issue remains around the mute button behaviour – Andrew reviewing.
[NEXT]
",,,,,,,
mmt_0156,Will be finalized once Christina returns from holiday.,legacy_reviewed,risk_dependency,possible_action,deliverable_object|document_or_record|explicit_commitment_verb|hypothetical_language|named_owner,evidence,source:t733_eakin_consultancy_retainer_trinzo_minutes_client_checkin_tf24_2026_06_17_pdf,test,T733 Eakin Consultancy Retainer -Trinzo Minutes Client -Checkin TF24 _2026.06.17.pdf,human_approved,,,,Will be finalized once Christina returns from holiday.,,"[PREVIOUS]

[CURRENT]
Will be finalized once Christina returns from holiday.
[NEXT]
",,,,,,,
mmt_0157,Testing is planned for completion by 23rd July.,legacy_reviewed,action_commitment,possible_action,deadline_or_sequence|deliverable_object|document_or_record|explicit_commitment_verb,evidence,source:t761_eakin_tech_file_sw_trinzo_minutes_sw_weekly_checkin_2026_06_15_pdf,validation,T761 Eakin Tech File SW -Trinzo Minutes SW Weekly Checkin_2026.06.15.pdf,human_approved,,,,Testing is planned for completion by 23rd July.,,"[PREVIOUS]

[CURRENT]
Testing is planned for completion by 23rd July.
[NEXT]
",,,,,,,
mmt_0158,Rebecca explained that the risk management file was being updated to reflect both hardware and software risks.,legacy_reviewed,document_control_task,not_action,completed_tense|deliverable_object|document_or_record|explicit_commitment_verb|named_owner|risk_language,evidence,source:t761_eakin_tech_file_sw_trinzo_minutes_sw_weekly_checkin_2026_06_15_pdf,validation,T761 Eakin Tech File SW -Trinzo Minutes SW Weekly Checkin_2026.06.15.pdf,human_approved,,,,Rebecca explained that the risk management file was being updated to reflect both hardware and software risks.,,"[PREVIOUS]

[CURRENT]
Rebecca explained that the risk management file was being updated to reflect both hardware and software risks.
[NEXT]
",,,,,,,
mmt_0159,"Rebecca clarified that if residual risk remains high after implementing controls, a benefit-risk assessment would be required.",legacy_reviewed,risk_dependency,possible_action,deadline_or_sequence|deliverable_object|document_or_record|explicit_commitment_verb|hypothetical_language|named_owner|risk_language,evidence,source:t761_eakin_tech_file_sw_trinzo_minutes_sw_weekly_checkin_2026_06_15_pdf,validation,T761 Eakin Tech File SW -Trinzo Minutes SW Weekly Checkin_2026.06.15.pdf,human_approved,,,,"Rebecca clarified that if residual risk remains high after implementing controls, a benefit-risk assessment would be required.",,"[PREVIOUS]

[CURRENT]
Rebecca clarified that if residual risk remains high after implementing controls, a benefit-risk assessment would be required.
[NEXT]
",,,,,,,
mmt_0160,"Currently, UPC codes are used for barcoding.",legacy_reviewed,process_overview,not_action,deliverable_object|document_or_record|explicit_commitment_verb|process_sequence,evidence,source:t819_dita_eyewear_importer_obligations_trinzo_minutes_client_connect_2026_06_17_pdf,train,T819 Dita Eyewear Importer Obligations -Trinzo Minutes Client Connect_2026.06.17.pdf,human_approved,,,,"Currently, UPC codes are used for barcoding.",,"[PREVIOUS]

[CURRENT]
Currently, UPC codes are used for barcoding.
[NEXT]
",,,,,,,
mmt_0161,All new devices must be registered in EUDAMED now.,legacy_reviewed,regulatory_obligation,not_action,deliverable_object|document_or_record|explicit_commitment_verb|regulatory_language,evidence,source:t819_dita_eyewear_importer_obligations_trinzo_minutes_client_connect_2026_06_17_pdf,train,T819 Dita Eyewear Importer Obligations -Trinzo Minutes Client Connect_2026.06.17.pdf,human_approved,,,,All new devices must be registered in EUDAMED now.,,"[PREVIOUS]

[CURRENT]
All new devices must be registered in EUDAMED now.
[NEXT]
",,,,,,,
mmt_0162,Existing products need to be registered in EUDAMED by 28th November ’26 deadline.,legacy_reviewed,regulatory_obligation,not_action,deadline_or_sequence|deliverable_object|document_or_record|explicit_commitment_verb|regulatory_language,evidence,source:t819_dita_eyewear_importer_obligations_trinzo_minutes_client_connect_2026_06_17_pdf,train,T819 Dita Eyewear Importer Obligations -Trinzo Minutes Client Connect_2026.06.17.pdf,human_approved,,,,Existing products need to be registered in EUDAMED by 28th November ’26 deadline.,,"[PREVIOUS]

[CURRENT]
Existing products need to be registered in EUDAMED by 28th November ’26 deadline.
[NEXT]
",,,,,,,
mmt_0163,Legal Manufacturer has overall responsibility to complete the registration of the devices.,legacy_reviewed,regulatory_obligation,not_action,deliverable_object|document_or_record|explicit_commitment_verb|named_owner|regulatory_language,evidence,source:t819_dita_eyewear_importer_obligations_trinzo_minutes_client_connect_2026_06_17_pdf,train,T819 Dita Eyewear Importer Obligations -Trinzo Minutes Client Connect_2026.06.17.pdf,human_approved,,,,Legal Manufacturer has overall responsibility to complete the registration of the devices.,,"[PREVIOUS]

[CURRENT]
Legal Manufacturer has overall responsibility to complete the registration of the devices.
[NEXT]
",,,,,,,
mmt_0164,Importer and Authorised Rep have responsibility to verify the registration are complete.,legacy_reviewed,regulatory_obligation,not_action,deliverable_object|document_or_record|explicit_commitment_verb|named_owner|regulatory_language,evidence,source:t819_dita_eyewear_importer_obligations_trinzo_minutes_client_connect_2026_06_17_pdf,train,T819 Dita Eyewear Importer Obligations -Trinzo Minutes Client Connect_2026.06.17.pdf,human_approved,,,,Importer and Authorised Rep have responsibility to verify the registration are complete.,,"[PREVIOUS]

[CURRENT]
Importer and Authorised Rep have responsibility to verify the registration are complete.
[NEXT]
",,,,,,,
mmt_0165,Orla confirmed the updates are in progress.,legacy_reviewed,document_control_task,not_action,decision_language|deliverable_object|document_or_record|explicit_commitment_verb|named_owner,evidence,source:t819_dita_eyewear_importer_obligations_trinzo_minutes_client_connect_2026_06_17_pdf,train,T819 Dita Eyewear Importer Obligations -Trinzo Minutes Client Connect_2026.06.17.pdf,human_approved,,,,Orla confirmed the updates are in progress.,,"[PREVIOUS]

[CURRENT]
Orla confirmed the updates are in progress.
[NEXT]
",,,,,,,
mmt_0166,Orla outlined they had received an invoice from the HPRA for annual Fees and asked for advice on whether they should challenge and/or pay.,legacy_reviewed,discussion_topic,not_action,deliverable_object|document_or_record|explicit_commitment_verb|hypothetical_language|named_owner|regulatory_language,evidence,source:t819_dita_eyewear_importer_obligations_trinzo_minutes_client_connect_2026_06_17_pdf,train,T819 Dita Eyewear Importer Obligations -Trinzo Minutes Client Connect_2026.06.17.pdf,human_approved,,,,Orla outlined they had received an invoice from the HPRA for annual Fees and asked for advice on whether they should challenge and/or pay.,,"[PREVIOUS]

[CURRENT]
Orla outlined they had received an invoice from the HPRA for annual Fees and asked for advice on whether they should challenge and/or pay.
[NEXT]
",,,,,,,
mmt_0167,Sunglasses are not outlined in the scope of the SOW.,legacy_reviewed,document_control_task,not_action,deliverable_object|document_or_record|explicit_commitment_verb,evidence,source:t819_dita_eyewear_importer_obligations_trinzo_minutes_internal_connect_2026_06_17_pdf,test,T819 Dita Eyewear Importer Obligations -Trinzo Minutes internal Connect_2026.06.17.pdf,human_approved,,,,Sunglasses are not outlined in the scope of the SOW.,,"[PREVIOUS]

[CURRENT]
Sunglasses are not outlined in the scope of the SOW.
[NEXT]
",,,,,,,
mmt_0168,Jacqui instructed the team to include PPE as part of the scope.,legacy_reviewed,decision_agreement,not_action,decision_language|deliverable_object|document_or_record|explicit_commitment_verb|named_owner|regulatory_language,evidence,source:t819_dita_eyewear_importer_obligations_trinzo_minutes_internal_connect_2026_06_17_pdf,test,T819 Dita Eyewear Importer Obligations -Trinzo Minutes internal Connect_2026.06.17.pdf,human_approved,,,,Jacqui instructed the team to include PPE as part of the scope.,,"[PREVIOUS]

[CURRENT]
Jacqui instructed the team to include PPE as part of the scope.
[NEXT]
",,,,,,,
mmt_0169,Discussion from the team on whether the DoC’s need to be translated to additional languages or whether English only DoC’s are sufficient.,legacy_reviewed,discussion_topic,not_action,deliverable_object|document_or_record|explicit_commitment_verb|hypothetical_language,evidence,source:t819_dita_eyewear_importer_obligations_trinzo_minutes_internal_connect_2026_06_17_pdf,test,T819 Dita Eyewear Importer Obligations -Trinzo Minutes internal Connect_2026.06.17.pdf,human_approved,,,,Discussion from the team on whether the DoC’s need to be translated to additional languages or whether English only DoC’s are sufficient.,,"[PREVIOUS]

[CURRENT]
Discussion from the team on whether the DoC’s need to be translated to additional languages or whether English only DoC’s are sufficient.
[NEXT]
",,,,,,,
mmt_0170,English is considered sufficient as it is an official EU language.,legacy_reviewed,decision_agreement,not_action,decision_language|deliverable_object|document_or_record|explicit_commitment_verb,evidence,source:t819_dita_eyewear_importer_obligations_trinzo_minutes_internal_connect_2026_06_17_pdf,test,T819 Dita Eyewear Importer Obligations -Trinzo Minutes internal Connect_2026.06.17.pdf,human_approved,,,,English is considered sufficient as it is an official EU language.,,"[PREVIOUS]

[CURRENT]
English is considered sufficient as it is an official EU language.
[NEXT]
",,,,,,,
mmt_0171,Translation is not typically required unless a specific competent authority requests it.,legacy_reviewed,regulatory_obligation,not_action,deliverable_object|document_or_record|explicit_commitment_verb|regulatory_language,evidence,source:t819_dita_eyewear_importer_obligations_trinzo_minutes_internal_connect_2026_06_17_pdf,test,T819 Dita Eyewear Importer Obligations -Trinzo Minutes internal Connect_2026.06.17.pdf,human_approved,,,,Translation is not typically required unless a specific competent authority requests it.,,"[PREVIOUS]

[CURRENT]
Translation is not typically required unless a specific competent authority requests it.
[NEXT]
",,,,,,,
mmt_0172,"Team need to understand the on-the-ground business operations, explanation of workflows and responsibilities and use of systems for clear definition of procedures.",legacy_reviewed,discussion_topic,not_action,deliverable_object|document_or_record|explicit_commitment_verb|named_owner|process_sequence,evidence,source:t819_dita_eyewear_importer_obligations_trinzo_minutes_internal_connect_2026_06_17_pdf,test,T819 Dita Eyewear Importer Obligations -Trinzo Minutes internal Connect_2026.06.17.pdf,human_approved,,,,"Team need to understand the on-the-ground business operations, explanation of workflows and responsibilities and use of systems for clear definition of procedures.",,"[PREVIOUS]

[CURRENT]
Team need to understand the on-the-ground business operations, explanation of workflows and responsibilities and use of systems for clear definition of procedures.
[NEXT]
",,,,,,,
mmt_0173,"I’m starting to go through the risk analysis, but I’ll share that with you once I’ve got some more information.",legacy_reviewed,action_commitment,confirmed_action,deliverable_object|document_or_record|explicit_commitment_verb|hypothetical_language|named_owner|recipient_or_handover|risk_language,evidence,source:client_abbott_t796_audit_kick_off_sylmar_new_docx,test,Client Abbott T796 - Audit kick off Sylmar (NEW).docx,human_approved,,,,"I’m starting to go through the risk analysis, but I’ll share that with you once I’ve got some more information.",,"[PREVIOUS]

[CURRENT]
I’m starting to go through the risk analysis, but I’ll share that with you once I’ve got some more information.
[NEXT]
",,,,,,,
mmt_0174,"I’ve identified some risks in terms of transmission, software, rollout, versions, cybersecurity, various bits and pieces.",legacy_reviewed,risk_dependency,completed_history,completed_tense|deliverable_object|document_or_record|explicit_commitment_verb|named_owner|risk_language,evidence,source:client_abbott_t796_audit_kick_off_sylmar_new_docx,test,Client Abbott T796 - Audit kick off Sylmar (NEW).docx,human_approved,,,,"I’ve identified some risks in terms of transmission, software, rollout, versions, cybersecurity, various bits and pieces.",,"[PREVIOUS]

[CURRENT]
I’ve identified some risks in terms of transmission, software, rollout, versions, cybersecurity, various bits and pieces.
[NEXT]
",,,,,,,
mmt_0175,"Once your scope is determined, that will form that list of standards.",legacy_reviewed,risk_dependency,possible_action,deliverable_object|document_or_record|explicit_commitment_verb|hypothetical_language,evidence,source:client_abbott_t796_audit_kick_off_sylmar_new_docx,test,Client Abbott T796 - Audit kick off Sylmar (NEW).docx,human_approved,,,,"Once your scope is determined, that will form that list of standards.",,"[PREVIOUS]

[CURRENT]
Once your scope is determined, that will form that list of standards.
[NEXT]
",,,,,,,
mmt_0176,You will still need to sign both of those as a training.,legacy_reviewed,action_commitment,confirmed_action,deliverable_object|document_or_record|explicit_commitment_verb|named_owner,evidence,source:client_abbott_t796_audit_kick_off_sylmar_new_docx,test,Client Abbott T796 - Audit kick off Sylmar (NEW).docx,human_approved,,,,You will still need to sign both of those as a training.,,"[PREVIOUS]

[CURRENT]
You will still need to sign both of those as a training.
[NEXT]
",,,,,,,
mmt_0177,"You will have the training attestation, which I will need before the audit formally starts.",legacy_reviewed,regulatory_obligation,not_action,deadline_or_sequence|deliverable_object|document_or_record|explicit_commitment_verb,evidence,source:client_abbott_t796_audit_kick_off_sylmar_new_docx,test,Client Abbott T796 - Audit kick off Sylmar (NEW).docx,human_approved,,,,"You will have the training attestation, which I will need before the audit formally starts.",,"[PREVIOUS]

[CURRENT]
You will have the training attestation, which I will need before the audit formally starts.
[NEXT]
",,,,,,,
mmt_0178,We can probably upload them because you’re not on the Abbott network.,legacy_reviewed,action_commitment,possible_action,deliverable_object|document_or_record|explicit_commitment_verb|hypothetical_language|named_owner|recipient_or_handover,evidence,source:client_abbott_t796_audit_kick_off_sylmar_new_docx,test,Client Abbott T796 - Audit kick off Sylmar (NEW).docx,human_approved,,,,We can probably upload them because you’re not on the Abbott network.,,"[PREVIOUS]

[CURRENT]
We can probably upload them because you’re not on the Abbott network.
[NEXT]
",,,,,,,
mmt_0179,We’ll have to get you external access to the SharePoint that we use during the audit.,legacy_reviewed,document_control_task,confirmed_action,deliverable_object|document_or_record|explicit_commitment_verb|named_owner|recipient_or_handover,evidence,source:client_abbott_t796_audit_kick_off_sylmar_new_docx,test,Client Abbott T796 - Audit kick off Sylmar (NEW).docx,human_approved,,,,We’ll have to get you external access to the SharePoint that we use during the audit.,,"[PREVIOUS]

[CURRENT]
We’ll have to get you external access to the SharePoint that we use during the audit.
[NEXT]
",,,,,,,
mmt_0180,Does that sound like a rough plan that I’ve got in my head?,legacy_reviewed,discussion_topic,not_action,deliverable_object|document_or_record|explicit_commitment_verb|hypothetical_language|named_owner,evidence,source:client_abbott_t796_audit_kick_off_sylmar_new_docx,test,Client Abbott T796 - Audit kick off Sylmar (NEW).docx,human_approved,,,,Does that sound like a rough plan that I’ve got in my head?,,"[PREVIOUS]

[CURRENT]
Does that sound like a rough plan that I’ve got in my head?
[NEXT]
",,,,,,,
mmt_0181,"At the moment, I’m thinking having you in a separate track.",legacy_reviewed,action_commitment,possible_action,deliverable_object|document_or_record|explicit_commitment_verb|hypothetical_language|named_owner,evidence,source:client_abbott_t796_audit_kick_off_sylmar_new_docx,test,Client Abbott T796 - Audit kick off Sylmar (NEW).docx,human_approved,,,,"At the moment, I’m thinking having you in a separate track.",,"[PREVIOUS]

[CURRENT]
At the moment, I’m thinking having you in a separate track.
[NEXT]
",,,,,,,
mmt_0182,"I have that code of conduct, so I’ll get that over to you today as well, Niamh.",legacy_reviewed,document_control_task,confirmed_action,deadline_or_sequence|deliverable_object|document_or_record|explicit_commitment_verb|named_owner|recipient_or_handover,evidence,source:client_abbott_t796_audit_kick_off_sylmar_new_docx,test,Client Abbott T796 - Audit kick off Sylmar (NEW).docx,human_approved,,,,"I have that code of conduct, so I’ll get that over to you today as well, Niamh.",,"[PREVIOUS]

[CURRENT]
I have that code of conduct, so I’ll get that over to you today as well, Niamh.
[NEXT]
",,,,,,,
mmt_0183,It might be worth you going down and having a look to see the point of programming.,legacy_reviewed,discussion_topic,not_action,deliverable_object|document_or_record|explicit_commitment_verb|hypothetical_language|named_owner,evidence,source:client_abbott_t796_audit_kick_off_sylmar_new_docx,test,Client Abbott T796 - Audit kick off Sylmar (NEW).docx,human_approved,,,,It might be worth you going down and having a look to see the point of programming.,,"[PREVIOUS]

[CURRENT]
It might be worth you going down and having a look to see the point of programming.
[NEXT]
",,,,,,,
mmt_0184,The planning meeting is scheduled for Wednesday as the first version.,legacy_reviewed,process_overview,possible_action,deadline_or_sequence|deliverable_object|document_or_record|explicit_commitment_verb|process_sequence,evidence,source:client_abbott_t796_audit_kick_off_sylmar_new_docx,test,Client Abbott T796 - Audit kick off Sylmar (NEW).docx,human_approved,,,,The planning meeting is scheduled for Wednesday as the first version.,,"[PREVIOUS]

[CURRENT]
The planning meeting is scheduled for Wednesday as the first version.
[NEXT]
",,,,,,,
mmt_0185,We will have to meet Niamh before I go for the first week just to go through information.,legacy_reviewed,action_commitment,confirmed_action,deadline_or_sequence|deliverable_object|document_or_record|explicit_commitment_verb|named_owner,evidence,source:client_abbott_t796_audit_kick_off_sylmar_new_docx,test,Client Abbott T796 - Audit kick off Sylmar (NEW).docx,human_approved,,,,We will have to meet Niamh before I go for the first week just to go through information.,,"[PREVIOUS]

[CURRENT]
We will have to meet Niamh before I go for the first week just to go through information.
[NEXT]
",,,,,,,
mmt_0186,Andrew reviewed the IEC60601-1 compliance documents against the previous MDD documentation.,legacy_reviewed,background_context,completed_history,completed_tense|deadline_or_sequence|deliverable_object|document_or_record|explicit_commitment_verb|named_owner,evidence,source:client_t761_eakin_tech_file_sw_weekly_checkin_txt,validation,Client T761 Eakin Tech File SW - Weekly checkin.txt,human_approved,,,,Andrew reviewed the IEC60601-1 compliance documents against the previous MDD documentation.,,"[PREVIOUS]

[CURRENT]
Andrew reviewed the IEC60601-1 compliance documents against the previous MDD documentation.
[NEXT]
",,,,,,,
mmt_0187,David documented the debug behaviour and shared his questions with Andrew.,legacy_reviewed,background_context,completed_history,completed_tense|deliverable_object|document_or_record|explicit_commitment_verb|named_owner|recipient_or_handover,evidence,source:client_t761_eakin_tech_file_sw_weekly_checkin_txt,validation,Client T761 Eakin Tech File SW - Weekly checkin.txt,human_approved,,,,David documented the debug behaviour and shared his questions with Andrew.,,"[PREVIOUS]

[CURRENT]
David documented the debug behaviour and shared his questions with Andrew.
[NEXT]
",,,,,,,
mmt_0188,David traced the software changes between version 1.01 and 1.02 and documented them.,legacy_reviewed,background_context,completed_history,completed_tense|deadline_or_sequence|deliverable_object|document_or_record|explicit_commitment_verb|named_owner,evidence,source:client_t761_eakin_sw_weekly_checkin_new_txt,validation,Client T761 Eakin SW - weekly checkin (NEW).txt,human_approved,,,,David traced the software changes between version 1.01 and 1.02 and documented them.,,"[PREVIOUS]

[CURRENT]
David traced the software changes between version 1.01 and 1.02 and documented them.
[NEXT]
",,,,,,,
mmt_0189,Andrew completed the first review of the 60601-1 compliance document.,legacy_reviewed,background_context,completed_history,completed_tense|deadline_or_sequence|deliverable_object|document_or_record|explicit_commitment_verb|named_owner,evidence,source:client_t761_eakin_tech_file_sw_weekly_checkin_txt,validation,Client T761 Eakin Tech File SW - Weekly checkin.txt,human_approved,,,,Andrew completed the first review of the 60601-1 compliance document.,,"[PREVIOUS]

[CURRENT]
Andrew completed the first review of the 60601-1 compliance document.
[NEXT]
",,,,,,,
mmt_0190,David sent Andrew two documents relating to the fan logic.,legacy_reviewed,background_context,completed_history,completed_tense|deliverable_object|document_or_record|explicit_commitment_verb|named_owner|recipient_or_handover,evidence,source:client_t761_eakin_tech_file_sw_weekly_checkin_txt,validation,Client T761 Eakin Tech File SW - Weekly checkin.txt,human_approved,,,,David sent Andrew two documents relating to the fan logic.,,"[PREVIOUS]

[CURRENT]
David sent Andrew two documents relating to the fan logic.
[NEXT]
",,,,,,,
mmt_0191,David reviewed the PMS document and comments were added before it was shared with Ciaran.,legacy_reviewed,background_context,completed_history,completed_tense|deadline_or_sequence|deliverable_object|document_or_record|explicit_commitment_verb|named_owner|recipient_or_handover,evidence,source:client_t761_eakin_tech_file_sw_weekly_checkin_txt,validation,Client T761 Eakin Tech File SW - Weekly checkin.txt,human_approved,,,,David reviewed the PMS document and comments were added before it was shared with Ciaran.,,"[PREVIOUS]

[CURRENT]
David reviewed the PMS document and comments were added before it was shared with Ciaran.
[NEXT]
",,,,,,,
mmt_0192,"Rebecca finalised much of the feedback, missing documentation and associated justifications.",legacy_reviewed,background_context,completed_history,completed_tense|deliverable_object|document_or_record|explicit_commitment_verb|named_owner|risk_language,evidence,source:client_eakin_t733_tech_file_review_weekly_new_txt,test,Client Eakin T733 Tech File review weekly (NEW).txt,human_approved,,,,"Rebecca finalised much of the feedback, missing documentation and associated justifications.",,"[PREVIOUS]

[CURRENT]
Rebecca finalised much of the feedback, missing documentation and associated justifications.
[NEXT]
",,,,,,,
mmt_0193,Colm and Louise had already provided feedback on the documents.,legacy_reviewed,background_context,completed_history,completed_tense|deliverable_object|document_or_record|explicit_commitment_verb|named_owner,evidence,source:client_eakin_t733_tech_file_review_weekly_new_txt,test,Client Eakin T733 Tech File review weekly (NEW).txt,human_approved,,,,Colm and Louise had already provided feedback on the documents.,,"[PREVIOUS]

[CURRENT]
Colm and Louise had already provided feedback on the documents.
[NEXT]
",,,,,,,
mmt_0194,The team updated the documents so that they were DF24 specific.,legacy_reviewed,background_context,completed_history,completed_tense|deliverable_object|document_or_record|explicit_commitment_verb|named_owner,evidence,source:client_eakin_t733_tech_file_review_weekly_new_txt,test,Client Eakin T733 Tech File review weekly (NEW).txt,human_approved,,,,The team updated the documents so that they were DF24 specific.,,"[PREVIOUS]

[CURRENT]
The team updated the documents so that they were DF24 specific.
[NEXT]
",,,,,,,
mmt_0195,The software change request form had already been started.,legacy_reviewed,background_context,completed_history,completed_tense|deliverable_object|document_or_record|explicit_commitment_verb,evidence,source:client_t761_eakin_tech_file_sw_weekly_checkin_txt,validation,Client T761 Eakin Tech File SW - Weekly checkin.txt,human_approved,,,,The software change request form had already been started.,,"[PREVIOUS]

[CURRENT]
The software change request form had already been started.
[NEXT]
",,,,,,,
mmt_0196,Orla received the HPRA annual fee invoice.,legacy_reviewed,background_context,completed_history,completed_tense|deliverable_object|document_or_record|explicit_commitment_verb|named_owner|regulatory_language,evidence,source:t819_dita_eyewear_importer_obligations_trinzo_minutes_client_connect_2026_06_17_txt,train,T819 Dita Eyewear Importer Obligations -Trinzo Minutes Client Connect_2026.06.17.txt,human_approved,,,,Orla received the HPRA annual fee invoice.,,"[PREVIOUS]

[CURRENT]
Orla received the HPRA annual fee invoice.
[NEXT]
",,,,,,,
mmt_0197,John-Paul created dual DoCs covering both MDR and PPE in the previous project.,legacy_reviewed,background_context,completed_history,completed_tense|deliverable_object|document_or_record|explicit_commitment_verb|named_owner|regulatory_language,evidence,source:t819_dita_eyewear_importer_obligations_trinzo_minutes_internal_connect_2026_06_17_txt,test,T819 Dita Eyewear Importer Obligations -Trinzo Minutes internal Connect_2026.06.17.txt,human_approved,,,,John-Paul created dual DoCs covering both MDR and PPE in the previous project.,,"[PREVIOUS]

[CURRENT]
John-Paul created dual DoCs covering both MDR and PPE in the previous project.
[NEXT]
",,,,,,,
mmt_0198,Mark shared the QMS manual on Friday.,legacy_reviewed,background_context,completed_history,completed_tense|deadline_or_sequence|deliverable_object|document_or_record|explicit_commitment_verb|named_owner|recipient_or_handover,evidence,source:client_dita_t819_importer_obligations_client_connect_txt,train,Client DITA T819 - Importer Obligations - Client connect.txt,human_approved,,,,Mark shared the QMS manual on Friday.,,"[PREVIOUS]

[CURRENT]
Mark shared the QMS manual on Friday.
[NEXT]
",,,,,,,
mmt_0199,The team reviewed the existing documentation during the call.,legacy_reviewed,background_context,completed_history,completed_tense|deliverable_object|document_or_record|explicit_commitment_verb|named_owner,evidence,source:client_dita_t819_importer_obligations_client_connect_txt,train,Client DITA T819 - Importer Obligations - Client connect.txt,human_approved,,,,The team reviewed the existing documentation during the call.,,"[PREVIOUS]

[CURRENT]
The team reviewed the existing documentation during the call.
[NEXT]
",,,,,,,
mmt_0200,The HPRA had already requested company-size information as part of the SRN follow-up.,legacy_reviewed,background_context,completed_history,completed_tense|deliverable_object|document_or_record|explicit_commitment_verb|named_owner|regulatory_language,evidence,source:client_dita_t819_importer_obligations_client_connect_txt,train,Client DITA T819 - Importer Obligations - Client connect.txt,human_approved,,,,The HPRA had already requested company-size information as part of the SRN follow-up.,,"[PREVIOUS]

[CURRENT]
The HPRA had already requested company-size information as part of the SRN follow-up.
[NEXT]
",,,,,,,
mmt_0201,Should Andrew review the graphics driver as a possible solution for additional fonts?,legacy_reviewed,discussion_topic,not_action,deliverable_object|document_or_record|explicit_commitment_verb|hypothetical_language|named_owner,evidence,source:t761_eakin_tech_file_sw_trinzo_minutes_sw_weekly_checkin_2026_06_15_txt,validation,T761 Eakin Tech File SW -Trinzo Minutes SW Weekly Checkin_2026.06.15.txt,human_approved,,,,Should Andrew review the graphics driver as a possible solution for additional fonts?,,"[PREVIOUS]

[CURRENT]
Should Andrew review the graphics driver as a possible solution for additional fonts?
[NEXT]
",,,,,,,
mmt_0202,Could David document the debug commands in the debug screen?,legacy_reviewed,discussion_topic,not_action,deliverable_object|document_or_record|explicit_commitment_verb|hypothetical_language|named_owner,evidence,source:t761_eakin_tech_file_sw_trinzo_minutes_sw_weekly_checkin_2026_06_15_txt,validation,T761 Eakin Tech File SW -Trinzo Minutes SW Weekly Checkin_2026.06.15.txt,human_approved,,,,Could David document the debug commands in the debug screen?,,"[PREVIOUS]

[CURRENT]
Could David document the debug commands in the debug screen?
[NEXT]
",,,,,,,
mmt_0203,Would Rebecca update the Risk Management file if the USB controls change?,legacy_reviewed,discussion_topic,not_action,deliverable_object|document_or_record|explicit_commitment_verb|hypothetical_language|named_owner|risk_language,evidence,source:t761_eakin_tech_file_sw_trinzo_minutes_sw_weekly_checkin_2026_06_15_txt,validation,T761 Eakin Tech File SW -Trinzo Minutes SW Weekly Checkin_2026.06.15.txt,human_approved,,,,Would Rebecca update the Risk Management file if the USB controls change?,,"[PREVIOUS]

[CURRENT]
Would Rebecca update the Risk Management file if the USB controls change?
[NEXT]
",,,,,,,
mmt_0204,Do we need Andrew to document the change request form?,legacy_reviewed,discussion_topic,not_action,deliverable_object|document_or_record|explicit_commitment_verb|hypothetical_language|named_owner,evidence,source:client_t761_eakin_tech_file_sw_weekly_checkin_txt,validation,Client T761 Eakin Tech File SW - Weekly checkin.txt,human_approved,,,,Do we need Andrew to document the change request form?,,"[PREVIOUS]

[CURRENT]
Do we need Andrew to document the change request form?
[NEXT]
",,,,,,,
mmt_0205,"If the software change cannot be seen, would David need to generate retrospective test data?",legacy_reviewed,discussion_topic,not_action,deliverable_object|document_or_record|explicit_commitment_verb|hypothetical_language|named_owner,evidence,source:client_t761_eakin_tech_file_sw_weekly_checkin_txt,validation,Client T761 Eakin Tech File SW - Weekly checkin.txt,human_approved,,,,"If the software change cannot be seen, would David need to generate retrospective test data?",,"[PREVIOUS]

[CURRENT]
If the software change cannot be seen, would David need to generate retrospective test data?
[NEXT]
",,,,,,,
mmt_0206,Should someone in Regulatory confirm that the software change is non-substantial?,legacy_reviewed,discussion_topic,not_action,deliverable_object|document_or_record|explicit_commitment_verb|hypothetical_language|named_owner,evidence,source:client_t761_eakin_tech_file_sw_weekly_checkin_txt,validation,Client T761 Eakin Tech File SW - Weekly checkin.txt,human_approved,,,,Should someone in Regulatory confirm that the software change is non-substantial?,,"[PREVIOUS]

[CURRENT]
Should someone in Regulatory confirm that the software change is non-substantial?
[NEXT]
",,,,,,,
mmt_0207,Could Orla send the HPRA invoice to Jacqui for review?,legacy_reviewed,discussion_topic,not_action,deliverable_object|document_or_record|explicit_commitment_verb|hypothetical_language|named_owner|recipient_or_handover|regulatory_language,evidence,source:client_dita_t819_importer_obligations_client_connect_txt,train,Client DITA T819 - Importer Obligations - Client connect.txt,human_approved,,,,Could Orla send the HPRA invoice to Jacqui for review?,,"[PREVIOUS]

[CURRENT]
Could Orla send the HPRA invoice to Jacqui for review?
[NEXT]
",,,,,,,
mmt_0208,Should Jacqui ask MedEnvoy for the project plan?,legacy_reviewed,discussion_topic,not_action,deliverable_object|document_or_record|explicit_commitment_verb|hypothetical_language|named_owner,evidence,source:t819_dita_eyewear_importer_obligations_trinzo_minutes_client_connect_2026_06_17_txt,train,T819 Dita Eyewear Importer Obligations -Trinzo Minutes Client Connect_2026.06.17.txt,human_approved,,,,Should Jacqui ask MedEnvoy for the project plan?,,"[PREVIOUS]

[CURRENT]
Should Jacqui ask MedEnvoy for the project plan?
[NEXT]
",,,,,,,
mmt_0209,Maybe John-Paul could review the sunglasses DoCs for MDR and PPE compliance?,legacy_reviewed,discussion_topic,not_action,deliverable_object|document_or_record|explicit_commitment_verb|hypothetical_language|named_owner|regulatory_language,evidence,source:t819_dita_eyewear_importer_obligations_trinzo_minutes_client_connect_2026_06_17_txt,train,T819 Dita Eyewear Importer Obligations -Trinzo Minutes Client Connect_2026.06.17.txt,human_approved,,,,Maybe John-Paul could review the sunglasses DoCs for MDR and PPE compliance?,,"[PREVIOUS]

[CURRENT]
Maybe John-Paul could review the sunglasses DoCs for MDR and PPE compliance?
[NEXT]
",,,,,,,
mmt_0210,Would it help if Orla shared the list of DoC languages?,legacy_reviewed,discussion_topic,not_action,deliverable_object|document_or_record|explicit_commitment_verb|hypothetical_language|named_owner|recipient_or_handover,evidence,source:t819_dita_eyewear_importer_obligations_trinzo_minutes_client_connect_2026_06_17_txt,train,T819 Dita Eyewear Importer Obligations -Trinzo Minutes Client Connect_2026.06.17.txt,human_approved,,,,Would it help if Orla shared the list of DoC languages?,,"[PREVIOUS]

[CURRENT]
Would it help if Orla shared the list of DoC languages?
[NEXT]
",,,,,,,
mmt_0211,Should Rebecca complete the subcontractor spreadsheet before the next review?,legacy_reviewed,discussion_topic,not_action,deadline_or_sequence|deliverable_object|document_or_record|explicit_commitment_verb|hypothetical_language|named_owner,evidence,source:t733_eakin_consultancy_retainer_trinzo_minutes_client_checkin_tf24_2026_06_17_txt,test,T733 Eakin Consultancy Retainer -Trinzo Minutes Client -Checkin TF24 _2026.06.17.txt,human_approved,,,,Should Rebecca complete the subcontractor spreadsheet before the next review?,,"[PREVIOUS]

[CURRENT]
Should Rebecca complete the subcontractor spreadsheet before the next review?
[NEXT]
",,,,,,,
mmt_0212,Could the Eakin team re-enable SharePoint alerts somehow?,legacy_reviewed,discussion_topic,not_action,deliverable_object|document_or_record|explicit_commitment_verb|hypothetical_language|named_owner,evidence,source:t733_eakin_consultancy_retainer_trinzo_minutes_client_checkin_tf24_2026_06_17_txt,test,T733 Eakin Consultancy Retainer -Trinzo Minutes Client -Checkin TF24 _2026.06.17.txt,human_approved,,,,Could the Eakin team re-enable SharePoint alerts somehow?,,"[PREVIOUS]

[CURRENT]
Could the Eakin team re-enable SharePoint alerts somehow?
[NEXT]
",,,,,,,
mmt_0213,Should Niamh be given external SharePoint access before the audit?,legacy_reviewed,discussion_topic,not_action,deadline_or_sequence|deliverable_object|document_or_record|explicit_commitment_verb|hypothetical_language|named_owner,evidence,source:client_abbott_t796_audit_kick_off_sylmar_new_txt,test,Client Abbott T796 - Audit kick off Sylmar (NEW).txt,human_approved,,,,Should Niamh be given external SharePoint access before the audit?,,"[PREVIOUS]

[CURRENT]
Should Niamh be given external SharePoint access before the audit?
[NEXT]
",,,,,,,
mmt_0214,Could the site upload the documents if external SharePoint access is not available?,legacy_reviewed,discussion_topic,not_action,deliverable_object|document_or_record|explicit_commitment_verb|hypothetical_language|named_owner|recipient_or_handover,evidence,source:client_abbott_t796_audit_kick_off_sylmar_new_txt,test,Client Abbott T796 - Audit kick off Sylmar (NEW).txt,human_approved,,,,Could the site upload the documents if external SharePoint access is not available?,,"[PREVIOUS]

[CURRENT]
Could the site upload the documents if external SharePoint access is not available?
[NEXT]
",,,,,,,
mmt_0215,Should the training attestation and codes of conduct be signed after the audit planning meeting?,legacy_reviewed,discussion_topic,not_action,deadline_or_sequence|deliverable_object|document_or_record|explicit_commitment_verb|hypothetical_language|process_sequence,evidence,source:client_abbott_t796_audit_kick_off_sylmar_new_txt,test,Client Abbott T796 - Audit kick off Sylmar (NEW).txt,human_approved,,,,Should the training attestation and codes of conduct be signed after the audit planning meeting?,,"[PREVIOUS]

[CURRENT]
Should the training attestation and codes of conduct be signed after the audit planning meeting?
[NEXT]
",,,,,,,
mmt_0216,Jacqui may follow up internally on the MDR requirements for DoC language publication.,legacy_reviewed,document_control_task,possible_action,deliverable_object|document_or_record|explicit_commitment_verb|hypothetical_language|named_owner|regulatory_language,evidence,source:t819_dita_eyewear_importer_obligations_trinzo_minutes_internal_connect_2026_06_17_txt,test,T819 Dita Eyewear Importer Obligations -Trinzo Minutes internal Connect_2026.06.17.txt,human_approved,,,,Jacqui may follow up internally on the MDR requirements for DoC language publication.,,"[PREVIOUS]

[CURRENT]
Jacqui may follow up internally on the MDR requirements for DoC language publication.
[NEXT]
",,,,,,,
mmt_0217,Orla might share the language list once the translation position is clearer.,legacy_reviewed,action_commitment,possible_action,deliverable_object|document_or_record|explicit_commitment_verb|hypothetical_language|named_owner|recipient_or_handover,evidence,source:t819_dita_eyewear_importer_obligations_trinzo_minutes_client_connect_2026_06_17_txt,train,T819 Dita Eyewear Importer Obligations -Trinzo Minutes Client Connect_2026.06.17.txt,human_approved,,,,Orla might share the language list once the translation position is clearer.,,"[PREVIOUS]

[CURRENT]
Orla might share the language list once the translation position is clearer.
[NEXT]
",,,,,,,
mmt_0218,John-Paul could update the sunglasses DoCs if the PPE wording needs revision.,legacy_reviewed,document_control_task,possible_action,deliverable_object|document_or_record|explicit_commitment_verb|hypothetical_language|named_owner|regulatory_language,evidence,source:t819_dita_eyewear_importer_obligations_trinzo_minutes_client_connect_2026_06_17_txt,train,T819 Dita Eyewear Importer Obligations -Trinzo Minutes Client Connect_2026.06.17.txt,human_approved,,,,John-Paul could update the sunglasses DoCs if the PPE wording needs revision.,,"[PREVIOUS]

[CURRENT]
John-Paul could update the sunglasses DoCs if the PPE wording needs revision.
[NEXT]
",,,,,,,
mmt_0219,Andrew may start the electrical compliance testing early next week.,legacy_reviewed,action_commitment,possible_action,deadline_or_sequence|deliverable_object|document_or_record|explicit_commitment_verb|hypothetical_language|named_owner,evidence,source:client_t761_eakin_sw_weekly_checkin_new_txt,validation,Client T761 Eakin SW - weekly checkin (NEW).txt,human_approved,,,,Andrew may start the electrical compliance testing early next week.,,"[PREVIOUS]

[CURRENT]
Andrew may start the electrical compliance testing early next week.
[NEXT]
",,,,,,,
mmt_0220,David might update the final documents after the testing results are available.,legacy_reviewed,action_commitment,possible_action,deadline_or_sequence|deliverable_object|document_or_record|explicit_commitment_verb|hypothetical_language|named_owner,evidence,source:client_t761_eakin_tech_file_sw_weekly_checkin_txt,validation,Client T761 Eakin Tech File SW - Weekly checkin.txt,human_approved,,,,David might update the final documents after the testing results are available.,,"[PREVIOUS]

[CURRENT]
David might update the final documents after the testing results are available.
[NEXT]
",,,,,,,
mmt_0221,Rebecca could review the competitor controls when updating the Risk Management file.,legacy_reviewed,document_control_task,possible_action,deliverable_object|document_or_record|explicit_commitment_verb|hypothetical_language|named_owner|risk_language,evidence,source:t761_eakin_tech_file_sw_trinzo_minutes_sw_weekly_checkin_2026_06_15_txt,validation,T761 Eakin Tech File SW -Trinzo Minutes SW Weekly Checkin_2026.06.15.txt,human_approved,,,,Rebecca could review the competitor controls when updating the Risk Management file.,,"[PREVIOUS]

[CURRENT]
Rebecca could review the competitor controls when updating the Risk Management file.
[NEXT]
",,,,,,,
mmt_0222,The team may need to create working sessions around the document-control flows.,legacy_reviewed,document_control_task,possible_action,deliverable_object|document_or_record|explicit_commitment_verb|named_owner,evidence,source:internal_dita_t819_followup_and_review_from_client_call_txt,test,Internal DITA T819 - followup and review from client call.txt,human_approved,,,,The team may need to create working sessions around the document-control flows.,,"[PREVIOUS]

[CURRENT]
The team may need to create working sessions around the document-control flows.
[NEXT]
",,,,,,,
mmt_0223,MedEnvoy might need to provide additional information about how the product is categorised.,legacy_reviewed,action_commitment,possible_action,deliverable_object|document_or_record|explicit_commitment_verb|hypothetical_language|named_owner,evidence,source:internal_dita_t819_followup_and_review_from_client_call_txt,test,Internal DITA T819 - followup and review from client call.txt,human_approved,,,,MedEnvoy might need to provide additional information about how the product is categorised.,,"[PREVIOUS]

[CURRENT]
MedEnvoy might need to provide additional information about how the product is categorised.
[NEXT]
",,,,,,,
mmt_0224,The site could provide documents for desktop review before the audit.,legacy_reviewed,action_commitment,possible_action,deadline_or_sequence|deliverable_object|document_or_record|explicit_commitment_verb|hypothetical_language|named_owner,evidence,source:client_abbott_t796_audit_kick_off_sylmar_new_txt,test,Client Abbott T796 - Audit kick off Sylmar (NEW).txt,human_approved,,,,The site could provide documents for desktop review before the audit.,,"[PREVIOUS]

[CURRENT]
The site could provide documents for desktop review before the audit.
[NEXT]
",,,,,,,
mmt_0225,Niamh may review the documents remotely if access can be arranged.,legacy_reviewed,action_commitment,possible_action,deliverable_object|document_or_record|explicit_commitment_verb|hypothetical_language|named_owner,evidence,source:client_abbott_t796_audit_kick_off_sylmar_new_txt,test,Client Abbott T796 - Audit kick off Sylmar (NEW).txt,human_approved,,,,Niamh may review the documents remotely if access can be arranged.,,"[PREVIOUS]

[CURRENT]
Niamh may review the documents remotely if access can be arranged.
[NEXT]
",,,,,,,
mmt_0226,The audit plan depends on Niamh completing the risk assessment first.,legacy_reviewed,risk_dependency,not_action,deliverable_object|document_or_record|explicit_commitment_verb|named_owner|risk_language,evidence,source:client_abbott_t796_audit_kick_off_sylmar_new_txt,test,Client Abbott T796 - Audit kick off Sylmar (NEW).txt,human_approved,,,,The audit plan depends on Niamh completing the risk assessment first.,,"[PREVIOUS]

[CURRENT]
The audit plan depends on Niamh completing the risk assessment first.
[NEXT]
",,,,,,,
mmt_0227,Niamh's risk assessment is an input into developing the audit plan.,legacy_reviewed,risk_dependency,not_action,deliverable_object|document_or_record|explicit_commitment_verb|named_owner|risk_language,evidence,source:client_abbott_t796_audit_kick_off_sylmar_new_txt,test,Client Abbott T796 - Audit kick off Sylmar (NEW).txt,human_approved,,,,Niamh's risk assessment is an input into developing the audit plan.,,"[PREVIOUS]

[CURRENT]
Niamh's risk assessment is an input into developing the audit plan.
[NEXT]
",,,,,,,
mmt_0228,The audit plan cannot be finalised until the site has aligned on the risk assessment.,legacy_reviewed,risk_dependency,not_action,deliverable_object|document_or_record|explicit_commitment_verb|named_owner|risk_language,evidence,source:client_abbott_t796_audit_kick_off_sylmar_new_txt,test,Client Abbott T796 - Audit kick off Sylmar (NEW).txt,human_approved,,,,The audit plan cannot be finalised until the site has aligned on the risk assessment.,,"[PREVIOUS]

[CURRENT]
The audit plan cannot be finalised until the site has aligned on the risk assessment.
[NEXT]
",,,,,,,
mmt_0229,Testing results are required before David can update the final technical-file documents.,legacy_reviewed,risk_dependency,not_action,deadline_or_sequence|deliverable_object|document_or_record|explicit_commitment_verb|named_owner,evidence,source:client_t761_eakin_tech_file_sw_weekly_checkin_txt,validation,Client T761 Eakin Tech File SW - Weekly checkin.txt,human_approved,,,,Testing results are required before David can update the final technical-file documents.,,"[PREVIOUS]

[CURRENT]
Testing results are required before David can update the final technical-file documents.
[NEXT]
",,,,,,,
mmt_0230,"If the software changes cannot be evidenced, retrospective test data may be required.",legacy_reviewed,risk_dependency,possible_action,deliverable_object|document_or_record|explicit_commitment_verb|hypothetical_language,evidence,source:client_t761_eakin_tech_file_sw_weekly_checkin_txt,validation,Client T761 Eakin Tech File SW - Weekly checkin.txt,human_approved,,,,"If the software changes cannot be evidenced, retrospective test data may be required.",,"[PREVIOUS]

[CURRENT]
If the software changes cannot be evidenced, retrospective test data may be required.
[NEXT]
",,,,,,,
mmt_0231,The MDR submission timing relies on electrical compliance testing finishing in July.,legacy_reviewed,risk_dependency,not_action,deadline_or_sequence|deliverable_object|document_or_record|explicit_commitment_verb|named_owner|regulatory_language,evidence,source:client_eakin_t733_consultancy_retainer_tech_file_review_weekly_txt,test,Client Eakin T733 Consultancy Retainer -Tech File review weekly.txt,human_approved,,,,The MDR submission timing relies on electrical compliance testing finishing in July.,,"[PREVIOUS]

[CURRENT]
The MDR submission timing relies on electrical compliance testing finishing in July.
[NEXT]
",,,,,,,
mmt_0232,The DoC approach depends on whether competent authorities require additional translations.,legacy_reviewed,risk_dependency,possible_action,deliverable_object|document_or_record|explicit_commitment_verb|hypothetical_language|risk_language,evidence,source:internal_dita_t819_followup_and_review_from_client_call_txt,test,Internal DITA T819 - followup and review from client call.txt,human_approved,,,,The DoC approach depends on whether competent authorities require additional translations.,,"[PREVIOUS]

[CURRENT]
The DoC approach depends on whether competent authorities require additional translations.
[NEXT]
",,,,,,,
mmt_0233,Secure document transfer is needed if external SharePoint access cannot be provided.,legacy_reviewed,risk_dependency,possible_action,deliverable_object|document_or_record|explicit_commitment_verb|hypothetical_language,evidence,source:client_abbott_t796_audit_kick_off_sylmar_new_txt,test,Client Abbott T796 - Audit kick off Sylmar (NEW).txt,human_approved,,,,Secure document transfer is needed if external SharePoint access cannot be provided.,,"[PREVIOUS]

[CURRENT]
Secure document transfer is needed if external SharePoint access cannot be provided.
[NEXT]
",,,,,,,
mmt_0234,The team agreed that Excel was acceptable for sharing the audit file.,legacy_reviewed,decision_agreement,completed_history,completed_tense|decision_language|deliverable_object|document_or_record|explicit_commitment_verb|named_owner|recipient_or_handover,evidence,source:client_t761_eakin_sw_weekly_checkin_new_txt,validation,Client T761 Eakin SW - weekly checkin (NEW).txt,human_approved,,,,The team agreed that Excel was acceptable for sharing the audit file.,,"[PREVIOUS]

[CURRENT]
The team agreed that Excel was acceptable for sharing the audit file.
[NEXT]
",,,,,,,
mmt_0235,It was agreed that the same change request form could document all three software changes.,legacy_reviewed,decision_agreement,completed_history,completed_tense|decision_language|deliverable_object|document_or_record|explicit_commitment_verb|hypothetical_language,evidence,source:t761_eakin_tech_file_sw_trinzo_minutes_sw_weekly_checkin_2026_06_15_txt,validation,T761 Eakin Tech File SW -Trinzo Minutes SW Weekly Checkin_2026.06.15.txt,human_approved,,,,It was agreed that the same change request form could document all three software changes.,,"[PREVIOUS]

[CURRENT]
It was agreed that the same change request form could document all three software changes.
[NEXT]
",,,,,,,
mmt_0236,The team agreed that the audit would not use checklists.,legacy_reviewed,decision_agreement,completed_history,completed_tense|decision_language|deliverable_object|document_or_record|explicit_commitment_verb|named_owner,evidence,source:client_abbott_t796_audit_kick_off_sylmar_new_txt,test,Client Abbott T796 - Audit kick off Sylmar (NEW).txt,human_approved,,,,The team agreed that the audit would not use checklists.,,"[PREVIOUS]

[CURRENT]
The team agreed that the audit would not use checklists.
[NEXT]
",,,,,,,
mmt_0237,The preferred approach was to review documents remotely before the site visit where access allowed.,legacy_reviewed,decision_agreement,not_action,completed_tense|deadline_or_sequence|decision_language|deliverable_object|document_or_record|explicit_commitment_verb|named_owner,evidence,source:client_abbott_t796_audit_kick_off_sylmar_new_txt,test,Client Abbott T796 - Audit kick off Sylmar (NEW).txt,human_approved,,,,The preferred approach was to review documents remotely before the site visit where access allowed.,,"[PREVIOUS]

[CURRENT]
The preferred approach was to review documents remotely before the site visit where access allowed.
[NEXT]
",,,,,,,
mmt_0238,The group agreed that English-only DoCs had been acceptable in previous notified-body audits.,legacy_reviewed,decision_agreement,completed_history,completed_tense|decision_language|deliverable_object|document_or_record|explicit_commitment_verb|named_owner,evidence,source:internal_dita_t819_followup_and_review_from_client_call_txt,test,Internal DITA T819 - followup and review from client call.txt,human_approved,,,,The group agreed that English-only DoCs had been acceptable in previous notified-body audits.,,"[PREVIOUS]

[CURRENT]
The group agreed that English-only DoCs had been acceptable in previous notified-body audits.
[NEXT]
",,,,,,,
mmt_0239,The team agreed that the summary documents should be fed from the finalised source documents.,legacy_reviewed,decision_agreement,not_action,decision_language|deliverable_object|document_or_record|explicit_commitment_verb|hypothetical_language|named_owner,evidence,source:client_eakin_t733_consultancy_retainer_tech_file_review_weekly_txt,test,Client Eakin T733 Consultancy Retainer -Tech File review weekly.txt,human_approved,,,,The team agreed that the summary documents should be fed from the finalised source documents.,,"[PREVIOUS]

[CURRENT]
The team agreed that the summary documents should be fed from the finalised source documents.
[NEXT]
",,,,,,,
mmt_0240,The DoC must include the information required for MDR and PPE compliance.,legacy_reviewed,regulatory_obligation,not_action,deliverable_object|document_or_record|explicit_commitment_verb|regulatory_language,evidence,source:t819_dita_eyewear_importer_obligations_trinzo_minutes_client_connect_2026_06_17_txt,train,T819 Dita Eyewear Importer Obligations -Trinzo Minutes Client Connect_2026.06.17.txt,human_approved,,,,The DoC must include the information required for MDR and PPE compliance.,,"[PREVIOUS]

[CURRENT]
The DoC must include the information required for MDR and PPE compliance.
[NEXT]
",,,,,,,
mmt_0241,An IFU must meet MDR requirements if the document is treated as an IFU.,legacy_reviewed,regulatory_obligation,not_action,deliverable_object|document_or_record|explicit_commitment_verb|hypothetical_language|regulatory_language,evidence,source:client_dita_t819_importer_obligations_client_connect_txt,train,Client DITA T819 - Importer Obligations - Client connect.txt,human_approved,,,,An IFU must meet MDR requirements if the document is treated as an IFU.,,"[PREVIOUS]

[CURRENT]
An IFU must meet MDR requirements if the document is treated as an IFU.
[NEXT]
",,,,,,,
mmt_0242,A justification needs to be present where a Class I device does not have an IFU.,legacy_reviewed,regulatory_obligation,not_action,deliverable_object|document_or_record|explicit_commitment_verb,evidence,source:client_dita_t819_importer_obligations_client_connect_txt,train,Client DITA T819 - Importer Obligations - Client connect.txt,human_approved,,,,A justification needs to be present where a Class I device does not have an IFU.,,"[PREVIOUS]

[CURRENT]
A justification needs to be present where a Class I device does not have an IFU.
[NEXT]
",,,,,,,
mmt_0243,The manufacturer and MedEnvoy need aligned product categorisation for regulatory submissions.,legacy_reviewed,regulatory_obligation,not_action,deliverable_object|document_or_record|explicit_commitment_verb|named_owner,evidence,source:internal_dita_t819_followup_and_review_from_client_call_txt,test,Internal DITA T819 - followup and review from client call.txt,human_approved,,,,The manufacturer and MedEnvoy need aligned product categorisation for regulatory submissions.,,"[PREVIOUS]

[CURRENT]
The manufacturer and MedEnvoy need aligned product categorisation for regulatory submissions.
[NEXT]
",,,,,,,
mmt_0244,The SharePoint contains the existing procedure documentation.,legacy_reviewed,document_control_task,not_action,deliverable_object|document_or_record|explicit_commitment_verb,evidence,source:internal_dita_t819_followup_and_review_from_client_call_txt,test,Internal DITA T819 - followup and review from client call.txt,human_approved,,,,The SharePoint contains the existing procedure documentation.,,"[PREVIOUS]

[CURRENT]
The SharePoint contains the existing procedure documentation.
[NEXT]
",,,,,,,
mmt_0245,The summary document records the current status of documentation progress.,legacy_reviewed,document_control_task,not_action,deliverable_object|document_or_record|explicit_commitment_verb,evidence,source:t733_eakin_consultancy_retainer_trinzo_minutes_client_checkin_tf24_2026_06_17_txt,test,T733 Eakin Consultancy Retainer -Trinzo Minutes Client -Checkin TF24 _2026.06.17.txt,human_approved,,,,The summary document records the current status of documentation progress.,,"[PREVIOUS]

[CURRENT]
The summary document records the current status of documentation progress.
[NEXT]
",,,,,,,
mmt_0246,The risk assessment comes before the audit plan in the audit-planning sequence.,legacy_reviewed,process_overview,not_action,deadline_or_sequence|deliverable_object|document_or_record|explicit_commitment_verb|named_owner|process_sequence|risk_language,evidence,source:client_abbott_t796_audit_kick_off_sylmar_new_txt,test,Client Abbott T796 - Audit kick off Sylmar (NEW).txt,human_approved,,,,The risk assessment comes before the audit plan in the audit-planning sequence.,,"[PREVIOUS]

[CURRENT]
The risk assessment comes before the audit plan in the audit-planning sequence.
[NEXT]
",,,,,,,
mmt_0247,Final document updates follow the completion and review of the electrical test outputs.,legacy_reviewed,process_overview,not_action,deliverable_object|document_or_record|explicit_commitment_verb|named_owner,evidence,source:client_eakin_t733_consultancy_retainer_tech_file_review_weekly_txt,test,Client Eakin T733 Consultancy Retainer -Tech File review weekly.txt,human_approved,,,,Final document updates follow the completion and review of the electrical test outputs.,,"[PREVIOUS]

[CURRENT]
Final document updates follow the completion and review of the electrical test outputs.
[NEXT]
",,,,,,,
mmt_0248,The audit plan follows the risk assessment once the focus areas are understood.,legacy_reviewed,process_overview,not_action,deliverable_object|document_or_record|risk_language,evidence,source:ai_generated_from_2026_08_10_weak_spot_analysis,train,AI generated from 2026-08-10 weak-spot analysis,human_approved,,,,The audit plan follows the risk assessment once the focus areas are understood.,,"[PREVIOUS]

[CURRENT]
The audit plan follows the risk assessment once the focus areas are understood.
[NEXT]
",,,,,,,
mmt_0249,Risk analysis feeds into the audit plan but no separate owner was assigned in this sentence.,legacy_reviewed,process_overview,not_action,completed_tense|deliverable_object|document_or_record|risk_language,evidence,source:ai_generated_from_2026_08_10_weak_spot_analysis,train,AI generated from 2026-08-10 weak-spot analysis,human_approved,,,,Risk analysis feeds into the audit plan but no separate owner was assigned in this sentence.,,"[PREVIOUS]

[CURRENT]
Risk analysis feeds into the audit plan but no separate owner was assigned in this sentence.
[NEXT]
",,,,,,,
mmt_0250,The training attestation must be completed before confidential documents can be shared.,legacy_reviewed,process_overview,not_action,completed_tense|deadline_or_sequence|deliverable_object|document_or_record,evidence,source:ai_generated_from_2026_08_10_weak_spot_analysis,train,AI generated from 2026-08-10 weak-spot analysis,human_approved,,,,The training attestation must be completed before confidential documents can be shared.,,"[PREVIOUS]

[CURRENT]
The training attestation must be completed before confidential documents can be shared.
[NEXT]
",,,,,,,
mmt_0251,The code of conduct is a prerequisite before SharePoint access is granted.,legacy_reviewed,process_overview,not_action,deadline_or_sequence|deliverable_object|document_or_record,evidence,source:ai_generated_from_2026_08_10_weak_spot_analysis,train,AI generated from 2026-08-10 weak-spot analysis,human_approved,,,,The code of conduct is a prerequisite before SharePoint access is granted.,,"[PREVIOUS]

[CURRENT]
The code of conduct is a prerequisite before SharePoint access is granted.
[NEXT]
",,,,,,,
mmt_0252,Document updates follow completion of the electrical test outputs.,legacy_reviewed,process_overview,not_action,deliverable_object|document_or_record,evidence,source:ai_generated_from_2026_08_10_weak_spot_analysis,train,AI generated from 2026-08-10 weak-spot analysis,human_approved,,,,Document updates follow completion of the electrical test outputs.,,"[PREVIOUS]

[CURRENT]
Document updates follow completion of the electrical test outputs.
[NEXT]
",,,,,,,
mmt_0253,The final report comes after the on-site audit week and evidence review.,legacy_reviewed,process_overview,not_action,deadline_or_sequence|deliverable_object|document_or_record,evidence,source:ai_generated_from_2026_08_10_weak_spot_analysis,train,AI generated from 2026-08-10 weak-spot analysis,human_approved,,,,The final report comes after the on-site audit week and evidence review.,,"[PREVIOUS]

[CURRENT]
The final report comes after the on-site audit week and evidence review.
[NEXT]
",,,,,,,
mmt_0254,The QMS procedure is updated after the business process has been mapped.,legacy_reviewed,process_overview,not_action,completed_tense|deadline_or_sequence|deliverable_object|document_or_record|process_sequence,evidence,source:ai_generated_from_2026_08_10_weak_spot_analysis,train,AI generated from 2026-08-10 weak-spot analysis,human_approved,,,,The QMS procedure is updated after the business process has been mapped.,,"[PREVIOUS]

[CURRENT]
The QMS procedure is updated after the business process has been mapped.
[NEXT]
",,,,,,,
mmt_0255,The DoC review depends on knowing whether sunglasses remain in scope.,legacy_reviewed,process_overview,not_action,deliverable_object|document_or_record|risk_language,evidence,source:ai_generated_from_2026_08_10_weak_spot_analysis,train,AI generated from 2026-08-10 weak-spot analysis,human_approved,,,,The DoC review depends on knowing whether sunglasses remain in scope.,,"[PREVIOUS]

[CURRENT]
The DoC review depends on knowing whether sunglasses remain in scope.
[NEXT]
",,,,,,,
mmt_0256,Registration checks happen after the manufacturer confirms the UDI data.,legacy_reviewed,process_overview,not_action,deadline_or_sequence|deliverable_object|document_or_record|regulatory_language,evidence,source:ai_generated_from_2026_08_10_weak_spot_analysis,train,AI generated from 2026-08-10 weak-spot analysis,human_approved,,,,Registration checks happen after the manufacturer confirms the UDI data.,,"[PREVIOUS]

[CURRENT]
Registration checks happen after the manufacturer confirms the UDI data.
[NEXT]
",,,,,,,
mmt_0257,The standards list is derived from the final audit scope.,legacy_reviewed,process_overview,not_action,deliverable_object|document_or_record,evidence,source:ai_generated_from_2026_08_10_weak_spot_analysis,train,AI generated from 2026-08-10 weak-spot analysis,human_approved,,,,The standards list is derived from the final audit scope.,,"[PREVIOUS]

[CURRENT]
The standards list is derived from the final audit scope.
[NEXT]
",,,,,,,
mmt_0258,The benefit-risk assessment is only required if residual risk remains high.,legacy_reviewed,process_overview,not_action,deliverable_object|document_or_record|hypothetical_language|risk_language,evidence,source:ai_generated_from_2026_08_10_weak_spot_analysis,train,AI generated from 2026-08-10 weak-spot analysis,human_approved,,,,The benefit-risk assessment is only required if residual risk remains high.,,"[PREVIOUS]

[CURRENT]
The benefit-risk assessment is only required if residual risk remains high.
[NEXT]
",,,,,,,
mmt_0259,The label artwork changes follow the barcode-format decision.,legacy_reviewed,process_overview,not_action,deliverable_object|document_or_record,evidence,source:ai_generated_from_2026_08_10_weak_spot_analysis,train,AI generated from 2026-08-10 weak-spot analysis,human_approved,,,,The label artwork changes follow the barcode-format decision.,,"[PREVIOUS]

[CURRENT]
The label artwork changes follow the barcode-format decision.
[NEXT]
",,,,,,,
mmt_0260,The testing summary is prepared once the debug output has been reviewed.,legacy_reviewed,process_overview,not_action,completed_tense|deliverable_object|document_or_record,evidence,source:ai_generated_from_2026_08_10_weak_spot_analysis,train,AI generated from 2026-08-10 weak-spot analysis,human_approved,,,,The testing summary is prepared once the debug output has been reviewed.,,"[PREVIOUS]

[CURRENT]
The testing summary is prepared once the debug output has been reviewed.
[NEXT]
",,,,,,,
mmt_0261,The audit tracker is used after findings are entered during execution.,legacy_reviewed,process_overview,not_action,deadline_or_sequence|deliverable_object|document_or_record,evidence,source:ai_generated_from_2026_08_10_weak_spot_analysis,train,AI generated from 2026-08-10 weak-spot analysis,human_approved,,,,The audit tracker is used after findings are entered during execution.,,"[PREVIOUS]

[CURRENT]
The audit tracker is used after findings are entered during execution.
[NEXT]
",,,,,,,
mmt_0262,The risk rationale comes before the declaration of conformity update.,legacy_reviewed,process_overview,not_action,deadline_or_sequence|deliverable_object|document_or_record|risk_language,evidence,source:ai_generated_from_2026_08_10_weak_spot_analysis,train,AI generated from 2026-08-10 weak-spot analysis,human_approved,,,,The risk rationale comes before the declaration of conformity update.,,"[PREVIOUS]

[CURRENT]
The risk rationale comes before the declaration of conformity update.
[NEXT]
",,,,,,,
mmt_0263,The external access request follows completion of confidentiality checks.,legacy_reviewed,process_overview,not_action,deliverable_object|document_or_record,evidence,source:ai_generated_from_2026_08_10_weak_spot_analysis,train,AI generated from 2026-08-10 weak-spot analysis,human_approved,,,,The external access request follows completion of confidentiality checks.,,"[PREVIOUS]

[CURRENT]
The external access request follows completion of confidentiality checks.
[NEXT]
",,,,,,,
mmt_0264,The planning meeting creates the first version of the audit approach.,legacy_reviewed,process_overview,not_action,deliverable_object|document_or_record|process_sequence,evidence,source:ai_generated_from_2026_08_10_weak_spot_analysis,train,AI generated from 2026-08-10 weak-spot analysis,human_approved,,,,The planning meeting creates the first version of the audit approach.,,"[PREVIOUS]

[CURRENT]
The planning meeting creates the first version of the audit approach.
[NEXT]
",,,,,,,
mmt_0265,"The warehouse process moves from receipt to picking, packing and dispatch.",legacy_reviewed,process_overview,not_action,deliverable_object|document_or_record|process_sequence,evidence,source:ai_generated_from_2026_08_10_weak_spot_analysis,train,AI generated from 2026-08-10 weak-spot analysis,human_approved,,,,"The warehouse process moves from receipt to picking, packing and dispatch.",,"[PREVIOUS]

[CURRENT]
The warehouse process moves from receipt to picking, packing and dispatch.
[NEXT]
",,,,,,,
mmt_0266,The process starts with goods receipt and ends with DHL dispatch to the store.,legacy_reviewed,process_overview,not_action,deliverable_object|document_or_record|process_sequence,evidence,source:ai_generated_from_2026_08_10_weak_spot_analysis,train,AI generated from 2026-08-10 weak-spot analysis,human_approved,,,,The process starts with goods receipt and ends with DHL dispatch to the store.,,"[PREVIOUS]

[CURRENT]
The process starts with goods receipt and ends with DHL dispatch to the store.
[NEXT]
",,,,,,,
mmt_0267,"The team first maps the business process, then aligns the QMS wording.",legacy_reviewed,process_overview,not_action,deliverable_object|document_or_record|process_sequence,evidence,source:ai_generated_from_2026_08_10_weak_spot_analysis,train,AI generated from 2026-08-10 weak-spot analysis,human_approved,,,,"The team first maps the business process, then aligns the QMS wording.",,"[PREVIOUS]

[CURRENT]
The team first maps the business process, then aligns the QMS wording.
[NEXT]
",,,,,,,
mmt_0268,The software review starts with visible debug commands and then checks traceability.,legacy_reviewed,process_overview,not_action,deliverable_object|document_or_record,evidence,source:ai_generated_from_2026_08_10_weak_spot_analysis,train,AI generated from 2026-08-10 weak-spot analysis,human_approved,,,,The software review starts with visible debug commands and then checks traceability.,,"[PREVIOUS]

[CURRENT]
The software review starts with visible debug commands and then checks traceability.
[NEXT]
",,,,,,,
mmt_0269,The label check follows the lot-numbering decision and barcode format review.,legacy_reviewed,process_overview,not_action,deliverable_object|document_or_record,evidence,source:ai_generated_from_2026_08_10_weak_spot_analysis,train,AI generated from 2026-08-10 weak-spot analysis,human_approved,,,,The label check follows the lot-numbering decision and barcode format review.,,"[PREVIOUS]

[CURRENT]
The label check follows the lot-numbering decision and barcode format review.
[NEXT]
",,,,,,,
mmt_0270,The audit file is reviewed after the site shares the latest procedure pack.,legacy_reviewed,process_overview,not_action,completed_tense|deadline_or_sequence|deliverable_object|document_or_record,evidence,source:ai_generated_from_2026_08_10_weak_spot_analysis,train,AI generated from 2026-08-10 weak-spot analysis,human_approved,,,,The audit file is reviewed after the site shares the latest procedure pack.,,"[PREVIOUS]

[CURRENT]
The audit file is reviewed after the site shares the latest procedure pack.
[NEXT]
",,,,,,,
mmt_0271,The project plan informs the overlap between MedEnvoy and Dita responsibilities.,legacy_reviewed,process_overview,not_action,deliverable_object|document_or_record,evidence,source:ai_generated_from_2026_08_10_weak_spot_analysis,train,AI generated from 2026-08-10 weak-spot analysis,human_approved,,,,The project plan informs the overlap between MedEnvoy and Dita responsibilities.,,"[PREVIOUS]

[CURRENT]
The project plan informs the overlap between MedEnvoy and Dita responsibilities.
[NEXT]
",,,,,,,
mmt_0272,The audit tracker already includes the findings template.,legacy_reviewed,document_control_task,not_action,completed_tense|deliverable_object|document_or_record,evidence,source:ai_generated_from_2026_08_10_weak_spot_analysis,train,AI generated from 2026-08-10 weak-spot analysis,human_approved,,,,The audit tracker already includes the findings template.,,"[PREVIOUS]

[CURRENT]
The audit tracker already includes the findings template.
[NEXT]
",,,,,,,
mmt_0273,The QMS manual currently includes the process overview diagram.,legacy_reviewed,document_control_task,not_action,deliverable_object|document_or_record|process_sequence,evidence,source:ai_generated_from_2026_08_10_weak_spot_analysis,train,AI generated from 2026-08-10 weak-spot analysis,human_approved,,,,The QMS manual currently includes the process overview diagram.,,"[PREVIOUS]

[CURRENT]
The QMS manual currently includes the process overview diagram.
[NEXT]
",,,,,,,
mmt_0274,The standards list sits in the shared audit folder.,legacy_reviewed,document_control_task,not_action,deliverable_object|document_or_record,evidence,source:ai_generated_from_2026_08_10_weak_spot_analysis,train,AI generated from 2026-08-10 weak-spot analysis,human_approved,,,,The standards list sits in the shared audit folder.,,"[PREVIOUS]

[CURRENT]
The standards list sits in the shared audit folder.
[NEXT]
",,,,,,,
mmt_0275,The risk management file already contains the hardware-risk section.,legacy_reviewed,document_control_task,not_action,completed_tense|deliverable_object|document_or_record|risk_language,evidence,source:ai_generated_from_2026_08_10_weak_spot_analysis,train,AI generated from 2026-08-10 weak-spot analysis,human_approved,,,,The risk management file already contains the hardware-risk section.,,"[PREVIOUS]

[CURRENT]
The risk management file already contains the hardware-risk section.
[NEXT]
",,,,,,,
mmt_0276,The label artwork is stored in the US design folder.,legacy_reviewed,document_control_task,not_action,deliverable_object|document_or_record,evidence,source:ai_generated_from_2026_08_10_weak_spot_analysis,train,AI generated from 2026-08-10 weak-spot analysis,human_approved,,,,The label artwork is stored in the US design folder.,,"[PREVIOUS]

[CURRENT]
The label artwork is stored in the US design folder.
[NEXT]
",,,,,,,
mmt_0277,The HPRA confirmation email is in Orla’s inbox.,legacy_reviewed,document_control_task,not_action,deliverable_object|document_or_record|regulatory_language,evidence,source:ai_generated_from_2026_08_10_weak_spot_analysis,train,AI generated from 2026-08-10 weak-spot analysis,human_approved,,,,The HPRA confirmation email is in Orla’s inbox.,,"[PREVIOUS]

[CURRENT]
The HPRA confirmation email is in Orla’s inbox.
[NEXT]
",,,,,,,
mmt_0278,The MedEnvoy task list is attached to Cody’s email.,legacy_reviewed,document_control_task,not_action,deliverable_object|document_or_record|recipient_or_handover,evidence,source:ai_generated_from_2026_08_10_weak_spot_analysis,train,AI generated from 2026-08-10 weak-spot analysis,human_approved,,,,The MedEnvoy task list is attached to Cody’s email.,,"[PREVIOUS]

[CURRENT]
The MedEnvoy task list is attached to Cody’s email.
[NEXT]
",,,,,,,
mmt_0279,The declarations of conformity are available in the regulatory folder.,legacy_reviewed,document_control_task,not_action,deliverable_object|document_or_record,evidence,source:ai_generated_from_2026_08_10_weak_spot_analysis,train,AI generated from 2026-08-10 weak-spot analysis,human_approved,,,,The declarations of conformity are available in the regulatory folder.,,"[PREVIOUS]

[CURRENT]
The declarations of conformity are available in the regulatory folder.
[NEXT]
",,,,,,,
mmt_0280,The code of conduct form is part of the onboarding pack.,legacy_reviewed,document_control_task,not_action,deliverable_object|document_or_record,evidence,source:ai_generated_from_2026_08_10_weak_spot_analysis,train,AI generated from 2026-08-10 weak-spot analysis,human_approved,,,,The code of conduct form is part of the onboarding pack.,,"[PREVIOUS]

[CURRENT]
The code of conduct form is part of the onboarding pack.
[NEXT]
",,,,,,,
mmt_0281,The training attestation is already on the audit checklist.,legacy_reviewed,document_control_task,not_action,completed_tense|deliverable_object|document_or_record,evidence,source:ai_generated_from_2026_08_10_weak_spot_analysis,train,AI generated from 2026-08-10 weak-spot analysis,human_approved,,,,The training attestation is already on the audit checklist.,,"[PREVIOUS]

[CURRENT]
The training attestation is already on the audit checklist.
[NEXT]
",,,,,,,
mmt_0282,The software debug screenshots are in David’s evidence folder.,legacy_reviewed,document_control_task,not_action,deliverable_object|document_or_record,evidence,source:ai_generated_from_2026_08_10_weak_spot_analysis,train,AI generated from 2026-08-10 weak-spot analysis,human_approved,,,,The software debug screenshots are in David’s evidence folder.,,"[PREVIOUS]

[CURRENT]
The software debug screenshots are in David’s evidence folder.
[NEXT]
",,,,,,,
mmt_0283,The test data is present in the validation pack.,legacy_reviewed,document_control_task,not_action,deliverable_object|document_or_record,evidence,source:ai_generated_from_2026_08_10_weak_spot_analysis,train,AI generated from 2026-08-10 weak-spot analysis,human_approved,,,,The test data is present in the validation pack.,,"[PREVIOUS]

[CURRENT]
The test data is present in the validation pack.
[NEXT]
",,,,,,,
mmt_0284,The audit plan draft is saved on SharePoint.,legacy_reviewed,document_control_task,not_action,deliverable_object|document_or_record,evidence,source:ai_generated_from_2026_08_10_weak_spot_analysis,train,AI generated from 2026-08-10 weak-spot analysis,human_approved,,,,The audit plan draft is saved on SharePoint.,,"[PREVIOUS]

[CURRENT]
The audit plan draft is saved on SharePoint.
[NEXT]
",,,,,,,
mmt_0285,The site-access details are listed in the travel note.,legacy_reviewed,document_control_task,not_action,deliverable_object|document_or_record,evidence,source:ai_generated_from_2026_08_10_weak_spot_analysis,train,AI generated from 2026-08-10 weak-spot analysis,human_approved,,,,The site-access details are listed in the travel note.,,"[PREVIOUS]

[CURRENT]
The site-access details are listed in the travel note.
[NEXT]
",,,,,,,
mmt_0286,The risk assessment template is available in the corporate audit pack.,legacy_reviewed,document_control_task,not_action,deliverable_object|document_or_record|risk_language,evidence,source:ai_generated_from_2026_08_10_weak_spot_analysis,train,AI generated from 2026-08-10 weak-spot analysis,human_approved,,,,The risk assessment template is available in the corporate audit pack.,,"[PREVIOUS]

[CURRENT]
The risk assessment template is available in the corporate audit pack.
[NEXT]
",,,,,,,
mmt_0287,The supplier label examples are already in the packaging folder.,legacy_reviewed,document_control_task,not_action,completed_tense|deliverable_object|document_or_record,evidence,source:ai_generated_from_2026_08_10_weak_spot_analysis,train,AI generated from 2026-08-10 weak-spot analysis,human_approved,,,,The supplier label examples are already in the packaging folder.,,"[PREVIOUS]

[CURRENT]
The supplier label examples are already in the packaging folder.
[NEXT]
",,,,,,,
mmt_0288,The DoC language list is included in the regulatory email thread.,legacy_reviewed,document_control_task,not_action,deliverable_object|document_or_record,evidence,source:ai_generated_from_2026_08_10_weak_spot_analysis,train,AI generated from 2026-08-10 weak-spot analysis,human_approved,,,,The DoC language list is included in the regulatory email thread.,,"[PREVIOUS]

[CURRENT]
The DoC language list is included in the regulatory email thread.
[NEXT]
",,,,,,,
mmt_0289,The final report template is stored in the client folder.,legacy_reviewed,document_control_task,not_action,deliverable_object|document_or_record,evidence,source:ai_generated_from_2026_08_10_weak_spot_analysis,train,AI generated from 2026-08-10 weak-spot analysis,human_approved,,,,The final report template is stored in the client folder.,,"[PREVIOUS]

[CURRENT]
The final report template is stored in the client folder.
[NEXT]
",,,,,,,
mmt_0290,The standards cross-reference is contained in the technical file.,legacy_reviewed,document_control_task,not_action,deliverable_object|document_or_record,evidence,source:ai_generated_from_2026_08_10_weak_spot_analysis,train,AI generated from 2026-08-10 weak-spot analysis,human_approved,,,,The standards cross-reference is contained in the technical file.,,"[PREVIOUS]

[CURRENT]
The standards cross-reference is contained in the technical file.
[NEXT]
",,,,,,,
mmt_0291,I’ll just share my screen here if that is okay.,legacy_reviewed,low_value_noise,not_action,deliverable_object|document_or_record|hypothetical_language,evidence,source:ai_generated_from_2026_08_10_weak_spot_analysis,train,AI generated from 2026-08-10 weak-spot analysis,human_approved,,,,I’ll just share my screen here if that is okay.,,"[PREVIOUS]

[CURRENT]
I’ll just share my screen here if that is okay.
[NEXT]
",,,,,,,
mmt_0292,Can everyone see the document on my screen?,legacy_reviewed,low_value_noise,not_action,deliverable_object|document_or_record,evidence,source:ai_generated_from_2026_08_10_weak_spot_analysis,train,AI generated from 2026-08-10 weak-spot analysis,human_approved,,,,Can everyone see the document on my screen?,,"[PREVIOUS]

[CURRENT]
Can everyone see the document on my screen?
[NEXT]
",,,,,,,
mmt_0293,"I think Teams is lagging, give me one second.",legacy_reviewed,low_value_noise,not_action,deliverable_object|document_or_record,evidence,source:ai_generated_from_2026_08_10_weak_spot_analysis,train,AI generated from 2026-08-10 weak-spot analysis,human_approved,,,,"I think Teams is lagging, give me one second.",,"[PREVIOUS]

[CURRENT]
I think Teams is lagging, give me one second.
[NEXT]
",,,,,,,
mmt_0294,"You are still on mute, Andrew.",legacy_reviewed,low_value_noise,not_action,deliverable_object|document_or_record,evidence,source:ai_generated_from_2026_08_10_weak_spot_analysis,train,AI generated from 2026-08-10 weak-spot analysis,human_approved,,,,"You are still on mute, Andrew.",,"[PREVIOUS]

[CURRENT]
You are still on mute, Andrew.
[NEXT]
",,,,,,,
mmt_0295,I need to book a holiday after this call.,legacy_reviewed,low_value_noise,not_action,deadline_or_sequence|deliverable_object|document_or_record,evidence,source:ai_generated_from_2026_08_10_weak_spot_analysis,train,AI generated from 2026-08-10 weak-spot analysis,human_approved,,,,I need to book a holiday after this call.,,"[PREVIOUS]

[CURRENT]
I need to book a holiday after this call.
[NEXT]
",,,,,,,
mmt_0296,"The traffic is horrific there, so we will travel together.",legacy_reviewed,low_value_noise,not_action,deliverable_object|document_or_record,evidence,source:ai_generated_from_2026_08_10_weak_spot_analysis,train,AI generated from 2026-08-10 weak-spot analysis,human_approved,,,,"The traffic is horrific there, so we will travel together.",,"[PREVIOUS]

[CURRENT]
The traffic is horrific there, so we will travel together.
[NEXT]
",,,,,,,
mmt_0297,I might lose connection when I switch rooms.,legacy_reviewed,low_value_noise,not_action,deliverable_object|document_or_record|hypothetical_language,evidence,source:ai_generated_from_2026_08_10_weak_spot_analysis,train,AI generated from 2026-08-10 weak-spot analysis,human_approved,,,,I might lose connection when I switch rooms.,,"[PREVIOUS]

[CURRENT]
I might lose connection when I switch rooms.
[NEXT]
",,,,,,,
mmt_0298,Let me know if the screen share drops.,legacy_reviewed,low_value_noise,not_action,deliverable_object|document_or_record|hypothetical_language,evidence,source:ai_generated_from_2026_08_10_weak_spot_analysis,train,AI generated from 2026-08-10 weak-spot analysis,human_approved,,,,Let me know if the screen share drops.,,"[PREVIOUS]

[CURRENT]
Let me know if the screen share drops.
[NEXT]
",,,,,,,
mmt_0299,I am just opening the file now.,legacy_reviewed,low_value_noise,not_action,deliverable_object|document_or_record,evidence,source:ai_generated_from_2026_08_10_weak_spot_analysis,train,AI generated from 2026-08-10 weak-spot analysis,human_approved,,,,I am just opening the file now.,,"[PREVIOUS]

[CURRENT]
I am just opening the file now.
[NEXT]
",,,,,,,
mmt_0300,"Sorry, I was talking over you there.",legacy_reviewed,low_value_noise,not_action,completed_tense|deliverable_object|document_or_record,evidence,source:ai_generated_from_2026_08_10_weak_spot_analysis,train,AI generated from 2026-08-10 weak-spot analysis,human_approved,,,,"Sorry, I was talking over you there.",,"[PREVIOUS]

[CURRENT]
Sorry, I was talking over you there.
[NEXT]
",,,,,,,
mmt_0301,We can hear you now.,legacy_reviewed,low_value_noise,not_action,deliverable_object|document_or_record,evidence,source:ai_generated_from_2026_08_10_weak_spot_analysis,train,AI generated from 2026-08-10 weak-spot analysis,human_approved,,,,We can hear you now.,,"[PREVIOUS]

[CURRENT]
We can hear you now.
[NEXT]
",,,,,,,
mmt_0302,I will drop off in five minutes for another meeting.,legacy_reviewed,low_value_noise,not_action,deliverable_object|document_or_record,evidence,source:ai_generated_from_2026_08_10_weak_spot_analysis,train,AI generated from 2026-08-10 weak-spot analysis,human_approved,,,,I will drop off in five minutes for another meeting.,,"[PREVIOUS]

[CURRENT]
I will drop off in five minutes for another meeting.
[NEXT]
",,,,,,,
mmt_0303,"I am not a football person, so I am not bothered.",legacy_reviewed,low_value_noise,not_action,deliverable_object|document_or_record,evidence,source:ai_generated_from_2026_08_10_weak_spot_analysis,train,AI generated from 2026-08-10 weak-spot analysis,human_approved,,,,"I am not a football person, so I am not bothered.",,"[PREVIOUS]

[CURRENT]
I am not a football person, so I am not bothered.
[NEXT]
",,,,,,,
mmt_0304,I will send them over in an email if chat will not let me drop them in.,legacy_reviewed,low_value_noise,not_action,deliverable_object|document_or_record|hypothetical_language,evidence,source:ai_generated_from_2026_08_10_weak_spot_analysis,train,AI generated from 2026-08-10 weak-spot analysis,human_approved,,,,I will send them over in an email if chat will not let me drop them in.,,"[PREVIOUS]

[CURRENT]
I will send them over in an email if chat will not let me drop them in.
[NEXT]
",,,,,,,
mmt_0305,I just need to find the right window to share.,legacy_reviewed,low_value_noise,not_action,deliverable_object|document_or_record,evidence,source:ai_generated_from_2026_08_10_weak_spot_analysis,train,AI generated from 2026-08-10 weak-spot analysis,human_approved,,,,I just need to find the right window to share.,,"[PREVIOUS]

[CURRENT]
I just need to find the right window to share.
[NEXT]
",,,,,,,
mmt_0306,"The recording has started, so we are good to continue.",legacy_reviewed,low_value_noise,not_action,deliverable_object|document_or_record,evidence,source:ai_generated_from_2026_08_10_weak_spot_analysis,train,AI generated from 2026-08-10 weak-spot analysis,human_approved,,,,"The recording has started, so we are good to continue.",,"[PREVIOUS]

[CURRENT]
The recording has started, so we are good to continue.
[NEXT]
",,,,,,,
mmt_0307,I am going to grab the charger before the laptop dies.,legacy_reviewed,low_value_noise,not_action,deadline_or_sequence|deliverable_object|document_or_record,evidence,source:ai_generated_from_2026_08_10_weak_spot_analysis,train,AI generated from 2026-08-10 weak-spot analysis,human_approved,,,,I am going to grab the charger before the laptop dies.,,"[PREVIOUS]

[CURRENT]
I am going to grab the charger before the laptop dies.
[NEXT]
",,,,,,,
mmt_0308,Can you make the screen a bit bigger?,legacy_reviewed,low_value_noise,not_action,deliverable_object|document_or_record,evidence,source:ai_generated_from_2026_08_10_weak_spot_analysis,train,AI generated from 2026-08-10 weak-spot analysis,human_approved,,,,Can you make the screen a bit bigger?,,"[PREVIOUS]

[CURRENT]
Can you make the screen a bit bigger?
[NEXT]
",,,,,,,
mmt_0309,I have lost the cursor on the shared screen.,legacy_reviewed,low_value_noise,not_action,deliverable_object|document_or_record,evidence,source:ai_generated_from_2026_08_10_weak_spot_analysis,train,AI generated from 2026-08-10 weak-spot analysis,human_approved,,,,I have lost the cursor on the shared screen.,,"[PREVIOUS]

[CURRENT]
I have lost the cursor on the shared screen.
[NEXT]
",,,,,,,
mmt_0310,Complete risk assessment to develop audit plan,legacy_reviewed,document_control_task,confirmed_action,deliverable_object|document_or_record|explicit_commitment_verb|named_owner|risk_language,evidence,source:ai_generated_from_2026_08_10_weak_spot_analysis,train,AI generated from 2026-08-10 weak-spot analysis,human_approved,,,,Complete risk assessment to develop audit plan,,"[PREVIOUS]

[CURRENT]
Complete risk assessment to develop audit plan
[NEXT]
",,,,,,,
mmt_0311,Share risk analysis with Niamh before arrival,legacy_reviewed,action_commitment,confirmed_action,deadline_or_sequence|deliverable_object|document_or_record|explicit_commitment_verb|named_owner|recipient_or_handover|risk_language,evidence,source:ai_generated_from_2026_08_10_weak_spot_analysis,train,AI generated from 2026-08-10 weak-spot analysis,human_approved,,,,Share risk analysis with Niamh before arrival,,"[PREVIOUS]

[CURRENT]
Share risk analysis with Niamh before arrival
[NEXT]
",,,,,,,
mmt_0312,Send code of conduct to Niamh today,legacy_reviewed,document_control_task,confirmed_action,deadline_or_sequence|deliverable_object|document_or_record|explicit_commitment_verb|named_owner|recipient_or_handover,evidence,source:ai_generated_from_2026_08_10_weak_spot_analysis,train,AI generated from 2026-08-10 weak-spot analysis,human_approved,,,,Send code of conduct to Niamh today,,"[PREVIOUS]

[CURRENT]
Send code of conduct to Niamh today
[NEXT]
",,,,,,,
mmt_0313,Sign training attestation before audit start,legacy_reviewed,document_control_task,confirmed_action,deadline_or_sequence|deliverable_object|document_or_record|explicit_commitment_verb|named_owner,evidence,source:ai_generated_from_2026_08_10_weak_spot_analysis,train,AI generated from 2026-08-10 weak-spot analysis,human_approved,,,,Sign training attestation before audit start,,"[PREVIOUS]

[CURRENT]
Sign training attestation before audit start
[NEXT]
",,,,,,,
mmt_0314,Review DoCs for sunglasses against MDR and PPE,legacy_reviewed,regulatory_obligation,confirmed_action,deliverable_object|document_or_record|explicit_commitment_verb|named_owner|regulatory_language,evidence,source:ai_generated_from_2026_08_10_weak_spot_analysis,train,AI generated from 2026-08-10 weak-spot analysis,human_approved,,,,Review DoCs for sunglasses against MDR and PPE,,"[PREVIOUS]

[CURRENT]
Review DoCs for sunglasses against MDR and PPE
[NEXT]
",,,,,,,
mmt_0315,Share list of DoC languages by 24 March,legacy_reviewed,document_control_task,confirmed_action,deadline_or_sequence|deliverable_object|document_or_record|explicit_commitment_verb|named_owner|recipient_or_handover,evidence,source:ai_generated_from_2026_08_10_weak_spot_analysis,train,AI generated from 2026-08-10 weak-spot analysis,human_approved,,,,Share list of DoC languages by 24 March,,"[PREVIOUS]

[CURRENT]
Share list of DoC languages by 24 March
[NEXT]
",,,,,,,
mmt_0316,Follow up with Cody for MedEnvoy project plan,legacy_reviewed,document_control_task,confirmed_action,deliverable_object|document_or_record|explicit_commitment_verb|named_owner|recipient_or_handover,evidence,source:ai_generated_from_2026_08_10_weak_spot_analysis,train,AI generated from 2026-08-10 weak-spot analysis,human_approved,,,,Follow up with Cody for MedEnvoy project plan,,"[PREVIOUS]

[CURRENT]
Follow up with Cody for MedEnvoy project plan
[NEXT]
",,,,,,,
mmt_0317,Review QMS manual at high level,legacy_reviewed,document_control_task,confirmed_action,deliverable_object|document_or_record|explicit_commitment_verb|named_owner,evidence,source:ai_generated_from_2026_08_10_weak_spot_analysis,train,AI generated from 2026-08-10 weak-spot analysis,human_approved,,,,Review QMS manual at high level,,"[PREVIOUS]

[CURRENT]
Review QMS manual at high level
[NEXT]
",,,,,,,
mmt_0318,Send HPRA invoice confirmation to Jacqui,legacy_reviewed,regulatory_obligation,confirmed_action,deliverable_object|document_or_record|explicit_commitment_verb|named_owner|recipient_or_handover|regulatory_language,evidence,source:ai_generated_from_2026_08_10_weak_spot_analysis,train,AI generated from 2026-08-10 weak-spot analysis,human_approved,,,,Send HPRA invoice confirmation to Jacqui,,"[PREVIOUS]

[CURRENT]
Send HPRA invoice confirmation to Jacqui
[NEXT]
",,,,,,,
mmt_0319,Review label artwork before final release,legacy_reviewed,document_control_task,confirmed_action,deadline_or_sequence|deliverable_object|document_or_record|explicit_commitment_verb|named_owner,evidence,source:ai_generated_from_2026_08_10_weak_spot_analysis,train,AI generated from 2026-08-10 weak-spot analysis,human_approved,,,,Review label artwork before final release,,"[PREVIOUS]

[CURRENT]
Review label artwork before final release
[NEXT]
",,,,,,,
mmt_0320,Update risk rationale in declarations of conformity,legacy_reviewed,action_commitment,confirmed_action,deliverable_object|document_or_record|explicit_commitment_verb|named_owner|risk_language,evidence,source:ai_generated_from_2026_08_10_weak_spot_analysis,train,AI generated from 2026-08-10 weak-spot analysis,human_approved,,,,Update risk rationale in declarations of conformity,,"[PREVIOUS]

[CURRENT]
Update risk rationale in declarations of conformity
[NEXT]
",,,,,,,
mmt_0321,Review mute button flash sequence against existing setup,legacy_reviewed,action_commitment,confirmed_action,deliverable_object|document_or_record|explicit_commitment_verb|named_owner|process_sequence,evidence,source:ai_generated_from_2026_08_10_weak_spot_analysis,train,AI generated from 2026-08-10 weak-spot analysis,human_approved,,,,Review mute button flash sequence against existing setup,,"[PREVIOUS]

[CURRENT]
Review mute button flash sequence against existing setup
[NEXT]
",,,,,,,
mmt_0322,Generate retrospective test data for graphics-driver change,legacy_reviewed,action_commitment,confirmed_action,deliverable_object|document_or_record|explicit_commitment_verb|named_owner,evidence,source:ai_generated_from_2026_08_10_weak_spot_analysis,train,AI generated from 2026-08-10 weak-spot analysis,human_approved,,,,Generate retrospective test data for graphics-driver change,,"[PREVIOUS]

[CURRENT]
Generate retrospective test data for graphics-driver change
[NEXT]
",,,,,,,
mmt_0323,Trace debug command output to final software documents,legacy_reviewed,action_commitment,confirmed_action,deliverable_object|document_or_record|explicit_commitment_verb|named_owner,evidence,source:ai_generated_from_2026_08_10_weak_spot_analysis,train,AI generated from 2026-08-10 weak-spot analysis,human_approved,,,,Trace debug command output to final software documents,,"[PREVIOUS]

[CURRENT]
Trace debug command output to final software documents
[NEXT]
",,,,,,,
mmt_0324,Review applicable standards list and send comments,legacy_reviewed,document_control_task,confirmed_action,deliverable_object|document_or_record|explicit_commitment_verb|named_owner,evidence,source:ai_generated_from_2026_08_10_weak_spot_analysis,train,AI generated from 2026-08-10 weak-spot analysis,human_approved,,,,Review applicable standards list and send comments,,"[PREVIOUS]

[CURRENT]
Review applicable standards list and send comments
[NEXT]
",,,,,,,
mmt_0325,Update risk management file with hardware and software risks,legacy_reviewed,document_control_task,confirmed_action,deliverable_object|document_or_record|explicit_commitment_verb|named_owner|risk_language,evidence,source:ai_generated_from_2026_08_10_weak_spot_analysis,train,AI generated from 2026-08-10 weak-spot analysis,human_approved,,,,Update risk management file with hardware and software risks,,"[PREVIOUS]

[CURRENT]
Update risk management file with hardware and software risks
[NEXT]
",,,,,,,
mmt_0326,Complete subcontractor spreadsheet justifications,legacy_reviewed,document_control_task,confirmed_action,deliverable_object|document_or_record|explicit_commitment_verb|named_owner,evidence,source:ai_generated_from_2026_08_10_weak_spot_analysis,train,AI generated from 2026-08-10 weak-spot analysis,human_approved,,,,Complete subcontractor spreadsheet justifications,,"[PREVIOUS]

[CURRENT]
Complete subcontractor spreadsheet justifications
[NEXT]
",,,,,,,
mmt_0327,Confirm whether overpressure valves affect neonatal configuration,legacy_reviewed,action_commitment,confirmed_action,deliverable_object|document_or_record|explicit_commitment_verb|named_owner,evidence,source:ai_generated_from_2026_08_10_weak_spot_analysis,train,AI generated from 2026-08-10 weak-spot analysis,human_approved,,,,Confirm whether overpressure valves affect neonatal configuration,,"[PREVIOUS]

[CURRENT]
Confirm whether overpressure valves affect neonatal configuration
[NEXT]
",,,,,,,
mmt_0328,Prepare audit-plan first version for Wednesday review,legacy_reviewed,document_control_task,confirmed_action,deadline_or_sequence|deliverable_object|document_or_record|explicit_commitment_verb|named_owner,evidence,source:ai_generated_from_2026_08_10_weak_spot_analysis,train,AI generated from 2026-08-10 weak-spot analysis,human_approved,,,,Prepare audit-plan first version for Wednesday review,,"[PREVIOUS]

[CURRENT]
Prepare audit-plan first version for Wednesday review
[NEXT]
",,,,,,,
mmt_0329,Provide external SharePoint access before confidential file review,legacy_reviewed,document_control_task,confirmed_action,deadline_or_sequence|deliverable_object|document_or_record|explicit_commitment_verb|named_owner,evidence,source:ai_generated_from_2026_08_10_weak_spot_analysis,train,AI generated from 2026-08-10 weak-spot analysis,human_approved,,,,Provide external SharePoint access before confidential file review,,"[PREVIOUS]

[CURRENT]
Provide external SharePoint access before confidential file review
[NEXT]
",,,,,,,
mmt_0330,Meet Niamh before first audit week to review information,legacy_reviewed,action_commitment,confirmed_action,deadline_or_sequence|deliverable_object|document_or_record|explicit_commitment_verb|named_owner,evidence,source:ai_generated_from_2026_08_10_weak_spot_analysis,train,AI generated from 2026-08-10 weak-spot analysis,human_approved,,,,Meet Niamh before first audit week to review information,,"[PREVIOUS]

[CURRENT]
Meet Niamh before first audit week to review information
[NEXT]
",,,,,,,
mmt_0331,Review audit timeline before the planning meeting,legacy_reviewed,action_commitment,confirmed_action,deadline_or_sequence|deliverable_object|document_or_record|explicit_commitment_verb|named_owner|process_sequence,evidence,source:ai_generated_from_2026_08_10_weak_spot_analysis,train,AI generated from 2026-08-10 weak-spot analysis,human_approved,,,,Review audit timeline before the planning meeting,,"[PREVIOUS]

[CURRENT]
Review audit timeline before the planning meeting
[NEXT]
",,,,,,,
mmt_0332,Share latest procedure pack with the audit team,legacy_reviewed,action_commitment,confirmed_action,deliverable_object|document_or_record|explicit_commitment_verb|named_owner|recipient_or_handover,evidence,source:ai_generated_from_2026_08_10_weak_spot_analysis,train,AI generated from 2026-08-10 weak-spot analysis,human_approved,,,,Share latest procedure pack with the audit team,,"[PREVIOUS]

[CURRENT]
Share latest procedure pack with the audit team
[NEXT]
",,,,,,,
mmt_0333,Stuart will complete the risk assessment so the audit plan can be developed for Wednesday.,legacy_reviewed,document_control_task,confirmed_action,deadline_or_sequence|deliverable_object|document_or_record|explicit_commitment_verb|named_owner|risk_language,evidence,source:ai_generated_from_2026_08_10_weak_spot_analysis,train,AI generated from 2026-08-10 weak-spot analysis,human_approved,,,,Stuart will complete the risk assessment so the audit plan can be developed for Wednesday.,,"[PREVIOUS]

[CURRENT]
Stuart will complete the risk assessment so the audit plan can be developed for Wednesday.
[NEXT]
",,,,,,,
mmt_0334,Stuart will prepare the first version of the audit plan for Wednesday.,legacy_reviewed,document_control_task,confirmed_action,deadline_or_sequence|deliverable_object|document_or_record|explicit_commitment_verb|named_owner,evidence,source:ai_generated_from_2026_08_10_weak_spot_analysis,train,AI generated from 2026-08-10 weak-spot analysis,human_approved,,,,Stuart will prepare the first version of the audit plan for Wednesday.,,"[PREVIOUS]

[CURRENT]
Stuart will prepare the first version of the audit plan for Wednesday.
[NEXT]
",,,,,,,
mmt_0335,Jacqui will check whether the training attestation timeline needs to move earlier than the 17th.,legacy_reviewed,document_control_task,confirmed_action,deadline_or_sequence|deliverable_object|document_or_record|explicit_commitment_verb|named_owner,evidence,source:ai_generated_from_2026_08_10_weak_spot_analysis,train,AI generated from 2026-08-10 weak-spot analysis,human_approved,,,,Jacqui will check whether the training attestation timeline needs to move earlier than the 17th.,,"[PREVIOUS]

[CURRENT]
Jacqui will check whether the training attestation timeline needs to move earlier than the 17th.
[NEXT]
",,,,,,,
mmt_0336,Niamh will sign the code of conduct before Stuart shares confidential documents.,legacy_reviewed,document_control_task,confirmed_action,deadline_or_sequence|deliverable_object|document_or_record|explicit_commitment_verb|named_owner,evidence,source:ai_generated_from_2026_08_10_weak_spot_analysis,train,AI generated from 2026-08-10 weak-spot analysis,human_approved,,,,Niamh will sign the code of conduct before Stuart shares confidential documents.,,"[PREVIOUS]

[CURRENT]
Niamh will sign the code of conduct before Stuart shares confidential documents.
[NEXT]
",,,,,,,
mmt_0337,Stuart will arrange external SharePoint access for Niamh if the documents cannot be shared directly.,legacy_reviewed,document_control_task,confirmed_action,deliverable_object|document_or_record|explicit_commitment_verb|hypothetical_language|named_owner,evidence,source:ai_generated_from_2026_08_10_weak_spot_analysis,train,AI generated from 2026-08-10 weak-spot analysis,human_approved,,,,Stuart will arrange external SharePoint access for Niamh if the documents cannot be shared directly.,,"[PREVIOUS]

[CURRENT]
Stuart will arrange external SharePoint access for Niamh if the documents cannot be shared directly.
[NEXT]
",,,,,,,
mmt_0338,Jacqui will send the code of conduct to Niamh today.,legacy_reviewed,document_control_task,confirmed_action,deadline_or_sequence|deliverable_object|document_or_record|explicit_commitment_verb|named_owner|recipient_or_handover,evidence,source:ai_generated_from_2026_08_10_weak_spot_analysis,train,AI generated from 2026-08-10 weak-spot analysis,human_approved,,,,Jacqui will send the code of conduct to Niamh today.,,"[PREVIOUS]

[CURRENT]
Jacqui will send the code of conduct to Niamh today.
[NEXT]
",,,,,,,
mmt_0339,Niamh will front-load the desktop review before the second audit week.,legacy_reviewed,action_commitment,confirmed_action,deadline_or_sequence|deliverable_object|document_or_record|explicit_commitment_verb|named_owner,evidence,source:ai_generated_from_2026_08_10_weak_spot_analysis,train,AI generated from 2026-08-10 weak-spot analysis,human_approved,,,,Niamh will front-load the desktop review before the second audit week.,,"[PREVIOUS]

[CURRENT]
Niamh will front-load the desktop review before the second audit week.
[NEXT]
",,,,,,,
mmt_0340,Stuart will review whether Niamh should run a separate audit track.,legacy_reviewed,action_commitment,confirmed_action,deliverable_object|document_or_record|explicit_commitment_verb|hypothetical_language|named_owner,evidence,source:ai_generated_from_2026_08_10_weak_spot_analysis,train,AI generated from 2026-08-10 weak-spot analysis,human_approved,,,,Stuart will review whether Niamh should run a separate audit track.,,"[PREVIOUS]

[CURRENT]
Stuart will review whether Niamh should run a separate audit track.
[NEXT]
",,,,,,,
mmt_0341,Jacqui will review the audit timeline and adjust the planning meeting if needed.,legacy_reviewed,action_commitment,confirmed_action,deliverable_object|document_or_record|explicit_commitment_verb|hypothetical_language|named_owner|process_sequence,evidence,source:ai_generated_from_2026_08_10_weak_spot_analysis,train,AI generated from 2026-08-10 weak-spot analysis,human_approved,,,,Jacqui will review the audit timeline and adjust the planning meeting if needed.,,"[PREVIOUS]

[CURRENT]
Jacqui will review the audit timeline and adjust the planning meeting if needed.
[NEXT]
",,,,,,,
mmt_0342,It was agreed that the same change request form could cover all three software changes.,legacy_reviewed,decision_agreement,not_action,completed_tense|decision_language|deliverable_object|document_or_record|explicit_commitment_verb|hypothetical_language|named_owner,evidence,source:ai_generated_from_2026_08_10_weak_spot_analysis,train,AI generated from 2026-08-10 weak-spot analysis,human_approved,,,,It was agreed that the same change request form could cover all three software changes.,,"[PREVIOUS]

[CURRENT]
It was agreed that the same change request form could cover all three software changes.
[NEXT]
",,,,,,,
mmt_0343,English was considered sufficient because it is an official EU language.,legacy_reviewed,decision_agreement,not_action,completed_tense|decision_language|deliverable_object|document_or_record|explicit_commitment_verb|named_owner,evidence,source:ai_generated_from_2026_08_10_weak_spot_analysis,train,AI generated from 2026-08-10 weak-spot analysis,human_approved,,,,English was considered sufficient because it is an official EU language.,,"[PREVIOUS]

[CURRENT]
English was considered sufficient because it is an official EU language.
[NEXT]
",,,,,,,
mmt_0344,The team decided that the importer would verify registration rather than upload it directly.,legacy_reviewed,decision_agreement,not_action,decision_language|deliverable_object|document_or_record|explicit_commitment_verb|named_owner|regulatory_language,evidence,source:ai_generated_from_2026_08_10_weak_spot_analysis,train,AI generated from 2026-08-10 weak-spot analysis,human_approved,,,,The team decided that the importer would verify registration rather than upload it directly.,,"[PREVIOUS]

[CURRENT]
The team decided that the importer would verify registration rather than upload it directly.
[NEXT]
",,,,,,,
mmt_0345,The group agreed that the QMS manual should mirror the actual business process.,legacy_reviewed,decision_agreement,not_action,decision_language|deliverable_object|document_or_record|explicit_commitment_verb|hypothetical_language|named_owner|process_sequence,evidence,source:ai_generated_from_2026_08_10_weak_spot_analysis,train,AI generated from 2026-08-10 weak-spot analysis,human_approved,,,,The group agreed that the QMS manual should mirror the actual business process.,,"[PREVIOUS]

[CURRENT]
The group agreed that the QMS manual should mirror the actual business process.
[NEXT]
",,,,,,,
mmt_0346,It was agreed that the audit would be treated as routine surveillance.,legacy_reviewed,decision_agreement,not_action,completed_tense|decision_language|deliverable_object|document_or_record|explicit_commitment_verb|named_owner,evidence,source:ai_generated_from_2026_08_10_weak_spot_analysis,train,AI generated from 2026-08-10 weak-spot analysis,human_approved,,,,It was agreed that the audit would be treated as routine surveillance.,,"[PREVIOUS]

[CURRENT]
It was agreed that the audit would be treated as routine surveillance.
[NEXT]
",,,,,,,
mmt_0347,The team decided not to add a password because rapid clinical intervention was required.,legacy_reviewed,decision_agreement,not_action,completed_tense|decision_language|deliverable_object|document_or_record|explicit_commitment_verb|named_owner,evidence,source:ai_generated_from_2026_08_10_weak_spot_analysis,train,AI generated from 2026-08-10 weak-spot analysis,human_approved,,,,The team decided not to add a password because rapid clinical intervention was required.,,"[PREVIOUS]

[CURRENT]
The team decided not to add a password because rapid clinical intervention was required.
[NEXT]
",,,,,,,
mmt_0348,"The meeting confirmed that MedEnvoy acts for the manufacturer, not the importer.",legacy_reviewed,decision_agreement,not_action,decision_language|deliverable_object|document_or_record|explicit_commitment_verb|named_owner|regulatory_language,evidence,source:ai_generated_from_2026_08_10_weak_spot_analysis,train,AI generated from 2026-08-10 weak-spot analysis,human_approved,,,,"The meeting confirmed that MedEnvoy acts for the manufacturer, not the importer.",,"[PREVIOUS]

[CURRENT]
The meeting confirmed that MedEnvoy acts for the manufacturer, not the importer.
[NEXT]
",,,,,,,
mmt_0349,The participants agreed that lot numbering should be added to the label process.,legacy_reviewed,decision_agreement,not_action,decision_language|deliverable_object|document_or_record|explicit_commitment_verb|hypothetical_language|named_owner|process_sequence,evidence,source:ai_generated_from_2026_08_10_weak_spot_analysis,train,AI generated from 2026-08-10 weak-spot analysis,human_approved,,,,The participants agreed that lot numbering should be added to the label process.,,"[PREVIOUS]

[CURRENT]
The participants agreed that lot numbering should be added to the label process.
[NEXT]
",,,,,,,
mmt_0350,Maybe Jacqui could review the audit timeline if the date moves.,legacy_reviewed,discussion_topic,not_action,deliverable_object|document_or_record|explicit_commitment_verb|hypothetical_language|named_owner,evidence,source:ai_generated_from_2026_08_10_weak_spot_analysis,train,AI generated from 2026-08-10 weak-spot analysis,human_approved,,,,Maybe Jacqui could review the audit timeline if the date moves.,,"[PREVIOUS]

[CURRENT]
Maybe Jacqui could review the audit timeline if the date moves.
[NEXT]
",,,,,,,
mmt_0351,Could Stuart share the risk analysis once the site has reviewed it?,legacy_reviewed,discussion_topic,not_action,completed_tense|deliverable_object|document_or_record|explicit_commitment_verb|hypothetical_language|named_owner|recipient_or_handover|risk_language,evidence,source:ai_generated_from_2026_08_10_weak_spot_analysis,train,AI generated from 2026-08-10 weak-spot analysis,human_approved,,,,Could Stuart share the risk analysis once the site has reviewed it?,,"[PREVIOUS]

[CURRENT]
Could Stuart share the risk analysis once the site has reviewed it?
[NEXT]
",,,,,,,
mmt_0352,It might be worth Niamh looking at the SBOM if time allows.,legacy_reviewed,discussion_topic,not_action,deliverable_object|document_or_record|explicit_commitment_verb|hypothetical_language|named_owner,evidence,source:ai_generated_from_2026_08_10_weak_spot_analysis,train,AI generated from 2026-08-10 weak-spot analysis,human_approved,,,,It might be worth Niamh looking at the SBOM if time allows.,,"[PREVIOUS]

[CURRENT]
It might be worth Niamh looking at the SBOM if time allows.
[NEXT]
",,,,,,,
mmt_0353,We could upload the documents if SharePoint access becomes a problem.,legacy_reviewed,discussion_topic,not_action,deliverable_object|document_or_record|explicit_commitment_verb|hypothetical_language|named_owner|recipient_or_handover,evidence,source:ai_generated_from_2026_08_10_weak_spot_analysis,train,AI generated from 2026-08-10 weak-spot analysis,human_approved,,,,We could upload the documents if SharePoint access becomes a problem.,,"[PREVIOUS]

[CURRENT]
We could upload the documents if SharePoint access becomes a problem.
[NEXT]
",,,,,,,
mmt_0354,Maybe Jenny could check the label later if the artwork changes.,legacy_reviewed,discussion_topic,not_action,deliverable_object|document_or_record|explicit_commitment_verb|hypothetical_language|named_owner,evidence,source:ai_generated_from_2026_08_10_weak_spot_analysis,train,AI generated from 2026-08-10 weak-spot analysis,human_approved,,,,Maybe Jenny could check the label later if the artwork changes.,,"[PREVIOUS]

[CURRENT]
Maybe Jenny could check the label later if the artwork changes.
[NEXT]
",,,,,,,
mmt_0355,"If asked, Orla could explain the MedEnvoy project-plan position.",legacy_reviewed,discussion_topic,not_action,deliverable_object|document_or_record|explicit_commitment_verb|hypothetical_language|named_owner,evidence,source:ai_generated_from_2026_08_10_weak_spot_analysis,train,AI generated from 2026-08-10 weak-spot analysis,human_approved,,,,"If asked, Orla could explain the MedEnvoy project-plan position.",,"[PREVIOUS]

[CURRENT]
If asked, Orla could explain the MedEnvoy project-plan position.
[NEXT]
",,,,,,,
mmt_0356,The team may follow up on the DoC language requirements later.,legacy_reviewed,discussion_topic,not_action,deliverable_object|document_or_record|explicit_commitment_verb|hypothetical_language|named_owner|recipient_or_handover,evidence,source:ai_generated_from_2026_08_10_weak_spot_analysis,train,AI generated from 2026-08-10 weak-spot analysis,human_approved,,,,The team may follow up on the DoC language requirements later.,,"[PREVIOUS]

[CURRENT]
The team may follow up on the DoC language requirements later.
[NEXT]
",,,,,,,
mmt_0357,It would be useful for Colm to look at the standards list at some point.,legacy_reviewed,discussion_topic,not_action,deliverable_object|document_or_record|explicit_commitment_verb|hypothetical_language|named_owner,evidence,source:ai_generated_from_2026_08_10_weak_spot_analysis,train,AI generated from 2026-08-10 weak-spot analysis,human_approved,,,,It would be useful for Colm to look at the standards list at some point.,,"[PREVIOUS]

[CURRENT]
It would be useful for Colm to look at the standards list at some point.
[NEXT]
",,,,,,,
mmt_0358,Niamh might inspect the programming area during the second week.,legacy_reviewed,discussion_topic,not_action,deadline_or_sequence|deliverable_object|document_or_record|explicit_commitment_verb|hypothetical_language|named_owner,evidence,source:ai_generated_from_2026_08_10_weak_spot_analysis,train,AI generated from 2026-08-10 weak-spot analysis,human_approved,,,,Niamh might inspect the programming area during the second week.,,"[PREVIOUS]

[CURRENT]
Niamh might inspect the programming area during the second week.
[NEXT]
",,,,,,,
mmt_0359,Rebecca could send the standard if Andrew needs it.,legacy_reviewed,discussion_topic,not_action,deliverable_object|document_or_record|explicit_commitment_verb|hypothetical_language|named_owner|recipient_or_handover,evidence,source:ai_generated_from_2026_08_10_weak_spot_analysis,train,AI generated from 2026-08-10 weak-spot analysis,human_approved,,,,Rebecca could send the standard if Andrew needs it.,,"[PREVIOUS]

[CURRENT]
Rebecca could send the standard if Andrew needs it.
[NEXT]
",,,,,,,
mmt_0360,Stuart completed the risk assessment before the audit plan was drafted.,legacy_reviewed,background_context,completed_history,completed_tense|deadline_or_sequence|deliverable_object|document_or_record|explicit_commitment_verb|named_owner|risk_language,evidence,source:ai_generated_from_2026_08_10_weak_spot_analysis,train,AI generated from 2026-08-10 weak-spot analysis,human_approved,,,,Stuart completed the risk assessment before the audit plan was drafted.,,"[PREVIOUS]

[CURRENT]
Stuart completed the risk assessment before the audit plan was drafted.
[NEXT]
",,,,,,,
mmt_0361,Jacqui sent the code of conduct to Niamh yesterday.,legacy_reviewed,background_context,completed_history,completed_tense|deliverable_object|document_or_record|explicit_commitment_verb|named_owner|recipient_or_handover,evidence,source:ai_generated_from_2026_08_10_weak_spot_analysis,train,AI generated from 2026-08-10 weak-spot analysis,human_approved,,,,Jacqui sent the code of conduct to Niamh yesterday.,,"[PREVIOUS]

[CURRENT]
Jacqui sent the code of conduct to Niamh yesterday.
[NEXT]
",,,,,,,
mmt_0362,Niamh signed the training attestation last week.,legacy_reviewed,background_context,completed_history,completed_tense|deadline_or_sequence|deliverable_object|document_or_record|explicit_commitment_verb|named_owner,evidence,source:ai_generated_from_2026_08_10_weak_spot_analysis,train,AI generated from 2026-08-10 weak-spot analysis,human_approved,,,,Niamh signed the training attestation last week.,,"[PREVIOUS]

[CURRENT]
Niamh signed the training attestation last week.
[NEXT]
",,,,,,,
mmt_0363,Orla shared the label artwork with Jenny on Friday.,legacy_reviewed,background_context,completed_history,completed_tense|deadline_or_sequence|deliverable_object|document_or_record|explicit_commitment_verb|named_owner|recipient_or_handover,evidence,source:ai_generated_from_2026_08_10_weak_spot_analysis,train,AI generated from 2026-08-10 weak-spot analysis,human_approved,,,,Orla shared the label artwork with Jenny on Friday.,,"[PREVIOUS]

[CURRENT]
Orla shared the label artwork with Jenny on Friday.
[NEXT]
",,,,,,,
mmt_0364,John-Paul reviewed the DoCs for MDR and PPE last month.,legacy_reviewed,background_context,completed_history,completed_tense|deliverable_object|document_or_record|explicit_commitment_verb|named_owner|regulatory_language,evidence,source:ai_generated_from_2026_08_10_weak_spot_analysis,train,AI generated from 2026-08-10 weak-spot analysis,human_approved,,,,John-Paul reviewed the DoCs for MDR and PPE last month.,,"[PREVIOUS]

[CURRENT]
John-Paul reviewed the DoCs for MDR and PPE last month.
[NEXT]
",,,,,,,
mmt_0365,Rebecca updated the risk management file before the meeting.,legacy_reviewed,background_context,completed_history,completed_tense|deadline_or_sequence|deliverable_object|document_or_record|explicit_commitment_verb|named_owner|risk_language,evidence,source:ai_generated_from_2026_08_10_weak_spot_analysis,train,AI generated from 2026-08-10 weak-spot analysis,human_approved,,,,Rebecca updated the risk management file before the meeting.,,"[PREVIOUS]

[CURRENT]
Rebecca updated the risk management file before the meeting.
[NEXT]
",,,,,,,
mmt_0366,David generated the retrospective test data yesterday.,legacy_reviewed,background_context,completed_history,completed_tense|deliverable_object|document_or_record|explicit_commitment_verb|named_owner,evidence,source:ai_generated_from_2026_08_10_weak_spot_analysis,train,AI generated from 2026-08-10 weak-spot analysis,human_approved,,,,David generated the retrospective test data yesterday.,,"[PREVIOUS]

[CURRENT]
David generated the retrospective test data yesterday.
[NEXT]
",,,,,,,
mmt_0367,Colm sent comments on the standards list already.,legacy_reviewed,background_context,completed_history,completed_tense|deliverable_object|document_or_record|explicit_commitment_verb|named_owner|recipient_or_handover,evidence,source:ai_generated_from_2026_08_10_weak_spot_analysis,train,AI generated from 2026-08-10 weak-spot analysis,human_approved,,,,Colm sent comments on the standards list already.,,"[PREVIOUS]

[CURRENT]
Colm sent comments on the standards list already.
[NEXT]
",,,,,,,
mmt_0368,The HPRA invoice confirmation was sent before the call.,legacy_reviewed,background_context,completed_history,completed_tense|deadline_or_sequence|deliverable_object|document_or_record|explicit_commitment_verb|named_owner|recipient_or_handover|regulatory_language,evidence,source:ai_generated_from_2026_08_10_weak_spot_analysis,train,AI generated from 2026-08-10 weak-spot analysis,human_approved,,,,The HPRA invoice confirmation was sent before the call.,,"[PREVIOUS]

[CURRENT]
The HPRA invoice confirmation was sent before the call.
[NEXT]
",,,,,,,
mmt_0369,Andrew reviewed the mute button flash sequence earlier today.,legacy_reviewed,background_context,completed_history,completed_tense|deadline_or_sequence|deliverable_object|document_or_record|explicit_commitment_verb|named_owner|process_sequence,evidence,source:ai_generated_from_2026_08_10_weak_spot_analysis,train,AI generated from 2026-08-10 weak-spot analysis,human_approved,,,,Andrew reviewed the mute button flash sequence earlier today.,,"[PREVIOUS]

[CURRENT]
Andrew reviewed the mute button flash sequence earlier today.
[NEXT]
",,,,,,,
mmt_0370,Orla will review the QMS Manual from the Trinzo team before the next client connect.,legacy_reviewed,document_control_task,confirmed_action,named_owner|explicit_commitment_verb|deliverable_object|deadline_or_sequence|recipient_or_handover|document_or_record|regulatory_language,evidence,source:ai_generated_from_2026_08_10_dita_handoff_action_boundary_analysis,train,AI generated from 2026-08-10 DITA handoff/action-boundary analysis,human_approved,,,,Orla will review the QMS Manual from the Trinzo team before the next client connect.,,"[PREVIOUS]

[CURRENT]
Orla will review the QMS Manual from the Trinzo team before the next client connect.
[NEXT]
",,,,,,,
mmt_0371,Orla to review the QMS Manual that Jacqui shared during the call.,legacy_reviewed,document_control_task,confirmed_action,named_owner|explicit_commitment_verb|deliverable_object|deadline_or_sequence|recipient_or_handover|document_or_record|regulatory_language,evidence,source:ai_generated_from_2026_08_10_dita_handoff_action_boundary_analysis,train,AI generated from 2026-08-10 DITA handoff/action-boundary analysis,human_approved,,,,Orla to review the QMS Manual that Jacqui shared during the call.,,"[PREVIOUS]

[CURRENT]
Orla to review the QMS Manual that Jacqui shared during the call.
[NEXT]
",,,,,,,
mmt_0372,Orla will follow up with Cody for a copy of the MedEnvoy project plan for manufacturer EO.,legacy_reviewed,document_control_task,confirmed_action,named_owner|explicit_commitment_verb|deliverable_object|deadline_or_sequence|recipient_or_handover|document_or_record|regulatory_language,evidence,source:ai_generated_from_2026_08_10_dita_handoff_action_boundary_analysis,train,AI generated from 2026-08-10 DITA handoff/action-boundary analysis,human_approved,,,,Orla will follow up with Cody for a copy of the MedEnvoy project plan for manufacturer EO.,,"[PREVIOUS]

[CURRENT]
Orla will follow up with Cody for a copy of the MedEnvoy project plan for manufacturer EO.
[NEXT]
",,,,,,,
mmt_0373,Orla to ask Cody for the MedEnvoy task list and project plan.,legacy_reviewed,document_control_task,confirmed_action,named_owner|explicit_commitment_verb|deliverable_object|deadline_or_sequence|recipient_or_handover|document_or_record|regulatory_language,evidence,source:ai_generated_from_2026_08_10_dita_handoff_action_boundary_analysis,train,AI generated from 2026-08-10 DITA handoff/action-boundary analysis,human_approved,,,,Orla to ask Cody for the MedEnvoy task list and project plan.,,"[PREVIOUS]

[CURRENT]
Orla to ask Cody for the MedEnvoy task list and project plan.
[NEXT]
",,,,,,,
mmt_0374,Orla will share a copy of the new label with Jenny for review.,legacy_reviewed,document_control_task,confirmed_action,named_owner|explicit_commitment_verb|deliverable_object|deadline_or_sequence|recipient_or_handover|document_or_record|regulatory_language,evidence,source:ai_generated_from_2026_08_10_dita_handoff_action_boundary_analysis,train,AI generated from 2026-08-10 DITA handoff/action-boundary analysis,human_approved,,,,Orla will share a copy of the new label with Jenny for review.,,"[PREVIOUS]

[CURRENT]
Orla will share a copy of the new label with Jenny for review.
[NEXT]
",,,,,,,
mmt_0375,Orla to send Jenny the latest DITA label artwork after the meeting.,legacy_reviewed,document_control_task,confirmed_action,named_owner|explicit_commitment_verb|deliverable_object|deadline_or_sequence|recipient_or_handover|document_or_record|regulatory_language,evidence,source:ai_generated_from_2026_08_10_dita_handoff_action_boundary_analysis,train,AI generated from 2026-08-10 DITA handoff/action-boundary analysis,human_approved,,,,Orla to send Jenny the latest DITA label artwork after the meeting.,,"[PREVIOUS]

[CURRENT]
Orla to send Jenny the latest DITA label artwork after the meeting.
[NEXT]
",,,,,,,
mmt_0376,Jenny will review the new label once Orla sends it through.,legacy_reviewed,document_control_task,confirmed_action,named_owner|explicit_commitment_verb|deliverable_object|deadline_or_sequence|recipient_or_handover|document_or_record|regulatory_language,evidence,source:ai_generated_from_2026_08_10_dita_handoff_action_boundary_analysis,train,AI generated from 2026-08-10 DITA handoff/action-boundary analysis,human_approved,,,,Jenny will review the new label once Orla sends it through.,,"[PREVIOUS]

[CURRENT]
Jenny will review the new label once Orla sends it through.
[NEXT]
",,,,,,,
mmt_0377,Orla will share the list of languages for the declarations of conformity.,legacy_reviewed,document_control_task,confirmed_action,named_owner|explicit_commitment_verb|deliverable_object|deadline_or_sequence|recipient_or_handover|document_or_record|regulatory_language,evidence,source:ai_generated_from_2026_08_10_dita_handoff_action_boundary_analysis,train,AI generated from 2026-08-10 DITA handoff/action-boundary analysis,human_approved,,,,Orla will share the list of languages for the declarations of conformity.,,"[PREVIOUS]

[CURRENT]
Orla will share the list of languages for the declarations of conformity.
[NEXT]
",,,,,,,
mmt_0378,Orla to send the country and language list needed for the DoCs to John-Paul.,legacy_reviewed,document_control_task,confirmed_action,named_owner|explicit_commitment_verb|deliverable_object|deadline_or_sequence|recipient_or_handover|document_or_record|regulatory_language,evidence,source:ai_generated_from_2026_08_10_dita_handoff_action_boundary_analysis,train,AI generated from 2026-08-10 DITA handoff/action-boundary analysis,human_approved,,,,Orla to send the country and language list needed for the DoCs to John-Paul.,,"[PREVIOUS]

[CURRENT]
Orla to send the country and language list needed for the DoCs to John-Paul.
[NEXT]
",,,,,,,
mmt_0379,John-Paul will review the DoCs for sunglasses against MDR and PPE requirements.,legacy_reviewed,document_control_task,confirmed_action,named_owner|explicit_commitment_verb|deliverable_object|deadline_or_sequence|recipient_or_handover|document_or_record|regulatory_language,evidence,source:ai_generated_from_2026_08_10_dita_handoff_action_boundary_analysis,train,AI generated from 2026-08-10 DITA handoff/action-boundary analysis,human_approved,,,,John-Paul will review the DoCs for sunglasses against MDR and PPE requirements.,,"[PREVIOUS]

[CURRENT]
John-Paul will review the DoCs for sunglasses against MDR and PPE requirements.
[NEXT]
",,,,,,,
mmt_0380,John-Paul to update the DoC risk rationale for category one PPE sunglasses.,legacy_reviewed,document_control_task,confirmed_action,named_owner|explicit_commitment_verb|deliverable_object|deadline_or_sequence|recipient_or_handover|document_or_record|regulatory_language|risk_language,evidence,source:ai_generated_from_2026_08_10_dita_handoff_action_boundary_analysis,train,AI generated from 2026-08-10 DITA handoff/action-boundary analysis,human_approved,,,,John-Paul to update the DoC risk rationale for category one PPE sunglasses.,,"[PREVIOUS]

[CURRENT]
John-Paul to update the DoC risk rationale for category one PPE sunglasses.
[NEXT]
",,,,,,,
mmt_0381,Jacqui will review the HPRA invoice fee before payment is made.,legacy_reviewed,regulatory_obligation,confirmed_action,named_owner|explicit_commitment_verb|deliverable_object|deadline_or_sequence|recipient_or_handover|document_or_record|regulatory_language,evidence,source:ai_generated_from_2026_08_10_dita_handoff_action_boundary_analysis,train,AI generated from 2026-08-10 DITA handoff/action-boundary analysis,human_approved,,,,Jacqui will review the HPRA invoice fee before payment is made.,,"[PREVIOUS]

[CURRENT]
Jacqui will review the HPRA invoice fee before payment is made.
[NEXT]
",,,,,,,
mmt_0382,Colm to send the HPRA bill and SRN email chain to Jacqui for review.,legacy_reviewed,regulatory_obligation,confirmed_action,named_owner|explicit_commitment_verb|deliverable_object|deadline_or_sequence|recipient_or_handover|document_or_record|regulatory_language,evidence,source:ai_generated_from_2026_08_10_dita_handoff_action_boundary_analysis,train,AI generated from 2026-08-10 DITA handoff/action-boundary analysis,human_approved,,,,Colm to send the HPRA bill and SRN email chain to Jacqui for review.,,"[PREVIOUS]

[CURRENT]
Colm to send the HPRA bill and SRN email chain to Jacqui for review.
[NEXT]
",,,,,,,
mmt_0383,Colm will forward the HPRA invoice and registration email to Jacqui today.,legacy_reviewed,regulatory_obligation,confirmed_action,named_owner|explicit_commitment_verb|deliverable_object|deadline_or_sequence|recipient_or_handover|document_or_record|regulatory_language,evidence,source:ai_generated_from_2026_08_10_dita_handoff_action_boundary_analysis,train,AI generated from 2026-08-10 DITA handoff/action-boundary analysis,human_approved,,,,Colm will forward the HPRA invoice and registration email to Jacqui today.,,"[PREVIOUS]

[CURRENT]
Colm will forward the HPRA invoice and registration email to Jacqui today.
[NEXT]
",,,,,,,
mmt_0384,Jacqui and Colm will confirm whether the HPRA fee relates to the four suppliers already registered.,legacy_reviewed,regulatory_obligation,confirmed_action,named_owner|explicit_commitment_verb|deliverable_object|deadline_or_sequence|document_or_record|regulatory_language,evidence,source:ai_generated_from_2026_08_10_dita_handoff_action_boundary_analysis,train,AI generated from 2026-08-10 DITA handoff/action-boundary analysis,human_approved,,,,Jacqui and Colm will confirm whether the HPRA fee relates to the four suppliers already registered.,,"[PREVIOUS]

[CURRENT]
Jacqui and Colm will confirm whether the HPRA fee relates to the four suppliers already registered.
[NEXT]
",,,,,,,
mmt_0385,Orla will check whether MedEnvoy already uploaded the DITA UDI data.,legacy_reviewed,regulatory_obligation,confirmed_action,named_owner|explicit_commitment_verb|deliverable_object|document_or_record|regulatory_language|risk_language,evidence,source:ai_generated_from_2026_08_10_dita_handoff_action_boundary_analysis,train,AI generated from 2026-08-10 DITA handoff/action-boundary analysis,human_approved,,,,Orla will check whether MedEnvoy already uploaded the DITA UDI data.,,"[PREVIOUS]

[CURRENT]
Orla will check whether MedEnvoy already uploaded the DITA UDI data.
[NEXT]
",,,,,,,
mmt_0386,Orla to confirm with MedEnvoy who is uploading the Basic UDI and Master UDI records.,legacy_reviewed,regulatory_obligation,confirmed_action,named_owner|explicit_commitment_verb|deliverable_object|deadline_or_sequence|recipient_or_handover|document_or_record|regulatory_language|risk_language,evidence,source:ai_generated_from_2026_08_10_dita_handoff_action_boundary_analysis,train,AI generated from 2026-08-10 DITA handoff/action-boundary analysis,human_approved,,,,Orla to confirm with MedEnvoy who is uploading the Basic UDI and Master UDI records.,,"[PREVIOUS]

[CURRENT]
Orla to confirm with MedEnvoy who is uploading the Basic UDI and Master UDI records.
[NEXT]
",,,,,,,
mmt_0387,Mark will send Orla the importer obligation summary after the call.,legacy_reviewed,document_control_task,confirmed_action,named_owner|explicit_commitment_verb|deliverable_object|deadline_or_sequence|recipient_or_handover|document_or_record|regulatory_language,evidence,source:ai_generated_from_2026_08_10_dita_handoff_action_boundary_analysis,train,AI generated from 2026-08-10 DITA handoff/action-boundary analysis,human_approved,,,,Mark will send Orla the importer obligation summary after the call.,,"[PREVIOUS]

[CURRENT]
Mark will send Orla the importer obligation summary after the call.
[NEXT]
",,,,,,,
mmt_0388,Jenny to check the barcode production information on the label design.,legacy_reviewed,document_control_task,confirmed_action,named_owner|explicit_commitment_verb|deliverable_object|deadline_or_sequence|recipient_or_handover|document_or_record|regulatory_language,evidence,source:ai_generated_from_2026_08_10_dita_handoff_action_boundary_analysis,train,AI generated from 2026-08-10 DITA handoff/action-boundary analysis,human_approved,,,,Jenny to check the barcode production information on the label design.,,"[PREVIOUS]

[CURRENT]
Jenny to check the barcode production information on the label design.
[NEXT]
",,,,,,,
mmt_0389,John-Paul will capture the rationale in the risk assessment and audit plan.,legacy_reviewed,document_control_task,confirmed_action,named_owner|explicit_commitment_verb|deliverable_object|deadline_or_sequence|recipient_or_handover|document_or_record|regulatory_language|risk_language,evidence,source:ai_generated_from_2026_08_10_dita_handoff_action_boundary_analysis,train,AI generated from 2026-08-10 DITA handoff/action-boundary analysis,human_approved,,,,John-Paul will capture the rationale in the risk assessment and audit plan.,,"[PREVIOUS]

[CURRENT]
John-Paul will capture the rationale in the risk assessment and audit plan.
[NEXT]
",,,,,,,
mmt_0390,Stuart to complete the risk assessment so the audit plan can be developed.,legacy_reviewed,document_control_task,confirmed_action,named_owner|explicit_commitment_verb|deliverable_object|document_or_record|risk_language|regulatory_language,evidence,source:ai_generated_from_2026_08_10_dita_handoff_action_boundary_analysis,train,AI generated from 2026-08-10 DITA handoff/action-boundary analysis,human_approved,,,,Stuart to complete the risk assessment so the audit plan can be developed.,,"[PREVIOUS]

[CURRENT]
Stuart to complete the risk assessment so the audit plan can be developed.
[NEXT]
",,,,,,,
mmt_0391,Rebecca will upload the signed change request to SharePoint before Friday.,legacy_reviewed,document_control_task,confirmed_action,named_owner|explicit_commitment_verb|deliverable_object|deadline_or_sequence|recipient_or_handover|document_or_record,evidence,source:ai_generated_from_2026_08_10_dita_handoff_action_boundary_analysis,train,AI generated from 2026-08-10 DITA handoff/action-boundary analysis,human_approved,,,,Rebecca will upload the signed change request to SharePoint before Friday.,,"[PREVIOUS]

[CURRENT]
Rebecca will upload the signed change request to SharePoint before Friday.
[NEXT]
",,,,,,,
mmt_0392,David to prepare the test evidence pack for next week's review.,legacy_reviewed,document_control_task,confirmed_action,named_owner|explicit_commitment_verb|deliverable_object|deadline_or_sequence|document_or_record,evidence,source:ai_generated_from_2026_08_10_dita_handoff_action_boundary_analysis,train,AI generated from 2026-08-10 DITA handoff/action-boundary analysis,human_approved,,,,David to prepare the test evidence pack for next week's review.,,"[PREVIOUS]

[CURRENT]
David to prepare the test evidence pack for next week's review.
[NEXT]
",,,,,,,
mmt_0393,Niamh will send the supplier attestation form to the warehouse team today.,legacy_reviewed,document_control_task,confirmed_action,named_owner|explicit_commitment_verb|deliverable_object|deadline_or_sequence|recipient_or_handover|document_or_record,evidence,source:ai_generated_from_2026_08_10_dita_handoff_action_boundary_analysis,train,AI generated from 2026-08-10 DITA handoff/action-boundary analysis,human_approved,,,,Niamh will send the supplier attestation form to the warehouse team today.,,"[PREVIOUS]

[CURRENT]
Niamh will send the supplier attestation form to the warehouse team today.
[NEXT]
",,,,,,,
mmt_0394,Claire to circulate the updated agenda and action log after the meeting.,legacy_reviewed,action_commitment,confirmed_action,named_owner|explicit_commitment_verb|deliverable_object|deadline_or_sequence|recipient_or_handover|document_or_record,evidence,source:ai_generated_from_2026_08_10_dita_handoff_action_boundary_analysis,train,AI generated from 2026-08-10 DITA handoff/action-boundary analysis,human_approved,,,,Claire to circulate the updated agenda and action log after the meeting.,,"[PREVIOUS]

[CURRENT]
Claire to circulate the updated agenda and action log after the meeting.
[NEXT]
",,,,,,,
mmt_0395,Andrew will confirm the packing validation samples before production starts.,legacy_reviewed,action_commitment,confirmed_action,named_owner|explicit_commitment_verb|deliverable_object|deadline_or_sequence|process_sequence,evidence,source:ai_generated_from_2026_08_10_dita_handoff_action_boundary_analysis,train,AI generated from 2026-08-10 DITA handoff/action-boundary analysis,human_approved,,,,Andrew will confirm the packing validation samples before production starts.,,"[PREVIOUS]

[CURRENT]
Andrew will confirm the packing validation samples before production starts.
[NEXT]
",,,,,,,
mmt_0396,Sarah to request the missing calibration certificate from the supplier.,legacy_reviewed,document_control_task,confirmed_action,named_owner|explicit_commitment_verb|deliverable_object|deadline_or_sequence|recipient_or_handover|document_or_record,evidence,source:ai_generated_from_2026_08_10_dita_handoff_action_boundary_analysis,train,AI generated from 2026-08-10 DITA handoff/action-boundary analysis,human_approved,,,,Sarah to request the missing calibration certificate from the supplier.,,"[PREVIOUS]

[CURRENT]
Sarah to request the missing calibration certificate from the supplier.
[NEXT]
",,,,,,,
mmt_0397,John-Paul will update the standards register with the new EN references.,legacy_reviewed,document_control_task,confirmed_action,named_owner|explicit_commitment_verb|deliverable_object|document_or_record|regulatory_language,evidence,source:ai_generated_from_2026_08_10_dita_handoff_action_boundary_analysis,train,AI generated from 2026-08-10 DITA handoff/action-boundary analysis,human_approved,,,,John-Paul will update the standards register with the new EN references.,,"[PREVIOUS]

[CURRENT]
John-Paul will update the standards register with the new EN references.
[NEXT]
",,,,,,,
mmt_0398,Orla will flick the QMS manual over to Orla after the call.,legacy_reviewed,document_control_task,confirmed_action,named_owner|explicit_commitment_verb|deliverable_object|deadline_or_sequence|recipient_or_handover|document_or_record|regulatory_language,evidence,source:ai_generated_from_2026_08_10_dita_handoff_action_boundary_analysis,train,AI generated from 2026-08-10 DITA handoff/action-boundary analysis,human_approved,,,,Orla will flick the QMS manual over to Orla after the call.,,"[PREVIOUS]

[CURRENT]
Orla will flick the QMS manual over to Orla after the call.
[NEXT]
",,,,,,,
mmt_0399,Jenny to send the MedEnvoy project plan to the team before Wednesday.,legacy_reviewed,document_control_task,confirmed_action,named_owner|explicit_commitment_verb|deliverable_object|deadline_or_sequence|recipient_or_handover|document_or_record|regulatory_language,evidence,source:ai_generated_from_2026_08_10_dita_handoff_action_boundary_analysis,train,AI generated from 2026-08-10 DITA handoff/action-boundary analysis,human_approved,,,,Jenny to send the MedEnvoy project plan to the team before Wednesday.,,"[PREVIOUS]

[CURRENT]
Jenny to send the MedEnvoy project plan to the team before Wednesday.
[NEXT]
",,,,,,,
mmt_0400,Jacqui is going to share the latest label artwork with Jenny today.,legacy_reviewed,document_control_task,confirmed_action,named_owner|explicit_commitment_verb|deliverable_object|deadline_or_sequence|recipient_or_handover|document_or_record|regulatory_language,evidence,source:ai_generated_from_2026_08_10_dita_handoff_action_boundary_analysis,train,AI generated from 2026-08-10 DITA handoff/action-boundary analysis,human_approved,,,,Jacqui is going to share the latest label artwork with Jenny today.,,"[PREVIOUS]

[CURRENT]
Jacqui is going to share the latest label artwork with Jenny today.
[NEXT]
",,,,,,,
mmt_0401,Colm agreed to review the DoC language list before the next review.,legacy_reviewed,document_control_task,confirmed_action,named_owner|explicit_commitment_verb|deliverable_object|deadline_or_sequence|recipient_or_handover|document_or_record|regulatory_language,evidence,source:ai_generated_from_2026_08_10_dita_handoff_action_boundary_analysis,train,AI generated from 2026-08-10 DITA handoff/action-boundary analysis,human_approved,,,,Colm agreed to review the DoC language list before the next review.,,"[PREVIOUS]

[CURRENT]
Colm agreed to review the DoC language list before the next review.
[NEXT]
",,,,,,,
mmt_0402,John-Paul will forward the HPRA invoice to Jacqui after the call.,legacy_reviewed,regulatory_obligation,confirmed_action,named_owner|explicit_commitment_verb|deliverable_object|deadline_or_sequence|recipient_or_handover|document_or_record|regulatory_language,evidence,source:ai_generated_from_2026_08_10_dita_handoff_action_boundary_analysis,train,AI generated from 2026-08-10 DITA handoff/action-boundary analysis,human_approved,,,,John-Paul will forward the HPRA invoice to Jacqui after the call.,,"[PREVIOUS]

[CURRENT]
John-Paul will forward the HPRA invoice to Jacqui after the call.
[NEXT]
",,,,,,,
mmt_0403,Stuart to confirm the UDI upload owner with MedEnvoy before Wednesday.,legacy_reviewed,regulatory_obligation,confirmed_action,named_owner|explicit_commitment_verb|deliverable_object|deadline_or_sequence|recipient_or_handover|document_or_record|regulatory_language|risk_language,evidence,source:ai_generated_from_2026_08_10_dita_handoff_action_boundary_analysis,train,AI generated from 2026-08-10 DITA handoff/action-boundary analysis,human_approved,,,,Stuart to confirm the UDI upload owner with MedEnvoy before Wednesday.,,"[PREVIOUS]

[CURRENT]
Stuart to confirm the UDI upload owner with MedEnvoy before Wednesday.
[NEXT]
",,,,,,,
mmt_0404,Rebecca is going to update the audit-plan rationale today.,legacy_reviewed,document_control_task,confirmed_action,named_owner|explicit_commitment_verb|deliverable_object|deadline_or_sequence|recipient_or_handover|document_or_record|regulatory_language|risk_language,evidence,source:ai_generated_from_2026_08_10_dita_handoff_action_boundary_analysis,train,AI generated from 2026-08-10 DITA handoff/action-boundary analysis,human_approved,,,,Rebecca is going to update the audit-plan rationale today.,,"[PREVIOUS]

[CURRENT]
Rebecca is going to update the audit-plan rationale today.
[NEXT]
",,,,,,,
mmt_0405,David agreed to send the supplier evidence pack to Colm before the next review.,legacy_reviewed,document_control_task,confirmed_action,named_owner|explicit_commitment_verb|deliverable_object|deadline_or_sequence|recipient_or_handover|document_or_record,evidence,source:ai_generated_from_2026_08_10_dita_handoff_action_boundary_analysis,train,AI generated from 2026-08-10 DITA handoff/action-boundary analysis,human_approved,,,,David agreed to send the supplier evidence pack to Colm before the next review.,,"[PREVIOUS]

[CURRENT]
David agreed to send the supplier evidence pack to Colm before the next review.
[NEXT]
",,,,,,,
mmt_0406,It would be useful to get the MedEnvoy project plan from Cody.,legacy_reviewed,document_control_task,possible_action,deliverable_object|recipient_or_handover|document_or_record|regulatory_language|hypothetical_language,evidence,source:ai_generated_from_2026_08_10_dita_handoff_action_boundary_analysis,train,AI generated from 2026-08-10 DITA handoff/action-boundary analysis,human_approved,,,,It would be useful to get the MedEnvoy project plan from Cody.,,"[PREVIOUS]

[CURRENT]
It would be useful to get the MedEnvoy project plan from Cody.
[NEXT]
",,,,,,,
mmt_0407,Maybe Jenny could look at the label if Orla has a copy.,legacy_reviewed,document_control_task,possible_action,named_owner|deliverable_object|document_or_record|hypothetical_language,evidence,source:ai_generated_from_2026_08_10_dita_handoff_action_boundary_analysis,train,AI generated from 2026-08-10 DITA handoff/action-boundary analysis,human_approved,,,,Maybe Jenny could look at the label if Orla has a copy.,,"[PREVIOUS]

[CURRENT]
Maybe Jenny could look at the label if Orla has a copy.
[NEXT]
",,,,,,,
mmt_0408,Someone should check the HPRA invoice fee before payment.,legacy_reviewed,regulatory_obligation,possible_action,explicit_commitment_verb|deliverable_object|deadline_or_sequence|document_or_record|regulatory_language|hypothetical_language,evidence,source:ai_generated_from_2026_08_10_dita_handoff_action_boundary_analysis,train,AI generated from 2026-08-10 DITA handoff/action-boundary analysis,human_approved,,,,Someone should check the HPRA invoice fee before payment.,,"[PREVIOUS]

[CURRENT]
Someone should check the HPRA invoice fee before payment.
[NEXT]
",,,,,,,
mmt_0409,We probably need a list of languages for the DoCs.,legacy_reviewed,document_control_task,possible_action,deliverable_object|document_or_record|regulatory_language|hypothetical_language,evidence,source:ai_generated_from_2026_08_10_dita_handoff_action_boundary_analysis,train,AI generated from 2026-08-10 DITA handoff/action-boundary analysis,human_approved,,,,We probably need a list of languages for the DoCs.,,"[PREVIOUS]

[CURRENT]
We probably need a list of languages for the DoCs.
[NEXT]
",,,,,,,
mmt_0410,There might be a follow-up for Cody around the MedEnvoy plan.,legacy_reviewed,discussion_topic,possible_action,named_owner|deliverable_object|document_or_record|hypothetical_language,evidence,source:ai_generated_from_2026_08_10_dita_handoff_action_boundary_analysis,train,AI generated from 2026-08-10 DITA handoff/action-boundary analysis,human_approved,,,,There might be a follow-up for Cody around the MedEnvoy plan.,,"[PREVIOUS]

[CURRENT]
There might be a follow-up for Cody around the MedEnvoy plan.
[NEXT]
",,,,,,,
mmt_0411,It may be worth asking HPRA what the annual fee covers.,legacy_reviewed,regulatory_obligation,possible_action,deliverable_object|document_or_record|regulatory_language|hypothetical_language,evidence,source:ai_generated_from_2026_08_10_dita_handoff_action_boundary_analysis,train,AI generated from 2026-08-10 DITA handoff/action-boundary analysis,human_approved,,,,It may be worth asking HPRA what the annual fee covers.,,"[PREVIOUS]

[CURRENT]
It may be worth asking HPRA what the annual fee covers.
[NEXT]
",,,,,,,
mmt_0412,The label may need a quick review from production.,legacy_reviewed,document_control_task,possible_action,deliverable_object|document_or_record|hypothetical_language,evidence,source:ai_generated_from_2026_08_10_dita_handoff_action_boundary_analysis,train,AI generated from 2026-08-10 DITA handoff/action-boundary analysis,human_approved,,,,The label may need a quick review from production.,,"[PREVIOUS]

[CURRENT]
The label may need a quick review from production.
[NEXT]
",,,,,,,
mmt_0413,Could the team check whether the SRN email has already gone in?,legacy_reviewed,regulatory_obligation,possible_action,explicit_commitment_verb|deliverable_object|document_or_record|regulatory_language|hypothetical_language,evidence,source:ai_generated_from_2026_08_10_dita_handoff_action_boundary_analysis,train,AI generated from 2026-08-10 DITA handoff/action-boundary analysis,human_approved,,,,Could the team check whether the SRN email has already gone in?,,"[PREVIOUS]

[CURRENT]
Could the team check whether the SRN email has already gone in?
[NEXT]
",,,,,,,
mmt_0414,We should probably trace which entity is responsible for UDI upload.,legacy_reviewed,regulatory_obligation,possible_action,explicit_commitment_verb|deliverable_object|regulatory_language|risk_language|hypothetical_language,evidence,source:ai_generated_from_2026_08_10_dita_handoff_action_boundary_analysis,train,AI generated from 2026-08-10 DITA handoff/action-boundary analysis,human_approved,,,,We should probably trace which entity is responsible for UDI upload.,,"[PREVIOUS]

[CURRENT]
We should probably trace which entity is responsible for UDI upload.
[NEXT]
",,,,,,,
mmt_0415,"If Cody has the plan, it would help to bring it into the next call.",legacy_reviewed,document_control_task,possible_action,named_owner|deliverable_object|deadline_or_sequence|document_or_record|hypothetical_language,evidence,source:ai_generated_from_2026_08_10_dita_handoff_action_boundary_analysis,train,AI generated from 2026-08-10 DITA handoff/action-boundary analysis,human_approved,,,,"If Cody has the plan, it would help to bring it into the next call.",,"[PREVIOUS]

[CURRENT]
If Cody has the plan, it would help to bring it into the next call.
[NEXT]
",,,,,,,
mmt_0416,The audit plan could be developed once the risk assessment is finished.,legacy_reviewed,risk_dependency,possible_action,deliverable_object|deadline_or_sequence|document_or_record|risk_language|hypothetical_language,evidence,source:ai_generated_from_2026_08_10_dita_handoff_action_boundary_analysis,train,AI generated from 2026-08-10 DITA handoff/action-boundary analysis,human_approved,,,,The audit plan could be developed once the risk assessment is finished.,,"[PREVIOUS]

[CURRENT]
The audit plan could be developed once the risk assessment is finished.
[NEXT]
",,,,,,,
mmt_0417,There should be an owner for the invoice check.,legacy_reviewed,discussion_topic,possible_action,deliverable_object|document_or_record|hypothetical_language,evidence,source:ai_generated_from_2026_08_10_dita_handoff_action_boundary_analysis,train,AI generated from 2026-08-10 DITA handoff/action-boundary analysis,human_approved,,,,There should be an owner for the invoice check.,,"[PREVIOUS]

[CURRENT]
There should be an owner for the invoice check.
[NEXT]
",,,,,,,
mmt_0418,The legal manufacturer is responsible for UDI registration in EUDAMED.,legacy_reviewed,regulatory_obligation,not_action,regulatory_language|document_or_record,evidence,source:ai_generated_from_2026_08_10_dita_handoff_action_boundary_analysis,train,AI generated from 2026-08-10 DITA handoff/action-boundary analysis,human_approved,,,,The legal manufacturer is responsible for UDI registration in EUDAMED.,,"[PREVIOUS]

[CURRENT]
The legal manufacturer is responsible for UDI registration in EUDAMED.
[NEXT]
",,,,,,,
mmt_0419,Importer and authorised representative registrations must be verified before placing products on the market.,legacy_reviewed,regulatory_obligation,not_action,regulatory_language|deadline_or_sequence|process_sequence,evidence,source:ai_generated_from_2026_08_10_dita_handoff_action_boundary_analysis,train,AI generated from 2026-08-10 DITA handoff/action-boundary analysis,human_approved,,,,Importer and authorised representative registrations must be verified before placing products on the market.,,"[PREVIOUS]

[CURRENT]
Importer and authorised representative registrations must be verified before placing products on the market.
[NEXT]
",,,,,,,
mmt_0420,"The data is entered at Basic UDI, Master UDI and individual UDI levels.",legacy_reviewed,process_overview,not_action,regulatory_language|process_sequence|document_or_record,evidence,source:ai_generated_from_2026_08_10_dita_handoff_action_boundary_analysis,train,AI generated from 2026-08-10 DITA handoff/action-boundary analysis,human_approved,,,,"The data is entered at Basic UDI, Master UDI and individual UDI levels.",,"[PREVIOUS]

[CURRENT]
The data is entered at Basic UDI, Master UDI and individual UDI levels.
[NEXT]
",,,,,,,
mmt_0421,MedEnvoy may already be uploading the data for DITA Inc.,legacy_reviewed,background_context,not_action,named_owner|document_or_record|regulatory_language|hypothetical_language,evidence,source:ai_generated_from_2026_08_10_dita_handoff_action_boundary_analysis,train,AI generated from 2026-08-10 DITA handoff/action-boundary analysis,human_approved,,,,MedEnvoy may already be uploading the data for DITA Inc.,,"[PREVIOUS]

[CURRENT]
MedEnvoy may already be uploading the data for DITA Inc.
[NEXT]
",,,,,,,
mmt_0422,Orla is stuck in the middle between Trinzo and MedEnvoy.,legacy_reviewed,background_context,not_action,named_owner|risk_language,evidence,source:ai_generated_from_2026_08_10_dita_handoff_action_boundary_analysis,train,AI generated from 2026-08-10 DITA handoff/action-boundary analysis,human_approved,,,,Orla is stuck in the middle between Trinzo and MedEnvoy.,,"[PREVIOUS]

[CURRENT]
Orla is stuck in the middle between Trinzo and MedEnvoy.
[NEXT]
",,,,,,,
mmt_0423,There is a risk of duplication or gaps if nobody has oversight of UDI upload.,legacy_reviewed,risk_dependency,not_action,risk_language|regulatory_language|hypothetical_language,evidence,source:ai_generated_from_2026_08_10_dita_handoff_action_boundary_analysis,train,AI generated from 2026-08-10 DITA handoff/action-boundary analysis,human_approved,,,,There is a risk of duplication or gaps if nobody has oversight of UDI upload.,,"[PREVIOUS]

[CURRENT]
There is a risk of duplication or gaps if nobody has oversight of UDI upload.
[NEXT]
",,,,,,,
mmt_0424,The HPRA sent an annual fee invoice for the registered suppliers.,legacy_reviewed,background_context,completed_history,deliverable_object|document_or_record|regulatory_language|completed_tense,evidence,source:ai_generated_from_2026_08_10_dita_handoff_action_boundary_analysis,train,AI generated from 2026-08-10 DITA handoff/action-boundary analysis,human_approved,,,,The HPRA sent an annual fee invoice for the registered suppliers.,,"[PREVIOUS]

[CURRENT]
The HPRA sent an annual fee invoice for the registered suppliers.
[NEXT]
",,,,,,,
mmt_0425,The invoice may relate to four suppliers that are already registered.,legacy_reviewed,background_context,not_action,deliverable_object|document_or_record|regulatory_language|hypothetical_language,evidence,source:ai_generated_from_2026_08_10_dita_handoff_action_boundary_analysis,train,AI generated from 2026-08-10 DITA handoff/action-boundary analysis,human_approved,,,,The invoice may relate to four suppliers that are already registered.,,"[PREVIOUS]

[CURRENT]
The invoice may relate to four suppliers that are already registered.
[NEXT]
",,,,,,,
mmt_0426,The label design is managed by the US team.,legacy_reviewed,background_context,not_action,named_owner|deliverable_object|document_or_record,evidence,source:ai_generated_from_2026_08_10_dita_handoff_action_boundary_analysis,train,AI generated from 2026-08-10 DITA handoff/action-boundary analysis,human_approved,,,,The label design is managed by the US team.,,"[PREVIOUS]

[CURRENT]
The label design is managed by the US team.
[NEXT]
",,,,,,,
mmt_0427,The team discussed whether the warranty booklet counts as an IFU.,legacy_reviewed,discussion_topic,not_action,document_or_record|regulatory_language,evidence,source:ai_generated_from_2026_08_10_dita_handoff_action_boundary_analysis,train,AI generated from 2026-08-10 DITA handoff/action-boundary analysis,human_approved,,,,The team discussed whether the warranty booklet counts as an IFU.,,"[PREVIOUS]

[CURRENT]
The team discussed whether the warranty booklet counts as an IFU.
[NEXT]
",,,,,,,
mmt_0428,You need to be able to demonstrate where the barcode information came from.,legacy_reviewed,regulatory_obligation,not_action,explicit_commitment_verb|deliverable_object|document_or_record|regulatory_language,evidence,source:ai_generated_from_2026_08_10_dita_handoff_action_boundary_analysis,train,AI generated from 2026-08-10 DITA handoff/action-boundary analysis,human_approved,,,,You need to be able to demonstrate where the barcode information came from.,,"[PREVIOUS]

[CURRENT]
You need to be able to demonstrate where the barcode information came from.
[NEXT]
",,,,,,,
mmt_0429,The importer needs to retain records for market surveillance purposes.,legacy_reviewed,regulatory_obligation,not_action,explicit_commitment_verb|deliverable_object|document_or_record|regulatory_language,evidence,source:ai_generated_from_2026_08_10_dita_handoff_action_boundary_analysis,train,AI generated from 2026-08-10 DITA handoff/action-boundary analysis,human_approved,,,,The importer needs to retain records for market surveillance purposes.,,"[PREVIOUS]

[CURRENT]
The importer needs to retain records for market surveillance purposes.
[NEXT]
",,,,,,,
mmt_0430,"The process starts with supplier data, then moves into UDI creation and upload.",legacy_reviewed,process_overview,not_action,process_sequence|regulatory_language|document_or_record,evidence,source:ai_generated_from_2026_08_10_dita_handoff_action_boundary_analysis,train,AI generated from 2026-08-10 DITA handoff/action-boundary analysis,human_approved,,,,"The process starts with supplier data, then moves into UDI creation and upload.",,"[PREVIOUS]

[CURRENT]
The process starts with supplier data, then moves into UDI creation and upload.
[NEXT]
",,,,,,,
mmt_0431,The DoCs are different for MDR devices and PPE category one sunglasses.,legacy_reviewed,regulatory_obligation,not_action,deliverable_object|document_or_record|regulatory_language,evidence,source:ai_generated_from_2026_08_10_dita_handoff_action_boundary_analysis,train,AI generated from 2026-08-10 DITA handoff/action-boundary analysis,human_approved,,,,The DoCs are different for MDR devices and PPE category one sunglasses.,,"[PREVIOUS]

[CURRENT]
The DoCs are different for MDR devices and PPE category one sunglasses.
[NEXT]
",,,,,,,
mmt_0432,Cody had previously reached out about the countries DITA ship to.,legacy_reviewed,background_context,completed_history,named_owner|deliverable_object|completed_tense,evidence,source:ai_generated_from_2026_08_10_dita_handoff_action_boundary_analysis,train,AI generated from 2026-08-10 DITA handoff/action-boundary analysis,human_approved,,,,Cody had previously reached out about the countries DITA ship to.,,"[PREVIOUS]

[CURRENT]
Cody had previously reached out about the countries DITA ship to.
[NEXT]
",,,,,,,
mmt_0433,Jenny checked the FDA database and found no products registered.,legacy_reviewed,background_context,completed_history,named_owner|deliverable_object|document_or_record|regulatory_language|completed_tense,evidence,source:ai_generated_from_2026_08_10_dita_handoff_action_boundary_analysis,train,AI generated from 2026-08-10 DITA handoff/action-boundary analysis,human_approved,,,,Jenny checked the FDA database and found no products registered.,,"[PREVIOUS]

[CURRENT]
Jenny checked the FDA database and found no products registered.
[NEXT]
",,,,,,,
mmt_0434,Jacqui has already shared the QMS manual with Orla.,legacy_reviewed,background_context,completed_history,named_owner|explicit_commitment_verb|recipient_or_handover|deliverable_object|document_or_record|completed_tense,evidence,source:ai_generated_from_2026_08_10_dita_handoff_action_boundary_analysis,train,AI generated from 2026-08-10 DITA handoff/action-boundary analysis,human_approved,,,,Jacqui has already shared the QMS manual with Orla.,,"[PREVIOUS]

[CURRENT]
Jacqui has already shared the QMS manual with Orla.
[NEXT]
",,,,,,,
mmt_0435,Orla already sent the SRN follow-up information to HPRA last week.,legacy_reviewed,background_context,completed_history,named_owner|explicit_commitment_verb|recipient_or_handover|deliverable_object|document_or_record|regulatory_language|completed_tense|deadline_or_sequence,evidence,source:ai_generated_from_2026_08_10_dita_handoff_action_boundary_analysis,train,AI generated from 2026-08-10 DITA handoff/action-boundary analysis,human_approved,,,,Orla already sent the SRN follow-up information to HPRA last week.,,"[PREVIOUS]

[CURRENT]
Orla already sent the SRN follow-up information to HPRA last week.
[NEXT]
",,,,,,,
mmt_0436,The team agreed that MedEnvoy remains the likely route for manufacturer EO registration.,legacy_reviewed,decision_agreement,not_action,decision_language|named_owner|regulatory_language,evidence,source:ai_generated_from_2026_08_10_dita_handoff_action_boundary_analysis,train,AI generated from 2026-08-10 DITA handoff/action-boundary analysis,human_approved,,,,The team agreed that MedEnvoy remains the likely route for manufacturer EO registration.,,"[PREVIOUS]

[CURRENT]
The team agreed that MedEnvoy remains the likely route for manufacturer EO registration.
[NEXT]
",,,,,,,
mmt_0437,It was agreed that the client connect should stay focused on importer obligations.,legacy_reviewed,decision_agreement,not_action,decision_language|regulatory_language,evidence,source:ai_generated_from_2026_08_10_dita_handoff_action_boundary_analysis,train,AI generated from 2026-08-10 DITA handoff/action-boundary analysis,human_approved,,,,It was agreed that the client connect should stay focused on importer obligations.,,"[PREVIOUS]

[CURRENT]
It was agreed that the client connect should stay focused on importer obligations.
[NEXT]
",,,,,,,
mmt_0438,"Before the audit plan can be finalised, the risk assessment needs a stable input set.",legacy_reviewed,risk_dependency,not_action,deadline_or_sequence|deliverable_object|document_or_record|risk_language|regulatory_language,evidence,source:ai_generated_from_2026_08_10_dita_handoff_action_boundary_analysis,train,AI generated from 2026-08-10 DITA handoff/action-boundary analysis,human_approved,,,,"Before the audit plan can be finalised, the risk assessment needs a stable input set.",,"[PREVIOUS]

[CURRENT]
Before the audit plan can be finalised, the risk assessment needs a stable input set.
[NEXT]
",,,,,,,
mmt_0439,The risk assessment informs the audit plan and sampling approach.,legacy_reviewed,process_overview,not_action,process_sequence|deliverable_object|document_or_record|risk_language|regulatory_language,evidence,source:ai_generated_from_2026_08_10_dita_handoff_action_boundary_analysis,train,AI generated from 2026-08-10 DITA handoff/action-boundary analysis,human_approved,,,,The risk assessment informs the audit plan and sampling approach.,,"[PREVIOUS]

[CURRENT]
The risk assessment informs the audit plan and sampling approach.
[NEXT]
",,,,,,,
mmt_0440,The action log was reviewed at the start of the meeting.,legacy_reviewed,background_context,completed_history,deliverable_object|document_or_record|completed_tense,evidence,source:ai_generated_from_2026_08_10_dita_handoff_action_boundary_analysis,train,AI generated from 2026-08-10 DITA handoff/action-boundary analysis,human_approved,,,,The action log was reviewed at the start of the meeting.,,"[PREVIOUS]

[CURRENT]
The action log was reviewed at the start of the meeting.
[NEXT]
",,,,,,,
mmt_0441,The supplier evidence pack had been uploaded before the call.,legacy_reviewed,background_context,completed_history,deliverable_object|document_or_record|completed_tense|deadline_or_sequence,evidence,source:ai_generated_from_2026_08_10_dita_handoff_action_boundary_analysis,train,AI generated from 2026-08-10 DITA handoff/action-boundary analysis,human_approved,,,,The supplier evidence pack had been uploaded before the call.,,"[PREVIOUS]

[CURRENT]
The supplier evidence pack had been uploaded before the call.
[NEXT]
",,,,,,,
mmt_0442,The production barcode is generated from the master data record.,legacy_reviewed,process_overview,not_action,process_sequence|deliverable_object|document_or_record,evidence,source:ai_generated_from_2026_08_10_dita_handoff_action_boundary_analysis,train,AI generated from 2026-08-10 DITA handoff/action-boundary analysis,human_approved,,,,The production barcode is generated from the master data record.,,"[PREVIOUS]

[CURRENT]
The production barcode is generated from the master data record.
[NEXT]
",,,,,,,
mmt_0443,The QMS manual describes how document control is handled.,legacy_reviewed,process_overview,not_action,deliverable_object|document_or_record|process_sequence,evidence,source:ai_generated_from_2026_08_10_dita_handoff_action_boundary_analysis,train,AI generated from 2026-08-10 DITA handoff/action-boundary analysis,human_approved,,,,The QMS manual describes how document control is handled.,,"[PREVIOUS]

[CURRENT]
The QMS manual describes how document control is handled.
[NEXT]
",,,,,,,
mmt_0444,The annual fee invoice is part of the HPRA registration administration.,legacy_reviewed,regulatory_obligation,not_action,deliverable_object|document_or_record|regulatory_language,evidence,source:ai_generated_from_2026_08_10_dita_handoff_action_boundary_analysis,train,AI generated from 2026-08-10 DITA handoff/action-boundary analysis,human_approved,,,,The annual fee invoice is part of the HPRA registration administration.,,"[PREVIOUS]

[CURRENT]
The annual fee invoice is part of the HPRA registration administration.
[NEXT]
",,,,,,,
mmt_0445,There was confusion about whether the SRN was linked to the older registration.,legacy_reviewed,risk_dependency,not_action,deliverable_object|document_or_record|regulatory_language|risk_language,evidence,source:ai_generated_from_2026_08_10_dita_handoff_action_boundary_analysis,train,AI generated from 2026-08-10 DITA handoff/action-boundary analysis,human_approved,,,,There was confusion about whether the SRN was linked to the older registration.,,"[PREVIOUS]

[CURRENT]
There was confusion about whether the SRN was linked to the older registration.
[NEXT]
",,,,,,,
mmt_0446,The team need to understand the importer's role before deciding the audit scope.,legacy_reviewed,risk_dependency,not_action,explicit_commitment_verb|deliverable_object|deadline_or_sequence|regulatory_language|risk_language,evidence,source:ai_generated_from_2026_08_10_dita_handoff_action_boundary_analysis,train,AI generated from 2026-08-10 DITA handoff/action-boundary analysis,human_approved,,,,The team need to understand the importer's role before deciding the audit scope.,,"[PREVIOUS]

[CURRENT]
The team need to understand the importer's role before deciding the audit scope.
[NEXT]
",,,,,,,
mmt_0447,Can I share my screen for a second?,legacy_reviewed,low_value_noise,not_action,,evidence,source:ai_generated_from_2026_08_10_dita_handoff_action_boundary_analysis,train,AI generated from 2026-08-10 DITA handoff/action-boundary analysis,human_approved,,,,Can I share my screen for a second?,,"[PREVIOUS]

[CURRENT]
Can I share my screen for a second?
[NEXT]
",,,,,,,
mmt_0448,I have a hard stop at half eleven.,legacy_reviewed,low_value_noise,not_action,deadline_or_sequence,evidence,source:ai_generated_from_2026_08_10_dita_handoff_action_boundary_analysis,train,AI generated from 2026-08-10 DITA handoff/action-boundary analysis,human_approved,,,,I have a hard stop at half eleven.,,"[PREVIOUS]

[CURRENT]
I have a hard stop at half eleven.
[NEXT]
",,,,,,,
mmt_0449,"Yeah, that makes sense from a compliance perspective.",legacy_reviewed,low_value_noise,not_action,regulatory_language,evidence,source:ai_generated_from_2026_08_10_dita_handoff_action_boundary_analysis,train,AI generated from 2026-08-10 DITA handoff/action-boundary analysis,human_approved,,,,"Yeah, that makes sense from a compliance perspective.",,"[PREVIOUS]

[CURRENT]
Yeah, that makes sense from a compliance perspective.
[NEXT]
",,,,,,,
mmt_0450,Andrew will send the validation report for packaging validation to Colm before the next review.,legacy_reviewed,document_control_task,confirmed_action,named_owner|explicit_commitment_verb|deliverable_object|deadline_or_sequence|recipient_or_handover|document_or_record,evidence,source:ai_generated_from_2026_08_10_dita_handoff_action_boundary_analysis,train,AI generated from 2026-08-10 DITA handoff/action-boundary analysis,human_approved,,,,Andrew will send the validation report for packaging validation to Colm before the next review.,,"[PREVIOUS]

[CURRENT]
Andrew will send the validation report for packaging validation to Colm before the next review.
[NEXT]
",,,,,,,
mmt_0451,The packaging validation discussion covered how the validation report is normally maintained.,legacy_reviewed,process_overview,not_action,deliverable_object|document_or_record|process_sequence,evidence,source:ai_generated_from_2026_08_10_dita_handoff_action_boundary_analysis,train,AI generated from 2026-08-10 DITA handoff/action-boundary analysis,human_approved,,,,The packaging validation discussion covered how the validation report is normally maintained.,,"[PREVIOUS]

[CURRENT]
The packaging validation discussion covered how the validation report is normally maintained.
[NEXT]
",,,,,,,
mmt_0452,It might be useful to check the validation report for packaging validation later.,legacy_reviewed,document_control_task,possible_action,deliverable_object|document_or_record|hypothetical_language|deadline_or_sequence,evidence,source:ai_generated_from_2026_08_10_dita_handoff_action_boundary_analysis,train,AI generated from 2026-08-10 DITA handoff/action-boundary analysis,human_approved,,,,It might be useful to check the validation report for packaging validation later.,,"[PREVIOUS]

[CURRENT]
It might be useful to check the validation report for packaging validation later.
[NEXT]
",,,,,,,
mmt_0453,Andrew had already uploaded the validation report for packaging validation before the call.,legacy_reviewed,background_context,completed_history,named_owner|explicit_commitment_verb|deliverable_object|document_or_record|deadline_or_sequence|completed_tense,evidence,source:ai_generated_from_2026_08_10_dita_handoff_action_boundary_analysis,train,AI generated from 2026-08-10 DITA handoff/action-boundary analysis,human_approved,,,,Andrew had already uploaded the validation report for packaging validation before the call.,,"[PREVIOUS]

[CURRENT]
Andrew had already uploaded the validation report for packaging validation before the call.
[NEXT]
",,,,,,,
mmt_0454,Rebecca will send the process map for warehouse picking to Niamh before the next review.,legacy_reviewed,document_control_task,confirmed_action,named_owner|explicit_commitment_verb|deliverable_object|deadline_or_sequence|recipient_or_handover|document_or_record,evidence,source:ai_generated_from_2026_08_10_dita_handoff_action_boundary_analysis,train,AI generated from 2026-08-10 DITA handoff/action-boundary analysis,human_approved,,,,Rebecca will send the process map for warehouse picking to Niamh before the next review.,,"[PREVIOUS]

[CURRENT]
Rebecca will send the process map for warehouse picking to Niamh before the next review.
[NEXT]
",,,,,,,
mmt_0455,The warehouse picking discussion covered how the process map is normally maintained.,legacy_reviewed,process_overview,not_action,deliverable_object|document_or_record|process_sequence,evidence,source:ai_generated_from_2026_08_10_dita_handoff_action_boundary_analysis,train,AI generated from 2026-08-10 DITA handoff/action-boundary analysis,human_approved,,,,The warehouse picking discussion covered how the process map is normally maintained.,,"[PREVIOUS]

[CURRENT]
The warehouse picking discussion covered how the process map is normally maintained.
[NEXT]
",,,,,,,
mmt_0456,It might be useful to check the process map for warehouse picking later.,legacy_reviewed,document_control_task,possible_action,deliverable_object|document_or_record|hypothetical_language|deadline_or_sequence,evidence,source:ai_generated_from_2026_08_10_dita_handoff_action_boundary_analysis,train,AI generated from 2026-08-10 DITA handoff/action-boundary analysis,human_approved,,,,It might be useful to check the process map for warehouse picking later.,,"[PREVIOUS]

[CURRENT]
It might be useful to check the process map for warehouse picking later.
[NEXT]
",,,,,,,
mmt_0457,Rebecca had already uploaded the process map for warehouse picking before the call.,legacy_reviewed,background_context,completed_history,named_owner|explicit_commitment_verb|deliverable_object|document_or_record|deadline_or_sequence|completed_tense,evidence,source:ai_generated_from_2026_08_10_dita_handoff_action_boundary_analysis,train,AI generated from 2026-08-10 DITA handoff/action-boundary analysis,human_approved,,,,Rebecca had already uploaded the process map for warehouse picking before the call.,,"[PREVIOUS]

[CURRENT]
Rebecca had already uploaded the process map for warehouse picking before the call.
[NEXT]
",,,,,,,
mmt_0458,Sarah will send the attestation form for supplier onboarding to Jacqui before the next review.,legacy_reviewed,document_control_task,confirmed_action,named_owner|explicit_commitment_verb|deliverable_object|deadline_or_sequence|recipient_or_handover|document_or_record,evidence,source:ai_generated_from_2026_08_10_dita_handoff_action_boundary_analysis,train,AI generated from 2026-08-10 DITA handoff/action-boundary analysis,human_approved,,,,Sarah will send the attestation form for supplier onboarding to Jacqui before the next review.,,"[PREVIOUS]

[CURRENT]
Sarah will send the attestation form for supplier onboarding to Jacqui before the next review.
[NEXT]
",,,,,,,
mmt_0459,The supplier onboarding discussion covered how the attestation form is normally maintained.,legacy_reviewed,process_overview,not_action,deliverable_object|document_or_record|process_sequence,evidence,source:ai_generated_from_2026_08_10_dita_handoff_action_boundary_analysis,train,AI generated from 2026-08-10 DITA handoff/action-boundary analysis,human_approved,,,,The supplier onboarding discussion covered how the attestation form is normally maintained.,,"[PREVIOUS]

[CURRENT]
The supplier onboarding discussion covered how the attestation form is normally maintained.
[NEXT]
",,,,,,,
mmt_0460,It might be useful to check the attestation form for supplier onboarding later.,legacy_reviewed,document_control_task,possible_action,deliverable_object|document_or_record|hypothetical_language|deadline_or_sequence,evidence,source:ai_generated_from_2026_08_10_dita_handoff_action_boundary_analysis,train,AI generated from 2026-08-10 DITA handoff/action-boundary analysis,human_approved,,,,It might be useful to check the attestation form for supplier onboarding later.,,"[PREVIOUS]

[CURRENT]
It might be useful to check the attestation form for supplier onboarding later.
[NEXT]
",,,,,,,
mmt_0461,Sarah had already uploaded the attestation form for supplier onboarding before the call.,legacy_reviewed,background_context,completed_history,named_owner|explicit_commitment_verb|deliverable_object|document_or_record|deadline_or_sequence|completed_tense,evidence,source:ai_generated_from_2026_08_10_dita_handoff_action_boundary_analysis,train,AI generated from 2026-08-10 DITA handoff/action-boundary analysis,human_approved,,,,Sarah had already uploaded the attestation form for supplier onboarding before the call.,,"[PREVIOUS]

[CURRENT]
Sarah had already uploaded the attestation form for supplier onboarding before the call.
[NEXT]
",,,,,,,
mmt_0462,David will send the access list for SharePoint permissions to Claire before the next review.,legacy_reviewed,document_control_task,confirmed_action,named_owner|explicit_commitment_verb|deliverable_object|deadline_or_sequence|recipient_or_handover|document_or_record,evidence,source:ai_generated_from_2026_08_10_dita_handoff_action_boundary_analysis,train,AI generated from 2026-08-10 DITA handoff/action-boundary analysis,human_approved,,,,David will send the access list for SharePoint permissions to Claire before the next review.,,"[PREVIOUS]

[CURRENT]
David will send the access list for SharePoint permissions to Claire before the next review.
[NEXT]
",,,,,,,
mmt_0463,The SharePoint permissions discussion covered how the access list is normally maintained.,legacy_reviewed,process_overview,not_action,deliverable_object|document_or_record|process_sequence,evidence,source:ai_generated_from_2026_08_10_dita_handoff_action_boundary_analysis,train,AI generated from 2026-08-10 DITA handoff/action-boundary analysis,human_approved,,,,The SharePoint permissions discussion covered how the access list is normally maintained.,,"[PREVIOUS]

[CURRENT]
The SharePoint permissions discussion covered how the access list is normally maintained.
[NEXT]
",,,,,,,
mmt_0464,It might be useful to check the access list for SharePoint permissions later.,legacy_reviewed,document_control_task,possible_action,deliverable_object|document_or_record|hypothetical_language|deadline_or_sequence,evidence,source:ai_generated_from_2026_08_10_dita_handoff_action_boundary_analysis,train,AI generated from 2026-08-10 DITA handoff/action-boundary analysis,human_approved,,,,It might be useful to check the access list for SharePoint permissions later.,,"[PREVIOUS]

[CURRENT]
It might be useful to check the access list for SharePoint permissions later.
[NEXT]
",,,,,,,
mmt_0465,David had already uploaded the access list for SharePoint permissions before the call.,legacy_reviewed,background_context,completed_history,named_owner|explicit_commitment_verb|deliverable_object|document_or_record|deadline_or_sequence|completed_tense,evidence,source:ai_generated_from_2026_08_10_dita_handoff_action_boundary_analysis,train,AI generated from 2026-08-10 DITA handoff/action-boundary analysis,human_approved,,,,David had already uploaded the access list for SharePoint permissions before the call.,,"[PREVIOUS]

[CURRENT]
David had already uploaded the access list for SharePoint permissions before the call.
[NEXT]
",,,,,,,
mmt_0466,John-Paul will send the change request for change control to Stuart before the next review.,legacy_reviewed,document_control_task,confirmed_action,named_owner|explicit_commitment_verb|deliverable_object|deadline_or_sequence|recipient_or_handover|document_or_record,evidence,source:ai_generated_from_2026_08_10_dita_handoff_action_boundary_analysis,train,AI generated from 2026-08-10 DITA handoff/action-boundary analysis,human_approved,,,,John-Paul will send the change request for change control to Stuart before the next review.,,"[PREVIOUS]

[CURRENT]
John-Paul will send the change request for change control to Stuart before the next review.
[NEXT]
",,,,,,,
mmt_0467,The change control discussion covered how the change request is normally maintained.,legacy_reviewed,process_overview,not_action,deliverable_object|document_or_record|process_sequence,evidence,source:ai_generated_from_2026_08_10_dita_handoff_action_boundary_analysis,train,AI generated from 2026-08-10 DITA handoff/action-boundary analysis,human_approved,,,,The change control discussion covered how the change request is normally maintained.,,"[PREVIOUS]

[CURRENT]
The change control discussion covered how the change request is normally maintained.
[NEXT]
",,,,,,,
mmt_0468,It might be useful to check the change request for change control later.,legacy_reviewed,document_control_task,possible_action,deliverable_object|document_or_record|hypothetical_language|deadline_or_sequence,evidence,source:ai_generated_from_2026_08_10_dita_handoff_action_boundary_analysis,train,AI generated from 2026-08-10 DITA handoff/action-boundary analysis,human_approved,,,,It might be useful to check the change request for change control later.,,"[PREVIOUS]

[CURRENT]
It might be useful to check the change request for change control later.
[NEXT]
",,,,,,,
mmt_0469,John-Paul had already uploaded the change request for change control before the call.,legacy_reviewed,background_context,completed_history,named_owner|explicit_commitment_verb|deliverable_object|document_or_record|deadline_or_sequence|completed_tense,evidence,source:ai_generated_from_2026_08_10_dita_handoff_action_boundary_analysis,train,AI generated from 2026-08-10 DITA handoff/action-boundary analysis,human_approved,,,,John-Paul had already uploaded the change request for change control before the call.,,"[PREVIOUS]

[CURRENT]
John-Paul had already uploaded the change request for change control before the call.
[NEXT]
",,,,,,,
mmt_0470,Niamh will send the attendance log for training records to Rebecca before the next review.,legacy_reviewed,document_control_task,confirmed_action,named_owner|explicit_commitment_verb|deliverable_object|deadline_or_sequence|recipient_or_handover|document_or_record,evidence,source:ai_generated_from_2026_08_10_dita_handoff_action_boundary_analysis,train,AI generated from 2026-08-10 DITA handoff/action-boundary analysis,human_approved,,,,Niamh will send the attendance log for training records to Rebecca before the next review.,,"[PREVIOUS]

[CURRENT]
Niamh will send the attendance log for training records to Rebecca before the next review.
[NEXT]
",,,,,,,
mmt_0471,The training records discussion covered how the attendance log is normally maintained.,legacy_reviewed,process_overview,not_action,deliverable_object|document_or_record|process_sequence,evidence,source:ai_generated_from_2026_08_10_dita_handoff_action_boundary_analysis,train,AI generated from 2026-08-10 DITA handoff/action-boundary analysis,human_approved,,,,The training records discussion covered how the attendance log is normally maintained.,,"[PREVIOUS]

[CURRENT]
The training records discussion covered how the attendance log is normally maintained.
[NEXT]
",,,,,,,
mmt_0472,It might be useful to check the attendance log for training records later.,legacy_reviewed,document_control_task,possible_action,deliverable_object|document_or_record|hypothetical_language|deadline_or_sequence,evidence,source:ai_generated_from_2026_08_10_dita_handoff_action_boundary_analysis,train,AI generated from 2026-08-10 DITA handoff/action-boundary analysis,human_approved,,,,It might be useful to check the attendance log for training records later.,,"[PREVIOUS]

[CURRENT]
It might be useful to check the attendance log for training records later.
[NEXT]
",,,,,,,
mmt_0473,Niamh had already uploaded the attendance log for training records before the call.,legacy_reviewed,background_context,completed_history,named_owner|explicit_commitment_verb|deliverable_object|document_or_record|deadline_or_sequence|completed_tense,evidence,source:ai_generated_from_2026_08_10_dita_handoff_action_boundary_analysis,train,AI generated from 2026-08-10 DITA handoff/action-boundary analysis,human_approved,,,,Niamh had already uploaded the attendance log for training records before the call.,,"[PREVIOUS]

[CURRENT]
Niamh had already uploaded the attendance log for training records before the call.
[NEXT]
",,,,,,,
mmt_0474,Jacqui will send the certificate tracker for calibration to Colm before the next review.,legacy_reviewed,document_control_task,confirmed_action,named_owner|explicit_commitment_verb|deliverable_object|deadline_or_sequence|recipient_or_handover|document_or_record,evidence,source:ai_generated_from_2026_08_10_dita_handoff_action_boundary_analysis,train,AI generated from 2026-08-10 DITA handoff/action-boundary analysis,human_approved,,,,Jacqui will send the certificate tracker for calibration to Colm before the next review.,,"[PREVIOUS]

[CURRENT]
Jacqui will send the certificate tracker for calibration to Colm before the next review.
[NEXT]
",,,,,,,
mmt_0475,The calibration discussion covered how the certificate tracker is normally maintained.,legacy_reviewed,process_overview,not_action,deliverable_object|document_or_record|process_sequence,evidence,source:ai_generated_from_2026_08_10_dita_handoff_action_boundary_analysis,train,AI generated from 2026-08-10 DITA handoff/action-boundary analysis,human_approved,,,,The calibration discussion covered how the certificate tracker is normally maintained.,,"[PREVIOUS]

[CURRENT]
The calibration discussion covered how the certificate tracker is normally maintained.
[NEXT]
",,,,,,,
mmt_0476,It might be useful to check the certificate tracker for calibration later.,legacy_reviewed,document_control_task,possible_action,deliverable_object|document_or_record|hypothetical_language|deadline_or_sequence,evidence,source:ai_generated_from_2026_08_10_dita_handoff_action_boundary_analysis,train,AI generated from 2026-08-10 DITA handoff/action-boundary analysis,human_approved,,,,It might be useful to check the certificate tracker for calibration later.,,"[PREVIOUS]

[CURRENT]
It might be useful to check the certificate tracker for calibration later.
[NEXT]
",,,,,,,
mmt_0477,Jacqui had already uploaded the certificate tracker for calibration before the call.,legacy_reviewed,background_context,completed_history,named_owner|explicit_commitment_verb|deliverable_object|document_or_record|deadline_or_sequence|completed_tense,evidence,source:ai_generated_from_2026_08_10_dita_handoff_action_boundary_analysis,train,AI generated from 2026-08-10 DITA handoff/action-boundary analysis,human_approved,,,,Jacqui had already uploaded the certificate tracker for calibration before the call.,,"[PREVIOUS]

[CURRENT]
Jacqui had already uploaded the certificate tracker for calibration before the call.
[NEXT]
",,,,,,,
mmt_0478,Stuart will send the evidence index for audit readiness to Niamh before the next review.,legacy_reviewed,document_control_task,confirmed_action,named_owner|explicit_commitment_verb|deliverable_object|deadline_or_sequence|recipient_or_handover|document_or_record,evidence,source:ai_generated_from_2026_08_10_dita_handoff_action_boundary_analysis,train,AI generated from 2026-08-10 DITA handoff/action-boundary analysis,human_approved,,,,Stuart will send the evidence index for audit readiness to Niamh before the next review.,,"[PREVIOUS]

[CURRENT]
Stuart will send the evidence index for audit readiness to Niamh before the next review.
[NEXT]
",,,,,,,
mmt_0479,The audit readiness discussion covered how the evidence index is normally maintained.,legacy_reviewed,process_overview,not_action,deliverable_object|document_or_record|process_sequence,evidence,source:ai_generated_from_2026_08_10_dita_handoff_action_boundary_analysis,train,AI generated from 2026-08-10 DITA handoff/action-boundary analysis,human_approved,,,,The audit readiness discussion covered how the evidence index is normally maintained.,,"[PREVIOUS]

[CURRENT]
The audit readiness discussion covered how the evidence index is normally maintained.
[NEXT]
",,,,,,,
mmt_0480,It might be useful to check the evidence index for audit readiness later.,legacy_reviewed,document_control_task,possible_action,deliverable_object|document_or_record|hypothetical_language|deadline_or_sequence,evidence,source:ai_generated_from_2026_08_10_dita_handoff_action_boundary_analysis,train,AI generated from 2026-08-10 DITA handoff/action-boundary analysis,human_approved,,,,It might be useful to check the evidence index for audit readiness later.,,"[PREVIOUS]

[CURRENT]
It might be useful to check the evidence index for audit readiness later.
[NEXT]
",,,,,,,
mmt_0481,Stuart had already uploaded the evidence index for audit readiness before the call.,legacy_reviewed,background_context,completed_history,named_owner|explicit_commitment_verb|deliverable_object|document_or_record|deadline_or_sequence|completed_tense,evidence,source:ai_generated_from_2026_08_10_dita_handoff_action_boundary_analysis,train,AI generated from 2026-08-10 DITA handoff/action-boundary analysis,human_approved,,,,Stuart had already uploaded the evidence index for audit readiness before the call.,,"[PREVIOUS]

[CURRENT]
Stuart had already uploaded the evidence index for audit readiness before the call.
[NEXT]
",,,,,,,
mmt_0482,Orla to review the QMS Manual shared by the Trinzo team.,legacy_reviewed,document_control_task,confirmed_action,named_owner|explicit_commitment_verb|deliverable_object|document_or_record|regulatory_language|recipient_or_handover,evidence,source:ai_generated_from_2026_08_10_ownership_framing_weak_spot_analysis,train,AI generated from 2026-08-10 ownership/framing weak-spot analysis,human_approved,,,,Orla to review the QMS Manual shared by the Trinzo team.,,"[PREVIOUS]

[CURRENT]
Orla to review the QMS Manual shared by the Trinzo team.
[NEXT]
",,,,,,,
mmt_0483,Orla will review the QMS Manual that Jacqui is sending through after the call.,legacy_reviewed,document_control_task,confirmed_action,named_owner|explicit_commitment_verb|deliverable_object|document_or_record|regulatory_language|recipient_or_handover|deadline_or_sequence,evidence,source:ai_generated_from_2026_08_10_ownership_framing_weak_spot_analysis,train,AI generated from 2026-08-10 ownership/framing weak-spot analysis,human_approved,,,,Orla will review the QMS Manual that Jacqui is sending through after the call.,,"[PREVIOUS]

[CURRENT]
Orla will review the QMS Manual that Jacqui is sending through after the call.
[NEXT]
",,,,,,,
mmt_0484,Action: Orla to review the quality manual from Mark and raise any questions.,legacy_reviewed,document_control_task,confirmed_action,named_owner|explicit_commitment_verb|deliverable_object|document_or_record|regulatory_language,evidence,source:ai_generated_from_2026_08_10_ownership_framing_weak_spot_analysis,train,AI generated from 2026-08-10 ownership/framing weak-spot analysis,human_approved,,,,Action: Orla to review the quality manual from Mark and raise any questions.,,"[PREVIOUS]

[CURRENT]
Action: Orla to review the quality manual from Mark and raise any questions.
[NEXT]
",,,,,,,
mmt_0485,Orla to review the QMS manual before the next client connect.,legacy_reviewed,document_control_task,confirmed_action,named_owner|explicit_commitment_verb|deliverable_object|document_or_record|regulatory_language|deadline_or_sequence,evidence,source:ai_generated_from_2026_08_10_ownership_framing_weak_spot_analysis,train,AI generated from 2026-08-10 ownership/framing weak-spot analysis,human_approved,,,,Orla to review the QMS manual before the next client connect.,,"[PREVIOUS]

[CURRENT]
Orla to review the QMS manual before the next client connect.
[NEXT]
",,,,,,,
mmt_0486,Orla will read the QMS manual and come back with questions for Jacqui.,legacy_reviewed,document_control_task,confirmed_action,named_owner|explicit_commitment_verb|deliverable_object|document_or_record|regulatory_language,evidence,source:ai_generated_from_2026_08_10_ownership_framing_weak_spot_analysis,train,AI generated from 2026-08-10 ownership/framing weak-spot analysis,human_approved,,,,Orla will read the QMS manual and come back with questions for Jacqui.,,"[PREVIOUS]

[CURRENT]
Orla will read the QMS manual and come back with questions for Jacqui.
[NEXT]
",,,,,,,
mmt_0487,Orla to review that document as well before next week.,legacy_reviewed,document_control_task,confirmed_action,named_owner|explicit_commitment_verb|deliverable_object|document_or_record|regulatory_language|deadline_or_sequence,evidence,source:ai_generated_from_2026_08_10_ownership_framing_weak_spot_analysis,train,AI generated from 2026-08-10 ownership/framing weak-spot analysis,human_approved,,,,Orla to review that document as well before next week.,,"[PREVIOUS]

[CURRENT]
Orla to review that document as well before next week.
[NEXT]
",,,,,,,
mmt_0488,Orla to share a copy of the new label with Jenny for review.,legacy_reviewed,document_control_task,confirmed_action,named_owner|explicit_commitment_verb|deliverable_object|document_or_record|regulatory_language|recipient_or_handover,evidence,source:ai_generated_from_2026_08_10_ownership_framing_weak_spot_analysis,train,AI generated from 2026-08-10 ownership/framing weak-spot analysis,human_approved,,,,Orla to share a copy of the new label with Jenny for review.,,"[PREVIOUS]

[CURRENT]
Orla to share a copy of the new label with Jenny for review.
[NEXT]
",,,,,,,
mmt_0489,Orla will send Jenny the updated outer-box label so Jenny can review importer requirements.,legacy_reviewed,document_control_task,confirmed_action,named_owner|explicit_commitment_verb|deliverable_object|document_or_record|regulatory_language|recipient_or_handover,evidence,source:ai_generated_from_2026_08_10_ownership_framing_weak_spot_analysis,train,AI generated from 2026-08-10 ownership/framing weak-spot analysis,human_approved,,,,Orla will send Jenny the updated outer-box label so Jenny can review importer requirements.,,"[PREVIOUS]

[CURRENT]
Orla will send Jenny the updated outer-box label so Jenny can review importer requirements.
[NEXT]
",,,,,,,
mmt_0490,Action: Orla to send the current label artwork to Jenny for review.,legacy_reviewed,document_control_task,confirmed_action,named_owner|explicit_commitment_verb|deliverable_object|document_or_record|regulatory_language|recipient_or_handover,evidence,source:ai_generated_from_2026_08_10_ownership_framing_weak_spot_analysis,train,AI generated from 2026-08-10 ownership/framing weak-spot analysis,human_approved,,,,Action: Orla to send the current label artwork to Jenny for review.,,"[PREVIOUS]

[CURRENT]
Action: Orla to send the current label artwork to Jenny for review.
[NEXT]
",,,,,,,
mmt_0491,"Orla to share the label design with Jenny, who will review it from an importer point of view.",legacy_reviewed,document_control_task,confirmed_action,named_owner|explicit_commitment_verb|deliverable_object|document_or_record|regulatory_language|recipient_or_handover,evidence,source:ai_generated_from_2026_08_10_ownership_framing_weak_spot_analysis,train,AI generated from 2026-08-10 ownership/framing weak-spot analysis,human_approved,,,,"Orla to share the label design with Jenny, who will review it from an importer point of view.",,"[PREVIOUS]

[CURRENT]
Orla to share the label design with Jenny, who will review it from an importer point of view.
[NEXT]
",,,,,,,
mmt_0492,Orla will provide Jenny with the product box label for regulatory review.,legacy_reviewed,document_control_task,confirmed_action,named_owner|explicit_commitment_verb|deliverable_object|document_or_record|regulatory_language|recipient_or_handover,evidence,source:ai_generated_from_2026_08_10_ownership_framing_weak_spot_analysis,train,AI generated from 2026-08-10 ownership/framing weak-spot analysis,human_approved,,,,Orla will provide Jenny with the product box label for regulatory review.,,"[PREVIOUS]

[CURRENT]
Orla will provide Jenny with the product box label for regulatory review.
[NEXT]
",,,,,,,
mmt_0493,Orla to circulate the label snapshot to Jenny and John-Paul for review.,legacy_reviewed,document_control_task,confirmed_action,named_owner|explicit_commitment_verb|deliverable_object|document_or_record|regulatory_language|recipient_or_handover,evidence,source:ai_generated_from_2026_08_10_ownership_framing_weak_spot_analysis,train,AI generated from 2026-08-10 ownership/framing weak-spot analysis,human_approved,,,,Orla to circulate the label snapshot to Jenny and John-Paul for review.,,"[PREVIOUS]

[CURRENT]
Orla to circulate the label snapshot to Jenny and John-Paul for review.
[NEXT]
",,,,,,,
mmt_0494,Orla to share a list of all languages for the DoCs.,legacy_reviewed,document_control_task,confirmed_action,named_owner|explicit_commitment_verb|deliverable_object|document_or_record|regulatory_language|recipient_or_handover,evidence,source:ai_generated_from_2026_08_10_ownership_framing_weak_spot_analysis,train,AI generated from 2026-08-10 ownership/framing weak-spot analysis,human_approved,,,,Orla to share a list of all languages for the DoCs.,,"[PREVIOUS]

[CURRENT]
Orla to share a list of all languages for the DoCs.
[NEXT]
",,,,,,,
mmt_0495,Orla will send the country and language list for the Declarations of Conformity.,legacy_reviewed,document_control_task,confirmed_action,named_owner|explicit_commitment_verb|deliverable_object|document_or_record|regulatory_language|recipient_or_handover,evidence,source:ai_generated_from_2026_08_10_ownership_framing_weak_spot_analysis,train,AI generated from 2026-08-10 ownership/framing weak-spot analysis,human_approved,,,,Orla will send the country and language list for the Declarations of Conformity.,,"[PREVIOUS]

[CURRENT]
Orla will send the country and language list for the Declarations of Conformity.
[NEXT]
",,,,,,,
mmt_0496,Action: Orla to confirm the countries shipped to and share the language list for DoCs.,legacy_reviewed,document_control_task,confirmed_action,named_owner|explicit_commitment_verb|deliverable_object|document_or_record|regulatory_language|recipient_or_handover,evidence,source:ai_generated_from_2026_08_10_ownership_framing_weak_spot_analysis,train,AI generated from 2026-08-10 ownership/framing weak-spot analysis,human_approved,,,,Action: Orla to confirm the countries shipped to and share the language list for DoCs.,,"[PREVIOUS]

[CURRENT]
Action: Orla to confirm the countries shipped to and share the language list for DoCs.
[NEXT]
",,,,,,,
mmt_0497,Orla to check with Cody and provide the final country list for DoC language requirements.,legacy_reviewed,document_control_task,confirmed_action,named_owner|explicit_commitment_verb|deliverable_object|document_or_record|regulatory_language|recipient_or_handover,evidence,source:ai_generated_from_2026_08_10_ownership_framing_weak_spot_analysis,train,AI generated from 2026-08-10 ownership/framing weak-spot analysis,human_approved,,,,Orla to check with Cody and provide the final country list for DoC language requirements.,,"[PREVIOUS]

[CURRENT]
Orla to check with Cody and provide the final country list for DoC language requirements.
[NEXT]
",,,,,,,
mmt_0498,John-Paul to review the DoCs for sunglasses for MDR and PPE compliance.,legacy_reviewed,document_control_task,confirmed_action,named_owner|explicit_commitment_verb|deliverable_object|document_or_record|regulatory_language,evidence,source:ai_generated_from_2026_08_10_ownership_framing_weak_spot_analysis,train,AI generated from 2026-08-10 ownership/framing weak-spot analysis,human_approved,,,,John-Paul to review the DoCs for sunglasses for MDR and PPE compliance.,,"[PREVIOUS]

[CURRENT]
John-Paul to review the DoCs for sunglasses for MDR and PPE compliance.
[NEXT]
",,,,,,,
mmt_0499,John-Paul will review the declarations of conformity against MDR and PPE requirements.,legacy_reviewed,document_control_task,confirmed_action,named_owner|explicit_commitment_verb|deliverable_object|document_or_record|regulatory_language,evidence,source:ai_generated_from_2026_08_10_ownership_framing_weak_spot_analysis,train,AI generated from 2026-08-10 ownership/framing weak-spot analysis,human_approved,,,,John-Paul will review the declarations of conformity against MDR and PPE requirements.,,"[PREVIOUS]

[CURRENT]
John-Paul will review the declarations of conformity against MDR and PPE requirements.
[NEXT]
",,,,,,,
mmt_0500,Action: John-Paul to check the sunglasses DoC for MDR and PPE compliance.,legacy_reviewed,document_control_task,confirmed_action,named_owner|explicit_commitment_verb|deliverable_object|document_or_record|regulatory_language,evidence,source:ai_generated_from_2026_08_10_ownership_framing_weak_spot_analysis,train,AI generated from 2026-08-10 ownership/framing weak-spot analysis,human_approved,,,,Action: John-Paul to check the sunglasses DoC for MDR and PPE compliance.,,"[PREVIOUS]

[CURRENT]
Action: John-Paul to check the sunglasses DoC for MDR and PPE compliance.
[NEXT]
",,,,,,,
mmt_0501,John-Paul to update any DoC risk rationale gaps after reviewing MDR and PPE compliance.,legacy_reviewed,document_control_task,confirmed_action,named_owner|explicit_commitment_verb|deliverable_object|document_or_record|regulatory_language|deadline_or_sequence,evidence,source:ai_generated_from_2026_08_10_ownership_framing_weak_spot_analysis,train,AI generated from 2026-08-10 ownership/framing weak-spot analysis,human_approved,,,,John-Paul to update any DoC risk rationale gaps after reviewing MDR and PPE compliance.,,"[PREVIOUS]

[CURRENT]
John-Paul to update any DoC risk rationale gaps after reviewing MDR and PPE compliance.
[NEXT]
",,,,,,,
mmt_0502,Jacqui to review the HPRA invoice fee before Dita pays it.,legacy_reviewed,document_control_task,confirmed_action,named_owner|explicit_commitment_verb|deliverable_object|document_or_record|regulatory_language|deadline_or_sequence,evidence,source:ai_generated_from_2026_08_10_ownership_framing_weak_spot_analysis,train,AI generated from 2026-08-10 ownership/framing weak-spot analysis,human_approved,,,,Jacqui to review the HPRA invoice fee before Dita pays it.,,"[PREVIOUS]

[CURRENT]
Jacqui to review the HPRA invoice fee before Dita pays it.
[NEXT]
",,,,,,,
mmt_0503,Jacqui will review the HPRA invoice and fee with Colm before payment.,legacy_reviewed,document_control_task,confirmed_action,named_owner|explicit_commitment_verb|deliverable_object|document_or_record|regulatory_language|deadline_or_sequence,evidence,source:ai_generated_from_2026_08_10_ownership_framing_weak_spot_analysis,train,AI generated from 2026-08-10 ownership/framing weak-spot analysis,human_approved,,,,Jacqui will review the HPRA invoice and fee with Colm before payment.,,"[PREVIOUS]

[CURRENT]
Jacqui will review the HPRA invoice and fee with Colm before payment.
[NEXT]
",,,,,,,
mmt_0504,Action: Jacqui to check the HPRA annual fee invoice and advise Orla.,legacy_reviewed,document_control_task,confirmed_action,named_owner|explicit_commitment_verb|deliverable_object|document_or_record|regulatory_language,evidence,source:ai_generated_from_2026_08_10_ownership_framing_weak_spot_analysis,train,AI generated from 2026-08-10 ownership/framing weak-spot analysis,human_approved,,,,Action: Jacqui to check the HPRA annual fee invoice and advise Orla.,,"[PREVIOUS]

[CURRENT]
Action: Jacqui to check the HPRA annual fee invoice and advise Orla.
[NEXT]
",,,,,,,
mmt_0505,Jacqui and Colm to review the HPRA invoice fee and confirm whether it is correct.,legacy_reviewed,document_control_task,confirmed_action,named_owner|explicit_commitment_verb|deliverable_object|document_or_record|regulatory_language,evidence,source:ai_generated_from_2026_08_10_ownership_framing_weak_spot_analysis,train,AI generated from 2026-08-10 ownership/framing weak-spot analysis,human_approved,,,,Jacqui and Colm to review the HPRA invoice fee and confirm whether it is correct.,,"[PREVIOUS]

[CURRENT]
Jacqui and Colm to review the HPRA invoice fee and confirm whether it is correct.
[NEXT]
",,,,,,,
mmt_0506,Jacqui to have a look at the HPRA bill and talk to Liam for direction.,legacy_reviewed,document_control_task,confirmed_action,named_owner|explicit_commitment_verb|deliverable_object|document_or_record|regulatory_language,evidence,source:ai_generated_from_2026_08_10_ownership_framing_weak_spot_analysis,train,AI generated from 2026-08-10 ownership/framing weak-spot analysis,human_approved,,,,Jacqui to have a look at the HPRA bill and talk to Liam for direction.,,"[PREVIOUS]

[CURRENT]
Jacqui to have a look at the HPRA bill and talk to Liam for direction.
[NEXT]
",,,,,,,
mmt_0507,Jacqui to review the HPRA invoice and SRN email for reference.,legacy_reviewed,document_control_task,confirmed_action,named_owner|explicit_commitment_verb|deliverable_object|document_or_record|regulatory_language,evidence,source:ai_generated_from_2026_08_10_ownership_framing_weak_spot_analysis,train,AI generated from 2026-08-10 ownership/framing weak-spot analysis,human_approved,,,,Jacqui to review the HPRA invoice and SRN email for reference.,,"[PREVIOUS]

[CURRENT]
Jacqui to review the HPRA invoice and SRN email for reference.
[NEXT]
",,,,,,,
mmt_0508,Orla to follow up with Cody for a copy of the MedEnvoy project plan for manufacturer EO.,legacy_reviewed,document_control_task,confirmed_action,named_owner|explicit_commitment_verb|deliverable_object|document_or_record|regulatory_language|recipient_or_handover,evidence,source:ai_generated_from_2026_08_10_ownership_framing_weak_spot_analysis,train,AI generated from 2026-08-10 ownership/framing weak-spot analysis,human_approved,,,,Orla to follow up with Cody for a copy of the MedEnvoy project plan for manufacturer EO.,,"[PREVIOUS]

[CURRENT]
Orla to follow up with Cody for a copy of the MedEnvoy project plan for manufacturer EO.
[NEXT]
",,,,,,,
mmt_0509,Orla will ask Cody for the MedEnvoy task list so Trinzo can avoid duplication.,legacy_reviewed,document_control_task,confirmed_action,named_owner|explicit_commitment_verb|deliverable_object|document_or_record|regulatory_language|recipient_or_handover,evidence,source:ai_generated_from_2026_08_10_ownership_framing_weak_spot_analysis,train,AI generated from 2026-08-10 ownership/framing weak-spot analysis,human_approved,,,,Orla will ask Cody for the MedEnvoy task list so Trinzo can avoid duplication.,,"[PREVIOUS]

[CURRENT]
Orla will ask Cody for the MedEnvoy task list so Trinzo can avoid duplication.
[NEXT]
",,,,,,,
mmt_0510,Action: Orla to mention the MedEnvoy project plan request to Cody on her call.,legacy_reviewed,document_control_task,confirmed_action,named_owner|explicit_commitment_verb|deliverable_object|document_or_record|regulatory_language|recipient_or_handover,evidence,source:ai_generated_from_2026_08_10_ownership_framing_weak_spot_analysis,train,AI generated from 2026-08-10 ownership/framing weak-spot analysis,human_approved,,,,Action: Orla to mention the MedEnvoy project plan request to Cody on her call.,,"[PREVIOUS]

[CURRENT]
Action: Orla to mention the MedEnvoy project plan request to Cody on her call.
[NEXT]
",,,,,,,
mmt_0511,Orla to get the MedEnvoy project plan or task list from Cody.,legacy_reviewed,document_control_task,confirmed_action,named_owner|explicit_commitment_verb|deliverable_object|document_or_record|regulatory_language|recipient_or_handover,evidence,source:ai_generated_from_2026_08_10_ownership_framing_weak_spot_analysis,train,AI generated from 2026-08-10 ownership/framing weak-spot analysis,human_approved,,,,Orla to get the MedEnvoy project plan or task list from Cody.,,"[PREVIOUS]

[CURRENT]
Orla to get the MedEnvoy project plan or task list from Cody.
[NEXT]
",,,,,,,
mmt_0512,Jacqui will flick this over to Orla.,legacy_reviewed,document_control_task,possible_action,named_owner|explicit_commitment_verb|deliverable_object|document_or_record|regulatory_language|recipient_or_handover,evidence,source:ai_generated_from_2026_08_10_ownership_framing_weak_spot_analysis,train,AI generated from 2026-08-10 ownership/framing weak-spot analysis,human_approved,,,,Jacqui will flick this over to Orla.,,"[PREVIOUS]

[CURRENT]
Jacqui will flick this over to Orla.
[NEXT]
",,,,,,,
mmt_0513,I will flick this over to Orla.,legacy_reviewed,document_control_task,possible_action,named_owner|explicit_commitment_verb|deliverable_object|document_or_record|regulatory_language|recipient_or_handover,evidence,source:ai_generated_from_2026_08_10_ownership_framing_weak_spot_analysis,train,AI generated from 2026-08-10 ownership/framing weak-spot analysis,human_approved,,,,I will flick this over to Orla.,,"[PREVIOUS]

[CURRENT]
I will flick this over to Orla.
[NEXT]
",,,,,,,
mmt_0514,Jenny said she could have a look at the label if wanted.,legacy_reviewed,document_control_task,possible_action,named_owner|explicit_commitment_verb|deliverable_object|document_or_record|regulatory_language|hypothetical_language,evidence,source:ai_generated_from_2026_08_10_ownership_framing_weak_spot_analysis,train,AI generated from 2026-08-10 ownership/framing weak-spot analysis,human_approved,,,,Jenny said she could have a look at the label if wanted.,,"[PREVIOUS]

[CURRENT]
Jenny said she could have a look at the label if wanted.
[NEXT]
",,,,,,,
mmt_0515,Jenny could review the label from an importer point of view.,legacy_reviewed,document_control_task,possible_action,named_owner|explicit_commitment_verb|deliverable_object|document_or_record|regulatory_language|hypothetical_language,evidence,source:ai_generated_from_2026_08_10_ownership_framing_weak_spot_analysis,train,AI generated from 2026-08-10 ownership/framing weak-spot analysis,human_approved,,,,Jenny could review the label from an importer point of view.,,"[PREVIOUS]

[CURRENT]
Jenny could review the label from an importer point of view.
[NEXT]
",,,,,,,
mmt_0516,The label discussion covered barcode format and production information.,legacy_reviewed,discussion_topic,not_action,named_owner|explicit_commitment_verb|deliverable_object|document_or_record|regulatory_language,evidence,source:ai_generated_from_2026_08_10_ownership_framing_weak_spot_analysis,train,AI generated from 2026-08-10 ownership/framing weak-spot analysis,human_approved,,,,The label discussion covered barcode format and production information.,,"[PREVIOUS]

[CURRENT]
The label discussion covered barcode format and production information.
[NEXT]
",,,,,,,
mmt_0517,The US team is managing the barcode design and label format.,legacy_reviewed,document_control_task,not_action,named_owner|explicit_commitment_verb|deliverable_object|document_or_record|regulatory_language,evidence,source:ai_generated_from_2026_08_10_ownership_framing_weak_spot_analysis,train,AI generated from 2026-08-10 ownership/framing weak-spot analysis,human_approved,,,,The US team is managing the barcode design and label format.,,"[PREVIOUS]

[CURRENT]
The US team is managing the barcode design and label format.
[NEXT]
",,,,,,,
mmt_0518,Orla said the label update is already in motion.,legacy_reviewed,background_context,completed_history,named_owner|explicit_commitment_verb|deliverable_object|document_or_record|regulatory_language|completed_tense,evidence,source:ai_generated_from_2026_08_10_ownership_framing_weak_spot_analysis,train,AI generated from 2026-08-10 ownership/framing weak-spot analysis,human_approved,,,,Orla said the label update is already in motion.,,"[PREVIOUS]

[CURRENT]
Orla said the label update is already in motion.
[NEXT]
",,,,,,,
mmt_0519,The QMS manual was shared by Mark on Friday.,legacy_reviewed,background_context,completed_history,named_owner|explicit_commitment_verb|deliverable_object|document_or_record|regulatory_language|completed_tense,evidence,source:ai_generated_from_2026_08_10_ownership_framing_weak_spot_analysis,train,AI generated from 2026-08-10 ownership/framing weak-spot analysis,human_approved,,,,The QMS manual was shared by Mark on Friday.,,"[PREVIOUS]

[CURRENT]
The QMS manual was shared by Mark on Friday.
[NEXT]
",,,,,,,
mmt_0520,Mark showed the QMS manual on screen.,legacy_reviewed,background_context,completed_history,named_owner|explicit_commitment_verb|deliverable_object|document_or_record|regulatory_language|completed_tense,evidence,source:ai_generated_from_2026_08_10_ownership_framing_weak_spot_analysis,train,AI generated from 2026-08-10 ownership/framing weak-spot analysis,human_approved,,,,Mark showed the QMS manual on screen.,,"[PREVIOUS]

[CURRENT]
Mark showed the QMS manual on screen.
[NEXT]
",,,,,,,
mmt_0521,The QMS manual acts as the building block for the importer process.,legacy_reviewed,discussion_topic,not_action,named_owner|explicit_commitment_verb|deliverable_object|document_or_record|regulatory_language,evidence,source:ai_generated_from_2026_08_10_ownership_framing_weak_spot_analysis,train,AI generated from 2026-08-10 ownership/framing weak-spot analysis,human_approved,,,,The QMS manual acts as the building block for the importer process.,,"[PREVIOUS]

[CURRENT]
The QMS manual acts as the building block for the importer process.
[NEXT]
",,,,,,,
mmt_0522,"Orla said Cody is working with MedEnvoy, not her.",legacy_reviewed,document_control_task,not_action,named_owner|explicit_commitment_verb|deliverable_object|document_or_record|regulatory_language,evidence,source:ai_generated_from_2026_08_10_ownership_framing_weak_spot_analysis,train,AI generated from 2026-08-10 ownership/framing weak-spot analysis,human_approved,,,,"Orla said Cody is working with MedEnvoy, not her.",,"[PREVIOUS]

[CURRENT]
Orla said Cody is working with MedEnvoy, not her.
[NEXT]
",,,,,,,
mmt_0523,Jacqui had already asked Cody for the MedEnvoy project plan last week.,legacy_reviewed,background_context,completed_history,named_owner|explicit_commitment_verb|deliverable_object|document_or_record|regulatory_language|completed_tense|recipient_or_handover,evidence,source:ai_generated_from_2026_08_10_ownership_framing_weak_spot_analysis,train,AI generated from 2026-08-10 ownership/framing weak-spot analysis,human_approved,,,,Jacqui had already asked Cody for the MedEnvoy project plan last week.,,"[PREVIOUS]

[CURRENT]
Jacqui had already asked Cody for the MedEnvoy project plan last week.
[NEXT]
",,,,,,,
mmt_0524,Cody might have already contracted MedEnvoy to upload the data.,legacy_reviewed,document_control_task,not_action,named_owner|explicit_commitment_verb|deliverable_object|document_or_record|regulatory_language|hypothetical_language,evidence,source:ai_generated_from_2026_08_10_ownership_framing_weak_spot_analysis,train,AI generated from 2026-08-10 ownership/framing weak-spot analysis,human_approved,,,,Cody might have already contracted MedEnvoy to upload the data.,,"[PREVIOUS]

[CURRENT]
Cody might have already contracted MedEnvoy to upload the data.
[NEXT]
",,,,,,,
mmt_0525,It would help to have the MedEnvoy task list.,legacy_reviewed,document_control_task,possible_action,named_owner|explicit_commitment_verb|deliverable_object|document_or_record|regulatory_language|hypothetical_language,evidence,source:ai_generated_from_2026_08_10_ownership_framing_weak_spot_analysis,train,AI generated from 2026-08-10 ownership/framing weak-spot analysis,human_approved,,,,It would help to have the MedEnvoy task list.,,"[PREVIOUS]

[CURRENT]
It would help to have the MedEnvoy task list.
[NEXT]
",,,,,,,
mmt_0526,The DoC language discussion covered whether English-only declarations are sufficient.,legacy_reviewed,discussion_topic,not_action,named_owner|explicit_commitment_verb|deliverable_object|document_or_record|regulatory_language,evidence,source:ai_generated_from_2026_08_10_ownership_framing_weak_spot_analysis,train,AI generated from 2026-08-10 ownership/framing weak-spot analysis,human_approved,,,,The DoC language discussion covered whether English-only declarations are sufficient.,,"[PREVIOUS]

[CURRENT]
The DoC language discussion covered whether English-only declarations are sufficient.
[NEXT]
",,,,,,,
mmt_0527,John-Paul explained that English is often accepted for DoCs.,legacy_reviewed,discussion_topic,not_action,named_owner|explicit_commitment_verb|deliverable_object|document_or_record|regulatory_language,evidence,source:ai_generated_from_2026_08_10_ownership_framing_weak_spot_analysis,train,AI generated from 2026-08-10 ownership/framing weak-spot analysis,human_approved,,,,John-Paul explained that English is often accepted for DoCs.,,"[PREVIOUS]

[CURRENT]
John-Paul explained that English is often accepted for DoCs.
[NEXT]
",,,,,,,
mmt_0528,The declarations may need risk rationale for PPE category one.,legacy_reviewed,document_control_task,possible_action,named_owner|explicit_commitment_verb|deliverable_object|document_or_record|regulatory_language|hypothetical_language|risk_language,evidence,source:ai_generated_from_2026_08_10_ownership_framing_weak_spot_analysis,train,AI generated from 2026-08-10 ownership/framing weak-spot analysis,human_approved,,,,The declarations may need risk rationale for PPE category one.,,"[PREVIOUS]

[CURRENT]
The declarations may need risk rationale for PPE category one.
[NEXT]
",,,,,,,
mmt_0529,Colby is also working on registering sunglasses and updating declarations.,legacy_reviewed,document_control_task,not_action,named_owner|explicit_commitment_verb|deliverable_object|document_or_record|regulatory_language,evidence,source:ai_generated_from_2026_08_10_ownership_framing_weak_spot_analysis,train,AI generated from 2026-08-10 ownership/framing weak-spot analysis,human_approved,,,,Colby is also working on registering sunglasses and updating declarations.,,"[PREVIOUS]

[CURRENT]
Colby is also working on registering sunglasses and updating declarations.
[NEXT]
",,,,,,,
mmt_0530,The HPRA have sent Orla a bill for authorised representative annual fees.,legacy_reviewed,document_control_task,not_action,named_owner|explicit_commitment_verb|deliverable_object|document_or_record|regulatory_language,evidence,source:ai_generated_from_2026_08_10_ownership_framing_weak_spot_analysis,train,AI generated from 2026-08-10 ownership/framing weak-spot analysis,human_approved,,,,The HPRA have sent Orla a bill for authorised representative annual fees.,,"[PREVIOUS]

[CURRENT]
The HPRA have sent Orla a bill for authorised representative annual fees.
[NEXT]
",,,,,,,
mmt_0531,Orla can send a copy of the HPRA bill.,legacy_reviewed,document_control_task,possible_action,named_owner|explicit_commitment_verb|deliverable_object|document_or_record|regulatory_language|recipient_or_handover,evidence,source:ai_generated_from_2026_08_10_ownership_framing_weak_spot_analysis,train,AI generated from 2026-08-10 ownership/framing weak-spot analysis,human_approved,,,,Orla can send a copy of the HPRA bill.,,"[PREVIOUS]

[CURRENT]
Orla can send a copy of the HPRA bill.
[NEXT]
",,,,,,,
mmt_0532,Orla can send the SRN confirmation email as well.,legacy_reviewed,document_control_task,possible_action,named_owner|explicit_commitment_verb|deliverable_object|document_or_record|regulatory_language|recipient_or_handover,evidence,source:ai_generated_from_2026_08_10_ownership_framing_weak_spot_analysis,train,AI generated from 2026-08-10 ownership/framing weak-spot analysis,human_approved,,,,Orla can send the SRN confirmation email as well.,,"[PREVIOUS]

[CURRENT]
Orla can send the SRN confirmation email as well.
[NEXT]
",,,,,,,
mmt_0533,The invoice and the email were mentioned for reference.,legacy_reviewed,document_control_task,not_action,named_owner|explicit_commitment_verb|deliverable_object|document_or_record|regulatory_language,evidence,source:ai_generated_from_2026_08_10_ownership_framing_weak_spot_analysis,train,AI generated from 2026-08-10 ownership/framing weak-spot analysis,human_approved,,,,The invoice and the email were mentioned for reference.,,"[PREVIOUS]

[CURRENT]
The invoice and the email were mentioned for reference.
[NEXT]
",,,,,,,
mmt_0534,Colm said it looked like another form of tax.,legacy_reviewed,low_value_noise,not_action,,evidence,source:ai_generated_from_2026_08_10_ownership_framing_weak_spot_analysis,train,AI generated from 2026-08-10 ownership/framing weak-spot analysis,human_approved,,,,Colm said it looked like another form of tax.,,"[PREVIOUS]

[CURRENT]
Colm said it looked like another form of tax.
[NEXT]
",,,,,,,
mmt_0535,Jacqui said they could talk to Liam for direction.,legacy_reviewed,document_control_task,possible_action,named_owner|explicit_commitment_verb|deliverable_object|document_or_record|regulatory_language|hypothetical_language,evidence,source:ai_generated_from_2026_08_10_ownership_framing_weak_spot_analysis,train,AI generated from 2026-08-10 ownership/framing weak-spot analysis,human_approved,,,,Jacqui said they could talk to Liam for direction.,,"[PREVIOUS]

[CURRENT]
Jacqui said they could talk to Liam for direction.
[NEXT]
",,,,,,,
mmt_0536,Sarah to share the updated supplier label with Andrew for review.,legacy_reviewed,document_control_task,confirmed_action,named_owner|explicit_commitment_verb|deliverable_object|document_or_record|regulatory_language|recipient_or_handover,evidence,source:ai_generated_from_2026_08_10_ownership_framing_weak_spot_analysis,train,AI generated from 2026-08-10 ownership/framing weak-spot analysis,human_approved,,,,Sarah to share the updated supplier label with Andrew for review.,,"[PREVIOUS]

[CURRENT]
Sarah to share the updated supplier label with Andrew for review.
[NEXT]
",,,,,,,
mmt_0537,Andrew said he could review the supplier label if Sarah sends it through.,legacy_reviewed,document_control_task,possible_action,named_owner|explicit_commitment_verb|deliverable_object|document_or_record|regulatory_language|hypothetical_language,evidence,source:ai_generated_from_2026_08_10_ownership_framing_weak_spot_analysis,train,AI generated from 2026-08-10 ownership/framing weak-spot analysis,human_approved,,,,Andrew said he could review the supplier label if Sarah sends it through.,,"[PREVIOUS]

[CURRENT]
Andrew said he could review the supplier label if Sarah sends it through.
[NEXT]
",,,,,,,
mmt_0538,Rebecca to review the audit invoice before the client pays it.,legacy_reviewed,document_control_task,confirmed_action,named_owner|explicit_commitment_verb|deliverable_object|document_or_record|regulatory_language|deadline_or_sequence,evidence,source:ai_generated_from_2026_08_10_ownership_framing_weak_spot_analysis,train,AI generated from 2026-08-10 ownership/framing weak-spot analysis,human_approved,,,,Rebecca to review the audit invoice before the client pays it.,,"[PREVIOUS]

[CURRENT]
Rebecca to review the audit invoice before the client pays it.
[NEXT]
",,,,,,,
mmt_0539,Niamh can send the audit invoice to Rebecca.,legacy_reviewed,document_control_task,possible_action,named_owner|explicit_commitment_verb|deliverable_object|document_or_record|regulatory_language|recipient_or_handover,evidence,source:ai_generated_from_2026_08_10_ownership_framing_weak_spot_analysis,train,AI generated from 2026-08-10 ownership/framing weak-spot analysis,human_approved,,,,Niamh can send the audit invoice to Rebecca.,,"[PREVIOUS]

[CURRENT]
Niamh can send the audit invoice to Rebecca.
[NEXT]
",,,,,,,
mmt_0540,David to review the compliance declaration against UKCA and MDR requirements.,legacy_reviewed,document_control_task,confirmed_action,named_owner|explicit_commitment_verb|deliverable_object|document_or_record|regulatory_language,evidence,source:ai_generated_from_2026_08_10_ownership_framing_weak_spot_analysis,train,AI generated from 2026-08-10 ownership/framing weak-spot analysis,human_approved,,,,David to review the compliance declaration against UKCA and MDR requirements.,,"[PREVIOUS]

[CURRENT]
David to review the compliance declaration against UKCA and MDR requirements.
[NEXT]
",,,,,,,
mmt_0541,The declaration requirements were discussed for UKCA and MDR.,legacy_reviewed,discussion_topic,not_action,named_owner|explicit_commitment_verb|deliverable_object|document_or_record|regulatory_language,evidence,source:ai_generated_from_2026_08_10_ownership_framing_weak_spot_analysis,train,AI generated from 2026-08-10 ownership/framing weak-spot analysis,human_approved,,,,The declaration requirements were discussed for UKCA and MDR.,,"[PREVIOUS]

[CURRENT]
The declaration requirements were discussed for UKCA and MDR.
[NEXT]
",,,,,,,
mmt_0542,Claire to send the draft policy to Niamh for review.,legacy_reviewed,document_control_task,confirmed_action,named_owner|explicit_commitment_verb|deliverable_object|document_or_record|regulatory_language|recipient_or_handover,evidence,source:ai_generated_from_2026_08_10_ownership_framing_weak_spot_analysis,train,AI generated from 2026-08-10 ownership/framing weak-spot analysis,human_approved,,,,Claire to send the draft policy to Niamh for review.,,"[PREVIOUS]

[CURRENT]
Claire to send the draft policy to Niamh for review.
[NEXT]
",,,,,,,
mmt_0543,Niamh could have a look at the draft policy if Claire shares it.,legacy_reviewed,document_control_task,possible_action,named_owner|explicit_commitment_verb|deliverable_object|document_or_record|regulatory_language|hypothetical_language,evidence,source:ai_generated_from_2026_08_10_ownership_framing_weak_spot_analysis,train,AI generated from 2026-08-10 ownership/framing weak-spot analysis,human_approved,,,,Niamh could have a look at the draft policy if Claire shares it.,,"[PREVIOUS]

[CURRENT]
Niamh could have a look at the draft policy if Claire shares it.
[NEXT]
",,,,,,,
mmt_0544,Stuart to ask Karen for the audit plan and task list.,legacy_reviewed,document_control_task,confirmed_action,named_owner|explicit_commitment_verb|deliverable_object|document_or_record|regulatory_language|recipient_or_handover,evidence,source:ai_generated_from_2026_08_10_ownership_framing_weak_spot_analysis,train,AI generated from 2026-08-10 ownership/framing weak-spot analysis,human_approved,,,,Stuart to ask Karen for the audit plan and task list.,,"[PREVIOUS]

[CURRENT]
Stuart to ask Karen for the audit plan and task list.
[NEXT]
",,,,,,,
mmt_0545,Karen may already have an audit plan.,legacy_reviewed,discussion_topic,not_action,named_owner|explicit_commitment_verb|deliverable_object|document_or_record|regulatory_language|hypothetical_language,evidence,source:ai_generated_from_2026_08_10_ownership_framing_weak_spot_analysis,train,AI generated from 2026-08-10 ownership/framing weak-spot analysis,human_approved,,,,Karen may already have an audit plan.,,"[PREVIOUS]

[CURRENT]
Karen may already have an audit plan.
[NEXT]
",,,,,,,
mmt_0546,Jacqui to review the site-access form before it is submitted.,legacy_reviewed,document_control_task,confirmed_action,named_owner|explicit_commitment_verb|deliverable_object|document_or_record|regulatory_language|deadline_or_sequence,evidence,source:ai_generated_from_2026_08_10_ownership_framing_weak_spot_analysis,train,AI generated from 2026-08-10 ownership/framing weak-spot analysis,human_approved,,,,Jacqui to review the site-access form before it is submitted.,,"[PREVIOUS]

[CURRENT]
Jacqui to review the site-access form before it is submitted.
[NEXT]
",,,,,,,
mmt_0547,Stuart has already submitted the site-access form.,legacy_reviewed,background_context,completed_history,named_owner|explicit_commitment_verb|deliverable_object|document_or_record|regulatory_language|completed_tense,evidence,source:ai_generated_from_2026_08_10_ownership_framing_weak_spot_analysis,train,AI generated from 2026-08-10 ownership/framing weak-spot analysis,human_approved,,,,Stuart has already submitted the site-access form.,,"[PREVIOUS]

[CURRENT]
Stuart has already submitted the site-access form.
[NEXT]
",,,,,,,
targeted_ev_001_1,Maya Chen: I will send the revised accessibility audit to Leon Friday afternoon.,legacy_reviewed,document_control_task,confirmed_action,,evidence,targeted_context_001,train,targeted_generalisation_20260812,human_approved,,,,Maya Chen: I will send the revised accessibility audit to Leon Friday afternoon.,,"[PREVIOUS]

[CURRENT]
Maya Chen: I will send the revised accessibility audit to Leon Friday afternoon.
[NEXT]
",,,,,,,
targeted_ev_001_2,"Maya Chen: We could send the revised accessibility audit to Leon Friday afternoon if capacity allows, but nothing has been agreed.",legacy_reviewed,discussion_topic,possible_action,,evidence,targeted_context_001,train,targeted_generalisation_20260812,human_approved,,,,"Maya Chen: We could send the revised accessibility audit to Leon Friday afternoon if capacity allows, but nothing has been agreed.",,"[PREVIOUS]

[CURRENT]
Maya Chen: We could send the revised accessibility audit to Leon Friday afternoon if capacity allows, but nothing has been agreed.
[NEXT]
",,,,,,,
targeted_ev_001_3,The work for Maya Chen to send the revised accessibility audit to Leon was completed yesterday; nothing remains outstanding.,legacy_reviewed,background_context,completed_history,,evidence,targeted_context_001,train,targeted_generalisation_20260812,human_approved,,,,The work for Maya Chen to send the revised accessibility audit to Leon was completed yesterday; nothing remains outstanding.,,"[PREVIOUS]

[CURRENT]
The work for Maya Chen to send the revised accessibility audit to Leon was completed yesterday; nothing remains outstanding.
[NEXT]
",,,,,,,
targeted_ev_001_4,Maya Chen: The website accessibility discussion covered whether someone should send the revised accessibility audit to Leon. The chair closed it with no action today.,legacy_reviewed,discussion_topic,not_action,,evidence,targeted_context_001,train,targeted_generalisation_20260812,human_approved,,,,Maya Chen: The website accessibility discussion covered whether someone should send the revised accessibility audit to Leon. The chair closed it with no action today.,,"[PREVIOUS]

[CURRENT]
Maya Chen: The website accessibility discussion covered whether someone should send the revised accessibility audit to Leon. The chair closed it with no action today.
[NEXT]
",,,,,,,
targeted_ev_002_1,Elliot Byrne: I will confirm loading-bay access with the venue before noon tomorrow.,legacy_reviewed,action_commitment,confirmed_action,,evidence,targeted_context_002,train,targeted_generalisation_20260812,human_approved,,,,Elliot Byrne: I will confirm loading-bay access with the venue before noon tomorrow.,,"[PREVIOUS]

[CURRENT]
Elliot Byrne: I will confirm loading-bay access with the venue before noon tomorrow.
[NEXT]
",,,,,,,
targeted_ev_002_2,"Elliot Byrne: We could confirm loading-bay access with the venue before noon tomorrow if capacity allows, but nothing has been agreed.",legacy_reviewed,discussion_topic,possible_action,,evidence,targeted_context_002,train,targeted_generalisation_20260812,human_approved,,,,"Elliot Byrne: We could confirm loading-bay access with the venue before noon tomorrow if capacity allows, but nothing has been agreed.",,"[PREVIOUS]

[CURRENT]
Elliot Byrne: We could confirm loading-bay access with the venue before noon tomorrow if capacity allows, but nothing has been agreed.
[NEXT]
",,,,,,,
targeted_ev_002_3,The work for Elliot Byrne to confirm loading-bay access with the venue was completed yesterday; nothing remains outstanding.,legacy_reviewed,background_context,completed_history,,evidence,targeted_context_002,train,targeted_generalisation_20260812,human_approved,,,,The work for Elliot Byrne to confirm loading-bay access with the venue was completed yesterday; nothing remains outstanding.,,"[PREVIOUS]

[CURRENT]
The work for Elliot Byrne to confirm loading-bay access with the venue was completed yesterday; nothing remains outstanding.
[NEXT]
",,,,,,,
targeted_ev_002_4,Elliot Byrne: The event access discussion covered whether someone should confirm loading-bay access with the venue. The chair closed it with no action today.,legacy_reviewed,discussion_topic,not_action,,evidence,targeted_context_002,train,targeted_generalisation_20260812,human_approved,,,,Elliot Byrne: The event access discussion covered whether someone should confirm loading-bay access with the venue. The chair closed it with no action today.,,"[PREVIOUS]

[CURRENT]
Elliot Byrne: The event access discussion covered whether someone should confirm loading-bay access with the venue. The chair closed it with no action today.
[NEXT]
",,,,,,,
targeted_ev_003_1,Farah Malik: I will update the supplier qualification record within two working days of approval.,legacy_reviewed,document_control_task,confirmed_action,,evidence,targeted_context_003,train,targeted_generalisation_20260812,human_approved,,,,Farah Malik: I will update the supplier qualification record within two working days of approval.,,"[PREVIOUS]

[CURRENT]
Farah Malik: I will update the supplier qualification record within two working days of approval.
[NEXT]
",,,,,,,
targeted_ev_003_2,"Farah Malik: We could update the supplier qualification record within two working days of approval if capacity allows, but nothing has been agreed.",legacy_reviewed,discussion_topic,possible_action,,evidence,targeted_context_003,train,targeted_generalisation_20260812,human_approved,,,,"Farah Malik: We could update the supplier qualification record within two working days of approval if capacity allows, but nothing has been agreed.",,"[PREVIOUS]

[CURRENT]
Farah Malik: We could update the supplier qualification record within two working days of approval if capacity allows, but nothing has been agreed.
[NEXT]
",,,,,,,
targeted_ev_003_3,The work for Farah Malik to update the supplier qualification record was completed yesterday; nothing remains outstanding.,legacy_reviewed,background_context,completed_history,,evidence,targeted_context_003,train,targeted_generalisation_20260812,human_approved,,,,The work for Farah Malik to update the supplier qualification record was completed yesterday; nothing remains outstanding.,,"[PREVIOUS]

[CURRENT]
The work for Farah Malik to update the supplier qualification record was completed yesterday; nothing remains outstanding.
[NEXT]
",,,,,,,
targeted_ev_003_4,Farah Malik: The supplier qualification discussion covered whether someone should update the supplier qualification record. The chair closed it with no action today.,legacy_reviewed,discussion_topic,not_action,,evidence,targeted_context_003,train,targeted_generalisation_20260812,human_approved,,,,Farah Malik: The supplier qualification discussion covered whether someone should update the supplier qualification record. The chair closed it with no action today.,,"[PREVIOUS]

[CURRENT]
Farah Malik: The supplier qualification discussion covered whether someone should update the supplier qualification record. The chair closed it with no action today.
[NEXT]
",,,,,,,
targeted_ev_004_1,Jonas Reed: I will publish the service-status notice 09:15 on Tuesday.,legacy_reviewed,action_commitment,confirmed_action,,evidence,targeted_context_004,train,targeted_generalisation_20260812,human_approved,,,,Jonas Reed: I will publish the service-status notice 09:15 on Tuesday.,,"[PREVIOUS]

[CURRENT]
Jonas Reed: I will publish the service-status notice 09:15 on Tuesday.
[NEXT]
",,,,,,,
targeted_ev_004_2,"Jonas Reed: We could publish the service-status notice 09:15 on Tuesday if capacity allows, but nothing has been agreed.",legacy_reviewed,discussion_topic,possible_action,,evidence,targeted_context_004,train,targeted_generalisation_20260812,human_approved,,,,"Jonas Reed: We could publish the service-status notice 09:15 on Tuesday if capacity allows, but nothing has been agreed.",,"[PREVIOUS]

[CURRENT]
Jonas Reed: We could publish the service-status notice 09:15 on Tuesday if capacity allows, but nothing has been agreed.
[NEXT]
",,,,,,,
targeted_ev_004_3,The work for Jonas Reed to publish the service-status notice was completed yesterday; nothing remains outstanding.,legacy_reviewed,background_context,completed_history,,evidence,targeted_context_004,train,targeted_generalisation_20260812,human_approved,,,,The work for Jonas Reed to publish the service-status notice was completed yesterday; nothing remains outstanding.,,"[PREVIOUS]

[CURRENT]
The work for Jonas Reed to publish the service-status notice was completed yesterday; nothing remains outstanding.
[NEXT]
",,,,,,,
targeted_ev_004_4,Jonas Reed: The software release discussion covered whether someone should publish the service-status notice. The chair closed it with no action today.,legacy_reviewed,discussion_topic,not_action,,evidence,targeted_context_004,train,targeted_generalisation_20260812,human_approved,,,,Jonas Reed: The software release discussion covered whether someone should publish the service-status notice. The chair closed it with no action today.,,"[PREVIOUS]

[CURRENT]
Jonas Reed: The software release discussion covered whether someone should publish the service-status notice. The chair closed it with no action today.
[NEXT]
",,,,,,,
targeted_ev_005_1,Safiya Cole: I will review the packaging artwork against the approved copy before it goes to print.,legacy_reviewed,document_control_task,confirmed_action,,evidence,targeted_context_005,train,targeted_generalisation_20260812,human_approved,,,,Safiya Cole: I will review the packaging artwork against the approved copy before it goes to print.,,"[PREVIOUS]

[CURRENT]
Safiya Cole: I will review the packaging artwork against the approved copy before it goes to print.
[NEXT]
",,,,,,,
targeted_ev_005_2,"Safiya Cole: We could review the packaging artwork against the approved copy before it goes to print if capacity allows, but nothing has been agreed.",legacy_reviewed,discussion_topic,possible_action,,evidence,targeted_context_005,train,targeted_generalisation_20260812,human_approved,,,,"Safiya Cole: We could review the packaging artwork against the approved copy before it goes to print if capacity allows, but nothing has been agreed.",,"[PREVIOUS]

[CURRENT]
Safiya Cole: We could review the packaging artwork against the approved copy before it goes to print if capacity allows, but nothing has been agreed.
[NEXT]
",,,,,,,
targeted_ev_005_3,The work for Safiya Cole to review the packaging artwork against the approved copy was completed yesterday; nothing remains outstanding.,legacy_reviewed,background_context,completed_history,,evidence,targeted_context_005,train,targeted_generalisation_20260812,human_approved,,,,The work for Safiya Cole to review the packaging artwork against the approved copy was completed yesterday; nothing remains outstanding.,,"[PREVIOUS]

[CURRENT]
The work for Safiya Cole to review the packaging artwork against the approved copy was completed yesterday; nothing remains outstanding.
[NEXT]
",,,,,,,
targeted_ev_005_4,Safiya Cole: The packaging review discussion covered whether someone should review the packaging artwork against the approved copy. The chair closed it with no action today.,legacy_reviewed,discussion_topic,not_action,,evidence,targeted_context_005,train,targeted_generalisation_20260812,human_approved,,,,Safiya Cole: The packaging review discussion covered whether someone should review the packaging artwork against the approved copy. The chair closed it with no action today.,,"[PREVIOUS]

[CURRENT]
Safiya Cole: The packaging review discussion covered whether someone should review the packaging artwork against the approved copy. The chair closed it with no action today.
[NEXT]
",,,,,,,
targeted_ev_006_1,Martin Hale: I will request the annual licence renewal quote by close Thursday.,legacy_reviewed,action_commitment,confirmed_action,,evidence,targeted_context_006,train,targeted_generalisation_20260812,human_approved,,,,Martin Hale: I will request the annual licence renewal quote by close Thursday.,,"[PREVIOUS]

[CURRENT]
Martin Hale: I will request the annual licence renewal quote by close Thursday.
[NEXT]
",,,,,,,
targeted_ev_006_2,"Martin Hale: We could request the annual licence renewal quote by close Thursday if capacity allows, but nothing has been agreed.",legacy_reviewed,discussion_topic,possible_action,,evidence,targeted_context_006,train,targeted_generalisation_20260812,human_approved,,,,"Martin Hale: We could request the annual licence renewal quote by close Thursday if capacity allows, but nothing has been agreed.",,"[PREVIOUS]

[CURRENT]
Martin Hale: We could request the annual licence renewal quote by close Thursday if capacity allows, but nothing has been agreed.
[NEXT]
",,,,,,,
targeted_ev_006_3,The work for Martin Hale to request the annual licence renewal quote was completed yesterday; nothing remains outstanding.,legacy_reviewed,background_context,completed_history,,evidence,targeted_context_006,train,targeted_generalisation_20260812,human_approved,,,,The work for Martin Hale to request the annual licence renewal quote was completed yesterday; nothing remains outstanding.,,"[PREVIOUS]

[CURRENT]
The work for Martin Hale to request the annual licence renewal quote was completed yesterday; nothing remains outstanding.
[NEXT]
",,,,,,,
targeted_ev_006_4,Martin Hale: The software licensing discussion covered whether someone should request the annual licence renewal quote. The chair closed it with no action today.,legacy_reviewed,discussion_topic,not_action,,evidence,targeted_context_006,train,targeted_generalisation_20260812,human_approved,,,,Martin Hale: The software licensing discussion covered whether someone should request the annual licence renewal quote. The chair closed it with no action today.,,"[PREVIOUS]

[CURRENT]
Martin Hale: The software licensing discussion covered whether someone should request the annual licence renewal quote. The chair closed it with no action today.
[NEXT]
",,,,,,,
targeted_ev_007_1,Nina Foster: I will upload the signed consent form to the controlled folder after the client returns it.,legacy_reviewed,document_control_task,confirmed_action,,evidence,targeted_context_007,train,targeted_generalisation_20260812,human_approved,,,,Nina Foster: I will upload the signed consent form to the controlled folder after the client returns it.,,"[PREVIOUS]

[CURRENT]
Nina Foster: I will upload the signed consent form to the controlled folder after the client returns it.
[NEXT]
",,,,,,,
targeted_ev_007_2,"Nina Foster: We could upload the signed consent form to the controlled folder after the client returns it if capacity allows, but nothing has been agreed.",legacy_reviewed,discussion_topic,possible_action,,evidence,targeted_context_007,train,targeted_generalisation_20260812,human_approved,,,,"Nina Foster: We could upload the signed consent form to the controlled folder after the client returns it if capacity allows, but nothing has been agreed.",,"[PREVIOUS]

[CURRENT]
Nina Foster: We could upload the signed consent form to the controlled folder after the client returns it if capacity allows, but nothing has been agreed.
[NEXT]
",,,,,,,
targeted_ev_007_3,The work for Nina Foster to upload the signed consent form to the controlled folder was completed yesterday; nothing remains outstanding.,legacy_reviewed,background_context,completed_history,,evidence,targeted_context_007,train,targeted_generalisation_20260812,human_approved,,,,The work for Nina Foster to upload the signed consent form to the controlled folder was completed yesterday; nothing remains outstanding.,,"[PREVIOUS]

[CURRENT]
The work for Nina Foster to upload the signed consent form to the controlled folder was completed yesterday; nothing remains outstanding.
[NEXT]
",,,,,,,
targeted_ev_007_4,Nina Foster: The clinical records discussion covered whether someone should upload the signed consent form to the controlled folder. The chair closed it with no action today.,legacy_reviewed,discussion_topic,not_action,,evidence,targeted_context_007,train,targeted_generalisation_20260812,human_approved,,,,Nina Foster: The clinical records discussion covered whether someone should upload the signed consent form to the controlled folder. The chair closed it with no action today.,,"[PREVIOUS]

[CURRENT]
Nina Foster: The clinical records discussion covered whether someone should upload the signed consent form to the controlled folder. The chair closed it with no action today.
[NEXT]
",,,,,,,
targeted_ev_008_1,Theo Grant: I will call the laboratory to confirm sample capacity this afternoon.,legacy_reviewed,action_commitment,confirmed_action,,evidence,targeted_context_008,train,targeted_generalisation_20260812,human_approved,,,,Theo Grant: I will call the laboratory to confirm sample capacity this afternoon.,,"[PREVIOUS]

[CURRENT]
Theo Grant: I will call the laboratory to confirm sample capacity this afternoon.
[NEXT]
",,,,,,,
targeted_ev_008_2,"Theo Grant: We could call the laboratory to confirm sample capacity this afternoon if capacity allows, but nothing has been agreed.",legacy_reviewed,discussion_topic,possible_action,,evidence,targeted_context_008,train,targeted_generalisation_20260812,human_approved,,,,"Theo Grant: We could call the laboratory to confirm sample capacity this afternoon if capacity allows, but nothing has been agreed.",,"[PREVIOUS]

[CURRENT]
Theo Grant: We could call the laboratory to confirm sample capacity this afternoon if capacity allows, but nothing has been agreed.
[NEXT]
",,,,,,,
targeted_ev_008_3,The work for Theo Grant to call the laboratory to confirm sample capacity was completed yesterday; nothing remains outstanding.,legacy_reviewed,background_context,completed_history,,evidence,targeted_context_008,train,targeted_generalisation_20260812,human_approved,,,,The work for Theo Grant to call the laboratory to confirm sample capacity was completed yesterday; nothing remains outstanding.,,"[PREVIOUS]

[CURRENT]
The work for Theo Grant to call the laboratory to confirm sample capacity was completed yesterday; nothing remains outstanding.
[NEXT]
",,,,,,,
targeted_ev_008_4,Theo Grant: The laboratory capacity discussion covered whether someone should call the laboratory to confirm sample capacity. The chair closed it with no action today.,legacy_reviewed,discussion_topic,not_action,,evidence,targeted_context_008,train,targeted_generalisation_20260812,human_approved,,,,Theo Grant: The laboratory capacity discussion covered whether someone should call the laboratory to confirm sample capacity. The chair closed it with no action today.,,"[PREVIOUS]

[CURRENT]
Theo Grant: The laboratory capacity discussion covered whether someone should call the laboratory to confirm sample capacity. The chair closed it with no action today.
[NEXT]
",,,,,,,
targeted_ev_009_1,Aaliyah Khan: I will circulate three backup questions to the presenters tonight.,legacy_reviewed,document_control_task,confirmed_action,,evidence,targeted_context_009,train,targeted_generalisation_20260812,human_approved,,,,Aaliyah Khan: I will circulate three backup questions to the presenters tonight.,,"[PREVIOUS]

[CURRENT]
Aaliyah Khan: I will circulate three backup questions to the presenters tonight.
[NEXT]
",,,,,,,
targeted_ev_009_2,"Aaliyah Khan: We could circulate three backup questions to the presenters tonight if capacity allows, but nothing has been agreed.",legacy_reviewed,discussion_topic,possible_action,,evidence,targeted_context_009,train,targeted_generalisation_20260812,human_approved,,,,"Aaliyah Khan: We could circulate three backup questions to the presenters tonight if capacity allows, but nothing has been agreed.",,"[PREVIOUS]

[CURRENT]
Aaliyah Khan: We could circulate three backup questions to the presenters tonight if capacity allows, but nothing has been agreed.
[NEXT]
",,,,,,,
targeted_ev_009_3,The work for Aaliyah Khan to circulate three backup questions to the presenters was completed yesterday; nothing remains outstanding.,legacy_reviewed,background_context,completed_history,,evidence,targeted_context_009,train,targeted_generalisation_20260812,human_approved,,,,The work for Aaliyah Khan to circulate three backup questions to the presenters was completed yesterday; nothing remains outstanding.,,"[PREVIOUS]

[CURRENT]
The work for Aaliyah Khan to circulate three backup questions to the presenters was completed yesterday; nothing remains outstanding.
[NEXT]
",,,,,,,
targeted_ev_009_4,Aaliyah Khan: The webinar preparation discussion covered whether someone should circulate three backup questions to the presenters. The chair closed it with no action today.,legacy_reviewed,discussion_topic,not_action,,evidence,targeted_context_009,train,targeted_generalisation_20260812,human_approved,,,,Aaliyah Khan: The webinar preparation discussion covered whether someone should circulate three backup questions to the presenters. The chair closed it with no action today.,,"[PREVIOUS]

[CURRENT]
Aaliyah Khan: The webinar preparation discussion covered whether someone should circulate three backup questions to the presenters. The chair closed it with no action today.
[NEXT]
",,,,,,,
targeted_ev_010_1,Sam Ortega: I will start and monitor the recording from the chair's opening words.,legacy_reviewed,action_commitment,confirmed_action,,evidence,targeted_context_010,train,targeted_generalisation_20260812,human_approved,,,,Sam Ortega: I will start and monitor the recording from the chair's opening words.,,"[PREVIOUS]

[CURRENT]
Sam Ortega: I will start and monitor the recording from the chair's opening words.
[NEXT]
",,,,,,,
targeted_ev_010_2,"Sam Ortega: We could start and monitor the recording from the chair's opening words if capacity allows, but nothing has been agreed.",legacy_reviewed,discussion_topic,possible_action,,evidence,targeted_context_010,train,targeted_generalisation_20260812,human_approved,,,,"Sam Ortega: We could start and monitor the recording from the chair's opening words if capacity allows, but nothing has been agreed.",,"[PREVIOUS]

[CURRENT]
Sam Ortega: We could start and monitor the recording from the chair's opening words if capacity allows, but nothing has been agreed.
[NEXT]
",,,,,,,
targeted_ev_010_3,The work for Sam Ortega to start and monitor the recording was completed yesterday; nothing remains outstanding.,legacy_reviewed,background_context,completed_history,,evidence,targeted_context_010,train,targeted_generalisation_20260812,human_approved,,,,The work for Sam Ortega to start and monitor the recording was completed yesterday; nothing remains outstanding.,,"[PREVIOUS]

[CURRENT]
The work for Sam Ortega to start and monitor the recording was completed yesterday; nothing remains outstanding.
[NEXT]
",,,,,,,
targeted_ev_010_4,Sam Ortega: The recording control discussion covered whether someone should start and monitor the recording. The chair closed it with no action today.,legacy_reviewed,discussion_topic,not_action,,evidence,targeted_context_010,train,targeted_generalisation_20260812,human_approved,,,,Sam Ortega: The recording control discussion covered whether someone should start and monitor the recording. The chair closed it with no action today.,,"[PREVIOUS]

[CURRENT]
Sam Ortega: The recording control discussion covered whether someone should start and monitor the recording. The chair closed it with no action today.
[NEXT]
",,,,,,,
targeted_ev_011_1,Iris Novak: I will submit the approved variation request on the next working day after sign-off.,legacy_reviewed,regulatory_obligation,confirmed_action,,evidence,targeted_context_011,train,targeted_generalisation_20260812,human_approved,,,,Iris Novak: I will submit the approved variation request on the next working day after sign-off.,,"[PREVIOUS]

[CURRENT]
Iris Novak: I will submit the approved variation request on the next working day after sign-off.
[NEXT]
",,,,,,,
targeted_ev_011_2,"Iris Novak: We could submit the approved variation request on the next working day after sign-off if capacity allows, but nothing has been agreed.",legacy_reviewed,discussion_topic,possible_action,,evidence,targeted_context_011,train,targeted_generalisation_20260812,human_approved,,,,"Iris Novak: We could submit the approved variation request on the next working day after sign-off if capacity allows, but nothing has been agreed.",,"[PREVIOUS]

[CURRENT]
Iris Novak: We could submit the approved variation request on the next working day after sign-off if capacity allows, but nothing has been agreed.
[NEXT]
",,,,,,,
targeted_ev_011_3,The work for Iris Novak to submit the approved variation request was completed yesterday; nothing remains outstanding.,legacy_reviewed,background_context,completed_history,,evidence,targeted_context_011,train,targeted_generalisation_20260812,human_approved,,,,The work for Iris Novak to submit the approved variation request was completed yesterday; nothing remains outstanding.,,"[PREVIOUS]

[CURRENT]
The work for Iris Novak to submit the approved variation request was completed yesterday; nothing remains outstanding.
[NEXT]
",,,,,,,
targeted_ev_011_4,Iris Novak: The regulatory submission discussion covered whether someone should submit the approved variation request. The chair closed it with no action today.,legacy_reviewed,discussion_topic,not_action,,evidence,targeted_context_011,train,targeted_generalisation_20260812,human_approved,,,,Iris Novak: The regulatory submission discussion covered whether someone should submit the approved variation request. The chair closed it with no action today.,,"[PREVIOUS]

[CURRENT]
Iris Novak: The regulatory submission discussion covered whether someone should submit the approved variation request. The chair closed it with no action today.
[NEXT]
",,,,,,,
targeted_ev_012_1,Lewis Park: I will reconcile the campaign invoices by month end.,legacy_reviewed,document_control_task,confirmed_action,,evidence,targeted_context_012,train,targeted_generalisation_20260812,human_approved,,,,Lewis Park: I will reconcile the campaign invoices by month end.,,"[PREVIOUS]

[CURRENT]
Lewis Park: I will reconcile the campaign invoices by month end.
[NEXT]
",,,,,,,
targeted_ev_012_2,"Lewis Park: We could reconcile the campaign invoices by month end if capacity allows, but nothing has been agreed.",legacy_reviewed,discussion_topic,possible_action,,evidence,targeted_context_012,train,targeted_generalisation_20260812,human_approved,,,,"Lewis Park: We could reconcile the campaign invoices by month end if capacity allows, but nothing has been agreed.",,"[PREVIOUS]

[CURRENT]
Lewis Park: We could reconcile the campaign invoices by month end if capacity allows, but nothing has been agreed.
[NEXT]
",,,,,,,
targeted_ev_012_3,The work for Lewis Park to reconcile the campaign invoices was completed yesterday; nothing remains outstanding.,legacy_reviewed,background_context,completed_history,,evidence,targeted_context_012,train,targeted_generalisation_20260812,human_approved,,,,The work for Lewis Park to reconcile the campaign invoices was completed yesterday; nothing remains outstanding.,,"[PREVIOUS]

[CURRENT]
The work for Lewis Park to reconcile the campaign invoices was completed yesterday; nothing remains outstanding.
[NEXT]
",,,,,,,
targeted_ev_012_4,Lewis Park: The campaign finance discussion covered whether someone should reconcile the campaign invoices. The chair closed it with no action today.,legacy_reviewed,discussion_topic,not_action,,evidence,targeted_context_012,train,targeted_generalisation_20260812,human_approved,,,,Lewis Park: The campaign finance discussion covered whether someone should reconcile the campaign invoices. The chair closed it with no action today.,,"[PREVIOUS]

[CURRENT]
Lewis Park: The campaign finance discussion covered whether someone should reconcile the campaign invoices. The chair closed it with no action today.
[NEXT]
",,,,,,,
targeted_ev_013_1,Anika Shah: I will send the artwork proofs to the printer Wednesday morning.,legacy_reviewed,document_control_task,confirmed_action,,evidence,targeted_context_013,train,targeted_generalisation_20260812,human_approved,,,,Anika Shah: I will send the artwork proofs to the printer Wednesday morning.,,"[PREVIOUS]

[CURRENT]
Anika Shah: I will send the artwork proofs to the printer Wednesday morning.
[NEXT]
",,,,,,,
targeted_ev_013_2,"Anika Shah: We could send the artwork proofs to the printer Wednesday morning if capacity allows, but nothing has been agreed.",legacy_reviewed,discussion_topic,possible_action,,evidence,targeted_context_013,train,targeted_generalisation_20260812,human_approved,,,,"Anika Shah: We could send the artwork proofs to the printer Wednesday morning if capacity allows, but nothing has been agreed.",,"[PREVIOUS]

[CURRENT]
Anika Shah: We could send the artwork proofs to the printer Wednesday morning if capacity allows, but nothing has been agreed.
[NEXT]
",,,,,,,
targeted_ev_013_3,The work for Anika Shah to send the artwork proofs to the printer was completed yesterday; nothing remains outstanding.,legacy_reviewed,background_context,completed_history,,evidence,targeted_context_013,train,targeted_generalisation_20260812,human_approved,,,,The work for Anika Shah to send the artwork proofs to the printer was completed yesterday; nothing remains outstanding.,,"[PREVIOUS]

[CURRENT]
The work for Anika Shah to send the artwork proofs to the printer was completed yesterday; nothing remains outstanding.
[NEXT]
",,,,,,,
targeted_ev_013_4,Anika Shah: The print production discussion covered whether someone should send the artwork proofs to the printer. The chair closed it with no action today.,legacy_reviewed,discussion_topic,not_action,,evidence,targeted_context_013,train,targeted_generalisation_20260812,human_approved,,,,Anika Shah: The print production discussion covered whether someone should send the artwork proofs to the printer. The chair closed it with no action today.,,"[PREVIOUS]

[CURRENT]
Anika Shah: The print production discussion covered whether someone should send the artwork proofs to the printer. The chair closed it with no action today.
[NEXT]
",,,,,,,
targeted_ev_014_1,Owen Price: I will replace the staging database connection string after lunch today.,legacy_reviewed,action_commitment,confirmed_action,,evidence,targeted_context_014,train,targeted_generalisation_20260812,human_approved,,,,Owen Price: I will replace the staging database connection string after lunch today.,,"[PREVIOUS]

[CURRENT]
Owen Price: I will replace the staging database connection string after lunch today.
[NEXT]
",,,,,,,
targeted_ev_014_2,"Owen Price: We could replace the staging database connection string after lunch today if capacity allows, but nothing has been agreed.",legacy_reviewed,discussion_topic,possible_action,,evidence,targeted_context_014,train,targeted_generalisation_20260812,human_approved,,,,"Owen Price: We could replace the staging database connection string after lunch today if capacity allows, but nothing has been agreed.",,"[PREVIOUS]

[CURRENT]
Owen Price: We could replace the staging database connection string after lunch today if capacity allows, but nothing has been agreed.
[NEXT]
",,,,,,,
targeted_ev_014_3,The work for Owen Price to replace the staging database connection string was completed yesterday; nothing remains outstanding.,legacy_reviewed,background_context,completed_history,,evidence,targeted_context_014,train,targeted_generalisation_20260812,human_approved,,,,The work for Owen Price to replace the staging database connection string was completed yesterday; nothing remains outstanding.,,"[PREVIOUS]

[CURRENT]
The work for Owen Price to replace the staging database connection string was completed yesterday; nothing remains outstanding.
[NEXT]
",,,,,,,
targeted_ev_014_4,Owen Price: The staging repair discussion covered whether someone should replace the staging database connection string. The chair closed it with no action today.,legacy_reviewed,discussion_topic,not_action,,evidence,targeted_context_014,train,targeted_generalisation_20260812,human_approved,,,,Owen Price: The staging repair discussion covered whether someone should replace the staging database connection string. The chair closed it with no action today.,,"[PREVIOUS]

[CURRENT]
Owen Price: The staging repair discussion covered whether someone should replace the staging database connection string. The chair closed it with no action today.
[NEXT]
",,,,,,,
targeted_ev_015_1,Celeste Ward: I will confirm the loading certificate with the depot today.,legacy_reviewed,action_commitment,confirmed_action,,evidence,targeted_context_015,train,targeted_generalisation_20260812,human_approved,,,,Celeste Ward: I will confirm the loading certificate with the depot today.,,"[PREVIOUS]

[CURRENT]
Celeste Ward: I will confirm the loading certificate with the depot today.
[NEXT]
",,,,,,,
targeted_ev_015_2,"Celeste Ward: We could confirm the loading certificate with the depot today if capacity allows, but nothing has been agreed.",legacy_reviewed,discussion_topic,possible_action,,evidence,targeted_context_015,train,targeted_generalisation_20260812,human_approved,,,,"Celeste Ward: We could confirm the loading certificate with the depot today if capacity allows, but nothing has been agreed.",,"[PREVIOUS]

[CURRENT]
Celeste Ward: We could confirm the loading certificate with the depot today if capacity allows, but nothing has been agreed.
[NEXT]
",,,,,,,
targeted_ev_015_3,The work for Celeste Ward to confirm the loading certificate with the depot was completed yesterday; nothing remains outstanding.,legacy_reviewed,background_context,completed_history,,evidence,targeted_context_015,train,targeted_generalisation_20260812,human_approved,,,,The work for Celeste Ward to confirm the loading certificate with the depot was completed yesterday; nothing remains outstanding.,,"[PREVIOUS]

[CURRENT]
The work for Celeste Ward to confirm the loading certificate with the depot was completed yesterday; nothing remains outstanding.
[NEXT]
",,,,,,,
targeted_ev_015_4,Celeste Ward: The depot safety discussion covered whether someone should confirm the loading certificate with the depot. The chair closed it with no action today.,legacy_reviewed,discussion_topic,not_action,,evidence,targeted_context_015,train,targeted_generalisation_20260812,human_approved,,,,Celeste Ward: The depot safety discussion covered whether someone should confirm the loading certificate with the depot. The chair closed it with no action today.,,"[PREVIOUS]

[CURRENT]
Celeste Ward: The depot safety discussion covered whether someone should confirm the loading certificate with the depot. The chair closed it with no action today.
[NEXT]
",,,,,,,
targeted_ev_016_1,Henry Okoye: I will update the dispatch checklist after Celeste confirms certification tomorrow morning.,legacy_reviewed,document_control_task,confirmed_action,,evidence,targeted_context_016,train,targeted_generalisation_20260812,human_approved,,,,Henry Okoye: I will update the dispatch checklist after Celeste confirms certification tomorrow morning.,,"[PREVIOUS]

[CURRENT]
Henry Okoye: I will update the dispatch checklist after Celeste confirms certification tomorrow morning.
[NEXT]
",,,,,,,
targeted_ev_016_2,"Henry Okoye: We could update the dispatch checklist after Celeste confirms certification tomorrow morning if capacity allows, but nothing has been agreed.",legacy_reviewed,discussion_topic,possible_action,,evidence,targeted_context_016,train,targeted_generalisation_20260812,human_approved,,,,"Henry Okoye: We could update the dispatch checklist after Celeste confirms certification tomorrow morning if capacity allows, but nothing has been agreed.",,"[PREVIOUS]

[CURRENT]
Henry Okoye: We could update the dispatch checklist after Celeste confirms certification tomorrow morning if capacity allows, but nothing has been agreed.
[NEXT]
",,,,,,,
targeted_ev_016_3,The work for Henry Okoye to update the dispatch checklist after Celeste confirms certification was completed yesterday; nothing remains outstanding.,legacy_reviewed,background_context,completed_history,,evidence,targeted_context_016,train,targeted_generalisation_20260812,human_approved,,,,The work for Henry Okoye to update the dispatch checklist after Celeste confirms certification was completed yesterday; nothing remains outstanding.,,"[PREVIOUS]

[CURRENT]
The work for Henry Okoye to update the dispatch checklist after Celeste confirms certification was completed yesterday; nothing remains outstanding.
[NEXT]
",,,,,,,
targeted_ev_016_4,Henry Okoye: The dispatch planning discussion covered whether someone should update the dispatch checklist after Celeste confirms certification. The chair closed it with no action today.,legacy_reviewed,discussion_topic,not_action,,evidence,targeted_context_016,train,targeted_generalisation_20260812,human_approved,,,,Henry Okoye: The dispatch planning discussion covered whether someone should update the dispatch checklist after Celeste confirms certification. The chair closed it with no action today.,,"[PREVIOUS]

[CURRENT]
Henry Okoye: The dispatch planning discussion covered whether someone should update the dispatch checklist after Celeste confirms certification. The chair closed it with no action today.
[NEXT]
",,,,,,,
targeted_ev_017_1,Harriet Jones: I will issue the corrected purchase order to the supplier before dispatch.,legacy_reviewed,document_control_task,confirmed_action,,evidence,targeted_context_017,train,targeted_generalisation_20260812,human_approved,,,,Harriet Jones: I will issue the corrected purchase order to the supplier before dispatch.,,"[PREVIOUS]

[CURRENT]
Harriet Jones: I will issue the corrected purchase order to the supplier before dispatch.
[NEXT]
",,,,,,,
targeted_ev_017_2,"Harriet Jones: We could issue the corrected purchase order to the supplier before dispatch if capacity allows, but nothing has been agreed.",legacy_reviewed,discussion_topic,possible_action,,evidence,targeted_context_017,train,targeted_generalisation_20260812,human_approved,,,,"Harriet Jones: We could issue the corrected purchase order to the supplier before dispatch if capacity allows, but nothing has been agreed.",,"[PREVIOUS]

[CURRENT]
Harriet Jones: We could issue the corrected purchase order to the supplier before dispatch if capacity allows, but nothing has been agreed.
[NEXT]
",,,,,,,
targeted_ev_017_3,The work for Harriet Jones to issue the corrected purchase order to the supplier was completed yesterday; nothing remains outstanding.,legacy_reviewed,background_context,completed_history,,evidence,targeted_context_017,train,targeted_generalisation_20260812,human_approved,,,,The work for Harriet Jones to issue the corrected purchase order to the supplier was completed yesterday; nothing remains outstanding.,,"[PREVIOUS]

[CURRENT]
The work for Harriet Jones to issue the corrected purchase order to the supplier was completed yesterday; nothing remains outstanding.
[NEXT]
",,,,,,,
targeted_ev_017_4,Harriet Jones: The procurement discussion covered whether someone should issue the corrected purchase order to the supplier. The chair closed it with no action today.,legacy_reviewed,discussion_topic,not_action,,evidence,targeted_context_017,train,targeted_generalisation_20260812,human_approved,,,,Harriet Jones: The procurement discussion covered whether someone should issue the corrected purchase order to the supplier. The chair closed it with no action today.,,"[PREVIOUS]

[CURRENT]
Harriet Jones: The procurement discussion covered whether someone should issue the corrected purchase order to the supplier. The chair closed it with no action today.
[NEXT]
",,,,,,,
targeted_ev_018_1,Ravi Mehta: I will review the data-processing agreement with legal before onboarding begins.,legacy_reviewed,document_control_task,confirmed_action,,evidence,targeted_context_018,train,targeted_generalisation_20260812,human_approved,,,,Ravi Mehta: I will review the data-processing agreement with legal before onboarding begins.,,"[PREVIOUS]

[CURRENT]
Ravi Mehta: I will review the data-processing agreement with legal before onboarding begins.
[NEXT]
",,,,,,,
targeted_ev_018_2,"Ravi Mehta: We could review the data-processing agreement with legal before onboarding begins if capacity allows, but nothing has been agreed.",legacy_reviewed,discussion_topic,possible_action,,evidence,targeted_context_018,train,targeted_generalisation_20260812,human_approved,,,,"Ravi Mehta: We could review the data-processing agreement with legal before onboarding begins if capacity allows, but nothing has been agreed.",,"[PREVIOUS]

[CURRENT]
Ravi Mehta: We could review the data-processing agreement with legal before onboarding begins if capacity allows, but nothing has been agreed.
[NEXT]
",,,,,,,
targeted_ev_018_3,The work for Ravi Mehta to review the data-processing agreement with legal was completed yesterday; nothing remains outstanding.,legacy_reviewed,background_context,completed_history,,evidence,targeted_context_018,train,targeted_generalisation_20260812,human_approved,,,,The work for Ravi Mehta to review the data-processing agreement with legal was completed yesterday; nothing remains outstanding.,,"[PREVIOUS]

[CURRENT]
The work for Ravi Mehta to review the data-processing agreement with legal was completed yesterday; nothing remains outstanding.
[NEXT]
",,,,,,,
targeted_ev_018_4,Ravi Mehta: The data protection discussion covered whether someone should review the data-processing agreement with legal. The chair closed it with no action today.,legacy_reviewed,discussion_topic,not_action,,evidence,targeted_context_018,train,targeted_generalisation_20260812,human_approved,,,,Ravi Mehta: The data protection discussion covered whether someone should review the data-processing agreement with legal. The chair closed it with no action today.,,"[PREVIOUS]

[CURRENT]
Ravi Mehta: The data protection discussion covered whether someone should review the data-processing agreement with legal. The chair closed it with no action today.
[NEXT]
",,,,,,,
targeted_ev_019_1,Chloe Bennett: I will book the usability sessions with five participants by next Wednesday.,legacy_reviewed,action_commitment,confirmed_action,,evidence,targeted_context_019,train,targeted_generalisation_20260812,human_approved,,,,Chloe Bennett: I will book the usability sessions with five participants by next Wednesday.,,"[PREVIOUS]

[CURRENT]
Chloe Bennett: I will book the usability sessions with five participants by next Wednesday.
[NEXT]
",,,,,,,
targeted_ev_019_2,"Chloe Bennett: We could book the usability sessions with five participants by next Wednesday if capacity allows, but nothing has been agreed.",legacy_reviewed,discussion_topic,possible_action,,evidence,targeted_context_019,train,targeted_generalisation_20260812,human_approved,,,,"Chloe Bennett: We could book the usability sessions with five participants by next Wednesday if capacity allows, but nothing has been agreed.",,"[PREVIOUS]

[CURRENT]
Chloe Bennett: We could book the usability sessions with five participants by next Wednesday if capacity allows, but nothing has been agreed.
[NEXT]
",,,,,,,
targeted_ev_019_3,The work for Chloe Bennett to book the usability sessions with five participants was completed yesterday; nothing remains outstanding.,legacy_reviewed,background_context,completed_history,,evidence,targeted_context_019,train,targeted_generalisation_20260812,human_approved,,,,The work for Chloe Bennett to book the usability sessions with five participants was completed yesterday; nothing remains outstanding.,,"[PREVIOUS]

[CURRENT]
The work for Chloe Bennett to book the usability sessions with five participants was completed yesterday; nothing remains outstanding.
[NEXT]
",,,,,,,
targeted_ev_019_4,Chloe Bennett: The user research discussion covered whether someone should book the usability sessions with five participants. The chair closed it with no action today.,legacy_reviewed,discussion_topic,not_action,,evidence,targeted_context_019,train,targeted_generalisation_20260812,human_approved,,,,Chloe Bennett: The user research discussion covered whether someone should book the usability sessions with five participants. The chair closed it with no action today.,,"[PREVIOUS]

[CURRENT]
Chloe Bennett: The user research discussion covered whether someone should book the usability sessions with five participants. The chair closed it with no action today.
[NEXT]
",,,,,,,
targeted_ev_020_1,Darius King: I will send the inspection pack to Monique end of day tomorrow.,legacy_reviewed,document_control_task,confirmed_action,,evidence,targeted_context_020,train,targeted_generalisation_20260812,human_approved,,,,Darius King: I will send the inspection pack to Monique end of day tomorrow.,,"[PREVIOUS]

[CURRENT]
Darius King: I will send the inspection pack to Monique end of day tomorrow.
[NEXT]
",,,,,,,
targeted_ev_020_2,"Darius King: We could send the inspection pack to Monique end of day tomorrow if capacity allows, but nothing has been agreed.",legacy_reviewed,discussion_topic,possible_action,,evidence,targeted_context_020,train,targeted_generalisation_20260812,human_approved,,,,"Darius King: We could send the inspection pack to Monique end of day tomorrow if capacity allows, but nothing has been agreed.",,"[PREVIOUS]

[CURRENT]
Darius King: We could send the inspection pack to Monique end of day tomorrow if capacity allows, but nothing has been agreed.
[NEXT]
",,,,,,,
targeted_ev_020_3,The work for Darius King to send the inspection pack to Monique was completed yesterday; nothing remains outstanding.,legacy_reviewed,background_context,completed_history,,evidence,targeted_context_020,train,targeted_generalisation_20260812,human_approved,,,,The work for Darius King to send the inspection pack to Monique was completed yesterday; nothing remains outstanding.,,"[PREVIOUS]

[CURRENT]
The work for Darius King to send the inspection pack to Monique was completed yesterday; nothing remains outstanding.
[NEXT]
",,,,,,,
targeted_ev_020_4,Darius King: The inspection preparation discussion covered whether someone should send the inspection pack to Monique. The chair closed it with no action today.,legacy_reviewed,discussion_topic,not_action,,evidence,targeted_context_020,train,targeted_generalisation_20260812,human_approved,,,,Darius King: The inspection preparation discussion covered whether someone should send the inspection pack to Monique. The chair closed it with no action today.,,"[PREVIOUS]

[CURRENT]
Darius King: The inspection preparation discussion covered whether someone should send the inspection pack to Monique. The chair closed it with no action today.
[NEXT]
",,,,,,,
targeted_ev_021_1,Monique Laurent: I will review the inspection pack within three working days of receipt.,legacy_reviewed,document_control_task,confirmed_action,,evidence,targeted_context_021,train,targeted_generalisation_20260812,human_approved,,,,Monique Laurent: I will review the inspection pack within three working days of receipt.,,"[PREVIOUS]

[CURRENT]
Monique Laurent: I will review the inspection pack within three working days of receipt.
[NEXT]
",,,,,,,
targeted_ev_021_2,"Monique Laurent: We could review the inspection pack within three working days of receipt if capacity allows, but nothing has been agreed.",legacy_reviewed,discussion_topic,possible_action,,evidence,targeted_context_021,train,targeted_generalisation_20260812,human_approved,,,,"Monique Laurent: We could review the inspection pack within three working days of receipt if capacity allows, but nothing has been agreed.",,"[PREVIOUS]

[CURRENT]
Monique Laurent: We could review the inspection pack within three working days of receipt if capacity allows, but nothing has been agreed.
[NEXT]
",,,,,,,
targeted_ev_021_3,The work for Monique Laurent to review the inspection pack was completed yesterday; nothing remains outstanding.,legacy_reviewed,background_context,completed_history,,evidence,targeted_context_021,train,targeted_generalisation_20260812,human_approved,,,,The work for Monique Laurent to review the inspection pack was completed yesterday; nothing remains outstanding.,,"[PREVIOUS]

[CURRENT]
The work for Monique Laurent to review the inspection pack was completed yesterday; nothing remains outstanding.
[NEXT]
",,,,,,,
targeted_ev_021_4,Monique Laurent: The inspection review discussion covered whether someone should review the inspection pack. The chair closed it with no action today.,legacy_reviewed,discussion_topic,not_action,,evidence,targeted_context_021,train,targeted_generalisation_20260812,human_approved,,,,Monique Laurent: The inspection review discussion covered whether someone should review the inspection pack. The chair closed it with no action today.,,"[PREVIOUS]

[CURRENT]
Monique Laurent: The inspection review discussion covered whether someone should review the inspection pack. The chair closed it with no action today.
[NEXT]
",,,,,,,
targeted_ev_022_1,Serena Cho: I will file the approved inspection pack the working day after Monique approves it.,legacy_reviewed,regulatory_obligation,confirmed_action,,evidence,targeted_context_022,train,targeted_generalisation_20260812,human_approved,,,,Serena Cho: I will file the approved inspection pack the working day after Monique approves it.,,"[PREVIOUS]

[CURRENT]
Serena Cho: I will file the approved inspection pack the working day after Monique approves it.
[NEXT]
",,,,,,,
targeted_ev_022_2,"Serena Cho: We could file the approved inspection pack the working day after Monique approves it if capacity allows, but nothing has been agreed.",legacy_reviewed,discussion_topic,possible_action,,evidence,targeted_context_022,train,targeted_generalisation_20260812,human_approved,,,,"Serena Cho: We could file the approved inspection pack the working day after Monique approves it if capacity allows, but nothing has been agreed.",,"[PREVIOUS]

[CURRENT]
Serena Cho: We could file the approved inspection pack the working day after Monique approves it if capacity allows, but nothing has been agreed.
[NEXT]
",,,,,,,
targeted_ev_022_3,The work for Serena Cho to file the approved inspection pack was completed yesterday; nothing remains outstanding.,legacy_reviewed,background_context,completed_history,,evidence,targeted_context_022,train,targeted_generalisation_20260812,human_approved,,,,The work for Serena Cho to file the approved inspection pack was completed yesterday; nothing remains outstanding.,,"[PREVIOUS]

[CURRENT]
The work for Serena Cho to file the approved inspection pack was completed yesterday; nothing remains outstanding.
[NEXT]
",,,,,,,
targeted_ev_022_4,Serena Cho: The inspection sequence discussion covered whether someone should file the approved inspection pack. The chair closed it with no action today.,legacy_reviewed,discussion_topic,not_action,,evidence,targeted_context_022,train,targeted_generalisation_20260812,human_approved,,,,Serena Cho: The inspection sequence discussion covered whether someone should file the approved inspection pack. The chair closed it with no action today.,,"[PREVIOUS]

[CURRENT]
Serena Cho: The inspection sequence discussion covered whether someone should file the approved inspection pack. The chair closed it with no action today.
[NEXT]
",,,,,,,
targeted_ev_023_1,Gareth Webb: I will send the migration confirmation to Rina today.,legacy_reviewed,action_commitment,confirmed_action,,evidence,targeted_context_023,train,targeted_generalisation_20260812,human_approved,,,,Gareth Webb: I will send the migration confirmation to Rina today.,,"[PREVIOUS]

[CURRENT]
Gareth Webb: I will send the migration confirmation to Rina today.
[NEXT]
",,,,,,,
targeted_ev_023_2,"Gareth Webb: We could send the migration confirmation to Rina today if capacity allows, but nothing has been agreed.",legacy_reviewed,discussion_topic,possible_action,,evidence,targeted_context_023,train,targeted_generalisation_20260812,human_approved,,,,"Gareth Webb: We could send the migration confirmation to Rina today if capacity allows, but nothing has been agreed.",,"[PREVIOUS]

[CURRENT]
Gareth Webb: We could send the migration confirmation to Rina today if capacity allows, but nothing has been agreed.
[NEXT]
",,,,,,,
targeted_ev_023_3,The work for Gareth Webb to send the migration confirmation to Rina was completed yesterday; nothing remains outstanding.,legacy_reviewed,background_context,completed_history,,evidence,targeted_context_023,train,targeted_generalisation_20260812,human_approved,,,,The work for Gareth Webb to send the migration confirmation to Rina was completed yesterday; nothing remains outstanding.,,"[PREVIOUS]

[CURRENT]
The work for Gareth Webb to send the migration confirmation to Rina was completed yesterday; nothing remains outstanding.
[NEXT]
",,,,,,,
targeted_ev_023_4,Gareth Webb: The system migration discussion covered whether someone should send the migration confirmation to Rina. The chair closed it with no action today.,legacy_reviewed,discussion_topic,not_action,,evidence,targeted_context_023,train,targeted_generalisation_20260812,human_approved,,,,Gareth Webb: The system migration discussion covered whether someone should send the migration confirmation to Rina. The chair closed it with no action today.,,"[PREVIOUS]

[CURRENT]
Gareth Webb: The system migration discussion covered whether someone should send the migration confirmation to Rina. The chair closed it with no action today.
[NEXT]
",,,,,,,
targeted_ev_024_1,Kemi Lawson: I will monitor the queue dashboard and alert Rina above five per cent for the first ninety minutes after migration.,legacy_reviewed,action_commitment,confirmed_action,,evidence,targeted_context_024,train,targeted_generalisation_20260812,human_approved,,,,Kemi Lawson: I will monitor the queue dashboard and alert Rina above five per cent for the first ninety minutes after migration.,,"[PREVIOUS]

[CURRENT]
Kemi Lawson: I will monitor the queue dashboard and alert Rina above five per cent for the first ninety minutes after migration.
[NEXT]
",,,,,,,
targeted_ev_024_2,"Kemi Lawson: We could monitor the queue dashboard and alert Rina above five per cent for the first ninety minutes after migration if capacity allows, but nothing has been agreed.",legacy_reviewed,discussion_topic,possible_action,,evidence,targeted_context_024,train,targeted_generalisation_20260812,human_approved,,,,"Kemi Lawson: We could monitor the queue dashboard and alert Rina above five per cent for the first ninety minutes after migration if capacity allows, but nothing has been agreed.",,"[PREVIOUS]

[CURRENT]
Kemi Lawson: We could monitor the queue dashboard and alert Rina above five per cent for the first ninety minutes after migration if capacity allows, but nothing has been agreed.
[NEXT]
",,,,,,,
targeted_ev_024_3,The work for Kemi Lawson to monitor the queue dashboard and alert Rina above five per cent was completed yesterday; nothing remains outstanding.,legacy_reviewed,background_context,completed_history,,evidence,targeted_context_024,train,targeted_generalisation_20260812,human_approved,,,,The work for Kemi Lawson to monitor the queue dashboard and alert Rina above five per cent was completed yesterday; nothing remains outstanding.,,"[PREVIOUS]

[CURRENT]
The work for Kemi Lawson to monitor the queue dashboard and alert Rina above five per cent was completed yesterday; nothing remains outstanding.
[NEXT]
",,,,,,,
targeted_ev_024_4,Kemi Lawson: The migration monitoring discussion covered whether someone should monitor the queue dashboard and alert Rina above five per cent. The chair closed it with no action today.,legacy_reviewed,discussion_topic,not_action,,evidence,targeted_context_024,train,targeted_generalisation_20260812,human_approved,,,,Kemi Lawson: The migration monitoring discussion covered whether someone should monitor the queue dashboard and alert Rina above five per cent. The chair closed it with no action today.,,"[PREVIOUS]

[CURRENT]
Kemi Lawson: The migration monitoring discussion covered whether someone should monitor the queue dashboard and alert Rina above five per cent. The chair closed it with no action today.
[NEXT]
",,,,,,,
targeted_ev_025_1,Robyn Clarke: I will renew the SSL certificate with the hosting provider tomorrow morning.,legacy_reviewed,action_commitment,confirmed_action,,evidence,targeted_context_025,train,targeted_generalisation_20260812,human_approved,,,,Robyn Clarke: I will renew the SSL certificate with the hosting provider tomorrow morning.,,"[PREVIOUS]

[CURRENT]
Robyn Clarke: I will renew the SSL certificate with the hosting provider tomorrow morning.
[NEXT]
",,,,,,,
targeted_ev_025_2,"Robyn Clarke: We could renew the SSL certificate with the hosting provider tomorrow morning if capacity allows, but nothing has been agreed.",legacy_reviewed,discussion_topic,possible_action,,evidence,targeted_context_025,train,targeted_generalisation_20260812,human_approved,,,,"Robyn Clarke: We could renew the SSL certificate with the hosting provider tomorrow morning if capacity allows, but nothing has been agreed.",,"[PREVIOUS]

[CURRENT]
Robyn Clarke: We could renew the SSL certificate with the hosting provider tomorrow morning if capacity allows, but nothing has been agreed.
[NEXT]
",,,,,,,
targeted_ev_025_3,The work for Robyn Clarke to renew the SSL certificate with the hosting provider was completed yesterday; nothing remains outstanding.,legacy_reviewed,background_context,completed_history,,evidence,targeted_context_025,train,targeted_generalisation_20260812,human_approved,,,,The work for Robyn Clarke to renew the SSL certificate with the hosting provider was completed yesterday; nothing remains outstanding.,,"[PREVIOUS]

[CURRENT]
The work for Robyn Clarke to renew the SSL certificate with the hosting provider was completed yesterday; nothing remains outstanding.
[NEXT]
",,,,,,,
targeted_ev_025_4,Robyn Clarke: The website security discussion covered whether someone should renew the SSL certificate with the hosting provider. The chair closed it with no action today.,legacy_reviewed,discussion_topic,not_action,,evidence,targeted_context_025,train,targeted_generalisation_20260812,human_approved,,,,Robyn Clarke: The website security discussion covered whether someone should renew the SSL certificate with the hosting provider. The chair closed it with no action today.,,"[PREVIOUS]

[CURRENT]
Robyn Clarke: The website security discussion covered whether someone should renew the SSL certificate with the hosting provider. The chair closed it with no action today.
[NEXT]
",,,,,,,
targeted_ev_026_1,Bruno Costa: I will upload the signed maintenance certificate by close tomorrow.,legacy_reviewed,document_control_task,confirmed_action,,evidence,targeted_context_026,train,targeted_generalisation_20260812,human_approved,,,,Bruno Costa: I will upload the signed maintenance certificate by close tomorrow.,,"[PREVIOUS]

[CURRENT]
Bruno Costa: I will upload the signed maintenance certificate by close tomorrow.
[NEXT]
",,,,,,,
targeted_ev_026_2,"Bruno Costa: We could upload the signed maintenance certificate by close tomorrow if capacity allows, but nothing has been agreed.",legacy_reviewed,discussion_topic,possible_action,,evidence,targeted_context_026,train,targeted_generalisation_20260812,human_approved,,,,"Bruno Costa: We could upload the signed maintenance certificate by close tomorrow if capacity allows, but nothing has been agreed.",,"[PREVIOUS]

[CURRENT]
Bruno Costa: We could upload the signed maintenance certificate by close tomorrow if capacity allows, but nothing has been agreed.
[NEXT]
",,,,,,,
targeted_ev_026_3,The work for Bruno Costa to upload the signed maintenance certificate was completed yesterday; nothing remains outstanding.,legacy_reviewed,background_context,completed_history,,evidence,targeted_context_026,train,targeted_generalisation_20260812,human_approved,,,,The work for Bruno Costa to upload the signed maintenance certificate was completed yesterday; nothing remains outstanding.,,"[PREVIOUS]

[CURRENT]
The work for Bruno Costa to upload the signed maintenance certificate was completed yesterday; nothing remains outstanding.
[NEXT]
",,,,,,,
targeted_ev_026_4,Bruno Costa: The maintenance follow-up discussion covered whether someone should upload the signed maintenance certificate. The chair closed it with no action today.,legacy_reviewed,discussion_topic,not_action,,evidence,targeted_context_026,train,targeted_generalisation_20260812,human_approved,,,,Bruno Costa: The maintenance follow-up discussion covered whether someone should upload the signed maintenance certificate. The chair closed it with no action today.,,"[PREVIOUS]

[CURRENT]
Bruno Costa: The maintenance follow-up discussion covered whether someone should upload the signed maintenance certificate. The chair closed it with no action today.
[NEXT]
",,,,,,,
targeted_ev_027_1,Lena Vogt: I will draft and send the customer advisory Wednesday morning.,legacy_reviewed,document_control_task,confirmed_action,,evidence,targeted_context_027,train,targeted_generalisation_20260812,human_approved,,,,Lena Vogt: I will draft and send the customer advisory Wednesday morning.,,"[PREVIOUS]

[CURRENT]
Lena Vogt: I will draft and send the customer advisory Wednesday morning.
[NEXT]
",,,,,,,
targeted_ev_027_2,"Lena Vogt: We could draft and send the customer advisory Wednesday morning if capacity allows, but nothing has been agreed.",legacy_reviewed,discussion_topic,possible_action,,evidence,targeted_context_027,train,targeted_generalisation_20260812,human_approved,,,,"Lena Vogt: We could draft and send the customer advisory Wednesday morning if capacity allows, but nothing has been agreed.",,"[PREVIOUS]

[CURRENT]
Lena Vogt: We could draft and send the customer advisory Wednesday morning if capacity allows, but nothing has been agreed.
[NEXT]
",,,,,,,
targeted_ev_027_3,The work for Lena Vogt to draft and send the customer advisory was completed yesterday; nothing remains outstanding.,legacy_reviewed,background_context,completed_history,,evidence,targeted_context_027,train,targeted_generalisation_20260812,human_approved,,,,The work for Lena Vogt to draft and send the customer advisory was completed yesterday; nothing remains outstanding.,,"[PREVIOUS]

[CURRENT]
The work for Lena Vogt to draft and send the customer advisory was completed yesterday; nothing remains outstanding.
[NEXT]
",,,,,,,
targeted_ev_027_4,Lena Vogt: The service planning discussion covered whether someone should draft and send the customer advisory. The chair closed it with no action today.,legacy_reviewed,discussion_topic,not_action,,evidence,targeted_context_027,train,targeted_generalisation_20260812,human_approved,,,,Lena Vogt: The service planning discussion covered whether someone should draft and send the customer advisory. The chair closed it with no action today.,,"[PREVIOUS]

[CURRENT]
Lena Vogt: The service planning discussion covered whether someone should draft and send the customer advisory. The chair closed it with no action today.
[NEXT]
",,,,,,,
targeted_ev_028_1,Hassan Ali: I will complete the risk assessment before drafting the audit plan by Friday.,legacy_reviewed,document_control_task,confirmed_action,,evidence,targeted_context_028,train,targeted_generalisation_20260812,human_approved,,,,Hassan Ali: I will complete the risk assessment before drafting the audit plan by Friday.,,"[PREVIOUS]

[CURRENT]
Hassan Ali: I will complete the risk assessment before drafting the audit plan by Friday.
[NEXT]
",,,,,,,
targeted_ev_028_2,"Hassan Ali: We could complete the risk assessment before drafting the audit plan by Friday if capacity allows, but nothing has been agreed.",legacy_reviewed,discussion_topic,possible_action,,evidence,targeted_context_028,train,targeted_generalisation_20260812,human_approved,,,,"Hassan Ali: We could complete the risk assessment before drafting the audit plan by Friday if capacity allows, but nothing has been agreed.",,"[PREVIOUS]

[CURRENT]
Hassan Ali: We could complete the risk assessment before drafting the audit plan by Friday if capacity allows, but nothing has been agreed.
[NEXT]
",,,,,,,
targeted_ev_028_3,The work for Hassan Ali to complete the risk assessment before drafting the audit plan was completed yesterday; nothing remains outstanding.,legacy_reviewed,background_context,completed_history,,evidence,targeted_context_028,train,targeted_generalisation_20260812,human_approved,,,,The work for Hassan Ali to complete the risk assessment before drafting the audit plan was completed yesterday; nothing remains outstanding.,,"[PREVIOUS]

[CURRENT]
The work for Hassan Ali to complete the risk assessment before drafting the audit plan was completed yesterday; nothing remains outstanding.
[NEXT]
",,,,,,,
targeted_ev_028_4,Hassan Ali: The audit planning discussion covered whether someone should complete the risk assessment before drafting the audit plan. The chair closed it with no action today.,legacy_reviewed,discussion_topic,not_action,,evidence,targeted_context_028,train,targeted_generalisation_20260812,human_approved,,,,Hassan Ali: The audit planning discussion covered whether someone should complete the risk assessment before drafting the audit plan. The chair closed it with no action today.,,"[PREVIOUS]

[CURRENT]
Hassan Ali: The audit planning discussion covered whether someone should complete the risk assessment before drafting the audit plan. The chair closed it with no action today.
[NEXT]
",,,,,,,
targeted_ev_029_1,Mei Tan: I will send the calibration certificate to quality assurance once the laboratory releases it.,legacy_reviewed,document_control_task,confirmed_action,,evidence,targeted_context_029,train,targeted_generalisation_20260812,human_approved,,,,Mei Tan: I will send the calibration certificate to quality assurance once the laboratory releases it.,,"[PREVIOUS]

[CURRENT]
Mei Tan: I will send the calibration certificate to quality assurance once the laboratory releases it.
[NEXT]
",,,,,,,
targeted_ev_029_2,"Mei Tan: We could send the calibration certificate to quality assurance once the laboratory releases it if capacity allows, but nothing has been agreed.",legacy_reviewed,discussion_topic,possible_action,,evidence,targeted_context_029,train,targeted_generalisation_20260812,human_approved,,,,"Mei Tan: We could send the calibration certificate to quality assurance once the laboratory releases it if capacity allows, but nothing has been agreed.",,"[PREVIOUS]

[CURRENT]
Mei Tan: We could send the calibration certificate to quality assurance once the laboratory releases it if capacity allows, but nothing has been agreed.
[NEXT]
",,,,,,,
targeted_ev_029_3,The work for Mei Tan to send the calibration certificate to quality assurance was completed yesterday; nothing remains outstanding.,legacy_reviewed,background_context,completed_history,,evidence,targeted_context_029,train,targeted_generalisation_20260812,human_approved,,,,The work for Mei Tan to send the calibration certificate to quality assurance was completed yesterday; nothing remains outstanding.,,"[PREVIOUS]

[CURRENT]
The work for Mei Tan to send the calibration certificate to quality assurance was completed yesterday; nothing remains outstanding.
[NEXT]
",,,,,,,
targeted_ev_029_4,Mei Tan: The equipment calibration discussion covered whether someone should send the calibration certificate to quality assurance. The chair closed it with no action today.,legacy_reviewed,discussion_topic,not_action,,evidence,targeted_context_029,train,targeted_generalisation_20260812,human_approved,,,,Mei Tan: The equipment calibration discussion covered whether someone should send the calibration certificate to quality assurance. The chair closed it with no action today.,,"[PREVIOUS]

[CURRENT]
Mei Tan: The equipment calibration discussion covered whether someone should send the calibration certificate to quality assurance. The chair closed it with no action today.
[NEXT]
",,,,,,,
targeted_ev_030_1,Patrick Osei: I will confirm the courier collection window before 16:00 today.,legacy_reviewed,action_commitment,confirmed_action,,evidence,targeted_context_030,train,targeted_generalisation_20260812,human_approved,,,,Patrick Osei: I will confirm the courier collection window before 16:00 today.,,"[PREVIOUS]

[CURRENT]
Patrick Osei: I will confirm the courier collection window before 16:00 today.
[NEXT]
",,,,,,,
targeted_ev_030_2,"Patrick Osei: We could confirm the courier collection window before 16:00 today if capacity allows, but nothing has been agreed.",legacy_reviewed,discussion_topic,possible_action,,evidence,targeted_context_030,train,targeted_generalisation_20260812,human_approved,,,,"Patrick Osei: We could confirm the courier collection window before 16:00 today if capacity allows, but nothing has been agreed.",,"[PREVIOUS]

[CURRENT]
Patrick Osei: We could confirm the courier collection window before 16:00 today if capacity allows, but nothing has been agreed.
[NEXT]
",,,,,,,
targeted_ev_030_3,The work for Patrick Osei to confirm the courier collection window was completed yesterday; nothing remains outstanding.,legacy_reviewed,background_context,completed_history,,evidence,targeted_context_030,train,targeted_generalisation_20260812,human_approved,,,,The work for Patrick Osei to confirm the courier collection window was completed yesterday; nothing remains outstanding.,,"[PREVIOUS]

[CURRENT]
The work for Patrick Osei to confirm the courier collection window was completed yesterday; nothing remains outstanding.
[NEXT]
",,,,,,,
targeted_ev_030_4,Patrick Osei: The distribution discussion covered whether someone should confirm the courier collection window. The chair closed it with no action today.,legacy_reviewed,discussion_topic,not_action,,evidence,targeted_context_030,train,targeted_generalisation_20260812,human_approved,,,,Patrick Osei: The distribution discussion covered whether someone should confirm the courier collection window. The chair closed it with no action today.,,"[PREVIOUS]

[CURRENT]
Patrick Osei: The distribution discussion covered whether someone should confirm the courier collection window. The chair closed it with no action today.
[NEXT]
",,,,,,,
targeted_ev_031_1,Elena Rossi: I will rewrite the onboarding email and place it in the shared folder.,legacy_reviewed,document_control_task,confirmed_action,,evidence,targeted_context_031,train,targeted_generalisation_20260812,human_approved,,,,Elena Rossi: I will rewrite the onboarding email and place it in the shared folder.,,"[PREVIOUS]

[CURRENT]
Elena Rossi: I will rewrite the onboarding email and place it in the shared folder.
[NEXT]
",,,,,,,
targeted_ev_031_2,"Elena Rossi: We could rewrite the onboarding email and place it in the shared folder if capacity allows, but nothing has been agreed.",legacy_reviewed,discussion_topic,possible_action,,evidence,targeted_context_031,train,targeted_generalisation_20260812,human_approved,,,,"Elena Rossi: We could rewrite the onboarding email and place it in the shared folder if capacity allows, but nothing has been agreed.",,"[PREVIOUS]

[CURRENT]
Elena Rossi: We could rewrite the onboarding email and place it in the shared folder if capacity allows, but nothing has been agreed.
[NEXT]
",,,,,,,
targeted_ev_031_3,The work for Elena Rossi to rewrite the onboarding email and place it in the shared folder was completed yesterday; nothing remains outstanding.,legacy_reviewed,background_context,completed_history,,evidence,targeted_context_031,train,targeted_generalisation_20260812,human_approved,,,,The work for Elena Rossi to rewrite the onboarding email and place it in the shared folder was completed yesterday; nothing remains outstanding.,,"[PREVIOUS]

[CURRENT]
The work for Elena Rossi to rewrite the onboarding email and place it in the shared folder was completed yesterday; nothing remains outstanding.
[NEXT]
",,,,,,,
targeted_ev_031_4,Elena Rossi: The customer onboarding discussion covered whether someone should rewrite the onboarding email and place it in the shared folder. The chair closed it with no action today.,legacy_reviewed,discussion_topic,not_action,,evidence,targeted_context_031,train,targeted_generalisation_20260812,human_approved,,,,Elena Rossi: The customer onboarding discussion covered whether someone should rewrite the onboarding email and place it in the shared folder. The chair closed it with no action today.,,"[PREVIOUS]

[CURRENT]
Elena Rossi: The customer onboarding discussion covered whether someone should rewrite the onboarding email and place it in the shared folder. The chair closed it with no action today.
[NEXT]
",,,,,,,
targeted_ev_032_1,Victor Lane: I will keep the product demonstration within seven minutes during the partner briefing.,legacy_reviewed,action_commitment,confirmed_action,,evidence,targeted_context_032,train,targeted_generalisation_20260812,human_approved,,,,Victor Lane: I will keep the product demonstration within seven minutes during the partner briefing.,,"[PREVIOUS]

[CURRENT]
Victor Lane: I will keep the product demonstration within seven minutes during the partner briefing.
[NEXT]
",,,,,,,
targeted_ev_032_2,"Victor Lane: We could keep the product demonstration within seven minutes during the partner briefing if capacity allows, but nothing has been agreed.",legacy_reviewed,discussion_topic,possible_action,,evidence,targeted_context_032,train,targeted_generalisation_20260812,human_approved,,,,"Victor Lane: We could keep the product demonstration within seven minutes during the partner briefing if capacity allows, but nothing has been agreed.",,"[PREVIOUS]

[CURRENT]
Victor Lane: We could keep the product demonstration within seven minutes during the partner briefing if capacity allows, but nothing has been agreed.
[NEXT]
",,,,,,,
targeted_ev_032_3,The work for Victor Lane to keep the product demonstration within seven minutes was completed yesterday; nothing remains outstanding.,legacy_reviewed,background_context,completed_history,,evidence,targeted_context_032,train,targeted_generalisation_20260812,human_approved,,,,The work for Victor Lane to keep the product demonstration within seven minutes was completed yesterday; nothing remains outstanding.,,"[PREVIOUS]

[CURRENT]
The work for Victor Lane to keep the product demonstration within seven minutes was completed yesterday; nothing remains outstanding.
[NEXT]
",,,,,,,
targeted_ev_032_4,Victor Lane: The demonstration timing discussion covered whether someone should keep the product demonstration within seven minutes. The chair closed it with no action today.,legacy_reviewed,discussion_topic,not_action,,evidence,targeted_context_032,train,targeted_generalisation_20260812,human_approved,,,,Victor Lane: The demonstration timing discussion covered whether someone should keep the product demonstration within seven minutes. The chair closed it with no action today.,,"[PREVIOUS]

[CURRENT]
Victor Lane: The demonstration timing discussion covered whether someone should keep the product demonstration within seven minutes. The chair closed it with no action today.
[NEXT]
",,,,,,,
targeted_ev_033_1,"Alina Petrova: I will facilitate the introductions, transitions and closing summary during the research workshop.",legacy_reviewed,action_commitment,confirmed_action,,evidence,targeted_context_033,train,targeted_generalisation_20260812,human_approved,,,,"Alina Petrova: I will facilitate the introductions, transitions and closing summary during the research workshop.",,"[PREVIOUS]

[CURRENT]
Alina Petrova: I will facilitate the introductions, transitions and closing summary during the research workshop.
[NEXT]
",,,,,,,
targeted_ev_033_2,"Alina Petrova: We could facilitate the introductions, transitions and closing summary during the research workshop if capacity allows, but nothing has been agreed.",legacy_reviewed,discussion_topic,possible_action,,evidence,targeted_context_033,train,targeted_generalisation_20260812,human_approved,,,,"Alina Petrova: We could facilitate the introductions, transitions and closing summary during the research workshop if capacity allows, but nothing has been agreed.",,"[PREVIOUS]

[CURRENT]
Alina Petrova: We could facilitate the introductions, transitions and closing summary during the research workshop if capacity allows, but nothing has been agreed.
[NEXT]
",,,,,,,
targeted_ev_033_3,"The work for Alina Petrova to facilitate the introductions, transitions and closing summary was completed yesterday; nothing remains outstanding.",legacy_reviewed,background_context,completed_history,,evidence,targeted_context_033,train,targeted_generalisation_20260812,human_approved,,,,"The work for Alina Petrova to facilitate the introductions, transitions and closing summary was completed yesterday; nothing remains outstanding.",,"[PREVIOUS]

[CURRENT]
The work for Alina Petrova to facilitate the introductions, transitions and closing summary was completed yesterday; nothing remains outstanding.
[NEXT]
",,,,,,,
targeted_ev_033_4,"Alina Petrova: The workshop facilitation discussion covered whether someone should facilitate the introductions, transitions and closing summary. The chair closed it with no action today.",legacy_reviewed,discussion_topic,not_action,,evidence,targeted_context_033,train,targeted_generalisation_20260812,human_approved,,,,"Alina Petrova: The workshop facilitation discussion covered whether someone should facilitate the introductions, transitions and closing summary. The chair closed it with no action today.",,"[PREVIOUS]

[CURRENT]
Alina Petrova: The workshop facilitation discussion covered whether someone should facilitate the introductions, transitions and closing summary. The chair closed it with no action today.
[NEXT]
",,,,,,,
targeted_ev_034_1,Cormac Doyle: I will restore the chart transitions and redistribute the presentation before the dry run.,legacy_reviewed,document_control_task,confirmed_action,,evidence,targeted_context_034,train,targeted_generalisation_20260812,human_approved,,,,Cormac Doyle: I will restore the chart transitions and redistribute the presentation before the dry run.,,"[PREVIOUS]

[CURRENT]
Cormac Doyle: I will restore the chart transitions and redistribute the presentation before the dry run.
[NEXT]
",,,,,,,
targeted_ev_034_2,"Cormac Doyle: We could restore the chart transitions and redistribute the presentation before the dry run if capacity allows, but nothing has been agreed.",legacy_reviewed,discussion_topic,possible_action,,evidence,targeted_context_034,train,targeted_generalisation_20260812,human_approved,,,,"Cormac Doyle: We could restore the chart transitions and redistribute the presentation before the dry run if capacity allows, but nothing has been agreed.",,"[PREVIOUS]

[CURRENT]
Cormac Doyle: We could restore the chart transitions and redistribute the presentation before the dry run if capacity allows, but nothing has been agreed.
[NEXT]
",,,,,,,
targeted_ev_034_3,The work for Cormac Doyle to restore the chart transitions and redistribute the presentation was completed yesterday; nothing remains outstanding.,legacy_reviewed,background_context,completed_history,,evidence,targeted_context_034,train,targeted_generalisation_20260812,human_approved,,,,The work for Cormac Doyle to restore the chart transitions and redistribute the presentation was completed yesterday; nothing remains outstanding.,,"[PREVIOUS]

[CURRENT]
The work for Cormac Doyle to restore the chart transitions and redistribute the presentation was completed yesterday; nothing remains outstanding.
[NEXT]
",,,,,,,
targeted_ev_034_4,Cormac Doyle: The presentation preparation discussion covered whether someone should restore the chart transitions and redistribute the presentation. The chair closed it with no action today.,legacy_reviewed,discussion_topic,not_action,,evidence,targeted_context_034,train,targeted_generalisation_20260812,human_approved,,,,Cormac Doyle: The presentation preparation discussion covered whether someone should restore the chart transitions and redistribute the presentation. The chair closed it with no action today.,,"[PREVIOUS]

[CURRENT]
Cormac Doyle: The presentation preparation discussion covered whether someone should restore the chart transitions and redistribute the presentation. The chair closed it with no action today.
[NEXT]
",,,,,,,
targeted_ev_035_1,Nkiru Eze: I will group technical questions and pass priority items to the moderator throughout the panel.,legacy_reviewed,action_commitment,confirmed_action,,evidence,targeted_context_035,train,targeted_generalisation_20260812,human_approved,,,,Nkiru Eze: I will group technical questions and pass priority items to the moderator throughout the panel.,,"[PREVIOUS]

[CURRENT]
Nkiru Eze: I will group technical questions and pass priority items to the moderator throughout the panel.
[NEXT]
",,,,,,,
targeted_ev_035_2,"Nkiru Eze: We could group technical questions and pass priority items to the moderator throughout the panel if capacity allows, but nothing has been agreed.",legacy_reviewed,discussion_topic,possible_action,,evidence,targeted_context_035,train,targeted_generalisation_20260812,human_approved,,,,"Nkiru Eze: We could group technical questions and pass priority items to the moderator throughout the panel if capacity allows, but nothing has been agreed.",,"[PREVIOUS]

[CURRENT]
Nkiru Eze: We could group technical questions and pass priority items to the moderator throughout the panel if capacity allows, but nothing has been agreed.
[NEXT]
",,,,,,,
targeted_ev_035_3,The work for Nkiru Eze to group technical questions and pass priority items to the moderator was completed yesterday; nothing remains outstanding.,legacy_reviewed,background_context,completed_history,,evidence,targeted_context_035,train,targeted_generalisation_20260812,human_approved,,,,The work for Nkiru Eze to group technical questions and pass priority items to the moderator was completed yesterday; nothing remains outstanding.,,"[PREVIOUS]

[CURRENT]
The work for Nkiru Eze to group technical questions and pass priority items to the moderator was completed yesterday; nothing remains outstanding.
[NEXT]
",,,,,,,
targeted_ev_035_4,Nkiru Eze: The panel moderation discussion covered whether someone should group technical questions and pass priority items to the moderator. The chair closed it with no action today.,legacy_reviewed,discussion_topic,not_action,,evidence,targeted_context_035,train,targeted_generalisation_20260812,human_approved,,,,Nkiru Eze: The panel moderation discussion covered whether someone should group technical questions and pass priority items to the moderator. The chair closed it with no action today.,,"[PREVIOUS]

[CURRENT]
Nkiru Eze: The panel moderation discussion covered whether someone should group technical questions and pass priority items to the moderator. The chair closed it with no action today.
[NEXT]
",,,,,,,
targeted_ev_036_1,Yusuf Ahmed: I will verify the backup connection before the broadcast at 08:30 tomorrow.,legacy_reviewed,action_commitment,confirmed_action,,evidence,targeted_context_036,train,targeted_generalisation_20260812,human_approved,,,,Yusuf Ahmed: I will verify the backup connection before the broadcast at 08:30 tomorrow.,,"[PREVIOUS]

[CURRENT]
Yusuf Ahmed: I will verify the backup connection before the broadcast at 08:30 tomorrow.
[NEXT]
",,,,,,,
targeted_ev_036_2,"Yusuf Ahmed: We could verify the backup connection before the broadcast at 08:30 tomorrow if capacity allows, but nothing has been agreed.",legacy_reviewed,discussion_topic,possible_action,,evidence,targeted_context_036,train,targeted_generalisation_20260812,human_approved,,,,"Yusuf Ahmed: We could verify the backup connection before the broadcast at 08:30 tomorrow if capacity allows, but nothing has been agreed.",,"[PREVIOUS]

[CURRENT]
Yusuf Ahmed: We could verify the backup connection before the broadcast at 08:30 tomorrow if capacity allows, but nothing has been agreed.
[NEXT]
",,,,,,,
targeted_ev_036_3,The work for Yusuf Ahmed to verify the backup connection before the broadcast was completed yesterday; nothing remains outstanding.,legacy_reviewed,background_context,completed_history,,evidence,targeted_context_036,train,targeted_generalisation_20260812,human_approved,,,,The work for Yusuf Ahmed to verify the backup connection before the broadcast was completed yesterday; nothing remains outstanding.,,"[PREVIOUS]

[CURRENT]
The work for Yusuf Ahmed to verify the backup connection before the broadcast was completed yesterday; nothing remains outstanding.
[NEXT]
",,,,,,,
targeted_ev_036_4,Yusuf Ahmed: The broadcast continuity discussion covered whether someone should verify the backup connection before the broadcast. The chair closed it with no action today.,legacy_reviewed,discussion_topic,not_action,,evidence,targeted_context_036,train,targeted_generalisation_20260812,human_approved,,,,Yusuf Ahmed: The broadcast continuity discussion covered whether someone should verify the backup connection before the broadcast. The chair closed it with no action today.,,"[PREVIOUS]

[CURRENT]
Yusuf Ahmed: The broadcast continuity discussion covered whether someone should verify the backup connection before the broadcast. The chair closed it with no action today.
[NEXT]
",,,,,,,
targeted_ev_037_1,Sophie Green: I will record the approved launch date in the project tracker after this meeting.,legacy_reviewed,document_control_task,confirmed_action,,evidence,targeted_context_037,train,targeted_generalisation_20260812,human_approved,,,,Sophie Green: I will record the approved launch date in the project tracker after this meeting.,,"[PREVIOUS]

[CURRENT]
Sophie Green: I will record the approved launch date in the project tracker after this meeting.
[NEXT]
",,,,,,,
targeted_ev_037_2,"Sophie Green: We could record the approved launch date in the project tracker after this meeting if capacity allows, but nothing has been agreed.",legacy_reviewed,discussion_topic,possible_action,,evidence,targeted_context_037,train,targeted_generalisation_20260812,human_approved,,,,"Sophie Green: We could record the approved launch date in the project tracker after this meeting if capacity allows, but nothing has been agreed.",,"[PREVIOUS]

[CURRENT]
Sophie Green: We could record the approved launch date in the project tracker after this meeting if capacity allows, but nothing has been agreed.
[NEXT]
",,,,,,,
targeted_ev_037_3,The work for Sophie Green to record the approved launch date in the project tracker was completed yesterday; nothing remains outstanding.,legacy_reviewed,background_context,completed_history,,evidence,targeted_context_037,train,targeted_generalisation_20260812,human_approved,,,,The work for Sophie Green to record the approved launch date in the project tracker was completed yesterday; nothing remains outstanding.,,"[PREVIOUS]

[CURRENT]
The work for Sophie Green to record the approved launch date in the project tracker was completed yesterday; nothing remains outstanding.
[NEXT]
",,,,,,,
targeted_ev_037_4,Sophie Green: The project governance discussion covered whether someone should record the approved launch date in the project tracker. The chair closed it with no action today.,legacy_reviewed,discussion_topic,not_action,,evidence,targeted_context_037,train,targeted_generalisation_20260812,human_approved,,,,Sophie Green: The project governance discussion covered whether someone should record the approved launch date in the project tracker. The chair closed it with no action today.,,"[PREVIOUS]

[CURRENT]
Sophie Green: The project governance discussion covered whether someone should record the approved launch date in the project tracker. The chair closed it with no action today.
[NEXT]
",,,,,,,
targeted_ev_038_1,Amir Patel: I will compare supplier tolerances and document the recommendation before Friday's review.,legacy_reviewed,document_control_task,confirmed_action,,evidence,targeted_context_038,train,targeted_generalisation_20260812,human_approved,,,,Amir Patel: I will compare supplier tolerances and document the recommendation before Friday's review.,,"[PREVIOUS]

[CURRENT]
Amir Patel: I will compare supplier tolerances and document the recommendation before Friday's review.
[NEXT]
",,,,,,,
targeted_ev_038_2,"Amir Patel: We could compare supplier tolerances and document the recommendation before Friday's review if capacity allows, but nothing has been agreed.",legacy_reviewed,discussion_topic,possible_action,,evidence,targeted_context_038,train,targeted_generalisation_20260812,human_approved,,,,"Amir Patel: We could compare supplier tolerances and document the recommendation before Friday's review if capacity allows, but nothing has been agreed.",,"[PREVIOUS]

[CURRENT]
Amir Patel: We could compare supplier tolerances and document the recommendation before Friday's review if capacity allows, but nothing has been agreed.
[NEXT]
",,,,,,,
targeted_ev_038_3,The work for Amir Patel to compare supplier tolerances and document the recommendation was completed yesterday; nothing remains outstanding.,legacy_reviewed,background_context,completed_history,,evidence,targeted_context_038,train,targeted_generalisation_20260812,human_approved,,,,The work for Amir Patel to compare supplier tolerances and document the recommendation was completed yesterday; nothing remains outstanding.,,"[PREVIOUS]

[CURRENT]
The work for Amir Patel to compare supplier tolerances and document the recommendation was completed yesterday; nothing remains outstanding.
[NEXT]
",,,,,,,
targeted_ev_038_4,Amir Patel: The supplier selection discussion covered whether someone should compare supplier tolerances and document the recommendation. The chair closed it with no action today.,legacy_reviewed,discussion_topic,not_action,,evidence,targeted_context_038,train,targeted_generalisation_20260812,human_approved,,,,Amir Patel: The supplier selection discussion covered whether someone should compare supplier tolerances and document the recommendation. The chair closed it with no action today.,,"[PREVIOUS]

[CURRENT]
Amir Patel: The supplier selection discussion covered whether someone should compare supplier tolerances and document the recommendation. The chair closed it with no action today.
[NEXT]
",,,,,,,
targeted_ev_039_1,Layla Brooks: I will remove the obsolete feature flags from staging in the next sprint.,legacy_reviewed,action_commitment,confirmed_action,,evidence,targeted_context_039,train,targeted_generalisation_20260812,human_approved,,,,Layla Brooks: I will remove the obsolete feature flags from staging in the next sprint.,,"[PREVIOUS]

[CURRENT]
Layla Brooks: I will remove the obsolete feature flags from staging in the next sprint.
[NEXT]
",,,,,,,
targeted_ev_039_2,"Layla Brooks: We could remove the obsolete feature flags from staging in the next sprint if capacity allows, but nothing has been agreed.",legacy_reviewed,discussion_topic,possible_action,,evidence,targeted_context_039,train,targeted_generalisation_20260812,human_approved,,,,"Layla Brooks: We could remove the obsolete feature flags from staging in the next sprint if capacity allows, but nothing has been agreed.",,"[PREVIOUS]

[CURRENT]
Layla Brooks: We could remove the obsolete feature flags from staging in the next sprint if capacity allows, but nothing has been agreed.
[NEXT]
",,,,,,,
targeted_ev_039_3,The work for Layla Brooks to remove the obsolete feature flags from staging was completed yesterday; nothing remains outstanding.,legacy_reviewed,background_context,completed_history,,evidence,targeted_context_039,train,targeted_generalisation_20260812,human_approved,,,,The work for Layla Brooks to remove the obsolete feature flags from staging was completed yesterday; nothing remains outstanding.,,"[PREVIOUS]

[CURRENT]
The work for Layla Brooks to remove the obsolete feature flags from staging was completed yesterday; nothing remains outstanding.
[NEXT]
",,,,,,,
targeted_ev_039_4,Layla Brooks: The technical debt discussion covered whether someone should remove the obsolete feature flags from staging. The chair closed it with no action today.,legacy_reviewed,discussion_topic,not_action,,evidence,targeted_context_039,train,targeted_generalisation_20260812,human_approved,,,,Layla Brooks: The technical debt discussion covered whether someone should remove the obsolete feature flags from staging. The chair closed it with no action today.,,"[PREVIOUS]

[CURRENT]
Layla Brooks: The technical debt discussion covered whether someone should remove the obsolete feature flags from staging. The chair closed it with no action today.
[NEXT]
",,,,,,,
targeted_ev_040_1,Noah Edwards: I will share the latest attendee count with Marta and Dan by 16:00 today.,legacy_reviewed,document_control_task,confirmed_action,,evidence,targeted_context_040,train,targeted_generalisation_20260812,human_approved,,,,Noah Edwards: I will share the latest attendee count with Marta and Dan by 16:00 today.,,"[PREVIOUS]

[CURRENT]
Noah Edwards: I will share the latest attendee count with Marta and Dan by 16:00 today.
[NEXT]
",,,,,,,
targeted_ev_040_2,"Noah Edwards: We could share the latest attendee count with Marta and Dan by 16:00 today if capacity allows, but nothing has been agreed.",legacy_reviewed,discussion_topic,possible_action,,evidence,targeted_context_040,train,targeted_generalisation_20260812,human_approved,,,,"Noah Edwards: We could share the latest attendee count with Marta and Dan by 16:00 today if capacity allows, but nothing has been agreed.",,"[PREVIOUS]

[CURRENT]
Noah Edwards: We could share the latest attendee count with Marta and Dan by 16:00 today if capacity allows, but nothing has been agreed.
[NEXT]
",,,,,,,
targeted_ev_040_3,The work for Noah Edwards to share the latest attendee count with Marta and Dan was completed yesterday; nothing remains outstanding.,legacy_reviewed,background_context,completed_history,,evidence,targeted_context_040,train,targeted_generalisation_20260812,human_approved,,,,The work for Noah Edwards to share the latest attendee count with Marta and Dan was completed yesterday; nothing remains outstanding.,,"[PREVIOUS]

[CURRENT]
The work for Noah Edwards to share the latest attendee count with Marta and Dan was completed yesterday; nothing remains outstanding.
[NEXT]
",,,,,,,
targeted_ev_040_4,Noah Edwards: The attendance planning discussion covered whether someone should share the latest attendee count with Marta and Dan. The chair closed it with no action today.,legacy_reviewed,discussion_topic,not_action,,evidence,targeted_context_040,train,targeted_generalisation_20260812,human_approved,,,,Noah Edwards: The attendance planning discussion covered whether someone should share the latest attendee count with Marta and Dan. The chair closed it with no action today.,,"[PREVIOUS]

[CURRENT]
Noah Edwards: The attendance planning discussion covered whether someone should share the latest attendee count with Marta and Dan. The chair closed it with no action today.
[NEXT]
",,,,,,,
targeted_ev_041_1,Zara Hussain: I will confirm whether the residual risk remains acceptable before release approval.,legacy_reviewed,regulatory_obligation,confirmed_action,,evidence,targeted_context_041,train,targeted_generalisation_20260812,human_approved,,,,Zara Hussain: I will confirm whether the residual risk remains acceptable before release approval.,,"[PREVIOUS]

[CURRENT]
Zara Hussain: I will confirm whether the residual risk remains acceptable before release approval.
[NEXT]
",,,,,,,
targeted_ev_041_2,"Zara Hussain: We could confirm whether the residual risk remains acceptable before release approval if capacity allows, but nothing has been agreed.",legacy_reviewed,discussion_topic,possible_action,,evidence,targeted_context_041,train,targeted_generalisation_20260812,human_approved,,,,"Zara Hussain: We could confirm whether the residual risk remains acceptable before release approval if capacity allows, but nothing has been agreed.",,"[PREVIOUS]

[CURRENT]
Zara Hussain: We could confirm whether the residual risk remains acceptable before release approval if capacity allows, but nothing has been agreed.
[NEXT]
",,,,,,,
targeted_ev_041_3,The work for Zara Hussain to confirm whether the residual risk remains acceptable was completed yesterday; nothing remains outstanding.,legacy_reviewed,background_context,completed_history,,evidence,targeted_context_041,train,targeted_generalisation_20260812,human_approved,,,,The work for Zara Hussain to confirm whether the residual risk remains acceptable was completed yesterday; nothing remains outstanding.,,"[PREVIOUS]

[CURRENT]
The work for Zara Hussain to confirm whether the residual risk remains acceptable was completed yesterday; nothing remains outstanding.
[NEXT]
",,,,,,,
targeted_ev_041_4,Zara Hussain: The risk acceptance discussion covered whether someone should confirm whether the residual risk remains acceptable. The chair closed it with no action today.,legacy_reviewed,discussion_topic,not_action,,evidence,targeted_context_041,train,targeted_generalisation_20260812,human_approved,,,,Zara Hussain: The risk acceptance discussion covered whether someone should confirm whether the residual risk remains acceptable. The chair closed it with no action today.,,"[PREVIOUS]

[CURRENT]
Zara Hussain: The risk acceptance discussion covered whether someone should confirm whether the residual risk remains acceptable. The chair closed it with no action today.
[NEXT]
",,,,,,,
targeted_ev_042_1,Finn Murphy: I will prepare the board-ready budget summary by Monday morning.,legacy_reviewed,document_control_task,confirmed_action,,evidence,targeted_context_042,train,targeted_generalisation_20260812,human_approved,,,,Finn Murphy: I will prepare the board-ready budget summary by Monday morning.,,"[PREVIOUS]

[CURRENT]
Finn Murphy: I will prepare the board-ready budget summary by Monday morning.
[NEXT]
",,,,,,,
targeted_ev_042_2,"Finn Murphy: We could prepare the board-ready budget summary by Monday morning if capacity allows, but nothing has been agreed.",legacy_reviewed,discussion_topic,possible_action,,evidence,targeted_context_042,train,targeted_generalisation_20260812,human_approved,,,,"Finn Murphy: We could prepare the board-ready budget summary by Monday morning if capacity allows, but nothing has been agreed.",,"[PREVIOUS]

[CURRENT]
Finn Murphy: We could prepare the board-ready budget summary by Monday morning if capacity allows, but nothing has been agreed.
[NEXT]
",,,,,,,
targeted_ev_042_3,The work for Finn Murphy to prepare the board-ready budget summary was completed yesterday; nothing remains outstanding.,legacy_reviewed,background_context,completed_history,,evidence,targeted_context_042,train,targeted_generalisation_20260812,human_approved,,,,The work for Finn Murphy to prepare the board-ready budget summary was completed yesterday; nothing remains outstanding.,,"[PREVIOUS]

[CURRENT]
The work for Finn Murphy to prepare the board-ready budget summary was completed yesterday; nothing remains outstanding.
[NEXT]
",,,,,,,
targeted_ev_042_4,Finn Murphy: The financial reporting discussion covered whether someone should prepare the board-ready budget summary. The chair closed it with no action today.,legacy_reviewed,discussion_topic,not_action,,evidence,targeted_context_042,train,targeted_generalisation_20260812,human_approved,,,,Finn Murphy: The financial reporting discussion covered whether someone should prepare the board-ready budget summary. The chair closed it with no action today.,,"[PREVIOUS]

[CURRENT]
Finn Murphy: The financial reporting discussion covered whether someone should prepare the board-ready budget summary. The chair closed it with no action today.
[NEXT]
",,,,,,,
targeted_ev_043_1,Amara Okoro: I will contact the printer about the delayed brochures before close today.,legacy_reviewed,action_commitment,confirmed_action,,evidence,targeted_context_043,train,targeted_generalisation_20260812,human_approved,,,,Amara Okoro: I will contact the printer about the delayed brochures before close today.,,"[PREVIOUS]

[CURRENT]
Amara Okoro: I will contact the printer about the delayed brochures before close today.
[NEXT]
",,,,,,,
targeted_ev_043_2,"Amara Okoro: We could contact the printer about the delayed brochures before close today if capacity allows, but nothing has been agreed.",legacy_reviewed,discussion_topic,possible_action,,evidence,targeted_context_043,train,targeted_generalisation_20260812,human_approved,,,,"Amara Okoro: We could contact the printer about the delayed brochures before close today if capacity allows, but nothing has been agreed.",,"[PREVIOUS]

[CURRENT]
Amara Okoro: We could contact the printer about the delayed brochures before close today if capacity allows, but nothing has been agreed.
[NEXT]
",,,,,,,
targeted_ev_043_3,The work for Amara Okoro to contact the printer about the delayed brochures was completed yesterday; nothing remains outstanding.,legacy_reviewed,background_context,completed_history,,evidence,targeted_context_043,train,targeted_generalisation_20260812,human_approved,,,,The work for Amara Okoro to contact the printer about the delayed brochures was completed yesterday; nothing remains outstanding.,,"[PREVIOUS]

[CURRENT]
The work for Amara Okoro to contact the printer about the delayed brochures was completed yesterday; nothing remains outstanding.
[NEXT]
",,,,,,,
targeted_ev_043_4,Amara Okoro: The supplier delay discussion covered whether someone should contact the printer about the delayed brochures. The chair closed it with no action today.,legacy_reviewed,discussion_topic,not_action,,evidence,targeted_context_043,train,targeted_generalisation_20260812,human_approved,,,,Amara Okoro: The supplier delay discussion covered whether someone should contact the printer about the delayed brochures. The chair closed it with no action today.,,"[PREVIOUS]

[CURRENT]
Amara Okoro: The supplier delay discussion covered whether someone should contact the printer about the delayed brochures. The chair closed it with no action today.
[NEXT]
",,,,,,,
targeted_ev_044_1,Leo Martin: I will test the mobile navigation with three users before development starts.,legacy_reviewed,action_commitment,confirmed_action,,evidence,targeted_context_044,validation,targeted_generalisation_20260812,human_approved,,,,Leo Martin: I will test the mobile navigation with three users before development starts.,,"[PREVIOUS]

[CURRENT]
Leo Martin: I will test the mobile navigation with three users before development starts.
[NEXT]
",,,,,,,
targeted_ev_044_2,"Leo Martin: We could test the mobile navigation with three users before development starts if capacity allows, but nothing has been agreed.",legacy_reviewed,discussion_topic,possible_action,,evidence,targeted_context_044,validation,targeted_generalisation_20260812,human_approved,,,,"Leo Martin: We could test the mobile navigation with three users before development starts if capacity allows, but nothing has been agreed.",,"[PREVIOUS]

[CURRENT]
Leo Martin: We could test the mobile navigation with three users before development starts if capacity allows, but nothing has been agreed.
[NEXT]
",,,,,,,
targeted_ev_044_3,The work for Leo Martin to test the mobile navigation with three users was completed yesterday; nothing remains outstanding.,legacy_reviewed,background_context,completed_history,,evidence,targeted_context_044,validation,targeted_generalisation_20260812,human_approved,,,,The work for Leo Martin to test the mobile navigation with three users was completed yesterday; nothing remains outstanding.,,"[PREVIOUS]

[CURRENT]
The work for Leo Martin to test the mobile navigation with three users was completed yesterday; nothing remains outstanding.
[NEXT]
",,,,,,,
targeted_ev_044_4,Leo Martin: The navigation decision discussion covered whether someone should test the mobile navigation with three users. The chair closed it with no action today.,legacy_reviewed,discussion_topic,not_action,,evidence,targeted_context_044,validation,targeted_generalisation_20260812,human_approved,,,,Leo Martin: The navigation decision discussion covered whether someone should test the mobile navigation with three users. The chair closed it with no action today.,,"[PREVIOUS]

[CURRENT]
Leo Martin: The navigation decision discussion covered whether someone should test the mobile navigation with three users. The chair closed it with no action today.
[NEXT]
",,,,,,,
targeted_ev_045_1,Fatima Rahman: I will file the signed deviation closure record once quality signs it.,legacy_reviewed,document_control_task,confirmed_action,,evidence,targeted_context_045,validation,targeted_generalisation_20260812,human_approved,,,,Fatima Rahman: I will file the signed deviation closure record once quality signs it.,,"[PREVIOUS]

[CURRENT]
Fatima Rahman: I will file the signed deviation closure record once quality signs it.
[NEXT]
",,,,,,,
targeted_ev_045_2,"Fatima Rahman: We could file the signed deviation closure record once quality signs it if capacity allows, but nothing has been agreed.",legacy_reviewed,discussion_topic,possible_action,,evidence,targeted_context_045,validation,targeted_generalisation_20260812,human_approved,,,,"Fatima Rahman: We could file the signed deviation closure record once quality signs it if capacity allows, but nothing has been agreed.",,"[PREVIOUS]

[CURRENT]
Fatima Rahman: We could file the signed deviation closure record once quality signs it if capacity allows, but nothing has been agreed.
[NEXT]
",,,,,,,
targeted_ev_045_3,The work for Fatima Rahman to file the signed deviation closure record was completed yesterday; nothing remains outstanding.,legacy_reviewed,background_context,completed_history,,evidence,targeted_context_045,validation,targeted_generalisation_20260812,human_approved,,,,The work for Fatima Rahman to file the signed deviation closure record was completed yesterday; nothing remains outstanding.,,"[PREVIOUS]

[CURRENT]
The work for Fatima Rahman to file the signed deviation closure record was completed yesterday; nothing remains outstanding.
[NEXT]
",,,,,,,
targeted_ev_045_4,Fatima Rahman: The deviation control discussion covered whether someone should file the signed deviation closure record. The chair closed it with no action today.,legacy_reviewed,discussion_topic,not_action,,evidence,targeted_context_045,validation,targeted_generalisation_20260812,human_approved,,,,Fatima Rahman: The deviation control discussion covered whether someone should file the signed deviation closure record. The chair closed it with no action today.,,"[PREVIOUS]

[CURRENT]
Fatima Rahman: The deviation control discussion covered whether someone should file the signed deviation closure record. The chair closed it with no action today.
[NEXT]
",,,,,,,
targeted_ev_046_1,Oscar Young: I will notify support of the revised maintenance window by 14:00.,legacy_reviewed,action_commitment,confirmed_action,,evidence,targeted_context_046,validation,targeted_generalisation_20260812,human_approved,,,,Oscar Young: I will notify support of the revised maintenance window by 14:00.,,"[PREVIOUS]

[CURRENT]
Oscar Young: I will notify support of the revised maintenance window by 14:00.
[NEXT]
",,,,,,,
targeted_ev_046_2,"Oscar Young: We could notify support of the revised maintenance window by 14:00 if capacity allows, but nothing has been agreed.",legacy_reviewed,discussion_topic,possible_action,,evidence,targeted_context_046,validation,targeted_generalisation_20260812,human_approved,,,,"Oscar Young: We could notify support of the revised maintenance window by 14:00 if capacity allows, but nothing has been agreed.",,"[PREVIOUS]

[CURRENT]
Oscar Young: We could notify support of the revised maintenance window by 14:00 if capacity allows, but nothing has been agreed.
[NEXT]
",,,,,,,
targeted_ev_046_3,The work for Oscar Young to notify support of the revised maintenance window was completed yesterday; nothing remains outstanding.,legacy_reviewed,background_context,completed_history,,evidence,targeted_context_046,validation,targeted_generalisation_20260812,human_approved,,,,The work for Oscar Young to notify support of the revised maintenance window was completed yesterday; nothing remains outstanding.,,"[PREVIOUS]

[CURRENT]
The work for Oscar Young to notify support of the revised maintenance window was completed yesterday; nothing remains outstanding.
[NEXT]
",,,,,,,
targeted_ev_046_4,Oscar Young: The service maintenance discussion covered whether someone should notify support of the revised maintenance window. The chair closed it with no action today.,legacy_reviewed,discussion_topic,not_action,,evidence,targeted_context_046,validation,targeted_generalisation_20260812,human_approved,,,,Oscar Young: The service maintenance discussion covered whether someone should notify support of the revised maintenance window. The chair closed it with no action today.,,"[PREVIOUS]

[CURRENT]
Oscar Young: The service maintenance discussion covered whether someone should notify support of the revised maintenance window. The chair closed it with no action today.
[NEXT]
",,,,,,,
targeted_ev_047_1,Mina Kapoor: I will prepare the language list for the declarations of conformity before regulatory review.,legacy_reviewed,regulatory_obligation,confirmed_action,,evidence,targeted_context_047,test,targeted_generalisation_20260812,human_approved,,,,Mina Kapoor: I will prepare the language list for the declarations of conformity before regulatory review.,,"[PREVIOUS]

[CURRENT]
Mina Kapoor: I will prepare the language list for the declarations of conformity before regulatory review.
[NEXT]
",,,,,,,
targeted_ev_047_2,"Mina Kapoor: We could prepare the language list for the declarations of conformity before regulatory review if capacity allows, but nothing has been agreed.",legacy_reviewed,discussion_topic,possible_action,,evidence,targeted_context_047,test,targeted_generalisation_20260812,human_approved,,,,"Mina Kapoor: We could prepare the language list for the declarations of conformity before regulatory review if capacity allows, but nothing has been agreed.",,"[PREVIOUS]

[CURRENT]
Mina Kapoor: We could prepare the language list for the declarations of conformity before regulatory review if capacity allows, but nothing has been agreed.
[NEXT]
",,,,,,,
targeted_ev_047_3,The work for Mina Kapoor to prepare the language list for the declarations of conformity was completed yesterday; nothing remains outstanding.,legacy_reviewed,background_context,completed_history,,evidence,targeted_context_047,test,targeted_generalisation_20260812,human_approved,,,,The work for Mina Kapoor to prepare the language list for the declarations of conformity was completed yesterday; nothing remains outstanding.,,"[PREVIOUS]

[CURRENT]
The work for Mina Kapoor to prepare the language list for the declarations of conformity was completed yesterday; nothing remains outstanding.
[NEXT]
",,,,,,,
targeted_ev_047_4,Mina Kapoor: The declaration review discussion covered whether someone should prepare the language list for the declarations of conformity. The chair closed it with no action today.,legacy_reviewed,discussion_topic,not_action,,evidence,targeted_context_047,test,targeted_generalisation_20260812,human_approved,,,,Mina Kapoor: The declaration review discussion covered whether someone should prepare the language list for the declarations of conformity. The chair closed it with no action today.,,"[PREVIOUS]

[CURRENT]
Mina Kapoor: The declaration review discussion covered whether someone should prepare the language list for the declarations of conformity. The chair closed it with no action today.
[NEXT]
",,,,,,,
targeted_ev_048_1,Isaac Mensah: I will take a screenshot confirming the recording indicator when recording begins.,legacy_reviewed,document_control_task,confirmed_action,,evidence,targeted_context_048,test,targeted_generalisation_20260812,human_approved,,,,Isaac Mensah: I will take a screenshot confirming the recording indicator when recording begins.,,"[PREVIOUS]

[CURRENT]
Isaac Mensah: I will take a screenshot confirming the recording indicator when recording begins.
[NEXT]
",,,,,,,
targeted_ev_048_2,"Isaac Mensah: We could take a screenshot confirming the recording indicator when recording begins if capacity allows, but nothing has been agreed.",legacy_reviewed,discussion_topic,possible_action,,evidence,targeted_context_048,test,targeted_generalisation_20260812,human_approved,,,,"Isaac Mensah: We could take a screenshot confirming the recording indicator when recording begins if capacity allows, but nothing has been agreed.",,"[PREVIOUS]

[CURRENT]
Isaac Mensah: We could take a screenshot confirming the recording indicator when recording begins if capacity allows, but nothing has been agreed.
[NEXT]
",,,,,,,
targeted_ev_048_3,The work for Isaac Mensah to take a screenshot confirming the recording indicator was completed yesterday; nothing remains outstanding.,legacy_reviewed,background_context,completed_history,,evidence,targeted_context_048,test,targeted_generalisation_20260812,human_approved,,,,The work for Isaac Mensah to take a screenshot confirming the recording indicator was completed yesterday; nothing remains outstanding.,,"[PREVIOUS]

[CURRENT]
The work for Isaac Mensah to take a screenshot confirming the recording indicator was completed yesterday; nothing remains outstanding.
[NEXT]
",,,,,,,
targeted_ev_048_4,Isaac Mensah: The recording evidence discussion covered whether someone should take a screenshot confirming the recording indicator. The chair closed it with no action today.,legacy_reviewed,discussion_topic,not_action,,evidence,targeted_context_048,test,targeted_generalisation_20260812,human_approved,,,,Isaac Mensah: The recording evidence discussion covered whether someone should take a screenshot confirming the recording indicator. The chair closed it with no action today.,,"[PREVIOUS]

[CURRENT]
Isaac Mensah: The recording evidence discussion covered whether someone should take a screenshot confirming the recording indicator. The chair closed it with no action today.
[NEXT]
",,,,,,,
targeted_ev_049_1,Ruby Scott: I will send the revised quote after finance approves the figures by end of play Thursday.,legacy_reviewed,document_control_task,confirmed_action,,evidence,targeted_context_049,test,targeted_generalisation_20260812,human_approved,,,,Ruby Scott: I will send the revised quote after finance approves the figures by end of play Thursday.,,"[PREVIOUS]

[CURRENT]
Ruby Scott: I will send the revised quote after finance approves the figures by end of play Thursday.
[NEXT]
",,,,,,,
targeted_ev_049_2,"Ruby Scott: We could send the revised quote after finance approves the figures by end of play Thursday if capacity allows, but nothing has been agreed.",legacy_reviewed,discussion_topic,possible_action,,evidence,targeted_context_049,test,targeted_generalisation_20260812,human_approved,,,,"Ruby Scott: We could send the revised quote after finance approves the figures by end of play Thursday if capacity allows, but nothing has been agreed.",,"[PREVIOUS]

[CURRENT]
Ruby Scott: We could send the revised quote after finance approves the figures by end of play Thursday if capacity allows, but nothing has been agreed.
[NEXT]
",,,,,,,
targeted_ev_049_3,The work for Ruby Scott to send the revised quote after finance approves the figures was completed yesterday; nothing remains outstanding.,legacy_reviewed,background_context,completed_history,,evidence,targeted_context_049,test,targeted_generalisation_20260812,human_approved,,,,The work for Ruby Scott to send the revised quote after finance approves the figures was completed yesterday; nothing remains outstanding.,,"[PREVIOUS]

[CURRENT]
The work for Ruby Scott to send the revised quote after finance approves the figures was completed yesterday; nothing remains outstanding.
[NEXT]
",,,,,,,
targeted_ev_049_4,Ruby Scott: The client quotation discussion covered whether someone should send the revised quote after finance approves the figures. The chair closed it with no action today.,legacy_reviewed,discussion_topic,not_action,,evidence,targeted_context_049,test,targeted_generalisation_20260812,human_approved,,,,Ruby Scott: The client quotation discussion covered whether someone should send the revised quote after finance approves the figures. The chair closed it with no action today.,,"[PREVIOUS]

[CURRENT]
Ruby Scott: The client quotation discussion covered whether someone should send the revised quote after finance approves the figures. The chair closed it with no action today.
[NEXT]
",,,,,,,
targeted_ev_050_1,Adam Kowalski: I will monitor batch variation and escalate any result outside specification during the next production run.,legacy_reviewed,regulatory_obligation,confirmed_action,,evidence,targeted_context_050,test,targeted_generalisation_20260812,human_approved,,,,Adam Kowalski: I will monitor batch variation and escalate any result outside specification during the next production run.,,"[PREVIOUS]

[CURRENT]
Adam Kowalski: I will monitor batch variation and escalate any result outside specification during the next production run.
[NEXT]
",,,,,,,
targeted_ev_050_2,"Adam Kowalski: We could monitor batch variation and escalate any result outside specification during the next production run if capacity allows, but nothing has been agreed.",legacy_reviewed,discussion_topic,possible_action,,evidence,targeted_context_050,test,targeted_generalisation_20260812,human_approved,,,,"Adam Kowalski: We could monitor batch variation and escalate any result outside specification during the next production run if capacity allows, but nothing has been agreed.",,"[PREVIOUS]

[CURRENT]
Adam Kowalski: We could monitor batch variation and escalate any result outside specification during the next production run if capacity allows, but nothing has been agreed.
[NEXT]
",,,,,,,
targeted_ev_050_3,The work for Adam Kowalski to monitor batch variation and escalate any result outside specification was completed yesterday; nothing remains outstanding.,legacy_reviewed,background_context,completed_history,,evidence,targeted_context_050,test,targeted_generalisation_20260812,human_approved,,,,The work for Adam Kowalski to monitor batch variation and escalate any result outside specification was completed yesterday; nothing remains outstanding.,,"[PREVIOUS]

[CURRENT]
The work for Adam Kowalski to monitor batch variation and escalate any result outside specification was completed yesterday; nothing remains outstanding.
[NEXT]
",,,,,,,
targeted_ev_050_4,Adam Kowalski: The production monitoring discussion covered whether someone should monitor batch variation and escalate any result outside specification. The chair closed it with no action today.,legacy_reviewed,discussion_topic,not_action,,evidence,targeted_context_050,test,targeted_generalisation_20260812,human_approved,,,,Adam Kowalski: The production monitoring discussion covered whether someone should monitor batch variation and escalate any result outside specification. The chair closed it with no action today.,,"[PREVIOUS]

[CURRENT]
Adam Kowalski: The production monitoring discussion covered whether someone should monitor batch variation and escalate any result outside specification. The chair closed it with no action today.
[NEXT]
",,,,,,,
targeted_type_001,The team agreed to retain the current warehouse provider through the peak period.,legacy_reviewed,decision_agreement,not_action,,evidence,targeted_type_decision_agreement_001,train,targeted_generalisation_20260812,human_approved,,,,The team agreed to retain the current warehouse provider through the peak period.,,"[PREVIOUS]

[CURRENT]
The team agreed to retain the current warehouse provider through the peak period.
[NEXT]
",,,,,,,
targeted_type_002,It was decided that the migration would begin on Saturday at 06:00.,legacy_reviewed,decision_agreement,not_action,,evidence,targeted_type_decision_agreement_002,train,targeted_generalisation_20260812,human_approved,,,,It was decided that the migration would begin on Saturday at 06:00.,,"[PREVIOUS]

[CURRENT]
It was decided that the migration would begin on Saturday at 06:00.
[NEXT]
",,,,,,,
targeted_type_003,The group approved the prototype for fabrication.,legacy_reviewed,decision_agreement,not_action,,evidence,targeted_type_decision_agreement_003,train,targeted_generalisation_20260812,human_approved,,,,The group approved the prototype for fabrication.,,"[PREVIOUS]

[CURRENT]
The group approved the prototype for fabrication.
[NEXT]
",,,,,,,
targeted_type_004,The depot remains authorised following review of its certification.,legacy_reviewed,decision_agreement,not_action,,evidence,targeted_type_decision_agreement_004,train,targeted_generalisation_20260812,human_approved,,,,The depot remains authorised following review of its certification.,,"[PREVIOUS]

[CURRENT]
The depot remains authorised following review of its certification.
[NEXT]
",,,,,,,
targeted_type_005,The filtered search design was selected over the category tree.,legacy_reviewed,decision_agreement,not_action,,evidence,targeted_type_decision_agreement_005,train,targeted_generalisation_20260812,human_approved,,,,The filtered search design was selected over the category tree.,,"[PREVIOUS]

[CURRENT]
The filtered search design was selected over the category tree.
[NEXT]
",,,,,,,
targeted_type_006,The remaining credit exposure was formally accepted.,legacy_reviewed,decision_agreement,not_action,,evidence,targeted_type_decision_agreement_006,train,targeted_generalisation_20260812,human_approved,,,,The remaining credit exposure was formally accepted.,,"[PREVIOUS]

[CURRENT]
The remaining credit exposure was formally accepted.
[NEXT]
",,,,,,,
targeted_type_007,The committee decided against rescanning the verified archive.,legacy_reviewed,decision_agreement,not_action,,evidence,targeted_type_decision_agreement_007,train,targeted_generalisation_20260812,human_approved,,,,The committee decided against rescanning the verified archive.,,"[PREVIOUS]

[CURRENT]
The committee decided against rescanning the verified archive.
[NEXT]
",,,,,,,
targeted_type_008,The shipment date was moved from the third to the seventh.,legacy_reviewed,decision_agreement,not_action,,evidence,targeted_type_decision_agreement_008,train,targeted_generalisation_20260812,human_approved,,,,The shipment date was moved from the third to the seventh.,,"[PREVIOUS]

[CURRENT]
The shipment date was moved from the third to the seventh.
[NEXT]
",,,,,,,
targeted_type_009,Alina was confirmed as facilitator for the research workshop.,legacy_reviewed,decision_agreement,not_action,,evidence,targeted_type_decision_agreement_009,validation,targeted_generalisation_20260812,human_approved,,,,Alina was confirmed as facilitator for the research workshop.,,"[PREVIOUS]

[CURRENT]
Alina was confirmed as facilitator for the research workshop.
[NEXT]
",,,,,,,
targeted_type_010,The demonstration will stop after seven minutes to protect exercise time.,legacy_reviewed,decision_agreement,not_action,,evidence,targeted_type_decision_agreement_010,validation,targeted_generalisation_20260812,human_approved,,,,The demonstration will stop after seven minutes to protect exercise time.,,"[PREVIOUS]

[CURRENT]
The demonstration will stop after seven minutes to protect exercise time.
[NEXT]
",,,,,,,
targeted_type_011,Courier C was confirmed as the preferred collection provider.,legacy_reviewed,decision_agreement,not_action,,evidence,targeted_type_decision_agreement_011,validation,targeted_generalisation_20260812,human_approved,,,,Courier C was confirmed as the preferred collection provider.,,"[PREVIOUS]

[CURRENT]
Courier C was confirmed as the preferred collection provider.
[NEXT]
",,,,,,,
targeted_type_012,"The migration remains scheduled for Saturday, subject to the snapshot being complete.",legacy_reviewed,decision_agreement,not_action,,evidence,targeted_type_decision_agreement_012,test,targeted_generalisation_20260812,human_approved,,,,"The migration remains scheduled for Saturday, subject to the snapshot being complete.",,"[PREVIOUS]

[CURRENT]
The migration remains scheduled for Saturday, subject to the snapshot being complete.
[NEXT]
",,,,,,,
targeted_type_013,The team agreed to stop processing only if failed records exceed five per cent.,legacy_reviewed,decision_agreement,not_action,,evidence,targeted_type_decision_agreement_013,test,targeted_generalisation_20260812,human_approved,,,,The team agreed to stop processing only if failed records exceed five per cent.,,"[PREVIOUS]

[CURRENT]
The team agreed to stop processing only if failed records exceed five per cent.
[NEXT]
",,,,,,,
targeted_type_014,Forecast review was deferred until regional figures arrive.,legacy_reviewed,decision_agreement,not_action,,evidence,targeted_type_decision_agreement_014,test,targeted_generalisation_20260812,human_approved,,,,Forecast review was deferred until regional figures arrive.,,"[PREVIOUS]

[CURRENT]
Forecast review was deferred until regional figures arrive.
[NEXT]
",,,,,,,
targeted_type_015,The proposed fixed filing date was rejected because inspection approval controls the sequence.,legacy_reviewed,decision_agreement,not_action,,evidence,targeted_type_decision_agreement_015,test,targeted_generalisation_20260812,human_approved,,,,The proposed fixed filing date was rejected because inspection approval controls the sequence.,,"[PREVIOUS]

[CURRENT]
The proposed fixed filing date was rejected because inspection approval controls the sequence.
[NEXT]
",,,,,,,
targeted_type_016,A delayed customs release could make the revised shipment date unachievable.,legacy_reviewed,risk_dependency,not_action,,evidence,targeted_type_risk_dependency_001,train,targeted_generalisation_20260812,human_approved,,,,A delayed customs release could make the revised shipment date unachievable.,,"[PREVIOUS]

[CURRENT]
A delayed customs release could make the revised shipment date unachievable.
[NEXT]
",,,,,,,
targeted_type_017,Filing timing depends on completion of inspection and approval.,legacy_reviewed,risk_dependency,not_action,,evidence,targeted_type_risk_dependency_002,train,targeted_generalisation_20260812,human_approved,,,,Filing timing depends on completion of inspection and approval.,,"[PREVIOUS]

[CURRENT]
Filing timing depends on completion of inspection and approval.
[NEXT]
",,,,,,,
targeted_type_018,"If administrator access expires, month-end reports may be interrupted.",legacy_reviewed,risk_dependency,not_action,,evidence,targeted_type_risk_dependency_003,train,targeted_generalisation_20260812,human_approved,,,,"If administrator access expires, month-end reports may be interrupted.",,"[PREVIOUS]

[CURRENT]
If administrator access expires, month-end reports may be interrupted.
[NEXT]
",,,,,,,
targeted_type_019,A failed database handover could leave orders temporarily unavailable.,legacy_reviewed,risk_dependency,not_action,,evidence,targeted_type_risk_dependency_004,train,targeted_generalisation_20260812,human_approved,,,,A failed database handover could leave orders temporarily unavailable.,,"[PREVIOUS]

[CURRENT]
A failed database handover could leave orders temporarily unavailable.
[NEXT]
",,,,,,,
targeted_type_020,The backup could omit recent records if synchronisation finishes late.,legacy_reviewed,risk_dependency,not_action,,evidence,targeted_type_risk_dependency_005,train,targeted_generalisation_20260812,human_approved,,,,The backup could omit recent records if synchronisation finishes late.,,"[PREVIOUS]

[CURRENT]
The backup could omit recent records if synchronisation finishes late.
[NEXT]
",,,,,,,
targeted_type_021,Connection loss at the depot could interrupt barcode scanning.,legacy_reviewed,risk_dependency,not_action,,evidence,targeted_type_risk_dependency_006,train,targeted_generalisation_20260812,human_approved,,,,Connection loss at the depot could interrupt barcode scanning.,,"[PREVIOUS]

[CURRENT]
Connection loss at the depot could interrupt barcode scanning.
[NEXT]
",,,,,,,
targeted_type_022,Extended demonstrations could reduce the time available for practical exercises.,legacy_reviewed,risk_dependency,not_action,,evidence,targeted_type_risk_dependency_007,train,targeted_generalisation_20260812,human_approved,,,,Extended demonstrations could reduce the time available for practical exercises.,,"[PREVIOUS]

[CURRENT]
Extended demonstrations could reduce the time available for practical exercises.
[NEXT]
",,,,,,,
targeted_type_023,Inventory variance remains within tolerance but warrants routine observation.,legacy_reviewed,risk_dependency,not_action,,evidence,targeted_type_risk_dependency_008,train,targeted_generalisation_20260812,human_approved,,,,Inventory variance remains within tolerance but warrants routine observation.,,"[PREVIOUS]

[CURRENT]
Inventory variance remains within tolerance but warrants routine observation.
[NEXT]
",,,,,,,
targeted_type_024,The migration is blocked until the inventory snapshot is approved.,legacy_reviewed,risk_dependency,not_action,,evidence,targeted_type_risk_dependency_009,validation,targeted_generalisation_20260812,human_approved,,,,The migration is blocked until the inventory snapshot is approved.,,"[PREVIOUS]

[CURRENT]
The migration is blocked until the inventory snapshot is approved.
[NEXT]
",,,,,,,
targeted_type_025,Workshop capacity may delay participant research beyond the planned window.,legacy_reviewed,risk_dependency,not_action,,evidence,targeted_type_risk_dependency_010,validation,targeted_generalisation_20260812,human_approved,,,,Workshop capacity may delay participant research beyond the planned window.,,"[PREVIOUS]

[CURRENT]
Workshop capacity may delay participant research beyond the planned window.
[NEXT]
",,,,,,,
targeted_type_026,An unapproved drawing change could cause fabrication from obsolete dimensions.,legacy_reviewed,risk_dependency,not_action,,evidence,targeted_type_risk_dependency_011,validation,targeted_generalisation_20260812,human_approved,,,,An unapproved drawing change could cause fabrication from obsolete dimensions.,,"[PREVIOUS]

[CURRENT]
An unapproved drawing change could cause fabrication from obsolete dimensions.
[NEXT]
",,,,,,,
targeted_type_027,Courier slippage could delay collection from the depot.,legacy_reviewed,risk_dependency,not_action,,evidence,targeted_type_risk_dependency_012,test,targeted_generalisation_20260812,human_approved,,,,Courier slippage could delay collection from the depot.,,"[PREVIOUS]

[CURRENT]
Courier slippage could delay collection from the depot.
[NEXT]
",,,,,,,
targeted_type_028,Certification is required before the dispatch checklist can be finalised.,legacy_reviewed,risk_dependency,not_action,,evidence,targeted_type_risk_dependency_013,test,targeted_generalisation_20260812,human_approved,,,,Certification is required before the dispatch checklist can be finalised.,,"[PREVIOUS]

[CURRENT]
Certification is required before the dispatch checklist can be finalised.
[NEXT]
",,,,,,,
targeted_type_029,A failed-record rate above five per cent would stop the migration.,legacy_reviewed,risk_dependency,not_action,,evidence,targeted_type_risk_dependency_014,test,targeted_generalisation_20260812,human_approved,,,,A failed-record rate above five per cent would stop the migration.,,"[PREVIOUS]

[CURRENT]
A failed-record rate above five per cent would stop the migration.
[NEXT]
",,,,,,,
targeted_type_030,Missing retention confirmation could delay policy approval.,legacy_reviewed,risk_dependency,not_action,,evidence,targeted_type_risk_dependency_015,test,targeted_generalisation_20260812,human_approved,,,,Missing retention confirmation could delay policy approval.,,"[PREVIOUS]

[CURRENT]
Missing retention confirmation could delay policy approval.
[NEXT]
",,,,,,,
targeted_type_031,The inspection pack moves from author review to manager approval and then to filing.,legacy_reviewed,process_overview,not_action,,evidence,targeted_type_process_overview_001,train,targeted_generalisation_20260812,human_approved,,,,The inspection pack moves from author review to manager approval and then to filing.,,"[PREVIOUS]

[CURRENT]
The inspection pack moves from author review to manager approval and then to filing.
[NEXT]
",,,,,,,
targeted_type_032,"Support requests are collected during the pilot, grouped by theme and passed to the service owner.",legacy_reviewed,process_overview,not_action,,evidence,targeted_type_process_overview_002,train,targeted_generalisation_20260812,human_approved,,,,"Support requests are collected during the pilot, grouped by theme and passed to the service owner.",,"[PREVIOUS]

[CURRENT]
Support requests are collected during the pilot, grouped by theme and passed to the service owner.
[NEXT]
",,,,,,,
targeted_type_033,"The facilitator opens the workshop, introduces each exercise and returns for the closing summary.",legacy_reviewed,process_overview,not_action,,evidence,targeted_type_process_overview_003,train,targeted_generalisation_20260812,human_approved,,,,"The facilitator opens the workshop, introduces each exercise and returns for the closing summary.",,"[PREVIOUS]

[CURRENT]
The facilitator opens the workshop, introduces each exercise and returns for the closing summary.
[NEXT]
",,,,,,,
targeted_type_034,Drawings are approved internally before dimensions are sent to fabrication.,legacy_reviewed,process_overview,not_action,,evidence,targeted_type_process_overview_004,train,targeted_generalisation_20260812,human_approved,,,,Drawings are approved internally before dimensions are sent to fabrication.,,"[PREVIOUS]

[CURRENT]
Drawings are approved internally before dimensions are sent to fabrication.
[NEXT]
",,,,,,,
targeted_type_035,"The data load passes through validation, reconciliation and production import.",legacy_reviewed,process_overview,not_action,,evidence,targeted_type_process_overview_005,train,targeted_generalisation_20260812,human_approved,,,,"The data load passes through validation, reconciliation and production import.",,"[PREVIOUS]

[CURRENT]
The data load passes through validation, reconciliation and production import.
[NEXT]
",,,,,,,
targeted_type_036,"Maintenance certificates are reviewed, signed and added to the asset record.",legacy_reviewed,process_overview,not_action,,evidence,targeted_type_process_overview_006,train,targeted_generalisation_20260812,human_approved,,,,"Maintenance certificates are reviewed, signed and added to the asset record.",,"[PREVIOUS]

[CURRENT]
Maintenance certificates are reviewed, signed and added to the asset record.
[NEXT]
",,,,,,,
targeted_type_037,"The policy is drafted, reviewed by governance and issued after final approval.",legacy_reviewed,process_overview,not_action,,evidence,targeted_type_process_overview_007,train,targeted_generalisation_20260812,human_approved,,,,"The policy is drafted, reviewed by governance and issued after final approval.",,"[PREVIOUS]

[CURRENT]
The policy is drafted, reviewed by governance and issued after final approval.
[NEXT]
",,,,,,,
targeted_type_038,Depot certification is confirmed before the dispatch checklist is updated and circulated.,legacy_reviewed,process_overview,not_action,,evidence,targeted_type_process_overview_008,train,targeted_generalisation_20260812,human_approved,,,,Depot certification is confirmed before the dispatch checklist is updated and circulated.,,"[PREVIOUS]

[CURRENT]
Depot certification is confirmed before the dispatch checklist is updated and circulated.
[NEXT]
",,,,,,,
targeted_type_039,"The backup starts after synchronisation, remains monitored and is checked against a control total.",legacy_reviewed,process_overview,not_action,,evidence,targeted_type_process_overview_009,validation,targeted_generalisation_20260812,human_approved,,,,"The backup starts after synchronisation, remains monitored and is checked against a control total.",,"[PREVIOUS]

[CURRENT]
The backup starts after synchronisation, remains monitored and is checked against a control total.
[NEXT]
",,,,,,,
targeted_type_040,Transactions are reconciled before finance approves the month-end report.,legacy_reviewed,process_overview,not_action,,evidence,targeted_type_process_overview_010,validation,targeted_generalisation_20260812,human_approved,,,,Transactions are reconciled before finance approves the month-end report.,,"[PREVIOUS]

[CURRENT]
Transactions are reconciled before finance approves the month-end report.
[NEXT]
",,,,,,,
targeted_type_041,Inventory counts are checked against tolerance before stock is released.,legacy_reviewed,process_overview,not_action,,evidence,targeted_type_process_overview_011,validation,targeted_generalisation_20260812,human_approved,,,,Inventory counts are checked against tolerance before stock is released.,,"[PREVIOUS]

[CURRENT]
Inventory counts are checked against tolerance before stock is released.
[NEXT]
",,,,,,,
targeted_type_042,The partner receives dimensions for approval before fabrication begins.,legacy_reviewed,process_overview,not_action,,evidence,targeted_type_process_overview_012,test,targeted_generalisation_20260812,human_approved,,,,The partner receives dimensions for approval before fabrication begins.,,"[PREVIOUS]

[CURRENT]
The partner receives dimensions for approval before fabrication begins.
[NEXT]
",,,,,,,
targeted_type_043,Capacity assessment precedes preparation of the migration schedule.,legacy_reviewed,process_overview,not_action,,evidence,targeted_type_process_overview_013,test,targeted_generalisation_20260812,human_approved,,,,Capacity assessment precedes preparation of the migration schedule.,,"[PREVIOUS]

[CURRENT]
Capacity assessment precedes preparation of the migration schedule.
[NEXT]
",,,,,,,
targeted_type_044,The team reviews the queue during the first ninety minutes and escalates threshold breaches.,legacy_reviewed,process_overview,not_action,,evidence,targeted_type_process_overview_014,test,targeted_generalisation_20260812,human_approved,,,,The team reviews the queue during the first ninety minutes and escalates threshold breaches.,,"[PREVIOUS]

[CURRENT]
The team reviews the queue during the first ninety minutes and escalates threshold breaches.
[NEXT]
",,,,,,,
targeted_type_045,The signed calibration certificate is filed and then shared with engineering.,legacy_reviewed,process_overview,not_action,,evidence,targeted_type_process_overview_015,test,targeted_generalisation_20260812,human_approved,,,,The signed calibration certificate is filed and then shared with engineering.,,"[PREVIOUS]

[CURRENT]
The signed calibration certificate is filed and then shared with engineering.
[NEXT]
",,,,,,,
targeted_type_046,Can everyone see my screen?,legacy_reviewed,low_value_noise,not_action,,evidence,targeted_type_low_value_noise_001,train,targeted_generalisation_20260812,human_approved,,,,Can everyone see my screen?,,"[PREVIOUS]

[CURRENT]
Can everyone see my screen?
[NEXT]
",,,,,,,
targeted_type_047,You are still muted.,legacy_reviewed,low_value_noise,not_action,,evidence,targeted_type_low_value_noise_002,train,targeted_generalisation_20260812,human_approved,,,,You are still muted.,,"[PREVIOUS]

[CURRENT]
You are still muted.
[NEXT]
",,,,,,,
targeted_type_048,Give me two seconds while I find the file.,legacy_reviewed,low_value_noise,not_action,,evidence,targeted_type_low_value_noise_003,train,targeted_generalisation_20260812,human_approved,,,,Give me two seconds while I find the file.,,"[PREVIOUS]

[CURRENT]
Give me two seconds while I find the file.
[NEXT]
",,,,,,,
targeted_type_049,That joke did not land last time.,legacy_reviewed,low_value_noise,not_action,,evidence,targeted_type_low_value_noise_004,train,targeted_generalisation_20260812,human_approved,,,,That joke did not land last time.,,"[PREVIOUS]

[CURRENT]
That joke did not land last time.
[NEXT]
",,,,,,,
targeted_type_050,"Sorry, I was talking to the dog.",legacy_reviewed,low_value_noise,not_action,,evidence,targeted_type_low_value_noise_005,train,targeted_generalisation_20260812,human_approved,,,,"Sorry, I was talking to the dog.",,"[PREVIOUS]

[CURRENT]
Sorry, I was talking to the dog.
[NEXT]
",,,,,,,
targeted_type_051,Shall we take a quick break?,legacy_reviewed,low_value_noise,not_action,,evidence,targeted_type_low_value_noise_006,train,targeted_generalisation_20260812,human_approved,,,,Shall we take a quick break?,,"[PREVIOUS]

[CURRENT]
Shall we take a quick break?
[NEXT]
",,,,,,,
targeted_type_052,I think somebody has dropped off the call.,legacy_reviewed,low_value_noise,not_action,,evidence,targeted_type_low_value_noise_007,train,targeted_generalisation_20260812,human_approved,,,,I think somebody has dropped off the call.,,"[PREVIOUS]

[CURRENT]
I think somebody has dropped off the call.
[NEXT]
",,,,,,,
targeted_type_053,The chat button is at the bottom of the window.,legacy_reviewed,low_value_noise,not_action,,evidence,targeted_type_low_value_noise_008,train,targeted_generalisation_20260812,human_approved,,,,The chat button is at the bottom of the window.,,"[PREVIOUS]

[CURRENT]
The chat button is at the bottom of the window.
[NEXT]
",,,,,,,
targeted_type_054,"Thanks everyone, speak soon.",legacy_reviewed,low_value_noise,not_action,,evidence,targeted_type_low_value_noise_009,validation,targeted_generalisation_20260812,human_approved,,,,"Thanks everyone, speak soon.",,"[PREVIOUS]

[CURRENT]
Thanks everyone, speak soon.
[NEXT]
",,,,,,,
targeted_type_055,My camera has frozen again.,legacy_reviewed,low_value_noise,not_action,,evidence,targeted_type_low_value_noise_010,validation,targeted_generalisation_20260812,human_approved,,,,My camera has frozen again.,,"[PREVIOUS]

[CURRENT]
My camera has frozen again.
[NEXT]
",,,,,,,
targeted_type_056,Could you repeat the last sentence?,legacy_reviewed,low_value_noise,not_action,,evidence,targeted_type_low_value_noise_011,validation,targeted_generalisation_20260812,human_approved,,,,Could you repeat the last sentence?,,"[PREVIOUS]

[CURRENT]
Could you repeat the last sentence?
[NEXT]
",,,,,,,
targeted_type_057,I have another meeting at half past.,legacy_reviewed,low_value_noise,not_action,,evidence,targeted_type_low_value_noise_012,test,targeted_generalisation_20260812,human_approved,,,,I have another meeting at half past.,,"[PREVIOUS]

[CURRENT]
I have another meeting at half past.
[NEXT]
",,,,,,,
targeted_type_058,There is a lot of background noise.,legacy_reviewed,low_value_noise,not_action,,evidence,targeted_type_low_value_noise_013,test,targeted_generalisation_20260812,human_approved,,,,There is a lot of background noise.,,"[PREVIOUS]

[CURRENT]
There is a lot of background noise.
[NEXT]
",,,,,,,
targeted_type_059,I will make tea after this.,legacy_reviewed,low_value_noise,not_action,,evidence,targeted_type_low_value_noise_014,test,targeted_generalisation_20260812,human_approved,,,,I will make tea after this.,,"[PREVIOUS]

[CURRENT]
I will make tea after this.
[NEXT]
",,,,,,,
targeted_type_060,We are waiting for one more person to join.,legacy_reviewed,low_value_noise,not_action,,evidence,targeted_type_low_value_noise_015,test,targeted_generalisation_20260812,human_approved,,,,We are waiting for one more person to join.,,"[PREVIOUS]

[CURRENT]
We are waiting for one more person to join.
[NEXT]
",,,,,,,
csa_0001,Marta: I'll reconcile the warehouse count by Friday.,commitment,action_commitment,confirmed_action,named_owner|explicit_commitment_verb|deliverable_object|deadline_or_sequence,inventory,speech_act_001_inventory,train,ai_authored_speech_act_contrast_v1,assistant_reviewed_candidate,high,Label and negative-state relationship checked against canonical staged semantics.,,Marta: I'll reconcile the warehouse count by Friday.,,"[PREVIOUS]

[CURRENT]
Marta: I'll reconcile the warehouse count by Friday.
[NEXT]
",,,,,,,
csa_0002,Marta: I can reconcile the warehouse count. I'll have it done by Friday.,volunteer_commitment,action_commitment,confirmed_action,named_owner|explicit_commitment_verb|deliverable_object|deadline_or_sequence,inventory,speech_act_001_inventory,train,ai_authored_speech_act_contrast_v1,assistant_reviewed_candidate,high,Label and negative-state relationship checked against canonical staged semantics.,,Marta: I can reconcile the warehouse count. I'll have it done by Friday.,,"[PREVIOUS]

[CURRENT]
Marta: I can reconcile the warehouse count. I'll have it done by Friday.
[NEXT]
",,,,,,,
csa_0003,"Could Marta reconcile the warehouse count by Friday? Marta: Yes, I'll take that.",request_acceptance_thread,action_commitment,confirmed_action,named_owner|explicit_commitment_verb|deliverable_object|deadline_or_sequence,inventory,speech_act_001_inventory,train,ai_authored_speech_act_contrast_v1,assistant_reviewed_candidate,high,Label and negative-state relationship checked against canonical staged semantics.,,"Could Marta reconcile the warehouse count by Friday? Marta: Yes, I'll take that.",,"[PREVIOUS]

[CURRENT]
Could Marta reconcile the warehouse count by Friday? Marta: Yes, I'll take that.
[NEXT]
",,,,,,,
csa_0004,"Lead: Can you reconcile the warehouse count?
Marta: Yes.
Lead: Can you finish by Friday?
Marta: That works.",distributed_request_acceptance,action_commitment,confirmed_action,named_owner|explicit_commitment_verb|deliverable_object|deadline_or_sequence,inventory,speech_act_001_inventory,train,ai_authored_speech_act_contrast_v1,assistant_reviewed_candidate,high,Label and negative-state relationship checked against canonical staged semantics.,,"Lead: Can you reconcile the warehouse count?
Marta: Yes.
Lead: Can you finish by Friday?
Marta: That works.",,"[PREVIOUS]

[CURRENT]
Lead: Can you reconcile the warehouse count?
Marta: Yes.
Lead: Can you finish by Friday?
Marta: That works.
[NEXT]
",,,,,,,
csa_0005,Marta to reconcile the warehouse count; due Friday.,minutes_assignment,action_commitment,confirmed_action,named_owner|explicit_commitment_verb|deliverable_object|deadline_or_sequence,inventory,speech_act_001_inventory,train,ai_authored_speech_act_contrast_v1,assistant_reviewed_candidate,high,Label and negative-state relationship checked against canonical staged semantics.,,Marta to reconcile the warehouse count; due Friday.,,"[PREVIOUS]

[CURRENT]
Marta to reconcile the warehouse count; due Friday.
[NEXT]
",,,,,,,
csa_0006,"Actions recap: Marta, you're taking the item to reconcile the warehouse count. Marta: Correct, by Friday.",recap_assignment,action_commitment,confirmed_action,named_owner|explicit_commitment_verb|deliverable_object|deadline_or_sequence,inventory,speech_act_001_inventory,train,ai_authored_speech_act_contrast_v1,assistant_reviewed_candidate,high,Label and negative-state relationship checked against canonical staged semantics.,,"Actions recap: Marta, you're taking the item to reconcile the warehouse count. Marta: Correct, by Friday.",,"[PREVIOUS]

[CURRENT]
Actions recap: Marta, you're taking the item to reconcile the warehouse count. Marta: Correct, by Friday.
[NEXT]
",,,,,,,
csa_0007,We need someone to reconcile the warehouse count. Marta: Leave that with me; Friday is fine.,contextual_volunteer,action_commitment,confirmed_action,named_owner|explicit_commitment_verb|deliverable_object|deadline_or_sequence,inventory,speech_act_001_inventory,train,ai_authored_speech_act_contrast_v1,assistant_reviewed_candidate,high,Label and negative-state relationship checked against canonical staged semantics.,,We need someone to reconcile the warehouse count. Marta: Leave that with me; Friday is fine.,,"[PREVIOUS]

[CURRENT]
We need someone to reconcile the warehouse count. Marta: Leave that with me; Friday is fine.
[NEXT]
",,,,,,,
csa_0008,"We need to reconcile the warehouse count, but nobody accepted ownership or timing.",ownerless_need,discussion_topic,possible_action,explicit_commitment_verb|deliverable_object,inventory,speech_act_001_inventory,train,ai_authored_speech_act_contrast_v1,assistant_reviewed_candidate,medium,Label and negative-state relationship checked against canonical staged semantics.,,"We need to reconcile the warehouse count, but nobody accepted ownership or timing.",,"[PREVIOUS]

[CURRENT]
We need to reconcile the warehouse count, but nobody accepted ownership or timing.
[NEXT]
",,,,,,,
csa_0009,It would help to reconcile the warehouse count. The group moved on without assigning it.,unassigned_suggestion,discussion_topic,possible_action,deliverable_object,inventory,speech_act_001_inventory,train,ai_authored_speech_act_contrast_v1,assistant_reviewed_candidate,medium,Label and negative-state relationship checked against canonical staged semantics.,,It would help to reconcile the warehouse count. The group moved on without assigning it.,,"[PREVIOUS]

[CURRENT]
It would help to reconcile the warehouse count. The group moved on without assigning it.
[NEXT]
",,,,,,,
csa_0010,"Perhaps Marta could reconcile the warehouse count if there is time, but this was not agreed.",hypothetical,discussion_topic,not_action,named_owner|deliverable_object|hypothetical_language,inventory,speech_act_001_inventory,train,ai_authored_speech_act_contrast_v1,assistant_reviewed_candidate,high,Label and negative-state relationship checked against canonical staged semantics.,,"Perhaps Marta could reconcile the warehouse count if there is time, but this was not agreed.",,"[PREVIOUS]

[CURRENT]
Perhaps Marta could reconcile the warehouse count if there is time, but this was not agreed.
[NEXT]
",,,,,,,
csa_0011,"Marta: I might reconcile the warehouse count, depending on capacity. Lead: Treat that as an idea, not an action.",explicitly_uncommitted,discussion_topic,not_action,named_owner|deliverable_object|hypothetical_language,inventory,speech_act_001_inventory,train,ai_authored_speech_act_contrast_v1,assistant_reviewed_candidate,high,Label and negative-state relationship checked against canonical staged semantics.,,"Marta: I might reconcile the warehouse count, depending on capacity. Lead: Treat that as an idea, not an action.",,"[PREVIOUS]

[CURRENT]
Marta: I might reconcile the warehouse count, depending on capacity. Lead: Treat that as an idea, not an action.
[NEXT]
",,,,,,,
csa_0012,Marta already completed the work to reconcile the warehouse count yesterday.,completed_history,background_context,completed_history,named_owner|deliverable_object|completed_tense,inventory,speech_act_001_inventory,train,ai_authored_speech_act_contrast_v1,assistant_reviewed_candidate,high,Label and negative-state relationship checked against canonical staged semantics.,,Marta already completed the work to reconcile the warehouse count yesterday.,,"[PREVIOUS]

[CURRENT]
Marta already completed the work to reconcile the warehouse count yesterday.
[NEXT]
",,,,,,,
csa_0013,Lead: Marta should reconcile the warehouse count. Marta: That's already done; it closed yesterday.,completed_correction,background_context,completed_history,named_owner|deliverable_object|completed_tense,inventory,speech_act_001_inventory,train,ai_authored_speech_act_contrast_v1,assistant_reviewed_candidate,high,Label and negative-state relationship checked against canonical staged semantics.,,Lead: Marta should reconcile the warehouse count. Marta: That's already done; it closed yesterday.,,"[PREVIOUS]

[CURRENT]
Lead: Marta should reconcile the warehouse count. Marta: That's already done; it closed yesterday.
[NEXT]
",,,,,,,
csa_0014,Do not reconcile the warehouse count; that proposed action has been cancelled.,rejection,decision_agreement,not_action,deliverable_object|decision_language,inventory,speech_act_001_inventory,train,ai_authored_speech_act_contrast_v1,assistant_reviewed_candidate,high,Label and negative-state relationship checked against canonical staged semantics.,,Do not reconcile the warehouse count; that proposed action has been cancelled.,,"[PREVIOUS]

[CURRENT]
Do not reconcile the warehouse count; that proposed action has been cancelled.
[NEXT]
",,,,,,,
csa_0015,Earlier we asked Marta to reconcile the warehouse count. That assignment is withdrawn and must not remain open.,superseded_action,decision_agreement,not_action,named_owner|deliverable_object|decision_language,inventory,speech_act_001_inventory,train,ai_authored_speech_act_contrast_v1,assistant_reviewed_candidate,high,Label and negative-state relationship checked against canonical staged semantics.,,Earlier we asked Marta to reconcile the warehouse count. That assignment is withdrawn and must not remain open.,,"[PREVIOUS]

[CURRENT]
Earlier we asked Marta to reconcile the warehouse count. That assignment is withdrawn and must not remain open.
[NEXT]
",,,,,,,
csa_0016,The team agreed to use barcode scanning for the next stocktake.,decision,decision_agreement,not_action,decision_language|deliverable_object,inventory,speech_act_001_inventory,train,ai_authored_speech_act_contrast_v1,assistant_reviewed_candidate,high,Label and negative-state relationship checked against canonical staged semantics.,,The team agreed to use barcode scanning for the next stocktake.,,"[PREVIOUS]

[CURRENT]
The team agreed to use barcode scanning for the next stocktake.
[NEXT]
",,,,,,,
csa_0017,"Option A was discussed, but the final position is to use barcode scanning for the next stocktake.",decision_after_alternative,decision_agreement,not_action,decision_language|deliverable_object,inventory,speech_act_001_inventory,train,ai_authored_speech_act_contrast_v1,assistant_reviewed_candidate,high,Label and negative-state relationship checked against canonical staged semantics.,,"Option A was discussed, but the final position is to use barcode scanning for the next stocktake.",,"[PREVIOUS]

[CURRENT]
Option A was discussed, but the final position is to use barcode scanning for the next stocktake.
[NEXT]
",,,,,,,
csa_0018,"Lead: Shall we use barcode scanning for the next stocktake?
Team: Agreed. That's the approach we will use.",proposal_acceptance_decision,decision_agreement,not_action,decision_language|deliverable_object,inventory,speech_act_001_inventory,train,ai_authored_speech_act_contrast_v1,assistant_reviewed_candidate,high,Label and negative-state relationship checked against canonical staged semantics.,,"Lead: Shall we use barcode scanning for the next stocktake?
Team: Agreed. That's the approach we will use.",,"[PREVIOUS]

[CURRENT]
Lead: Shall we use barcode scanning for the next stocktake?
Team: Agreed. That's the approach we will use.
[NEXT]
",,,,,,,
csa_0019,"One option would be to use barcode scanning for the next stocktake, although no decision was made.",unconfirmed_option,discussion_topic,not_action,hypothetical_language|deliverable_object,inventory,speech_act_001_inventory,train,ai_authored_speech_act_contrast_v1,assistant_reviewed_candidate,high,Label and negative-state relationship checked against canonical staged semantics.,,"One option would be to use barcode scanning for the next stocktake, although no decision was made.",,"[PREVIOUS]

[CURRENT]
One option would be to use barcode scanning for the next stocktake, although no decision was made.
[NEXT]
",,,,,,,
csa_0020,The team identified that late supplier files could delay reconciliation.,risk,risk_dependency,not_action,risk_language|deliverable_object,inventory,speech_act_001_inventory,train,ai_authored_speech_act_contrast_v1,assistant_reviewed_candidate,high,Label and negative-state relationship checked against canonical staged semantics.,,The team identified that late supplier files could delay reconciliation.,,"[PREVIOUS]

[CURRENT]
The team identified that late supplier files could delay reconciliation.
[NEXT]
",,,,,,,
csa_0021,"If the dependency is not resolved, late supplier files could delay reconciliation. The issue remains open.",conditional_risk,risk_dependency,not_action,risk_language|deliverable_object,inventory,speech_act_001_inventory,train,ai_authored_speech_act_contrast_v1,assistant_reviewed_candidate,high,Label and negative-state relationship checked against canonical staged semantics.,,"If the dependency is not resolved, late supplier files could delay reconciliation. The issue remains open.",,"[PREVIOUS]

[CURRENT]
If the dependency is not resolved, late supplier files could delay reconciliation. The issue remains open.
[NEXT]
",,,,,,,
csa_0022,"The team checked whether late supplier files could delay reconciliation, but evidence confirmed the exposure is closed and no monitoring is required.",closed_risk_negative,background_context,not_action,deliverable_object|completed_tense,inventory,speech_act_001_inventory,train,ai_authored_speech_act_contrast_v1,assistant_reviewed_candidate,medium,Label and negative-state relationship checked against canonical staged semantics.,,"The team checked whether late supplier files could delay reconciliation, but evidence confirmed the exposure is closed and no monitoring is required.",,"[PREVIOUS]

[CURRENT]
The team checked whether late supplier files could delay reconciliation, but evidence confirmed the exposure is closed and no monitoring is required.
[NEXT]
",,,,,,,
csa_0023,The current position is that the inventory work remains in progress.,informational,background_context,not_action,,inventory,speech_act_001_inventory,train,ai_authored_speech_act_contrast_v1,assistant_reviewed_candidate,high,Label and negative-state relationship checked against canonical staged semantics.,,The current position is that the inventory work remains in progress.,,"[PREVIOUS]

[CURRENT]
The current position is that the inventory work remains in progress.
[NEXT]
",,,,,,,
csa_0024,Can everyone see the inventory screen? We will pause for two minutes before continuing.,administrative,low_value_noise,not_action,,inventory,speech_act_001_inventory,train,ai_authored_speech_act_contrast_v1,assistant_reviewed_candidate,high,Label and negative-state relationship checked against canonical staged semantics.,,Can everyone see the inventory screen? We will pause for two minutes before continuing.,,"[PREVIOUS]

[CURRENT]
Can everyone see the inventory screen? We will pause for two minutes before continuing.
[NEXT]
",,,,,,,
csa_0025,"Marta: I promise I'll bring coffee to the next inventory call. This is social chat, not project work.",social_false_commitment,low_value_noise,not_action,named_owner,inventory,speech_act_001_inventory,train,ai_authored_speech_act_contrast_v1,assistant_reviewed_candidate,high,Label and negative-state relationship checked against canonical staged semantics.,,"Marta: I promise I'll bring coffee to the next inventory call. This is social chat, not project work.",,"[PREVIOUS]

[CURRENT]
Marta: I promise I'll bring coffee to the next inventory call. This is social chat, not project work.
[NEXT]
",,,,,,,
csa_0026,Elliot: I'll patch the mobile login redirect by today.,commitment,action_commitment,confirmed_action,named_owner|explicit_commitment_verb|deliverable_object|deadline_or_sequence,mobile_release,speech_act_002_mobile_release,train,ai_authored_speech_act_contrast_v1,assistant_reviewed_candidate,high,Label and negative-state relationship checked against canonical staged semantics.,,Elliot: I'll patch the mobile login redirect by today.,,"[PREVIOUS]

[CURRENT]
Elliot: I'll patch the mobile login redirect by today.
[NEXT]
",,,,,,,
csa_0027,Elliot: I can patch the mobile login redirect. I'll have it done by today.,volunteer_commitment,action_commitment,confirmed_action,named_owner|explicit_commitment_verb|deliverable_object|deadline_or_sequence,mobile_release,speech_act_002_mobile_release,train,ai_authored_speech_act_contrast_v1,assistant_reviewed_candidate,high,Label and negative-state relationship checked against canonical staged semantics.,,Elliot: I can patch the mobile login redirect. I'll have it done by today.,,"[PREVIOUS]

[CURRENT]
Elliot: I can patch the mobile login redirect. I'll have it done by today.
[NEXT]
",,,,,,,
csa_0028,"Could Elliot patch the mobile login redirect by today? Elliot: Yes, I'll take that.",request_acceptance_thread,action_commitment,confirmed_action,named_owner|explicit_commitment_verb|deliverable_object|deadline_or_sequence,mobile_release,speech_act_002_mobile_release,train,ai_authored_speech_act_contrast_v1,assistant_reviewed_candidate,high,Label and negative-state relationship checked against canonical staged semantics.,,"Could Elliot patch the mobile login redirect by today? Elliot: Yes, I'll take that.",,"[PREVIOUS]

[CURRENT]
Could Elliot patch the mobile login redirect by today? Elliot: Yes, I'll take that.
[NEXT]
",,,,,,,
csa_0029,"Lead: Can you patch the mobile login redirect?
Elliot: Yes.
Lead: Can you finish by today?
Elliot: That works.",distributed_request_acceptance,action_commitment,confirmed_action,named_owner|explicit_commitment_verb|deliverable_object|deadline_or_sequence,mobile_release,speech_act_002_mobile_release,train,ai_authored_speech_act_contrast_v1,assistant_reviewed_candidate,high,Label and negative-state relationship checked against canonical staged semantics.,,"Lead: Can you patch the mobile login redirect?
Elliot: Yes.
Lead: Can you finish by today?
Elliot: That works.",,"[PREVIOUS]

[CURRENT]
Lead: Can you patch the mobile login redirect?
Elliot: Yes.
Lead: Can you finish by today?
Elliot: That works.
[NEXT]
",,,,,,,
csa_0030,Elliot to patch the mobile login redirect; due today.,minutes_assignment,action_commitment,confirmed_action,named_owner|explicit_commitment_verb|deliverable_object|deadline_or_sequence,mobile_release,speech_act_002_mobile_release,train,ai_authored_speech_act_contrast_v1,assistant_reviewed_candidate,high,Label and negative-state relationship checked against canonical staged semantics.,,Elliot to patch the mobile login redirect; due today.,,"[PREVIOUS]

[CURRENT]
Elliot to patch the mobile login redirect; due today.
[NEXT]
",,,,,,,
csa_0031,"Actions recap: Elliot, you're taking the item to patch the mobile login redirect. Elliot: Correct, by today.",recap_assignment,action_commitment,confirmed_action,named_owner|explicit_commitment_verb|deliverable_object|deadline_or_sequence,mobile_release,speech_act_002_mobile_release,train,ai_authored_speech_act_contrast_v1,assistant_reviewed_candidate,high,Label and negative-state relationship checked against canonical staged semantics.,,"Actions recap: Elliot, you're taking the item to patch the mobile login redirect. Elliot: Correct, by today.",,"[PREVIOUS]

[CURRENT]
Actions recap: Elliot, you're taking the item to patch the mobile login redirect. Elliot: Correct, by today.
[NEXT]
",,,,,,,
csa_0032,We need someone to patch the mobile login redirect. Elliot: Leave that with me; today is fine.,contextual_volunteer,action_commitment,confirmed_action,named_owner|explicit_commitment_verb|deliverable_object|deadline_or_sequence,mobile_release,speech_act_002_mobile_release,train,ai_authored_speech_act_contrast_v1,assistant_reviewed_candidate,high,Label and negative-state relationship checked against canonical staged semantics.,,We need someone to patch the mobile login redirect. Elliot: Leave that with me; today is fine.,,"[PREVIOUS]

[CURRENT]
We need someone to patch the mobile login redirect. Elliot: Leave that with me; today is fine.
[NEXT]
",,,,,,,
csa_0033,"We need to patch the mobile login redirect, but nobody accepted ownership or timing.",ownerless_need,discussion_topic,possible_action,explicit_commitment_verb|deliverable_object,mobile_release,speech_act_002_mobile_release,train,ai_authored_speech_act_contrast_v1,assistant_reviewed_candidate,medium,Label and negative-state relationship checked against canonical staged semantics.,,"We need to patch the mobile login redirect, but nobody accepted ownership or timing.",,"[PREVIOUS]

[CURRENT]
We need to patch the mobile login redirect, but nobody accepted ownership or timing.
[NEXT]
",,,,,,,
csa_0034,It would help to patch the mobile login redirect. The group moved on without assigning it.,unassigned_suggestion,discussion_topic,possible_action,deliverable_object,mobile_release,speech_act_002_mobile_release,train,ai_authored_speech_act_contrast_v1,assistant_reviewed_candidate,medium,Label and negative-state relationship checked against canonical staged semantics.,,It would help to patch the mobile login redirect. The group moved on without assigning it.,,"[PREVIOUS]

[CURRENT]
It would help to patch the mobile login redirect. The group moved on without assigning it.
[NEXT]
",,,,,,,
csa_0035,"Perhaps Elliot could patch the mobile login redirect if there is time, but this was not agreed.",hypothetical,discussion_topic,not_action,named_owner|deliverable_object|hypothetical_language,mobile_release,speech_act_002_mobile_release,train,ai_authored_speech_act_contrast_v1,assistant_reviewed_candidate,high,Label and negative-state relationship checked against canonical staged semantics.,,"Perhaps Elliot could patch the mobile login redirect if there is time, but this was not agreed.",,"[PREVIOUS]

[CURRENT]
Perhaps Elliot could patch the mobile login redirect if there is time, but this was not agreed.
[NEXT]
",,,,,,,
csa_0036,"Elliot: I might patch the mobile login redirect, depending on capacity. Lead: Treat that as an idea, not an action.",explicitly_uncommitted,discussion_topic,not_action,named_owner|deliverable_object|hypothetical_language,mobile_release,speech_act_002_mobile_release,train,ai_authored_speech_act_contrast_v1,assistant_reviewed_candidate,high,Label and negative-state relationship checked against canonical staged semantics.,,"Elliot: I might patch the mobile login redirect, depending on capacity. Lead: Treat that as an idea, not an action.",,"[PREVIOUS]

[CURRENT]
Elliot: I might patch the mobile login redirect, depending on capacity. Lead: Treat that as an idea, not an action.
[NEXT]
",,,,,,,
csa_0037,Elliot already completed the work to patch the mobile login redirect yesterday.,completed_history,background_context,completed_history,named_owner|deliverable_object|completed_tense,mobile_release,speech_act_002_mobile_release,train,ai_authored_speech_act_contrast_v1,assistant_reviewed_candidate,high,Label and negative-state relationship checked against canonical staged semantics.,,Elliot already completed the work to patch the mobile login redirect yesterday.,,"[PREVIOUS]

[CURRENT]
Elliot already completed the work to patch the mobile login redirect yesterday.
[NEXT]
",,,,,,,
csa_0038,Lead: Elliot should patch the mobile login redirect. Elliot: That's already done; it closed yesterday.,completed_correction,background_context,completed_history,named_owner|deliverable_object|completed_tense,mobile_release,speech_act_002_mobile_release,train,ai_authored_speech_act_contrast_v1,assistant_reviewed_candidate,high,Label and negative-state relationship checked against canonical staged semantics.,,Lead: Elliot should patch the mobile login redirect. Elliot: That's already done; it closed yesterday.,,"[PREVIOUS]

[CURRENT]
Lead: Elliot should patch the mobile login redirect. Elliot: That's already done; it closed yesterday.
[NEXT]
",,,,,,,
csa_0039,Do not patch the mobile login redirect; that proposed action has been cancelled.,rejection,decision_agreement,not_action,deliverable_object|decision_language,mobile_release,speech_act_002_mobile_release,train,ai_authored_speech_act_contrast_v1,assistant_reviewed_candidate,high,Label and negative-state relationship checked against canonical staged semantics.,,Do not patch the mobile login redirect; that proposed action has been cancelled.,,"[PREVIOUS]

[CURRENT]
Do not patch the mobile login redirect; that proposed action has been cancelled.
[NEXT]
",,,,,,,
csa_0040,Earlier we asked Elliot to patch the mobile login redirect. That assignment is withdrawn and must not remain open.,superseded_action,decision_agreement,not_action,named_owner|deliverable_object|decision_language,mobile_release,speech_act_002_mobile_release,train,ai_authored_speech_act_contrast_v1,assistant_reviewed_candidate,high,Label and negative-state relationship checked against canonical staged semantics.,,Earlier we asked Elliot to patch the mobile login redirect. That assignment is withdrawn and must not remain open.,,"[PREVIOUS]

[CURRENT]
Earlier we asked Elliot to patch the mobile login redirect. That assignment is withdrawn and must not remain open.
[NEXT]
",,,,,,,
csa_0041,The team agreed to hold the release until smoke testing passes.,decision,decision_agreement,not_action,decision_language|deliverable_object,mobile_release,speech_act_002_mobile_release,train,ai_authored_speech_act_contrast_v1,assistant_reviewed_candidate,high,Label and negative-state relationship checked against canonical staged semantics.,,The team agreed to hold the release until smoke testing passes.,,"[PREVIOUS]

[CURRENT]
The team agreed to hold the release until smoke testing passes.
[NEXT]
",,,,,,,
csa_0042,"Option A was discussed, but the final position is to hold the release until smoke testing passes.",decision_after_alternative,decision_agreement,not_action,decision_language|deliverable_object,mobile_release,speech_act_002_mobile_release,train,ai_authored_speech_act_contrast_v1,assistant_reviewed_candidate,high,Label and negative-state relationship checked against canonical staged semantics.,,"Option A was discussed, but the final position is to hold the release until smoke testing passes.",,"[PREVIOUS]

[CURRENT]
Option A was discussed, but the final position is to hold the release until smoke testing passes.
[NEXT]
",,,,,,,
csa_0043,"Lead: Shall we hold the release until smoke testing passes?
Team: Agreed. That's the approach we will use.",proposal_acceptance_decision,decision_agreement,not_action,decision_language|deliverable_object,mobile_release,speech_act_002_mobile_release,train,ai_authored_speech_act_contrast_v1,assistant_reviewed_candidate,high,Label and negative-state relationship checked against canonical staged semantics.,,"Lead: Shall we hold the release until smoke testing passes?
Team: Agreed. That's the approach we will use.",,"[PREVIOUS]

[CURRENT]
Lead: Shall we hold the release until smoke testing passes?
Team: Agreed. That's the approach we will use.
[NEXT]
",,,,,,,
csa_0044,"One option would be to hold the release until smoke testing passes, although no decision was made.",unconfirmed_option,discussion_topic,not_action,hypothetical_language|deliverable_object,mobile_release,speech_act_002_mobile_release,train,ai_authored_speech_act_contrast_v1,assistant_reviewed_candidate,high,Label and negative-state relationship checked against canonical staged semantics.,,"One option would be to hold the release until smoke testing passes, although no decision was made.",,"[PREVIOUS]

[CURRENT]
One option would be to hold the release until smoke testing passes, although no decision was made.
[NEXT]
",,,,,,,
csa_0045,The team identified that the redirect defect could block customer access.,risk,risk_dependency,not_action,risk_language|deliverable_object,mobile_release,speech_act_002_mobile_release,train,ai_authored_speech_act_contrast_v1,assistant_reviewed_candidate,high,Label and negative-state relationship checked against canonical staged semantics.,,The team identified that the redirect defect could block customer access.,,"[PREVIOUS]

[CURRENT]
The team identified that the redirect defect could block customer access.
[NEXT]
",,,,,,,
csa_0046,"If the dependency is not resolved, the redirect defect could block customer access. The issue remains open.",conditional_risk,risk_dependency,not_action,risk_language|deliverable_object,mobile_release,speech_act_002_mobile_release,train,ai_authored_speech_act_contrast_v1,assistant_reviewed_candidate,high,Label and negative-state relationship checked against canonical staged semantics.,,"If the dependency is not resolved, the redirect defect could block customer access. The issue remains open.",,"[PREVIOUS]

[CURRENT]
If the dependency is not resolved, the redirect defect could block customer access. The issue remains open.
[NEXT]
",,,,,,,
csa_0047,"The team checked whether the redirect defect could block customer access, but evidence confirmed the exposure is closed and no monitoring is required.",closed_risk_negative,background_context,not_action,deliverable_object|completed_tense,mobile_release,speech_act_002_mobile_release,train,ai_authored_speech_act_contrast_v1,assistant_reviewed_candidate,medium,Label and negative-state relationship checked against canonical staged semantics.,,"The team checked whether the redirect defect could block customer access, but evidence confirmed the exposure is closed and no monitoring is required.",,"[PREVIOUS]

[CURRENT]
The team checked whether the redirect defect could block customer access, but evidence confirmed the exposure is closed and no monitoring is required.
[NEXT]
",,,,,,,
csa_0048,The current position is that the mobile release work remains in progress.,informational,background_context,not_action,,mobile_release,speech_act_002_mobile_release,train,ai_authored_speech_act_contrast_v1,assistant_reviewed_candidate,high,Label and negative-state relationship checked against canonical staged semantics.,,The current position is that the mobile release work remains in progress.,,"[PREVIOUS]

[CURRENT]
The current position is that the mobile release work remains in progress.
[NEXT]
",,,,,,,
csa_0049,Can everyone see the mobile release screen? We will pause for two minutes before continuing.,administrative,low_value_noise,not_action,,mobile_release,speech_act_002_mobile_release,train,ai_authored_speech_act_contrast_v1,assistant_reviewed_candidate,high,Label and negative-state relationship checked against canonical staged semantics.,,Can everyone see the mobile release screen? We will pause for two minutes before continuing.,,"[PREVIOUS]

[CURRENT]
Can everyone see the mobile release screen? We will pause for two minutes before continuing.
[NEXT]
",,,,,,,
csa_0050,"Elliot: I promise I'll bring coffee to the next mobile release call. This is social chat, not project work.",social_false_commitment,low_value_noise,not_action,named_owner,mobile_release,speech_act_002_mobile_release,train,ai_authored_speech_act_contrast_v1,assistant_reviewed_candidate,high,Label and negative-state relationship checked against canonical staged semantics.,,"Elliot: I promise I'll bring coffee to the next mobile release call. This is social chat, not project work.",,"[PREVIOUS]

[CURRENT]
Elliot: I promise I'll bring coffee to the next mobile release call. This is social chat, not project work.
[NEXT]
",,,,,,,
csa_0051,Sana: I'll invite the shortlisted engineer to a technical interview by tomorrow.,commitment,action_commitment,confirmed_action,named_owner|explicit_commitment_verb|deliverable_object|deadline_or_sequence,recruitment,speech_act_003_recruitment,validation,ai_authored_speech_act_contrast_v1,assistant_reviewed_candidate,high,Label and negative-state relationship checked against canonical staged semantics.,,Sana: I'll invite the shortlisted engineer to a technical interview by tomorrow.,,"[PREVIOUS]

[CURRENT]
Sana: I'll invite the shortlisted engineer to a technical interview by tomorrow.
[NEXT]
",,,,,,,
csa_0052,Sana: I can invite the shortlisted engineer to a technical interview. I'll have it done by tomorrow.,volunteer_commitment,action_commitment,confirmed_action,named_owner|explicit_commitment_verb|deliverable_object|deadline_or_sequence,recruitment,speech_act_003_recruitment,validation,ai_authored_speech_act_contrast_v1,assistant_reviewed_candidate,high,Label and negative-state relationship checked against canonical staged semantics.,,Sana: I can invite the shortlisted engineer to a technical interview. I'll have it done by tomorrow.,,"[PREVIOUS]

[CURRENT]
Sana: I can invite the shortlisted engineer to a technical interview. I'll have it done by tomorrow.
[NEXT]
",,,,,,,
csa_0053,"Could Sana invite the shortlisted engineer to a technical interview by tomorrow? Sana: Yes, I'll take that.",request_acceptance_thread,action_commitment,confirmed_action,named_owner|explicit_commitment_verb|deliverable_object|deadline_or_sequence,recruitment,speech_act_003_recruitment,validation,ai_authored_speech_act_contrast_v1,assistant_reviewed_candidate,high,Label and negative-state relationship checked against canonical staged semantics.,,"Could Sana invite the shortlisted engineer to a technical interview by tomorrow? Sana: Yes, I'll take that.",,"[PREVIOUS]

[CURRENT]
Could Sana invite the shortlisted engineer to a technical interview by tomorrow? Sana: Yes, I'll take that.
[NEXT]
",,,,,,,
csa_0054,"Lead: Can you invite the shortlisted engineer to a technical interview?
Sana: Yes.
Lead: Can you finish by tomorrow?
Sana: That works.",distributed_request_acceptance,action_commitment,confirmed_action,named_owner|explicit_commitment_verb|deliverable_object|deadline_or_sequence,recruitment,speech_act_003_recruitment,validation,ai_authored_speech_act_contrast_v1,assistant_reviewed_candidate,high,Label and negative-state relationship checked against canonical staged semantics.,,"Lead: Can you invite the shortlisted engineer to a technical interview?
Sana: Yes.
Lead: Can you finish by tomorrow?
Sana: That works.",,"[PREVIOUS]

[CURRENT]
Lead: Can you invite the shortlisted engineer to a technical interview?
Sana: Yes.
Lead: Can you finish by tomorrow?
Sana: That works.
[NEXT]
",,,,,,,
csa_0055,Sana to invite the shortlisted engineer to a technical interview; due tomorrow.,minutes_assignment,action_commitment,confirmed_action,named_owner|explicit_commitment_verb|deliverable_object|deadline_or_sequence,recruitment,speech_act_003_recruitment,validation,ai_authored_speech_act_contrast_v1,assistant_reviewed_candidate,high,Label and negative-state relationship checked against canonical staged semantics.,,Sana to invite the shortlisted engineer to a technical interview; due tomorrow.,,"[PREVIOUS]

[CURRENT]
Sana to invite the shortlisted engineer to a technical interview; due tomorrow.
[NEXT]
",,,,,,,
csa_0056,"Actions recap: Sana, you're taking the item to invite the shortlisted engineer to a technical interview. Sana: Correct, by tomorrow.",recap_assignment,action_commitment,confirmed_action,named_owner|explicit_commitment_verb|deliverable_object|deadline_or_sequence,recruitment,speech_act_003_recruitment,validation,ai_authored_speech_act_contrast_v1,assistant_reviewed_candidate,high,Label and negative-state relationship checked against canonical staged semantics.,,"Actions recap: Sana, you're taking the item to invite the shortlisted engineer to a technical interview. Sana: Correct, by tomorrow.",,"[PREVIOUS]

[CURRENT]
Actions recap: Sana, you're taking the item to invite the shortlisted engineer to a technical interview. Sana: Correct, by tomorrow.
[NEXT]
",,,,,,,
csa_0057,We need someone to invite the shortlisted engineer to a technical interview. Sana: Leave that with me; tomorrow is fine.,contextual_volunteer,action_commitment,confirmed_action,named_owner|explicit_commitment_verb|deliverable_object|deadline_or_sequence,recruitment,speech_act_003_recruitment,validation,ai_authored_speech_act_contrast_v1,assistant_reviewed_candidate,high,Label and negative-state relationship checked against canonical staged semantics.,,We need someone to invite the shortlisted engineer to a technical interview. Sana: Leave that with me; tomorrow is fine.,,"[PREVIOUS]

[CURRENT]
We need someone to invite the shortlisted engineer to a technical interview. Sana: Leave that with me; tomorrow is fine.
[NEXT]
",,,,,,,
csa_0058,"We need to invite the shortlisted engineer to a technical interview, but nobody accepted ownership or timing.",ownerless_need,discussion_topic,possible_action,explicit_commitment_verb|deliverable_object,recruitment,speech_act_003_recruitment,validation,ai_authored_speech_act_contrast_v1,assistant_reviewed_candidate,medium,Label and negative-state relationship checked against canonical staged semantics.,,"We need to invite the shortlisted engineer to a technical interview, but nobody accepted ownership or timing.",,"[PREVIOUS]

[CURRENT]
We need to invite the shortlisted engineer to a technical interview, but nobody accepted ownership or timing.
[NEXT]
",,,,,,,
csa_0059,It would help to invite the shortlisted engineer to a technical interview. The group moved on without assigning it.,unassigned_suggestion,discussion_topic,possible_action,deliverable_object,recruitment,speech_act_003_recruitment,validation,ai_authored_speech_act_contrast_v1,assistant_reviewed_candidate,medium,Label and negative-state relationship checked against canonical staged semantics.,,It would help to invite the shortlisted engineer to a technical interview. The group moved on without assigning it.,,"[PREVIOUS]

[CURRENT]
It would help to invite the shortlisted engineer to a technical interview. The group moved on without assigning it.
[NEXT]
",,,,,,,
csa_0060,"Perhaps Sana could invite the shortlisted engineer to a technical interview if there is time, but this was not agreed.",hypothetical,discussion_topic,not_action,named_owner|deliverable_object|hypothetical_language,recruitment,speech_act_003_recruitment,validation,ai_authored_speech_act_contrast_v1,assistant_reviewed_candidate,high,Label and negative-state relationship checked against canonical staged semantics.,,"Perhaps Sana could invite the shortlisted engineer to a technical interview if there is time, but this was not agreed.",,"[PREVIOUS]

[CURRENT]
Perhaps Sana could invite the shortlisted engineer to a technical interview if there is time, but this was not agreed.
[NEXT]
",,,,,,,
csa_0061,"Sana: I might invite the shortlisted engineer to a technical interview, depending on capacity. Lead: Treat that as an idea, not an action.",explicitly_uncommitted,discussion_topic,not_action,named_owner|deliverable_object|hypothetical_language,recruitment,speech_act_003_recruitment,validation,ai_authored_speech_act_contrast_v1,assistant_reviewed_candidate,high,Label and negative-state relationship checked against canonical staged semantics.,,"Sana: I might invite the shortlisted engineer to a technical interview, depending on capacity. Lead: Treat that as an idea, not an action.",,"[PREVIOUS]

[CURRENT]
Sana: I might invite the shortlisted engineer to a technical interview, depending on capacity. Lead: Treat that as an idea, not an action.
[NEXT]
",,,,,,,
csa_0062,Sana already completed the work to invite the shortlisted engineer to a technical interview yesterday.,completed_history,background_context,completed_history,named_owner|deliverable_object|completed_tense,recruitment,speech_act_003_recruitment,validation,ai_authored_speech_act_contrast_v1,assistant_reviewed_candidate,high,Label and negative-state relationship checked against canonical staged semantics.,,Sana already completed the work to invite the shortlisted engineer to a technical interview yesterday.,,"[PREVIOUS]

[CURRENT]
Sana already completed the work to invite the shortlisted engineer to a technical interview yesterday.
[NEXT]
",,,,,,,
csa_0063,Lead: Sana should invite the shortlisted engineer to a technical interview. Sana: That's already done; it closed yesterday.,completed_correction,background_context,completed_history,named_owner|deliverable_object|completed_tense,recruitment,speech_act_003_recruitment,validation,ai_authored_speech_act_contrast_v1,assistant_reviewed_candidate,high,Label and negative-state relationship checked against canonical staged semantics.,,Lead: Sana should invite the shortlisted engineer to a technical interview. Sana: That's already done; it closed yesterday.,,"[PREVIOUS]

[CURRENT]
Lead: Sana should invite the shortlisted engineer to a technical interview. Sana: That's already done; it closed yesterday.
[NEXT]
",,,,,,,
csa_0064,Do not invite the shortlisted engineer to a technical interview; that proposed action has been cancelled.,rejection,decision_agreement,not_action,deliverable_object|decision_language,recruitment,speech_act_003_recruitment,validation,ai_authored_speech_act_contrast_v1,assistant_reviewed_candidate,high,Label and negative-state relationship checked against canonical staged semantics.,,Do not invite the shortlisted engineer to a technical interview; that proposed action has been cancelled.,,"[PREVIOUS]

[CURRENT]
Do not invite the shortlisted engineer to a technical interview; that proposed action has been cancelled.
[NEXT]
",,,,,,,
csa_0065,Earlier we asked Sana to invite the shortlisted engineer to a technical interview. That assignment is withdrawn and must not remain open.,superseded_action,decision_agreement,not_action,named_owner|deliverable_object|decision_language,recruitment,speech_act_003_recruitment,validation,ai_authored_speech_act_contrast_v1,assistant_reviewed_candidate,high,Label and negative-state relationship checked against canonical staged semantics.,,Earlier we asked Sana to invite the shortlisted engineer to a technical interview. That assignment is withdrawn and must not remain open.,,"[PREVIOUS]

[CURRENT]
Earlier we asked Sana to invite the shortlisted engineer to a technical interview. That assignment is withdrawn and must not remain open.
[NEXT]
",,,,,,,
csa_0066,The team agreed to progress one candidate to the final round.,decision,decision_agreement,not_action,decision_language|deliverable_object,recruitment,speech_act_003_recruitment,validation,ai_authored_speech_act_contrast_v1,assistant_reviewed_candidate,high,Label and negative-state relationship checked against canonical staged semantics.,,The team agreed to progress one candidate to the final round.,,"[PREVIOUS]

[CURRENT]
The team agreed to progress one candidate to the final round.
[NEXT]
",,,,,,,
csa_0067,"Option A was discussed, but the final position is to progress one candidate to the final round.",decision_after_alternative,decision_agreement,not_action,decision_language|deliverable_object,recruitment,speech_act_003_recruitment,validation,ai_authored_speech_act_contrast_v1,assistant_reviewed_candidate,high,Label and negative-state relationship checked against canonical staged semantics.,,"Option A was discussed, but the final position is to progress one candidate to the final round.",,"[PREVIOUS]

[CURRENT]
Option A was discussed, but the final position is to progress one candidate to the final round.
[NEXT]
",,,,,,,
csa_0068,"Lead: Shall we progress one candidate to the final round?
Team: Agreed. That's the approach we will use.",proposal_acceptance_decision,decision_agreement,not_action,decision_language|deliverable_object,recruitment,speech_act_003_recruitment,validation,ai_authored_speech_act_contrast_v1,assistant_reviewed_candidate,high,Label and negative-state relationship checked against canonical staged semantics.,,"Lead: Shall we progress one candidate to the final round?
Team: Agreed. That's the approach we will use.",,"[PREVIOUS]

[CURRENT]
Lead: Shall we progress one candidate to the final round?
Team: Agreed. That's the approach we will use.
[NEXT]
",,,,,,,
csa_0069,"One option would be to progress one candidate to the final round, although no decision was made.",unconfirmed_option,discussion_topic,not_action,hypothetical_language|deliverable_object,recruitment,speech_act_003_recruitment,validation,ai_authored_speech_act_contrast_v1,assistant_reviewed_candidate,high,Label and negative-state relationship checked against canonical staged semantics.,,"One option would be to progress one candidate to the final round, although no decision was made.",,"[PREVIOUS]

[CURRENT]
One option would be to progress one candidate to the final round, although no decision was made.
[NEXT]
",,,,,,,
csa_0070,The team identified that interviewer availability may delay the final round.,risk,risk_dependency,not_action,risk_language|deliverable_object,recruitment,speech_act_003_recruitment,validation,ai_authored_speech_act_contrast_v1,assistant_reviewed_candidate,high,Label and negative-state relationship checked against canonical staged semantics.,,The team identified that interviewer availability may delay the final round.,,"[PREVIOUS]

[CURRENT]
The team identified that interviewer availability may delay the final round.
[NEXT]
",,,,,,,
csa_0071,"If the dependency is not resolved, interviewer availability may delay the final round. The issue remains open.",conditional_risk,risk_dependency,not_action,risk_language|deliverable_object,recruitment,speech_act_003_recruitment,validation,ai_authored_speech_act_contrast_v1,assistant_reviewed_candidate,high,Label and negative-state relationship checked against canonical staged semantics.,,"If the dependency is not resolved, interviewer availability may delay the final round. The issue remains open.",,"[PREVIOUS]

[CURRENT]
If the dependency is not resolved, interviewer availability may delay the final round. The issue remains open.
[NEXT]
",,,,,,,
csa_0072,"The team checked whether interviewer availability may delay the final round, but evidence confirmed the exposure is closed and no monitoring is required.",closed_risk_negative,background_context,not_action,deliverable_object|completed_tense,recruitment,speech_act_003_recruitment,validation,ai_authored_speech_act_contrast_v1,assistant_reviewed_candidate,medium,Label and negative-state relationship checked against canonical staged semantics.,,"The team checked whether interviewer availability may delay the final round, but evidence confirmed the exposure is closed and no monitoring is required.",,"[PREVIOUS]

[CURRENT]
The team checked whether interviewer availability may delay the final round, but evidence confirmed the exposure is closed and no monitoring is required.
[NEXT]
",,,,,,,
csa_0073,The current position is that the recruitment work remains in progress.,informational,background_context,not_action,,recruitment,speech_act_003_recruitment,validation,ai_authored_speech_act_contrast_v1,assistant_reviewed_candidate,high,Label and negative-state relationship checked against canonical staged semantics.,,The current position is that the recruitment work remains in progress.,,"[PREVIOUS]

[CURRENT]
The current position is that the recruitment work remains in progress.
[NEXT]
",,,,,,,
csa_0074,Can everyone see the recruitment screen? We will pause for two minutes before continuing.,administrative,low_value_noise,not_action,,recruitment,speech_act_003_recruitment,validation,ai_authored_speech_act_contrast_v1,assistant_reviewed_candidate,high,Label and negative-state relationship checked against canonical staged semantics.,,Can everyone see the recruitment screen? We will pause for two minutes before continuing.,,"[PREVIOUS]

[CURRENT]
Can everyone see the recruitment screen? We will pause for two minutes before continuing.
[NEXT]
",,,,,,,
csa_0075,"Sana: I promise I'll bring coffee to the next recruitment call. This is social chat, not project work.",social_false_commitment,low_value_noise,not_action,named_owner,recruitment,speech_act_003_recruitment,validation,ai_authored_speech_act_contrast_v1,assistant_reviewed_candidate,high,Label and negative-state relationship checked against canonical staged semantics.,,"Sana: I promise I'll bring coffee to the next recruitment call. This is social chat, not project work.",,"[PREVIOUS]

[CURRENT]
Sana: I promise I'll bring coffee to the next recruitment call. This is social chat, not project work.
[NEXT]
",,,,,,,
csa_0076,Theo: I'll circulate the revised department forecast by before lunch.,commitment,action_commitment,confirmed_action,named_owner|explicit_commitment_verb|deliverable_object|deadline_or_sequence,budget,speech_act_004_budget,train,ai_authored_speech_act_contrast_v1,assistant_reviewed_candidate,high,Label and negative-state relationship checked against canonical staged semantics.,,Theo: I'll circulate the revised department forecast by before lunch.,,"[PREVIOUS]

[CURRENT]
Theo: I'll circulate the revised department forecast by before lunch.
[NEXT]
",,,,,,,
csa_0077,Theo: I can circulate the revised department forecast. I'll have it done by before lunch.,volunteer_commitment,action_commitment,confirmed_action,named_owner|explicit_commitment_verb|deliverable_object|deadline_or_sequence,budget,speech_act_004_budget,train,ai_authored_speech_act_contrast_v1,assistant_reviewed_candidate,high,Label and negative-state relationship checked against canonical staged semantics.,,Theo: I can circulate the revised department forecast. I'll have it done by before lunch.,,"[PREVIOUS]

[CURRENT]
Theo: I can circulate the revised department forecast. I'll have it done by before lunch.
[NEXT]
",,,,,,,
csa_0078,"Could Theo circulate the revised department forecast by before lunch? Theo: Yes, I'll take that.",request_acceptance_thread,action_commitment,confirmed_action,named_owner|explicit_commitment_verb|deliverable_object|deadline_or_sequence,budget,speech_act_004_budget,train,ai_authored_speech_act_contrast_v1,assistant_reviewed_candidate,high,Label and negative-state relationship checked against canonical staged semantics.,,"Could Theo circulate the revised department forecast by before lunch? Theo: Yes, I'll take that.",,"[PREVIOUS]

[CURRENT]
Could Theo circulate the revised department forecast by before lunch? Theo: Yes, I'll take that.
[NEXT]
",,,,,,,
csa_0079,"Lead: Can you circulate the revised department forecast?
Theo: Yes.
Lead: Can you finish by before lunch?
Theo: That works.",distributed_request_acceptance,action_commitment,confirmed_action,named_owner|explicit_commitment_verb|deliverable_object|deadline_or_sequence,budget,speech_act_004_budget,train,ai_authored_speech_act_contrast_v1,assistant_reviewed_candidate,high,Label and negative-state relationship checked against canonical staged semantics.,,"Lead: Can you circulate the revised department forecast?
Theo: Yes.
Lead: Can you finish by before lunch?
Theo: That works.",,"[PREVIOUS]

[CURRENT]
Lead: Can you circulate the revised department forecast?
Theo: Yes.
Lead: Can you finish by before lunch?
Theo: That works.
[NEXT]
",,,,,,,
csa_0080,Theo to circulate the revised department forecast; due before lunch.,minutes_assignment,action_commitment,confirmed_action,named_owner|explicit_commitment_verb|deliverable_object|deadline_or_sequence,budget,speech_act_004_budget,train,ai_authored_speech_act_contrast_v1,assistant_reviewed_candidate,high,Label and negative-state relationship checked against canonical staged semantics.,,Theo to circulate the revised department forecast; due before lunch.,,"[PREVIOUS]

[CURRENT]
Theo to circulate the revised department forecast; due before lunch.
[NEXT]
",,,,,,,
csa_0081,"Actions recap: Theo, you're taking the item to circulate the revised department forecast. Theo: Correct, by before lunch.",recap_assignment,action_commitment,confirmed_action,named_owner|explicit_commitment_verb|deliverable_object|deadline_or_sequence,budget,speech_act_004_budget,train,ai_authored_speech_act_contrast_v1,assistant_reviewed_candidate,high,Label and negative-state relationship checked against canonical staged semantics.,,"Actions recap: Theo, you're taking the item to circulate the revised department forecast. Theo: Correct, by before lunch.",,"[PREVIOUS]

[CURRENT]
Actions recap: Theo, you're taking the item to circulate the revised department forecast. Theo: Correct, by before lunch.
[NEXT]
",,,,,,,
csa_0082,We need someone to circulate the revised department forecast. Theo: Leave that with me; before lunch is fine.,contextual_volunteer,action_commitment,confirmed_action,named_owner|explicit_commitment_verb|deliverable_object|deadline_or_sequence,budget,speech_act_004_budget,train,ai_authored_speech_act_contrast_v1,assistant_reviewed_candidate,high,Label and negative-state relationship checked against canonical staged semantics.,,We need someone to circulate the revised department forecast. Theo: Leave that with me; before lunch is fine.,,"[PREVIOUS]

[CURRENT]
We need someone to circulate the revised department forecast. Theo: Leave that with me; before lunch is fine.
[NEXT]
",,,,,,,
csa_0083,"We need to circulate the revised department forecast, but nobody accepted ownership or timing.",ownerless_need,discussion_topic,possible_action,explicit_commitment_verb|deliverable_object,budget,speech_act_004_budget,train,ai_authored_speech_act_contrast_v1,assistant_reviewed_candidate,medium,Label and negative-state relationship checked against canonical staged semantics.,,"We need to circulate the revised department forecast, but nobody accepted ownership or timing.",,"[PREVIOUS]

[CURRENT]
We need to circulate the revised department forecast, but nobody accepted ownership or timing.
[NEXT]
",,,,,,,
csa_0084,It would help to circulate the revised department forecast. The group moved on without assigning it.,unassigned_suggestion,discussion_topic,possible_action,deliverable_object,budget,speech_act_004_budget,train,ai_authored_speech_act_contrast_v1,assistant_reviewed_candidate,medium,Label and negative-state relationship checked against canonical staged semantics.,,It would help to circulate the revised department forecast. The group moved on without assigning it.,,"[PREVIOUS]

[CURRENT]
It would help to circulate the revised department forecast. The group moved on without assigning it.
[NEXT]
",,,,,,,
csa_0085,"Perhaps Theo could circulate the revised department forecast if there is time, but this was not agreed.",hypothetical,discussion_topic,not_action,named_owner|deliverable_object|hypothetical_language,budget,speech_act_004_budget,train,ai_authored_speech_act_contrast_v1,assistant_reviewed_candidate,high,Label and negative-state relationship checked against canonical staged semantics.,,"Perhaps Theo could circulate the revised department forecast if there is time, but this was not agreed.",,"[PREVIOUS]

[CURRENT]
Perhaps Theo could circulate the revised department forecast if there is time, but this was not agreed.
[NEXT]
",,,,,,,
csa_0086,"Theo: I might circulate the revised department forecast, depending on capacity. Lead: Treat that as an idea, not an action.",explicitly_uncommitted,discussion_topic,not_action,named_owner|deliverable_object|hypothetical_language,budget,speech_act_004_budget,train,ai_authored_speech_act_contrast_v1,assistant_reviewed_candidate,high,Label and negative-state relationship checked against canonical staged semantics.,,"Theo: I might circulate the revised department forecast, depending on capacity. Lead: Treat that as an idea, not an action.",,"[PREVIOUS]

[CURRENT]
Theo: I might circulate the revised department forecast, depending on capacity. Lead: Treat that as an idea, not an action.
[NEXT]
",,,,,,,
csa_0087,Theo already completed the work to circulate the revised department forecast yesterday.,completed_history,background_context,completed_history,named_owner|deliverable_object|completed_tense,budget,speech_act_004_budget,train,ai_authored_speech_act_contrast_v1,assistant_reviewed_candidate,high,Label and negative-state relationship checked against canonical staged semantics.,,Theo already completed the work to circulate the revised department forecast yesterday.,,"[PREVIOUS]

[CURRENT]
Theo already completed the work to circulate the revised department forecast yesterday.
[NEXT]
",,,,,,,
csa_0088,Lead: Theo should circulate the revised department forecast. Theo: That's already done; it closed yesterday.,completed_correction,background_context,completed_history,named_owner|deliverable_object|completed_tense,budget,speech_act_004_budget,train,ai_authored_speech_act_contrast_v1,assistant_reviewed_candidate,high,Label and negative-state relationship checked against canonical staged semantics.,,Lead: Theo should circulate the revised department forecast. Theo: That's already done; it closed yesterday.,,"[PREVIOUS]

[CURRENT]
Lead: Theo should circulate the revised department forecast. Theo: That's already done; it closed yesterday.
[NEXT]
",,,,,,,
csa_0089,Do not circulate the revised department forecast; that proposed action has been cancelled.,rejection,decision_agreement,not_action,deliverable_object|decision_language,budget,speech_act_004_budget,train,ai_authored_speech_act_contrast_v1,assistant_reviewed_candidate,high,Label and negative-state relationship checked against canonical staged semantics.,,Do not circulate the revised department forecast; that proposed action has been cancelled.,,"[PREVIOUS]

[CURRENT]
Do not circulate the revised department forecast; that proposed action has been cancelled.
[NEXT]
",,,,,,,
csa_0090,Earlier we asked Theo to circulate the revised department forecast. That assignment is withdrawn and must not remain open.,superseded_action,decision_agreement,not_action,named_owner|deliverable_object|decision_language,budget,speech_act_004_budget,train,ai_authored_speech_act_contrast_v1,assistant_reviewed_candidate,high,Label and negative-state relationship checked against canonical staged semantics.,,Earlier we asked Theo to circulate the revised department forecast. That assignment is withdrawn and must not remain open.,,"[PREVIOUS]

[CURRENT]
Earlier we asked Theo to circulate the revised department forecast. That assignment is withdrawn and must not remain open.
[NEXT]
",,,,,,,
csa_0091,The team agreed to defer the contractor extension.,decision,decision_agreement,not_action,decision_language|deliverable_object,budget,speech_act_004_budget,train,ai_authored_speech_act_contrast_v1,assistant_reviewed_candidate,high,Label and negative-state relationship checked against canonical staged semantics.,,The team agreed to defer the contractor extension.,,"[PREVIOUS]

[CURRENT]
The team agreed to defer the contractor extension.
[NEXT]
",,,,,,,
csa_0092,"Option A was discussed, but the final position is to defer the contractor extension.",decision_after_alternative,decision_agreement,not_action,decision_language|deliverable_object,budget,speech_act_004_budget,train,ai_authored_speech_act_contrast_v1,assistant_reviewed_candidate,high,Label and negative-state relationship checked against canonical staged semantics.,,"Option A was discussed, but the final position is to defer the contractor extension.",,"[PREVIOUS]

[CURRENT]
Option A was discussed, but the final position is to defer the contractor extension.
[NEXT]
",,,,,,,
csa_0093,"Lead: Shall we defer the contractor extension?
Team: Agreed. That's the approach we will use.",proposal_acceptance_decision,decision_agreement,not_action,decision_language|deliverable_object,budget,speech_act_004_budget,train,ai_authored_speech_act_contrast_v1,assistant_reviewed_candidate,high,Label and negative-state relationship checked against canonical staged semantics.,,"Lead: Shall we defer the contractor extension?
Team: Agreed. That's the approach we will use.",,"[PREVIOUS]

[CURRENT]
Lead: Shall we defer the contractor extension?
Team: Agreed. That's the approach we will use.
[NEXT]
",,,,,,,
csa_0094,"One option would be to defer the contractor extension, although no decision was made.",unconfirmed_option,discussion_topic,not_action,hypothetical_language|deliverable_object,budget,speech_act_004_budget,train,ai_authored_speech_act_contrast_v1,assistant_reviewed_candidate,high,Label and negative-state relationship checked against canonical staged semantics.,,"One option would be to defer the contractor extension, although no decision was made.",,"[PREVIOUS]

[CURRENT]
One option would be to defer the contractor extension, although no decision was made.
[NEXT]
",,,,,,,
csa_0095,The team identified that exchange-rate movement could exceed the travel budget.,risk,risk_dependency,not_action,risk_language|deliverable_object,budget,speech_act_004_budget,train,ai_authored_speech_act_contrast_v1,assistant_reviewed_candidate,high,Label and negative-state relationship checked against canonical staged semantics.,,The team identified that exchange-rate movement could exceed the travel budget.,,"[PREVIOUS]

[CURRENT]
The team identified that exchange-rate movement could exceed the travel budget.
[NEXT]
",,,,,,,
csa_0096,"If the dependency is not resolved, exchange-rate movement could exceed the travel budget. The issue remains open.",conditional_risk,risk_dependency,not_action,risk_language|deliverable_object,budget,speech_act_004_budget,train,ai_authored_speech_act_contrast_v1,assistant_reviewed_candidate,high,Label and negative-state relationship checked against canonical staged semantics.,,"If the dependency is not resolved, exchange-rate movement could exceed the travel budget. The issue remains open.",,"[PREVIOUS]

[CURRENT]
If the dependency is not resolved, exchange-rate movement could exceed the travel budget. The issue remains open.
[NEXT]
",,,,,,,
csa_0097,"The team checked whether exchange-rate movement could exceed the travel budget, but evidence confirmed the exposure is closed and no monitoring is required.",closed_risk_negative,background_context,not_action,deliverable_object|completed_tense,budget,speech_act_004_budget,train,ai_authored_speech_act_contrast_v1,assistant_reviewed_candidate,medium,Label and negative-state relationship checked against canonical staged semantics.,,"The team checked whether exchange-rate movement could exceed the travel budget, but evidence confirmed the exposure is closed and no monitoring is required.",,"[PREVIOUS]

[CURRENT]
The team checked whether exchange-rate movement could exceed the travel budget, but evidence confirmed the exposure is closed and no monitoring is required.
[NEXT]
",,,,,,,
csa_0098,The current position is that the budget work remains in progress.,informational,background_context,not_action,,budget,speech_act_004_budget,train,ai_authored_speech_act_contrast_v1,assistant_reviewed_candidate,high,Label and negative-state relationship checked against canonical staged semantics.,,The current position is that the budget work remains in progress.,,"[PREVIOUS]

[CURRENT]
The current position is that the budget work remains in progress.
[NEXT]
",,,,,,,
csa_0099,Can everyone see the budget screen? We will pause for two minutes before continuing.,administrative,low_value_noise,not_action,,budget,speech_act_004_budget,train,ai_authored_speech_act_contrast_v1,assistant_reviewed_candidate,high,Label and negative-state relationship checked against canonical staged semantics.,,Can everyone see the budget screen? We will pause for two minutes before continuing.,,"[PREVIOUS]

[CURRENT]
Can everyone see the budget screen? We will pause for two minutes before continuing.
[NEXT]
",,,,,,,
csa_0100,"Theo: I promise I'll bring coffee to the next budget call. This is social chat, not project work.",social_false_commitment,low_value_noise,not_action,named_owner,budget,speech_act_004_budget,train,ai_authored_speech_act_contrast_v1,assistant_reviewed_candidate,high,Label and negative-state relationship checked against canonical staged semantics.,,"Theo: I promise I'll bring coffee to the next budget call. This is social chat, not project work.",,"[PREVIOUS]

[CURRENT]
Theo: I promise I'll bring coffee to the next budget call. This is social chat, not project work.
[NEXT]
",,,,,,,
csa_0101,Inez: I'll create separate queues for complex support cases by next Tuesday.,commitment,action_commitment,confirmed_action,named_owner|explicit_commitment_verb|deliverable_object|deadline_or_sequence,customer_support,speech_act_005_customer_support,train,ai_authored_speech_act_contrast_v1,assistant_reviewed_candidate,high,Label and negative-state relationship checked against canonical staged semantics.,,Inez: I'll create separate queues for complex support cases by next Tuesday.,,"[PREVIOUS]

[CURRENT]
Inez: I'll create separate queues for complex support cases by next Tuesday.
[NEXT]
",,,,,,,
csa_0102,Inez: I can create separate queues for complex support cases. I'll have it done by next Tuesday.,volunteer_commitment,action_commitment,confirmed_action,named_owner|explicit_commitment_verb|deliverable_object|deadline_or_sequence,customer_support,speech_act_005_customer_support,train,ai_authored_speech_act_contrast_v1,assistant_reviewed_candidate,high,Label and negative-state relationship checked against canonical staged semantics.,,Inez: I can create separate queues for complex support cases. I'll have it done by next Tuesday.,,"[PREVIOUS]

[CURRENT]
Inez: I can create separate queues for complex support cases. I'll have it done by next Tuesday.
[NEXT]
",,,,,,,
csa_0103,"Could Inez create separate queues for complex support cases by next Tuesday? Inez: Yes, I'll take that.",request_acceptance_thread,action_commitment,confirmed_action,named_owner|explicit_commitment_verb|deliverable_object|deadline_or_sequence,customer_support,speech_act_005_customer_support,train,ai_authored_speech_act_contrast_v1,assistant_reviewed_candidate,high,Label and negative-state relationship checked against canonical staged semantics.,,"Could Inez create separate queues for complex support cases by next Tuesday? Inez: Yes, I'll take that.",,"[PREVIOUS]

[CURRENT]
Could Inez create separate queues for complex support cases by next Tuesday? Inez: Yes, I'll take that.
[NEXT]
",,,,,,,
csa_0104,"Lead: Can you create separate queues for complex support cases?
Inez: Yes.
Lead: Can you finish by next Tuesday?
Inez: That works.",distributed_request_acceptance,action_commitment,confirmed_action,named_owner|explicit_commitment_verb|deliverable_object|deadline_or_sequence,customer_support,speech_act_005_customer_support,train,ai_authored_speech_act_contrast_v1,assistant_reviewed_candidate,high,Label and negative-state relationship checked against canonical staged semantics.,,"Lead: Can you create separate queues for complex support cases?
Inez: Yes.
Lead: Can you finish by next Tuesday?
Inez: That works.",,"[PREVIOUS]

[CURRENT]
Lead: Can you create separate queues for complex support cases?
Inez: Yes.
Lead: Can you finish by next Tuesday?
Inez: That works.
[NEXT]
",,,,,,,
csa_0105,Inez to create separate queues for complex support cases; due next Tuesday.,minutes_assignment,action_commitment,confirmed_action,named_owner|explicit_commitment_verb|deliverable_object|deadline_or_sequence,customer_support,speech_act_005_customer_support,train,ai_authored_speech_act_contrast_v1,assistant_reviewed_candidate,high,Label and negative-state relationship checked against canonical staged semantics.,,Inez to create separate queues for complex support cases; due next Tuesday.,,"[PREVIOUS]

[CURRENT]
Inez to create separate queues for complex support cases; due next Tuesday.
[NEXT]
",,,,,,,
csa_0106,"Actions recap: Inez, you're taking the item to create separate queues for complex support cases. Inez: Correct, by next Tuesday.",recap_assignment,action_commitment,confirmed_action,named_owner|explicit_commitment_verb|deliverable_object|deadline_or_sequence,customer_support,speech_act_005_customer_support,train,ai_authored_speech_act_contrast_v1,assistant_reviewed_candidate,high,Label and negative-state relationship checked against canonical staged semantics.,,"Actions recap: Inez, you're taking the item to create separate queues for complex support cases. Inez: Correct, by next Tuesday.",,"[PREVIOUS]

[CURRENT]
Actions recap: Inez, you're taking the item to create separate queues for complex support cases. Inez: Correct, by next Tuesday.
[NEXT]
",,,,,,,
csa_0107,We need someone to create separate queues for complex support cases. Inez: Leave that with me; next Tuesday is fine.,contextual_volunteer,action_commitment,confirmed_action,named_owner|explicit_commitment_verb|deliverable_object|deadline_or_sequence,customer_support,speech_act_005_customer_support,train,ai_authored_speech_act_contrast_v1,assistant_reviewed_candidate,high,Label and negative-state relationship checked against canonical staged semantics.,,We need someone to create separate queues for complex support cases. Inez: Leave that with me; next Tuesday is fine.,,"[PREVIOUS]

[CURRENT]
We need someone to create separate queues for complex support cases. Inez: Leave that with me; next Tuesday is fine.
[NEXT]
",,,,,,,
csa_0108,"We need to create separate queues for complex support cases, but nobody accepted ownership or timing.",ownerless_need,discussion_topic,possible_action,explicit_commitment_verb|deliverable_object,customer_support,speech_act_005_customer_support,train,ai_authored_speech_act_contrast_v1,assistant_reviewed_candidate,medium,Label and negative-state relationship checked against canonical staged semantics.,,"We need to create separate queues for complex support cases, but nobody accepted ownership or timing.",,"[PREVIOUS]

[CURRENT]
We need to create separate queues for complex support cases, but nobody accepted ownership or timing.
[NEXT]
",,,,,,,
csa_0109,It would help to create separate queues for complex support cases. The group moved on without assigning it.,unassigned_suggestion,discussion_topic,possible_action,deliverable_object,customer_support,speech_act_005_customer_support,train,ai_authored_speech_act_contrast_v1,assistant_reviewed_candidate,medium,Label and negative-state relationship checked against canonical staged semantics.,,It would help to create separate queues for complex support cases. The group moved on without assigning it.,,"[PREVIOUS]

[CURRENT]
It would help to create separate queues for complex support cases. The group moved on without assigning it.
[NEXT]
",,,,,,,
csa_0110,"Perhaps Inez could create separate queues for complex support cases if there is time, but this was not agreed.",hypothetical,discussion_topic,not_action,named_owner|deliverable_object|hypothetical_language,customer_support,speech_act_005_customer_support,train,ai_authored_speech_act_contrast_v1,assistant_reviewed_candidate,high,Label and negative-state relationship checked against canonical staged semantics.,,"Perhaps Inez could create separate queues for complex support cases if there is time, but this was not agreed.",,"[PREVIOUS]

[CURRENT]
Perhaps Inez could create separate queues for complex support cases if there is time, but this was not agreed.
[NEXT]
",,,,,,,
csa_0111,"Inez: I might create separate queues for complex support cases, depending on capacity. Lead: Treat that as an idea, not an action.",explicitly_uncommitted,discussion_topic,not_action,named_owner|deliverable_object|hypothetical_language,customer_support,speech_act_005_customer_support,train,ai_authored_speech_act_contrast_v1,assistant_reviewed_candidate,high,Label and negative-state relationship checked against canonical staged semantics.,,"Inez: I might create separate queues for complex support cases, depending on capacity. Lead: Treat that as an idea, not an action.",,"[PREVIOUS]

[CURRENT]
Inez: I might create separate queues for complex support cases, depending on capacity. Lead: Treat that as an idea, not an action.
[NEXT]
",,,,,,,
csa_0112,Inez already completed the work to create separate queues for complex support cases yesterday.,completed_history,background_context,completed_history,named_owner|deliverable_object|completed_tense,customer_support,speech_act_005_customer_support,train,ai_authored_speech_act_contrast_v1,assistant_reviewed_candidate,high,Label and negative-state relationship checked against canonical staged semantics.,,Inez already completed the work to create separate queues for complex support cases yesterday.,,"[PREVIOUS]

[CURRENT]
Inez already completed the work to create separate queues for complex support cases yesterday.
[NEXT]
",,,,,,,
csa_0113,Lead: Inez should create separate queues for complex support cases. Inez: That's already done; it closed yesterday.,completed_correction,background_context,completed_history,named_owner|deliverable_object|completed_tense,customer_support,speech_act_005_customer_support,train,ai_authored_speech_act_contrast_v1,assistant_reviewed_candidate,high,Label and negative-state relationship checked against canonical staged semantics.,,Lead: Inez should create separate queues for complex support cases. Inez: That's already done; it closed yesterday.,,"[PREVIOUS]

[CURRENT]
Lead: Inez should create separate queues for complex support cases. Inez: That's already done; it closed yesterday.
[NEXT]
",,,,,,,
csa_0114,Do not create separate queues for complex support cases; that proposed action has been cancelled.,rejection,decision_agreement,not_action,deliverable_object|decision_language,customer_support,speech_act_005_customer_support,train,ai_authored_speech_act_contrast_v1,assistant_reviewed_candidate,high,Label and negative-state relationship checked against canonical staged semantics.,,Do not create separate queues for complex support cases; that proposed action has been cancelled.,,"[PREVIOUS]

[CURRENT]
Do not create separate queues for complex support cases; that proposed action has been cancelled.
[NEXT]
",,,,,,,
csa_0115,Earlier we asked Inez to create separate queues for complex support cases. That assignment is withdrawn and must not remain open.,superseded_action,decision_agreement,not_action,named_owner|deliverable_object|decision_language,customer_support,speech_act_005_customer_support,train,ai_authored_speech_act_contrast_v1,assistant_reviewed_candidate,high,Label and negative-state relationship checked against canonical staged semantics.,,Earlier we asked Inez to create separate queues for complex support cases. That assignment is withdrawn and must not remain open.,,"[PREVIOUS]

[CURRENT]
Earlier we asked Inez to create separate queues for complex support cases. That assignment is withdrawn and must not remain open.
[NEXT]
",,,,,,,
csa_0116,The team agreed to pilot specialist triage for one month.,decision,decision_agreement,not_action,decision_language|deliverable_object,customer_support,speech_act_005_customer_support,train,ai_authored_speech_act_contrast_v1,assistant_reviewed_candidate,high,Label and negative-state relationship checked against canonical staged semantics.,,The team agreed to pilot specialist triage for one month.,,"[PREVIOUS]

[CURRENT]
The team agreed to pilot specialist triage for one month.
[NEXT]
",,,,,,,
csa_0117,"Option A was discussed, but the final position is to pilot specialist triage for one month.",decision_after_alternative,decision_agreement,not_action,decision_language|deliverable_object,customer_support,speech_act_005_customer_support,train,ai_authored_speech_act_contrast_v1,assistant_reviewed_candidate,high,Label and negative-state relationship checked against canonical staged semantics.,,"Option A was discussed, but the final position is to pilot specialist triage for one month.",,"[PREVIOUS]

[CURRENT]
Option A was discussed, but the final position is to pilot specialist triage for one month.
[NEXT]
",,,,,,,
csa_0118,"Lead: Shall we pilot specialist triage for one month?
Team: Agreed. That's the approach we will use.",proposal_acceptance_decision,decision_agreement,not_action,decision_language|deliverable_object,customer_support,speech_act_005_customer_support,train,ai_authored_speech_act_contrast_v1,assistant_reviewed_candidate,high,Label and negative-state relationship checked against canonical staged semantics.,,"Lead: Shall we pilot specialist triage for one month?
Team: Agreed. That's the approach we will use.",,"[PREVIOUS]

[CURRENT]
Lead: Shall we pilot specialist triage for one month?
Team: Agreed. That's the approach we will use.
[NEXT]
",,,,,,,
csa_0119,"One option would be to pilot specialist triage for one month, although no decision was made.",unconfirmed_option,discussion_topic,not_action,hypothetical_language|deliverable_object,customer_support,speech_act_005_customer_support,train,ai_authored_speech_act_contrast_v1,assistant_reviewed_candidate,high,Label and negative-state relationship checked against canonical staged semantics.,,"One option would be to pilot specialist triage for one month, although no decision was made.",,"[PREVIOUS]

[CURRENT]
One option would be to pilot specialist triage for one month, although no decision was made.
[NEXT]
",,,,,,,
csa_0120,The team identified that urgent cases may remain hidden in the general queue.,risk,risk_dependency,not_action,risk_language|deliverable_object,customer_support,speech_act_005_customer_support,train,ai_authored_speech_act_contrast_v1,assistant_reviewed_candidate,high,Label and negative-state relationship checked against canonical staged semantics.,,The team identified that urgent cases may remain hidden in the general queue.,,"[PREVIOUS]

[CURRENT]
The team identified that urgent cases may remain hidden in the general queue.
[NEXT]
",,,,,,,
csa_0121,"If the dependency is not resolved, urgent cases may remain hidden in the general queue. The issue remains open.",conditional_risk,risk_dependency,not_action,risk_language|deliverable_object,customer_support,speech_act_005_customer_support,train,ai_authored_speech_act_contrast_v1,assistant_reviewed_candidate,high,Label and negative-state relationship checked against canonical staged semantics.,,"If the dependency is not resolved, urgent cases may remain hidden in the general queue. The issue remains open.",,"[PREVIOUS]

[CURRENT]
If the dependency is not resolved, urgent cases may remain hidden in the general queue. The issue remains open.
[NEXT]
",,,,,,,
csa_0122,"The team checked whether urgent cases may remain hidden in the general queue, but evidence confirmed the exposure is closed and no monitoring is required.",closed_risk_negative,background_context,not_action,deliverable_object|completed_tense,customer_support,speech_act_005_customer_support,train,ai_authored_speech_act_contrast_v1,assistant_reviewed_candidate,medium,Label and negative-state relationship checked against canonical staged semantics.,,"The team checked whether urgent cases may remain hidden in the general queue, but evidence confirmed the exposure is closed and no monitoring is required.",,"[PREVIOUS]

[CURRENT]
The team checked whether urgent cases may remain hidden in the general queue, but evidence confirmed the exposure is closed and no monitoring is required.
[NEXT]
",,,,,,,
csa_0123,The current position is that the customer support work remains in progress.,informational,background_context,not_action,,customer_support,speech_act_005_customer_support,train,ai_authored_speech_act_contrast_v1,assistant_reviewed_candidate,high,Label and negative-state relationship checked against canonical staged semantics.,,The current position is that the customer support work remains in progress.,,"[PREVIOUS]

[CURRENT]
The current position is that the customer support work remains in progress.
[NEXT]
",,,,,,,
csa_0124,Can everyone see the customer support screen? We will pause for two minutes before continuing.,administrative,low_value_noise,not_action,,customer_support,speech_act_005_customer_support,train,ai_authored_speech_act_contrast_v1,assistant_reviewed_candidate,high,Label and negative-state relationship checked against canonical staged semantics.,,Can everyone see the customer support screen? We will pause for two minutes before continuing.,,"[PREVIOUS]

[CURRENT]
Can everyone see the customer support screen? We will pause for two minutes before continuing.
[NEXT]
",,,,,,,
csa_0125,"Inez: I promise I'll bring coffee to the next customer support call. This is social chat, not project work.",social_false_commitment,low_value_noise,not_action,named_owner,customer_support,speech_act_005_customer_support,train,ai_authored_speech_act_contrast_v1,assistant_reviewed_candidate,high,Label and negative-state relationship checked against canonical staged semantics.,,"Inez: I promise I'll bring coffee to the next customer support call. This is social chat, not project work.",,"[PREVIOUS]

[CURRENT]
Inez: I promise I'll bring coffee to the next customer support call. This is social chat, not project work.
[NEXT]
",,,,,,,
csa_0126,Ravi: I'll request the supplier insurance certificate by Thursday.,commitment,action_commitment,confirmed_action,named_owner|explicit_commitment_verb|deliverable_object|deadline_or_sequence,supplier,speech_act_006_supplier,train,ai_authored_speech_act_contrast_v1,assistant_reviewed_candidate,high,Label and negative-state relationship checked against canonical staged semantics.,,Ravi: I'll request the supplier insurance certificate by Thursday.,,"[PREVIOUS]

[CURRENT]
Ravi: I'll request the supplier insurance certificate by Thursday.
[NEXT]
",,,,,,,
csa_0127,Ravi: I can request the supplier insurance certificate. I'll have it done by Thursday.,volunteer_commitment,action_commitment,confirmed_action,named_owner|explicit_commitment_verb|deliverable_object|deadline_or_sequence,supplier,speech_act_006_supplier,train,ai_authored_speech_act_contrast_v1,assistant_reviewed_candidate,high,Label and negative-state relationship checked against canonical staged semantics.,,Ravi: I can request the supplier insurance certificate. I'll have it done by Thursday.,,"[PREVIOUS]

[CURRENT]
Ravi: I can request the supplier insurance certificate. I'll have it done by Thursday.
[NEXT]
",,,,,,,
csa_0128,"Could Ravi request the supplier insurance certificate by Thursday? Ravi: Yes, I'll take that.",request_acceptance_thread,action_commitment,confirmed_action,named_owner|explicit_commitment_verb|deliverable_object|deadline_or_sequence,supplier,speech_act_006_supplier,train,ai_authored_speech_act_contrast_v1,assistant_reviewed_candidate,high,Label and negative-state relationship checked against canonical staged semantics.,,"Could Ravi request the supplier insurance certificate by Thursday? Ravi: Yes, I'll take that.",,"[PREVIOUS]

[CURRENT]
Could Ravi request the supplier insurance certificate by Thursday? Ravi: Yes, I'll take that.
[NEXT]
",,,,,,,
csa_0129,"Lead: Can you request the supplier insurance certificate?
Ravi: Yes.
Lead: Can you finish by Thursday?
Ravi: That works.",distributed_request_acceptance,action_commitment,confirmed_action,named_owner|explicit_commitment_verb|deliverable_object|deadline_or_sequence,supplier,speech_act_006_supplier,train,ai_authored_speech_act_contrast_v1,assistant_reviewed_candidate,high,Label and negative-state relationship checked against canonical staged semantics.,,"Lead: Can you request the supplier insurance certificate?
Ravi: Yes.
Lead: Can you finish by Thursday?
Ravi: That works.",,"[PREVIOUS]

[CURRENT]
Lead: Can you request the supplier insurance certificate?
Ravi: Yes.
Lead: Can you finish by Thursday?
Ravi: That works.
[NEXT]
",,,,,,,
csa_0130,Ravi to request the supplier insurance certificate; due Thursday.,minutes_assignment,action_commitment,confirmed_action,named_owner|explicit_commitment_verb|deliverable_object|deadline_or_sequence,supplier,speech_act_006_supplier,train,ai_authored_speech_act_contrast_v1,assistant_reviewed_candidate,high,Label and negative-state relationship checked against canonical staged semantics.,,Ravi to request the supplier insurance certificate; due Thursday.,,"[PREVIOUS]

[CURRENT]
Ravi to request the supplier insurance certificate; due Thursday.
[NEXT]
",,,,,,,
csa_0131,"Actions recap: Ravi, you're taking the item to request the supplier insurance certificate. Ravi: Correct, by Thursday.",recap_assignment,action_commitment,confirmed_action,named_owner|explicit_commitment_verb|deliverable_object|deadline_or_sequence,supplier,speech_act_006_supplier,train,ai_authored_speech_act_contrast_v1,assistant_reviewed_candidate,high,Label and negative-state relationship checked against canonical staged semantics.,,"Actions recap: Ravi, you're taking the item to request the supplier insurance certificate. Ravi: Correct, by Thursday.",,"[PREVIOUS]

[CURRENT]
Actions recap: Ravi, you're taking the item to request the supplier insurance certificate. Ravi: Correct, by Thursday.
[NEXT]
",,,,,,,
csa_0132,We need someone to request the supplier insurance certificate. Ravi: Leave that with me; Thursday is fine.,contextual_volunteer,action_commitment,confirmed_action,named_owner|explicit_commitment_verb|deliverable_object|deadline_or_sequence,supplier,speech_act_006_supplier,train,ai_authored_speech_act_contrast_v1,assistant_reviewed_candidate,high,Label and negative-state relationship checked against canonical staged semantics.,,We need someone to request the supplier insurance certificate. Ravi: Leave that with me; Thursday is fine.,,"[PREVIOUS]

[CURRENT]
We need someone to request the supplier insurance certificate. Ravi: Leave that with me; Thursday is fine.
[NEXT]
",,,,,,,
csa_0133,"We need to request the supplier insurance certificate, but nobody accepted ownership or timing.",ownerless_need,discussion_topic,possible_action,explicit_commitment_verb|deliverable_object,supplier,speech_act_006_supplier,train,ai_authored_speech_act_contrast_v1,assistant_reviewed_candidate,medium,Label and negative-state relationship checked against canonical staged semantics.,,"We need to request the supplier insurance certificate, but nobody accepted ownership or timing.",,"[PREVIOUS]

[CURRENT]
We need to request the supplier insurance certificate, but nobody accepted ownership or timing.
[NEXT]
",,,,,,,
csa_0134,It would help to request the supplier insurance certificate. The group moved on without assigning it.,unassigned_suggestion,discussion_topic,possible_action,deliverable_object,supplier,speech_act_006_supplier,train,ai_authored_speech_act_contrast_v1,assistant_reviewed_candidate,medium,Label and negative-state relationship checked against canonical staged semantics.,,It would help to request the supplier insurance certificate. The group moved on without assigning it.,,"[PREVIOUS]

[CURRENT]
It would help to request the supplier insurance certificate. The group moved on without assigning it.
[NEXT]
",,,,,,,
csa_0135,"Perhaps Ravi could request the supplier insurance certificate if there is time, but this was not agreed.",hypothetical,discussion_topic,not_action,named_owner|deliverable_object|hypothetical_language,supplier,speech_act_006_supplier,train,ai_authored_speech_act_contrast_v1,assistant_reviewed_candidate,high,Label and negative-state relationship checked against canonical staged semantics.,,"Perhaps Ravi could request the supplier insurance certificate if there is time, but this was not agreed.",,"[PREVIOUS]

[CURRENT]
Perhaps Ravi could request the supplier insurance certificate if there is time, but this was not agreed.
[NEXT]
",,,,,,,
csa_0136,"Ravi: I might request the supplier insurance certificate, depending on capacity. Lead: Treat that as an idea, not an action.",explicitly_uncommitted,discussion_topic,not_action,named_owner|deliverable_object|hypothetical_language,supplier,speech_act_006_supplier,train,ai_authored_speech_act_contrast_v1,assistant_reviewed_candidate,high,Label and negative-state relationship checked against canonical staged semantics.,,"Ravi: I might request the supplier insurance certificate, depending on capacity. Lead: Treat that as an idea, not an action.",,"[PREVIOUS]

[CURRENT]
Ravi: I might request the supplier insurance certificate, depending on capacity. Lead: Treat that as an idea, not an action.
[NEXT]
",,,,,,,
csa_0137,Ravi already completed the work to request the supplier insurance certificate yesterday.,completed_history,background_context,completed_history,named_owner|deliverable_object|completed_tense,supplier,speech_act_006_supplier,train,ai_authored_speech_act_contrast_v1,assistant_reviewed_candidate,high,Label and negative-state relationship checked against canonical staged semantics.,,Ravi already completed the work to request the supplier insurance certificate yesterday.,,"[PREVIOUS]

[CURRENT]
Ravi already completed the work to request the supplier insurance certificate yesterday.
[NEXT]
",,,,,,,
csa_0138,Lead: Ravi should request the supplier insurance certificate. Ravi: That's already done; it closed yesterday.,completed_correction,background_context,completed_history,named_owner|deliverable_object|completed_tense,supplier,speech_act_006_supplier,train,ai_authored_speech_act_contrast_v1,assistant_reviewed_candidate,high,Label and negative-state relationship checked against canonical staged semantics.,,Lead: Ravi should request the supplier insurance certificate. Ravi: That's already done; it closed yesterday.,,"[PREVIOUS]

[CURRENT]
Lead: Ravi should request the supplier insurance certificate. Ravi: That's already done; it closed yesterday.
[NEXT]
",,,,,,,
csa_0139,Do not request the supplier insurance certificate; that proposed action has been cancelled.,rejection,decision_agreement,not_action,deliverable_object|decision_language,supplier,speech_act_006_supplier,train,ai_authored_speech_act_contrast_v1,assistant_reviewed_candidate,high,Label and negative-state relationship checked against canonical staged semantics.,,Do not request the supplier insurance certificate; that proposed action has been cancelled.,,"[PREVIOUS]

[CURRENT]
Do not request the supplier insurance certificate; that proposed action has been cancelled.
[NEXT]
",,,,,,,
csa_0140,Earlier we asked Ravi to request the supplier insurance certificate. That assignment is withdrawn and must not remain open.,superseded_action,decision_agreement,not_action,named_owner|deliverable_object|decision_language,supplier,speech_act_006_supplier,train,ai_authored_speech_act_contrast_v1,assistant_reviewed_candidate,high,Label and negative-state relationship checked against canonical staged semantics.,,Earlier we asked Ravi to request the supplier insurance certificate. That assignment is withdrawn and must not remain open.,,"[PREVIOUS]

[CURRENT]
Earlier we asked Ravi to request the supplier insurance certificate. That assignment is withdrawn and must not remain open.
[NEXT]
",,,,,,,
csa_0141,The team agreed to approve onboarding only after due diligence.,decision,decision_agreement,not_action,decision_language|deliverable_object,supplier,speech_act_006_supplier,train,ai_authored_speech_act_contrast_v1,assistant_reviewed_candidate,high,Label and negative-state relationship checked against canonical staged semantics.,,The team agreed to approve onboarding only after due diligence.,,"[PREVIOUS]

[CURRENT]
The team agreed to approve onboarding only after due diligence.
[NEXT]
",,,,,,,
csa_0142,"Option A was discussed, but the final position is to approve onboarding only after due diligence.",decision_after_alternative,decision_agreement,not_action,decision_language|deliverable_object,supplier,speech_act_006_supplier,train,ai_authored_speech_act_contrast_v1,assistant_reviewed_candidate,high,Label and negative-state relationship checked against canonical staged semantics.,,"Option A was discussed, but the final position is to approve onboarding only after due diligence.",,"[PREVIOUS]

[CURRENT]
Option A was discussed, but the final position is to approve onboarding only after due diligence.
[NEXT]
",,,,,,,
csa_0143,"Lead: Shall we approve onboarding only after due diligence?
Team: Agreed. That's the approach we will use.",proposal_acceptance_decision,decision_agreement,not_action,decision_language|deliverable_object,supplier,speech_act_006_supplier,train,ai_authored_speech_act_contrast_v1,assistant_reviewed_candidate,high,Label and negative-state relationship checked against canonical staged semantics.,,"Lead: Shall we approve onboarding only after due diligence?
Team: Agreed. That's the approach we will use.",,"[PREVIOUS]

[CURRENT]
Lead: Shall we approve onboarding only after due diligence?
Team: Agreed. That's the approach we will use.
[NEXT]
",,,,,,,
csa_0144,"One option would be to approve onboarding only after due diligence, although no decision was made.",unconfirmed_option,discussion_topic,not_action,hypothetical_language|deliverable_object,supplier,speech_act_006_supplier,train,ai_authored_speech_act_contrast_v1,assistant_reviewed_candidate,high,Label and negative-state relationship checked against canonical staged semantics.,,"One option would be to approve onboarding only after due diligence, although no decision was made.",,"[PREVIOUS]

[CURRENT]
One option would be to approve onboarding only after due diligence, although no decision was made.
[NEXT]
",,,,,,,
csa_0145,The team identified that missing insurance evidence could postpone onboarding.,risk,risk_dependency,not_action,risk_language|deliverable_object,supplier,speech_act_006_supplier,train,ai_authored_speech_act_contrast_v1,assistant_reviewed_candidate,high,Label and negative-state relationship checked against canonical staged semantics.,,The team identified that missing insurance evidence could postpone onboarding.,,"[PREVIOUS]

[CURRENT]
The team identified that missing insurance evidence could postpone onboarding.
[NEXT]
",,,,,,,
csa_0146,"If the dependency is not resolved, missing insurance evidence could postpone onboarding. The issue remains open.",conditional_risk,risk_dependency,not_action,risk_language|deliverable_object,supplier,speech_act_006_supplier,train,ai_authored_speech_act_contrast_v1,assistant_reviewed_candidate,high,Label and negative-state relationship checked against canonical staged semantics.,,"If the dependency is not resolved, missing insurance evidence could postpone onboarding. The issue remains open.",,"[PREVIOUS]

[CURRENT]
If the dependency is not resolved, missing insurance evidence could postpone onboarding. The issue remains open.
[NEXT]
",,,,,,,
csa_0147,"The team checked whether missing insurance evidence could postpone onboarding, but evidence confirmed the exposure is closed and no monitoring is required.",closed_risk_negative,background_context,not_action,deliverable_object|completed_tense,supplier,speech_act_006_supplier,train,ai_authored_speech_act_contrast_v1,assistant_reviewed_candidate,medium,Label and negative-state relationship checked against canonical staged semantics.,,"The team checked whether missing insurance evidence could postpone onboarding, but evidence confirmed the exposure is closed and no monitoring is required.",,"[PREVIOUS]

[CURRENT]
The team checked whether missing insurance evidence could postpone onboarding, but evidence confirmed the exposure is closed and no monitoring is required.
[NEXT]
",,,,,,,
csa_0148,The current position is that the supplier work remains in progress.,informational,background_context,not_action,,supplier,speech_act_006_supplier,train,ai_authored_speech_act_contrast_v1,assistant_reviewed_candidate,high,Label and negative-state relationship checked against canonical staged semantics.,,The current position is that the supplier work remains in progress.,,"[PREVIOUS]

[CURRENT]
The current position is that the supplier work remains in progress.
[NEXT]
",,,,,,,
csa_0149,Can everyone see the supplier screen? We will pause for two minutes before continuing.,administrative,low_value_noise,not_action,,supplier,speech_act_006_supplier,train,ai_authored_speech_act_contrast_v1,assistant_reviewed_candidate,high,Label and negative-state relationship checked against canonical staged semantics.,,Can everyone see the supplier screen? We will pause for two minutes before continuing.,,"[PREVIOUS]

[CURRENT]
Can everyone see the supplier screen? We will pause for two minutes before continuing.
[NEXT]
",,,,,,,
csa_0150,"Ravi: I promise I'll bring coffee to the next supplier call. This is social chat, not project work.",social_false_commitment,low_value_noise,not_action,named_owner,supplier,speech_act_006_supplier,train,ai_authored_speech_act_contrast_v1,assistant_reviewed_candidate,high,Label and negative-state relationship checked against canonical staged semantics.,,"Ravi: I promise I'll bring coffee to the next supplier call. This is social chat, not project work.",,"[PREVIOUS]

[CURRENT]
Ravi: I promise I'll bring coffee to the next supplier call. This is social chat, not project work.
[NEXT]
",,,,,,,
csa_0151,Chloe: I'll shorten the product demonstration by Wednesday.,commitment,action_commitment,confirmed_action,named_owner|explicit_commitment_verb|deliverable_object|deadline_or_sequence,webinar,speech_act_007_webinar,test,ai_authored_speech_act_contrast_v1,assistant_reviewed_candidate,high,Label and negative-state relationship checked against canonical staged semantics.,,Chloe: I'll shorten the product demonstration by Wednesday.,,"[PREVIOUS]

[CURRENT]
Chloe: I'll shorten the product demonstration by Wednesday.
[NEXT]
",,,,,,,
csa_0152,Chloe: I can shorten the product demonstration. I'll have it done by Wednesday.,volunteer_commitment,action_commitment,confirmed_action,named_owner|explicit_commitment_verb|deliverable_object|deadline_or_sequence,webinar,speech_act_007_webinar,test,ai_authored_speech_act_contrast_v1,assistant_reviewed_candidate,high,Label and negative-state relationship checked against canonical staged semantics.,,Chloe: I can shorten the product demonstration. I'll have it done by Wednesday.,,"[PREVIOUS]

[CURRENT]
Chloe: I can shorten the product demonstration. I'll have it done by Wednesday.
[NEXT]
",,,,,,,
csa_0153,"Could Chloe shorten the product demonstration by Wednesday? Chloe: Yes, I'll take that.",request_acceptance_thread,action_commitment,confirmed_action,named_owner|explicit_commitment_verb|deliverable_object|deadline_or_sequence,webinar,speech_act_007_webinar,test,ai_authored_speech_act_contrast_v1,assistant_reviewed_candidate,high,Label and negative-state relationship checked against canonical staged semantics.,,"Could Chloe shorten the product demonstration by Wednesday? Chloe: Yes, I'll take that.",,"[PREVIOUS]

[CURRENT]
Could Chloe shorten the product demonstration by Wednesday? Chloe: Yes, I'll take that.
[NEXT]
",,,,,,,
csa_0154,"Lead: Can you shorten the product demonstration?
Chloe: Yes.
Lead: Can you finish by Wednesday?
Chloe: That works.",distributed_request_acceptance,action_commitment,confirmed_action,named_owner|explicit_commitment_verb|deliverable_object|deadline_or_sequence,webinar,speech_act_007_webinar,test,ai_authored_speech_act_contrast_v1,assistant_reviewed_candidate,high,Label and negative-state relationship checked against canonical staged semantics.,,"Lead: Can you shorten the product demonstration?
Chloe: Yes.
Lead: Can you finish by Wednesday?
Chloe: That works.",,"[PREVIOUS]

[CURRENT]
Lead: Can you shorten the product demonstration?
Chloe: Yes.
Lead: Can you finish by Wednesday?
Chloe: That works.
[NEXT]
",,,,,,,
csa_0155,Chloe to shorten the product demonstration; due Wednesday.,minutes_assignment,action_commitment,confirmed_action,named_owner|explicit_commitment_verb|deliverable_object|deadline_or_sequence,webinar,speech_act_007_webinar,test,ai_authored_speech_act_contrast_v1,assistant_reviewed_candidate,high,Label and negative-state relationship checked against canonical staged semantics.,,Chloe to shorten the product demonstration; due Wednesday.,,"[PREVIOUS]

[CURRENT]
Chloe to shorten the product demonstration; due Wednesday.
[NEXT]
",,,,,,,
csa_0156,"Actions recap: Chloe, you're taking the item to shorten the product demonstration. Chloe: Correct, by Wednesday.",recap_assignment,action_commitment,confirmed_action,named_owner|explicit_commitment_verb|deliverable_object|deadline_or_sequence,webinar,speech_act_007_webinar,test,ai_authored_speech_act_contrast_v1,assistant_reviewed_candidate,high,Label and negative-state relationship checked against canonical staged semantics.,,"Actions recap: Chloe, you're taking the item to shorten the product demonstration. Chloe: Correct, by Wednesday.",,"[PREVIOUS]

[CURRENT]
Actions recap: Chloe, you're taking the item to shorten the product demonstration. Chloe: Correct, by Wednesday.
[NEXT]
",,,,,,,
csa_0157,We need someone to shorten the product demonstration. Chloe: Leave that with me; Wednesday is fine.,contextual_volunteer,action_commitment,confirmed_action,named_owner|explicit_commitment_verb|deliverable_object|deadline_or_sequence,webinar,speech_act_007_webinar,test,ai_authored_speech_act_contrast_v1,assistant_reviewed_candidate,high,Label and negative-state relationship checked against canonical staged semantics.,,We need someone to shorten the product demonstration. Chloe: Leave that with me; Wednesday is fine.,,"[PREVIOUS]

[CURRENT]
We need someone to shorten the product demonstration. Chloe: Leave that with me; Wednesday is fine.
[NEXT]
",,,,,,,
csa_0158,"We need to shorten the product demonstration, but nobody accepted ownership or timing.",ownerless_need,discussion_topic,possible_action,explicit_commitment_verb|deliverable_object,webinar,speech_act_007_webinar,test,ai_authored_speech_act_contrast_v1,assistant_reviewed_candidate,medium,Label and negative-state relationship checked against canonical staged semantics.,,"We need to shorten the product demonstration, but nobody accepted ownership or timing.",,"[PREVIOUS]

[CURRENT]
We need to shorten the product demonstration, but nobody accepted ownership or timing.
[NEXT]
",,,,,,,
csa_0159,It would help to shorten the product demonstration. The group moved on without assigning it.,unassigned_suggestion,discussion_topic,possible_action,deliverable_object,webinar,speech_act_007_webinar,test,ai_authored_speech_act_contrast_v1,assistant_reviewed_candidate,medium,Label and negative-state relationship checked against canonical staged semantics.,,It would help to shorten the product demonstration. The group moved on without assigning it.,,"[PREVIOUS]

[CURRENT]
It would help to shorten the product demonstration. The group moved on without assigning it.
[NEXT]
",,,,,,,
csa_0160,"Perhaps Chloe could shorten the product demonstration if there is time, but this was not agreed.",hypothetical,discussion_topic,not_action,named_owner|deliverable_object|hypothetical_language,webinar,speech_act_007_webinar,test,ai_authored_speech_act_contrast_v1,assistant_reviewed_candidate,high,Label and negative-state relationship checked against canonical staged semantics.,,"Perhaps Chloe could shorten the product demonstration if there is time, but this was not agreed.",,"[PREVIOUS]

[CURRENT]
Perhaps Chloe could shorten the product demonstration if there is time, but this was not agreed.
[NEXT]
",,,,,,,
csa_0161,"Chloe: I might shorten the product demonstration, depending on capacity. Lead: Treat that as an idea, not an action.",explicitly_uncommitted,discussion_topic,not_action,named_owner|deliverable_object|hypothetical_language,webinar,speech_act_007_webinar,test,ai_authored_speech_act_contrast_v1,assistant_reviewed_candidate,high,Label and negative-state relationship checked against canonical staged semantics.,,"Chloe: I might shorten the product demonstration, depending on capacity. Lead: Treat that as an idea, not an action.",,"[PREVIOUS]

[CURRENT]
Chloe: I might shorten the product demonstration, depending on capacity. Lead: Treat that as an idea, not an action.
[NEXT]
",,,,,,,
csa_0162,Chloe already completed the work to shorten the product demonstration yesterday.,completed_history,background_context,completed_history,named_owner|deliverable_object|completed_tense,webinar,speech_act_007_webinar,test,ai_authored_speech_act_contrast_v1,assistant_reviewed_candidate,high,Label and negative-state relationship checked against canonical staged semantics.,,Chloe already completed the work to shorten the product demonstration yesterday.,,"[PREVIOUS]

[CURRENT]
Chloe already completed the work to shorten the product demonstration yesterday.
[NEXT]
",,,,,,,
csa_0163,Lead: Chloe should shorten the product demonstration. Chloe: That's already done; it closed yesterday.,completed_correction,background_context,completed_history,named_owner|deliverable_object|completed_tense,webinar,speech_act_007_webinar,test,ai_authored_speech_act_contrast_v1,assistant_reviewed_candidate,high,Label and negative-state relationship checked against canonical staged semantics.,,Lead: Chloe should shorten the product demonstration. Chloe: That's already done; it closed yesterday.,,"[PREVIOUS]

[CURRENT]
Lead: Chloe should shorten the product demonstration. Chloe: That's already done; it closed yesterday.
[NEXT]
",,,,,,,
csa_0164,Do not shorten the product demonstration; that proposed action has been cancelled.,rejection,decision_agreement,not_action,deliverable_object|decision_language,webinar,speech_act_007_webinar,test,ai_authored_speech_act_contrast_v1,assistant_reviewed_candidate,high,Label and negative-state relationship checked against canonical staged semantics.,,Do not shorten the product demonstration; that proposed action has been cancelled.,,"[PREVIOUS]

[CURRENT]
Do not shorten the product demonstration; that proposed action has been cancelled.
[NEXT]
",,,,,,,
csa_0165,Earlier we asked Chloe to shorten the product demonstration. That assignment is withdrawn and must not remain open.,superseded_action,decision_agreement,not_action,named_owner|deliverable_object|decision_language,webinar,speech_act_007_webinar,test,ai_authored_speech_act_contrast_v1,assistant_reviewed_candidate,high,Label and negative-state relationship checked against canonical staged semantics.,,Earlier we asked Chloe to shorten the product demonstration. That assignment is withdrawn and must not remain open.,,"[PREVIOUS]

[CURRENT]
Earlier we asked Chloe to shorten the product demonstration. That assignment is withdrawn and must not remain open.
[NEXT]
",,,,,,,
csa_0166,The team agreed to reserve the final fifteen minutes for questions.,decision,decision_agreement,not_action,decision_language|deliverable_object,webinar,speech_act_007_webinar,test,ai_authored_speech_act_contrast_v1,assistant_reviewed_candidate,high,Label and negative-state relationship checked against canonical staged semantics.,,The team agreed to reserve the final fifteen minutes for questions.,,"[PREVIOUS]

[CURRENT]
The team agreed to reserve the final fifteen minutes for questions.
[NEXT]
",,,,,,,
csa_0167,"Option A was discussed, but the final position is to reserve the final fifteen minutes for questions.",decision_after_alternative,decision_agreement,not_action,decision_language|deliverable_object,webinar,speech_act_007_webinar,test,ai_authored_speech_act_contrast_v1,assistant_reviewed_candidate,high,Label and negative-state relationship checked against canonical staged semantics.,,"Option A was discussed, but the final position is to reserve the final fifteen minutes for questions.",,"[PREVIOUS]

[CURRENT]
Option A was discussed, but the final position is to reserve the final fifteen minutes for questions.
[NEXT]
",,,,,,,
csa_0168,"Lead: Shall we reserve the final fifteen minutes for questions?
Team: Agreed. That's the approach we will use.",proposal_acceptance_decision,decision_agreement,not_action,decision_language|deliverable_object,webinar,speech_act_007_webinar,test,ai_authored_speech_act_contrast_v1,assistant_reviewed_candidate,high,Label and negative-state relationship checked against canonical staged semantics.,,"Lead: Shall we reserve the final fifteen minutes for questions?
Team: Agreed. That's the approach we will use.",,"[PREVIOUS]

[CURRENT]
Lead: Shall we reserve the final fifteen minutes for questions?
Team: Agreed. That's the approach we will use.
[NEXT]
",,,,,,,
csa_0169,"One option would be to reserve the final fifteen minutes for questions, although no decision was made.",unconfirmed_option,discussion_topic,not_action,hypothetical_language|deliverable_object,webinar,speech_act_007_webinar,test,ai_authored_speech_act_contrast_v1,assistant_reviewed_candidate,high,Label and negative-state relationship checked against canonical staged semantics.,,"One option would be to reserve the final fifteen minutes for questions, although no decision was made.",,"[PREVIOUS]

[CURRENT]
One option would be to reserve the final fifteen minutes for questions, although no decision was made.
[NEXT]
",,,,,,,
csa_0170,The team identified that a long demonstration could crowd out questions.,risk,risk_dependency,not_action,risk_language|deliverable_object,webinar,speech_act_007_webinar,test,ai_authored_speech_act_contrast_v1,assistant_reviewed_candidate,high,Label and negative-state relationship checked against canonical staged semantics.,,The team identified that a long demonstration could crowd out questions.,,"[PREVIOUS]

[CURRENT]
The team identified that a long demonstration could crowd out questions.
[NEXT]
",,,,,,,
csa_0171,"If the dependency is not resolved, a long demonstration could crowd out questions. The issue remains open.",conditional_risk,risk_dependency,not_action,risk_language|deliverable_object,webinar,speech_act_007_webinar,test,ai_authored_speech_act_contrast_v1,assistant_reviewed_candidate,high,Label and negative-state relationship checked against canonical staged semantics.,,"If the dependency is not resolved, a long demonstration could crowd out questions. The issue remains open.",,"[PREVIOUS]

[CURRENT]
If the dependency is not resolved, a long demonstration could crowd out questions. The issue remains open.
[NEXT]
",,,,,,,
csa_0172,"The team checked whether a long demonstration could crowd out questions, but evidence confirmed the exposure is closed and no monitoring is required.",closed_risk_negative,background_context,not_action,deliverable_object|completed_tense,webinar,speech_act_007_webinar,test,ai_authored_speech_act_contrast_v1,assistant_reviewed_candidate,medium,Label and negative-state relationship checked against canonical staged semantics.,,"The team checked whether a long demonstration could crowd out questions, but evidence confirmed the exposure is closed and no monitoring is required.",,"[PREVIOUS]

[CURRENT]
The team checked whether a long demonstration could crowd out questions, but evidence confirmed the exposure is closed and no monitoring is required.
[NEXT]
",,,,,,,
csa_0173,The current position is that the webinar work remains in progress.,informational,background_context,not_action,,webinar,speech_act_007_webinar,test,ai_authored_speech_act_contrast_v1,assistant_reviewed_candidate,high,Label and negative-state relationship checked against canonical staged semantics.,,The current position is that the webinar work remains in progress.,,"[PREVIOUS]

[CURRENT]
The current position is that the webinar work remains in progress.
[NEXT]
",,,,,,,
csa_0174,Can everyone see the webinar screen? We will pause for two minutes before continuing.,administrative,low_value_noise,not_action,,webinar,speech_act_007_webinar,test,ai_authored_speech_act_contrast_v1,assistant_reviewed_candidate,high,Label and negative-state relationship checked against canonical staged semantics.,,Can everyone see the webinar screen? We will pause for two minutes before continuing.,,"[PREVIOUS]

[CURRENT]
Can everyone see the webinar screen? We will pause for two minutes before continuing.
[NEXT]
",,,,,,,
csa_0175,"Chloe: I promise I'll bring coffee to the next webinar call. This is social chat, not project work.",social_false_commitment,low_value_noise,not_action,named_owner,webinar,speech_act_007_webinar,test,ai_authored_speech_act_contrast_v1,assistant_reviewed_candidate,high,Label and negative-state relationship checked against canonical staged semantics.,,"Chloe: I promise I'll bring coffee to the next webinar call. This is social chat, not project work.",,"[PREVIOUS]

[CURRENT]
Chloe: I promise I'll bring coffee to the next webinar call. This is social chat, not project work.
[NEXT]
",,,,,,,
csa_0176,Jonah: I'll disable the legacy file-transfer account by end of day.,commitment,action_commitment,confirmed_action,named_owner|explicit_commitment_verb|deliverable_object|deadline_or_sequence,security,speech_act_008_security,validation,ai_authored_speech_act_contrast_v1,assistant_reviewed_candidate,high,Label and negative-state relationship checked against canonical staged semantics.,,Jonah: I'll disable the legacy file-transfer account by end of day.,,"[PREVIOUS]

[CURRENT]
Jonah: I'll disable the legacy file-transfer account by end of day.
[NEXT]
",,,,,,,
csa_0177,Jonah: I can disable the legacy file-transfer account. I'll have it done by end of day.,volunteer_commitment,action_commitment,confirmed_action,named_owner|explicit_commitment_verb|deliverable_object|deadline_or_sequence,security,speech_act_008_security,validation,ai_authored_speech_act_contrast_v1,assistant_reviewed_candidate,high,Label and negative-state relationship checked against canonical staged semantics.,,Jonah: I can disable the legacy file-transfer account. I'll have it done by end of day.,,"[PREVIOUS]

[CURRENT]
Jonah: I can disable the legacy file-transfer account. I'll have it done by end of day.
[NEXT]
",,,,,,,
csa_0178,"Could Jonah disable the legacy file-transfer account by end of day? Jonah: Yes, I'll take that.",request_acceptance_thread,action_commitment,confirmed_action,named_owner|explicit_commitment_verb|deliverable_object|deadline_or_sequence,security,speech_act_008_security,validation,ai_authored_speech_act_contrast_v1,assistant_reviewed_candidate,high,Label and negative-state relationship checked against canonical staged semantics.,,"Could Jonah disable the legacy file-transfer account by end of day? Jonah: Yes, I'll take that.",,"[PREVIOUS]

[CURRENT]
Could Jonah disable the legacy file-transfer account by end of day? Jonah: Yes, I'll take that.
[NEXT]
",,,,,,,
csa_0179,"Lead: Can you disable the legacy file-transfer account?
Jonah: Yes.
Lead: Can you finish by end of day?
Jonah: That works.",distributed_request_acceptance,action_commitment,confirmed_action,named_owner|explicit_commitment_verb|deliverable_object|deadline_or_sequence,security,speech_act_008_security,validation,ai_authored_speech_act_contrast_v1,assistant_reviewed_candidate,high,Label and negative-state relationship checked against canonical staged semantics.,,"Lead: Can you disable the legacy file-transfer account?
Jonah: Yes.
Lead: Can you finish by end of day?
Jonah: That works.",,"[PREVIOUS]

[CURRENT]
Lead: Can you disable the legacy file-transfer account?
Jonah: Yes.
Lead: Can you finish by end of day?
Jonah: That works.
[NEXT]
",,,,,,,
csa_0180,Jonah to disable the legacy file-transfer account; due end of day.,minutes_assignment,action_commitment,confirmed_action,named_owner|explicit_commitment_verb|deliverable_object|deadline_or_sequence,security,speech_act_008_security,validation,ai_authored_speech_act_contrast_v1,assistant_reviewed_candidate,high,Label and negative-state relationship checked against canonical staged semantics.,,Jonah to disable the legacy file-transfer account; due end of day.,,"[PREVIOUS]

[CURRENT]
Jonah to disable the legacy file-transfer account; due end of day.
[NEXT]
",,,,,,,
csa_0181,"Actions recap: Jonah, you're taking the item to disable the legacy file-transfer account. Jonah: Correct, by end of day.",recap_assignment,action_commitment,confirmed_action,named_owner|explicit_commitment_verb|deliverable_object|deadline_or_sequence,security,speech_act_008_security,validation,ai_authored_speech_act_contrast_v1,assistant_reviewed_candidate,high,Label and negative-state relationship checked against canonical staged semantics.,,"Actions recap: Jonah, you're taking the item to disable the legacy file-transfer account. Jonah: Correct, by end of day.",,"[PREVIOUS]

[CURRENT]
Actions recap: Jonah, you're taking the item to disable the legacy file-transfer account. Jonah: Correct, by end of day.
[NEXT]
",,,,,,,
csa_0182,We need someone to disable the legacy file-transfer account. Jonah: Leave that with me; end of day is fine.,contextual_volunteer,action_commitment,confirmed_action,named_owner|explicit_commitment_verb|deliverable_object|deadline_or_sequence,security,speech_act_008_security,validation,ai_authored_speech_act_contrast_v1,assistant_reviewed_candidate,high,Label and negative-state relationship checked against canonical staged semantics.,,We need someone to disable the legacy file-transfer account. Jonah: Leave that with me; end of day is fine.,,"[PREVIOUS]

[CURRENT]
We need someone to disable the legacy file-transfer account. Jonah: Leave that with me; end of day is fine.
[NEXT]
",,,,,,,
csa_0183,"We need to disable the legacy file-transfer account, but nobody accepted ownership or timing.",ownerless_need,discussion_topic,possible_action,explicit_commitment_verb|deliverable_object,security,speech_act_008_security,validation,ai_authored_speech_act_contrast_v1,assistant_reviewed_candidate,medium,Label and negative-state relationship checked against canonical staged semantics.,,"We need to disable the legacy file-transfer account, but nobody accepted ownership or timing.",,"[PREVIOUS]

[CURRENT]
We need to disable the legacy file-transfer account, but nobody accepted ownership or timing.
[NEXT]
",,,,,,,
csa_0184,It would help to disable the legacy file-transfer account. The group moved on without assigning it.,unassigned_suggestion,discussion_topic,possible_action,deliverable_object,security,speech_act_008_security,validation,ai_authored_speech_act_contrast_v1,assistant_reviewed_candidate,medium,Label and negative-state relationship checked against canonical staged semantics.,,It would help to disable the legacy file-transfer account. The group moved on without assigning it.,,"[PREVIOUS]

[CURRENT]
It would help to disable the legacy file-transfer account. The group moved on without assigning it.
[NEXT]
",,,,,,,
csa_0185,"Perhaps Jonah could disable the legacy file-transfer account if there is time, but this was not agreed.",hypothetical,discussion_topic,not_action,named_owner|deliverable_object|hypothetical_language,security,speech_act_008_security,validation,ai_authored_speech_act_contrast_v1,assistant_reviewed_candidate,high,Label and negative-state relationship checked against canonical staged semantics.,,"Perhaps Jonah could disable the legacy file-transfer account if there is time, but this was not agreed.",,"[PREVIOUS]

[CURRENT]
Perhaps Jonah could disable the legacy file-transfer account if there is time, but this was not agreed.
[NEXT]
",,,,,,,
csa_0186,"Jonah: I might disable the legacy file-transfer account, depending on capacity. Lead: Treat that as an idea, not an action.",explicitly_uncommitted,discussion_topic,not_action,named_owner|deliverable_object|hypothetical_language,security,speech_act_008_security,validation,ai_authored_speech_act_contrast_v1,assistant_reviewed_candidate,high,Label and negative-state relationship checked against canonical staged semantics.,,"Jonah: I might disable the legacy file-transfer account, depending on capacity. Lead: Treat that as an idea, not an action.",,"[PREVIOUS]

[CURRENT]
Jonah: I might disable the legacy file-transfer account, depending on capacity. Lead: Treat that as an idea, not an action.
[NEXT]
",,,,,,,
csa_0187,Jonah already completed the work to disable the legacy file-transfer account yesterday.,completed_history,background_context,completed_history,named_owner|deliverable_object|completed_tense,security,speech_act_008_security,validation,ai_authored_speech_act_contrast_v1,assistant_reviewed_candidate,high,Label and negative-state relationship checked against canonical staged semantics.,,Jonah already completed the work to disable the legacy file-transfer account yesterday.,,"[PREVIOUS]

[CURRENT]
Jonah already completed the work to disable the legacy file-transfer account yesterday.
[NEXT]
",,,,,,,
csa_0188,Lead: Jonah should disable the legacy file-transfer account. Jonah: That's already done; it closed yesterday.,completed_correction,background_context,completed_history,named_owner|deliverable_object|completed_tense,security,speech_act_008_security,validation,ai_authored_speech_act_contrast_v1,assistant_reviewed_candidate,high,Label and negative-state relationship checked against canonical staged semantics.,,Lead: Jonah should disable the legacy file-transfer account. Jonah: That's already done; it closed yesterday.,,"[PREVIOUS]

[CURRENT]
Lead: Jonah should disable the legacy file-transfer account. Jonah: That's already done; it closed yesterday.
[NEXT]
",,,,,,,
csa_0189,Do not disable the legacy file-transfer account; that proposed action has been cancelled.,rejection,decision_agreement,not_action,deliverable_object|decision_language,security,speech_act_008_security,validation,ai_authored_speech_act_contrast_v1,assistant_reviewed_candidate,high,Label and negative-state relationship checked against canonical staged semantics.,,Do not disable the legacy file-transfer account; that proposed action has been cancelled.,,"[PREVIOUS]

[CURRENT]
Do not disable the legacy file-transfer account; that proposed action has been cancelled.
[NEXT]
",,,,,,,
csa_0190,Earlier we asked Jonah to disable the legacy file-transfer account. That assignment is withdrawn and must not remain open.,superseded_action,decision_agreement,not_action,named_owner|deliverable_object|decision_language,security,speech_act_008_security,validation,ai_authored_speech_act_contrast_v1,assistant_reviewed_candidate,high,Label and negative-state relationship checked against canonical staged semantics.,,Earlier we asked Jonah to disable the legacy file-transfer account. That assignment is withdrawn and must not remain open.,,"[PREVIOUS]

[CURRENT]
Earlier we asked Jonah to disable the legacy file-transfer account. That assignment is withdrawn and must not remain open.
[NEXT]
",,,,,,,
csa_0191,The team agreed to require multifactor authentication for external access.,decision,decision_agreement,not_action,decision_language|deliverable_object,security,speech_act_008_security,validation,ai_authored_speech_act_contrast_v1,assistant_reviewed_candidate,high,Label and negative-state relationship checked against canonical staged semantics.,,The team agreed to require multifactor authentication for external access.,,"[PREVIOUS]

[CURRENT]
The team agreed to require multifactor authentication for external access.
[NEXT]
",,,,,,,
csa_0192,"Option A was discussed, but the final position is to require multifactor authentication for external access.",decision_after_alternative,decision_agreement,not_action,decision_language|deliverable_object,security,speech_act_008_security,validation,ai_authored_speech_act_contrast_v1,assistant_reviewed_candidate,high,Label and negative-state relationship checked against canonical staged semantics.,,"Option A was discussed, but the final position is to require multifactor authentication for external access.",,"[PREVIOUS]

[CURRENT]
Option A was discussed, but the final position is to require multifactor authentication for external access.
[NEXT]
",,,,,,,
csa_0193,"Lead: Shall we require multifactor authentication for external access?
Team: Agreed. That's the approach we will use.",proposal_acceptance_decision,decision_agreement,not_action,decision_language|deliverable_object,security,speech_act_008_security,validation,ai_authored_speech_act_contrast_v1,assistant_reviewed_candidate,high,Label and negative-state relationship checked against canonical staged semantics.,,"Lead: Shall we require multifactor authentication for external access?
Team: Agreed. That's the approach we will use.",,"[PREVIOUS]

[CURRENT]
Lead: Shall we require multifactor authentication for external access?
Team: Agreed. That's the approach we will use.
[NEXT]
",,,,,,,
csa_0194,"One option would be to require multifactor authentication for external access, although no decision was made.",unconfirmed_option,discussion_topic,not_action,hypothetical_language|deliverable_object,security,speech_act_008_security,validation,ai_authored_speech_act_contrast_v1,assistant_reviewed_candidate,high,Label and negative-state relationship checked against canonical staged semantics.,,"One option would be to require multifactor authentication for external access, although no decision was made.",,"[PREVIOUS]

[CURRENT]
One option would be to require multifactor authentication for external access, although no decision was made.
[NEXT]
",,,,,,,
csa_0195,The team identified that the legacy account creates an unauthorised-access risk.,risk,risk_dependency,not_action,risk_language|deliverable_object,security,speech_act_008_security,validation,ai_authored_speech_act_contrast_v1,assistant_reviewed_candidate,high,Label and negative-state relationship checked against canonical staged semantics.,,The team identified that the legacy account creates an unauthorised-access risk.,,"[PREVIOUS]

[CURRENT]
The team identified that the legacy account creates an unauthorised-access risk.
[NEXT]
",,,,,,,
csa_0196,"If the dependency is not resolved, the legacy account creates an unauthorised-access risk. The issue remains open.",conditional_risk,risk_dependency,not_action,risk_language|deliverable_object,security,speech_act_008_security,validation,ai_authored_speech_act_contrast_v1,assistant_reviewed_candidate,high,Label and negative-state relationship checked against canonical staged semantics.,,"If the dependency is not resolved, the legacy account creates an unauthorised-access risk. The issue remains open.",,"[PREVIOUS]

[CURRENT]
If the dependency is not resolved, the legacy account creates an unauthorised-access risk. The issue remains open.
[NEXT]
",,,,,,,
csa_0197,"The team checked whether the legacy account creates an unauthorised-access risk, but evidence confirmed the exposure is closed and no monitoring is required.",closed_risk_negative,background_context,not_action,deliverable_object|completed_tense,security,speech_act_008_security,validation,ai_authored_speech_act_contrast_v1,assistant_reviewed_candidate,medium,Label and negative-state relationship checked against canonical staged semantics.,,"The team checked whether the legacy account creates an unauthorised-access risk, but evidence confirmed the exposure is closed and no monitoring is required.",,"[PREVIOUS]

[CURRENT]
The team checked whether the legacy account creates an unauthorised-access risk, but evidence confirmed the exposure is closed and no monitoring is required.
[NEXT]
",,,,,,,
csa_0198,The current position is that the security work remains in progress.,informational,background_context,not_action,,security,speech_act_008_security,validation,ai_authored_speech_act_contrast_v1,assistant_reviewed_candidate,high,Label and negative-state relationship checked against canonical staged semantics.,,The current position is that the security work remains in progress.,,"[PREVIOUS]

[CURRENT]
The current position is that the security work remains in progress.
[NEXT]
",,,,,,,
csa_0199,Can everyone see the security screen? We will pause for two minutes before continuing.,administrative,low_value_noise,not_action,,security,speech_act_008_security,validation,ai_authored_speech_act_contrast_v1,assistant_reviewed_candidate,high,Label and negative-state relationship checked against canonical staged semantics.,,Can everyone see the security screen? We will pause for two minutes before continuing.,,"[PREVIOUS]

[CURRENT]
Can everyone see the security screen? We will pause for two minutes before continuing.
[NEXT]
",,,,,,,
csa_0200,"Jonah: I promise I'll bring coffee to the next security call. This is social chat, not project work.",social_false_commitment,low_value_noise,not_action,named_owner,security,speech_act_008_security,validation,ai_authored_speech_act_contrast_v1,assistant_reviewed_candidate,high,Label and negative-state relationship checked against canonical staged semantics.,,"Jonah: I promise I'll bring coffee to the next security call. This is social chat, not project work.",,"[PREVIOUS]

[CURRENT]
Jonah: I promise I'll bring coffee to the next security call. This is social chat, not project work.
[NEXT]
",,,,,,,
csa_0201,Amara: I'll redline the termination wording by Monday.,commitment,action_commitment,confirmed_action,named_owner|explicit_commitment_verb|deliverable_object|deadline_or_sequence,contract,speech_act_009_contract,train,ai_authored_speech_act_contrast_v1,assistant_reviewed_candidate,high,Label and negative-state relationship checked against canonical staged semantics.,,Amara: I'll redline the termination wording by Monday.,,"[PREVIOUS]

[CURRENT]
Amara: I'll redline the termination wording by Monday.
[NEXT]
",,,,,,,
csa_0202,Amara: I can redline the termination wording. I'll have it done by Monday.,volunteer_commitment,action_commitment,confirmed_action,named_owner|explicit_commitment_verb|deliverable_object|deadline_or_sequence,contract,speech_act_009_contract,train,ai_authored_speech_act_contrast_v1,assistant_reviewed_candidate,high,Label and negative-state relationship checked against canonical staged semantics.,,Amara: I can redline the termination wording. I'll have it done by Monday.,,"[PREVIOUS]

[CURRENT]
Amara: I can redline the termination wording. I'll have it done by Monday.
[NEXT]
",,,,,,,
csa_0203,"Could Amara redline the termination wording by Monday? Amara: Yes, I'll take that.",request_acceptance_thread,action_commitment,confirmed_action,named_owner|explicit_commitment_verb|deliverable_object|deadline_or_sequence,contract,speech_act_009_contract,train,ai_authored_speech_act_contrast_v1,assistant_reviewed_candidate,high,Label and negative-state relationship checked against canonical staged semantics.,,"Could Amara redline the termination wording by Monday? Amara: Yes, I'll take that.",,"[PREVIOUS]

[CURRENT]
Could Amara redline the termination wording by Monday? Amara: Yes, I'll take that.
[NEXT]
",,,,,,,
csa_0204,"Lead: Can you redline the termination wording?
Amara: Yes.
Lead: Can you finish by Monday?
Amara: That works.",distributed_request_acceptance,action_commitment,confirmed_action,named_owner|explicit_commitment_verb|deliverable_object|deadline_or_sequence,contract,speech_act_009_contract,train,ai_authored_speech_act_contrast_v1,assistant_reviewed_candidate,high,Label and negative-state relationship checked against canonical staged semantics.,,"Lead: Can you redline the termination wording?
Amara: Yes.
Lead: Can you finish by Monday?
Amara: That works.",,"[PREVIOUS]

[CURRENT]
Lead: Can you redline the termination wording?
Amara: Yes.
Lead: Can you finish by Monday?
Amara: That works.
[NEXT]
",,,,,,,
csa_0205,Amara to redline the termination wording; due Monday.,minutes_assignment,action_commitment,confirmed_action,named_owner|explicit_commitment_verb|deliverable_object|deadline_or_sequence,contract,speech_act_009_contract,train,ai_authored_speech_act_contrast_v1,assistant_reviewed_candidate,high,Label and negative-state relationship checked against canonical staged semantics.,,Amara to redline the termination wording; due Monday.,,"[PREVIOUS]

[CURRENT]
Amara to redline the termination wording; due Monday.
[NEXT]
",,,,,,,
csa_0206,"Actions recap: Amara, you're taking the item to redline the termination wording. Amara: Correct, by Monday.",recap_assignment,action_commitment,confirmed_action,named_owner|explicit_commitment_verb|deliverable_object|deadline_or_sequence,contract,speech_act_009_contract,train,ai_authored_speech_act_contrast_v1,assistant_reviewed_candidate,high,Label and negative-state relationship checked against canonical staged semantics.,,"Actions recap: Amara, you're taking the item to redline the termination wording. Amara: Correct, by Monday.",,"[PREVIOUS]

[CURRENT]
Actions recap: Amara, you're taking the item to redline the termination wording. Amara: Correct, by Monday.
[NEXT]
",,,,,,,
csa_0207,We need someone to redline the termination wording. Amara: Leave that with me; Monday is fine.,contextual_volunteer,action_commitment,confirmed_action,named_owner|explicit_commitment_verb|deliverable_object|deadline_or_sequence,contract,speech_act_009_contract,train,ai_authored_speech_act_contrast_v1,assistant_reviewed_candidate,high,Label and negative-state relationship checked against canonical staged semantics.,,We need someone to redline the termination wording. Amara: Leave that with me; Monday is fine.,,"[PREVIOUS]

[CURRENT]
We need someone to redline the termination wording. Amara: Leave that with me; Monday is fine.
[NEXT]
",,,,,,,
csa_0208,"We need to redline the termination wording, but nobody accepted ownership or timing.",ownerless_need,discussion_topic,possible_action,explicit_commitment_verb|deliverable_object,contract,speech_act_009_contract,train,ai_authored_speech_act_contrast_v1,assistant_reviewed_candidate,medium,Label and negative-state relationship checked against canonical staged semantics.,,"We need to redline the termination wording, but nobody accepted ownership or timing.",,"[PREVIOUS]

[CURRENT]
We need to redline the termination wording, but nobody accepted ownership or timing.
[NEXT]
",,,,,,,
csa_0209,It would help to redline the termination wording. The group moved on without assigning it.,unassigned_suggestion,discussion_topic,possible_action,deliverable_object,contract,speech_act_009_contract,train,ai_authored_speech_act_contrast_v1,assistant_reviewed_candidate,medium,Label and negative-state relationship checked against canonical staged semantics.,,It would help to redline the termination wording. The group moved on without assigning it.,,"[PREVIOUS]

[CURRENT]
It would help to redline the termination wording. The group moved on without assigning it.
[NEXT]
",,,,,,,
csa_0210,"Perhaps Amara could redline the termination wording if there is time, but this was not agreed.",hypothetical,discussion_topic,not_action,named_owner|deliverable_object|hypothetical_language,contract,speech_act_009_contract,train,ai_authored_speech_act_contrast_v1,assistant_reviewed_candidate,high,Label and negative-state relationship checked against canonical staged semantics.,,"Perhaps Amara could redline the termination wording if there is time, but this was not agreed.",,"[PREVIOUS]

[CURRENT]
Perhaps Amara could redline the termination wording if there is time, but this was not agreed.
[NEXT]
",,,,,,,
csa_0211,"Amara: I might redline the termination wording, depending on capacity. Lead: Treat that as an idea, not an action.",explicitly_uncommitted,discussion_topic,not_action,named_owner|deliverable_object|hypothetical_language,contract,speech_act_009_contract,train,ai_authored_speech_act_contrast_v1,assistant_reviewed_candidate,high,Label and negative-state relationship checked against canonical staged semantics.,,"Amara: I might redline the termination wording, depending on capacity. Lead: Treat that as an idea, not an action.",,"[PREVIOUS]

[CURRENT]
Amara: I might redline the termination wording, depending on capacity. Lead: Treat that as an idea, not an action.
[NEXT]
",,,,,,,
csa_0212,Amara already completed the work to redline the termination wording yesterday.,completed_history,background_context,completed_history,named_owner|deliverable_object|completed_tense,contract,speech_act_009_contract,train,ai_authored_speech_act_contrast_v1,assistant_reviewed_candidate,high,Label and negative-state relationship checked against canonical staged semantics.,,Amara already completed the work to redline the termination wording yesterday.,,"[PREVIOUS]

[CURRENT]
Amara already completed the work to redline the termination wording yesterday.
[NEXT]
",,,,,,,
csa_0213,Lead: Amara should redline the termination wording. Amara: That's already done; it closed yesterday.,completed_correction,background_context,completed_history,named_owner|deliverable_object|completed_tense,contract,speech_act_009_contract,train,ai_authored_speech_act_contrast_v1,assistant_reviewed_candidate,high,Label and negative-state relationship checked against canonical staged semantics.,,Lead: Amara should redline the termination wording. Amara: That's already done; it closed yesterday.,,"[PREVIOUS]

[CURRENT]
Lead: Amara should redline the termination wording. Amara: That's already done; it closed yesterday.
[NEXT]
",,,,,,,
csa_0214,Do not redline the termination wording; that proposed action has been cancelled.,rejection,decision_agreement,not_action,deliverable_object|decision_language,contract,speech_act_009_contract,train,ai_authored_speech_act_contrast_v1,assistant_reviewed_candidate,high,Label and negative-state relationship checked against canonical staged semantics.,,Do not redline the termination wording; that proposed action has been cancelled.,,"[PREVIOUS]

[CURRENT]
Do not redline the termination wording; that proposed action has been cancelled.
[NEXT]
",,,,,,,
csa_0215,Earlier we asked Amara to redline the termination wording. That assignment is withdrawn and must not remain open.,superseded_action,decision_agreement,not_action,named_owner|deliverable_object|decision_language,contract,speech_act_009_contract,train,ai_authored_speech_act_contrast_v1,assistant_reviewed_candidate,high,Label and negative-state relationship checked against canonical staged semantics.,,Earlier we asked Amara to redline the termination wording. That assignment is withdrawn and must not remain open.,,"[PREVIOUS]

[CURRENT]
Earlier we asked Amara to redline the termination wording. That assignment is withdrawn and must not remain open.
[NEXT]
",,,,,,,
csa_0216,The team agreed to offer a twelve-month renewal.,decision,decision_agreement,not_action,decision_language|deliverable_object,contract,speech_act_009_contract,train,ai_authored_speech_act_contrast_v1,assistant_reviewed_candidate,high,Label and negative-state relationship checked against canonical staged semantics.,,The team agreed to offer a twelve-month renewal.,,"[PREVIOUS]

[CURRENT]
The team agreed to offer a twelve-month renewal.
[NEXT]
",,,,,,,
csa_0217,"Option A was discussed, but the final position is to offer a twelve-month renewal.",decision_after_alternative,decision_agreement,not_action,decision_language|deliverable_object,contract,speech_act_009_contract,train,ai_authored_speech_act_contrast_v1,assistant_reviewed_candidate,high,Label and negative-state relationship checked against canonical staged semantics.,,"Option A was discussed, but the final position is to offer a twelve-month renewal.",,"[PREVIOUS]

[CURRENT]
Option A was discussed, but the final position is to offer a twelve-month renewal.
[NEXT]
",,,,,,,
csa_0218,"Lead: Shall we offer a twelve-month renewal?
Team: Agreed. That's the approach we will use.",proposal_acceptance_decision,decision_agreement,not_action,decision_language|deliverable_object,contract,speech_act_009_contract,train,ai_authored_speech_act_contrast_v1,assistant_reviewed_candidate,high,Label and negative-state relationship checked against canonical staged semantics.,,"Lead: Shall we offer a twelve-month renewal?
Team: Agreed. That's the approach we will use.",,"[PREVIOUS]

[CURRENT]
Lead: Shall we offer a twelve-month renewal?
Team: Agreed. That's the approach we will use.
[NEXT]
",,,,,,,
csa_0219,"One option would be to offer a twelve-month renewal, although no decision was made.",unconfirmed_option,discussion_topic,not_action,hypothetical_language|deliverable_object,contract,speech_act_009_contract,train,ai_authored_speech_act_contrast_v1,assistant_reviewed_candidate,high,Label and negative-state relationship checked against canonical staged semantics.,,"One option would be to offer a twelve-month renewal, although no decision was made.",,"[PREVIOUS]

[CURRENT]
One option would be to offer a twelve-month renewal, although no decision was made.
[NEXT]
",,,,,,,
csa_0220,The team identified that unclear termination wording could prolong negotiation.,risk,risk_dependency,not_action,risk_language|deliverable_object,contract,speech_act_009_contract,train,ai_authored_speech_act_contrast_v1,assistant_reviewed_candidate,high,Label and negative-state relationship checked against canonical staged semantics.,,The team identified that unclear termination wording could prolong negotiation.,,"[PREVIOUS]

[CURRENT]
The team identified that unclear termination wording could prolong negotiation.
[NEXT]
",,,,,,,
csa_0221,"If the dependency is not resolved, unclear termination wording could prolong negotiation. The issue remains open.",conditional_risk,risk_dependency,not_action,risk_language|deliverable_object,contract,speech_act_009_contract,train,ai_authored_speech_act_contrast_v1,assistant_reviewed_candidate,high,Label and negative-state relationship checked against canonical staged semantics.,,"If the dependency is not resolved, unclear termination wording could prolong negotiation. The issue remains open.",,"[PREVIOUS]

[CURRENT]
If the dependency is not resolved, unclear termination wording could prolong negotiation. The issue remains open.
[NEXT]
",,,,,,,
csa_0222,"The team checked whether unclear termination wording could prolong negotiation, but evidence confirmed the exposure is closed and no monitoring is required.",closed_risk_negative,background_context,not_action,deliverable_object|completed_tense,contract,speech_act_009_contract,train,ai_authored_speech_act_contrast_v1,assistant_reviewed_candidate,medium,Label and negative-state relationship checked against canonical staged semantics.,,"The team checked whether unclear termination wording could prolong negotiation, but evidence confirmed the exposure is closed and no monitoring is required.",,"[PREVIOUS]

[CURRENT]
The team checked whether unclear termination wording could prolong negotiation, but evidence confirmed the exposure is closed and no monitoring is required.
[NEXT]
",,,,,,,
csa_0223,The current position is that the contract work remains in progress.,informational,background_context,not_action,,contract,speech_act_009_contract,train,ai_authored_speech_act_contrast_v1,assistant_reviewed_candidate,high,Label and negative-state relationship checked against canonical staged semantics.,,The current position is that the contract work remains in progress.,,"[PREVIOUS]

[CURRENT]
The current position is that the contract work remains in progress.
[NEXT]
",,,,,,,
csa_0224,Can everyone see the contract screen? We will pause for two minutes before continuing.,administrative,low_value_noise,not_action,,contract,speech_act_009_contract,train,ai_authored_speech_act_contrast_v1,assistant_reviewed_candidate,high,Label and negative-state relationship checked against canonical staged semantics.,,Can everyone see the contract screen? We will pause for two minutes before continuing.,,"[PREVIOUS]

[CURRENT]
Can everyone see the contract screen? We will pause for two minutes before continuing.
[NEXT]
",,,,,,,
csa_0225,"Amara: I promise I'll bring coffee to the next contract call. This is social chat, not project work.",social_false_commitment,low_value_noise,not_action,named_owner,contract,speech_act_009_contract,train,ai_authored_speech_act_contrast_v1,assistant_reviewed_candidate,high,Label and negative-state relationship checked against canonical staged semantics.,,"Amara: I promise I'll bring coffee to the next contract call. This is social chat, not project work.",,"[PREVIOUS]

[CURRENT]
Amara: I promise I'll bring coffee to the next contract call. This is social chat, not project work.
[NEXT]
",,,,,,,
csa_0226,Louis: I'll prepare the audit evidence index by next week.,commitment,action_commitment,confirmed_action,named_owner|explicit_commitment_verb|deliverable_object|deadline_or_sequence,audit,speech_act_010_audit,train,ai_authored_speech_act_contrast_v1,assistant_reviewed_candidate,high,Label and negative-state relationship checked against canonical staged semantics.,,Louis: I'll prepare the audit evidence index by next week.,,"[PREVIOUS]

[CURRENT]
Louis: I'll prepare the audit evidence index by next week.
[NEXT]
",,,,,,,
csa_0227,Louis: I can prepare the audit evidence index. I'll have it done by next week.,volunteer_commitment,action_commitment,confirmed_action,named_owner|explicit_commitment_verb|deliverable_object|deadline_or_sequence,audit,speech_act_010_audit,train,ai_authored_speech_act_contrast_v1,assistant_reviewed_candidate,high,Label and negative-state relationship checked against canonical staged semantics.,,Louis: I can prepare the audit evidence index. I'll have it done by next week.,,"[PREVIOUS]

[CURRENT]
Louis: I can prepare the audit evidence index. I'll have it done by next week.
[NEXT]
",,,,,,,
csa_0228,"Could Louis prepare the audit evidence index by next week? Louis: Yes, I'll take that.",request_acceptance_thread,action_commitment,confirmed_action,named_owner|explicit_commitment_verb|deliverable_object|deadline_or_sequence,audit,speech_act_010_audit,train,ai_authored_speech_act_contrast_v1,assistant_reviewed_candidate,high,Label and negative-state relationship checked against canonical staged semantics.,,"Could Louis prepare the audit evidence index by next week? Louis: Yes, I'll take that.",,"[PREVIOUS]

[CURRENT]
Could Louis prepare the audit evidence index by next week? Louis: Yes, I'll take that.
[NEXT]
",,,,,,,
csa_0229,"Lead: Can you prepare the audit evidence index?
Louis: Yes.
Lead: Can you finish by next week?
Louis: That works.",distributed_request_acceptance,action_commitment,confirmed_action,named_owner|explicit_commitment_verb|deliverable_object|deadline_or_sequence,audit,speech_act_010_audit,train,ai_authored_speech_act_contrast_v1,assistant_reviewed_candidate,high,Label and negative-state relationship checked against canonical staged semantics.,,"Lead: Can you prepare the audit evidence index?
Louis: Yes.
Lead: Can you finish by next week?
Louis: That works.",,"[PREVIOUS]

[CURRENT]
Lead: Can you prepare the audit evidence index?
Louis: Yes.
Lead: Can you finish by next week?
Louis: That works.
[NEXT]
",,,,,,,
csa_0230,Louis to prepare the audit evidence index; due next week.,minutes_assignment,action_commitment,confirmed_action,named_owner|explicit_commitment_verb|deliverable_object|deadline_or_sequence,audit,speech_act_010_audit,train,ai_authored_speech_act_contrast_v1,assistant_reviewed_candidate,high,Label and negative-state relationship checked against canonical staged semantics.,,Louis to prepare the audit evidence index; due next week.,,"[PREVIOUS]

[CURRENT]
Louis to prepare the audit evidence index; due next week.
[NEXT]
",,,,,,,
csa_0231,"Actions recap: Louis, you're taking the item to prepare the audit evidence index. Louis: Correct, by next week.",recap_assignment,action_commitment,confirmed_action,named_owner|explicit_commitment_verb|deliverable_object|deadline_or_sequence,audit,speech_act_010_audit,train,ai_authored_speech_act_contrast_v1,assistant_reviewed_candidate,high,Label and negative-state relationship checked against canonical staged semantics.,,"Actions recap: Louis, you're taking the item to prepare the audit evidence index. Louis: Correct, by next week.",,"[PREVIOUS]

[CURRENT]
Actions recap: Louis, you're taking the item to prepare the audit evidence index. Louis: Correct, by next week.
[NEXT]
",,,,,,,
csa_0232,We need someone to prepare the audit evidence index. Louis: Leave that with me; next week is fine.,contextual_volunteer,action_commitment,confirmed_action,named_owner|explicit_commitment_verb|deliverable_object|deadline_or_sequence,audit,speech_act_010_audit,train,ai_authored_speech_act_contrast_v1,assistant_reviewed_candidate,high,Label and negative-state relationship checked against canonical staged semantics.,,We need someone to prepare the audit evidence index. Louis: Leave that with me; next week is fine.,,"[PREVIOUS]

[CURRENT]
We need someone to prepare the audit evidence index. Louis: Leave that with me; next week is fine.
[NEXT]
",,,,,,,
csa_0233,"We need to prepare the audit evidence index, but nobody accepted ownership or timing.",ownerless_need,discussion_topic,possible_action,explicit_commitment_verb|deliverable_object,audit,speech_act_010_audit,train,ai_authored_speech_act_contrast_v1,assistant_reviewed_candidate,medium,Label and negative-state relationship checked against canonical staged semantics.,,"We need to prepare the audit evidence index, but nobody accepted ownership or timing.",,"[PREVIOUS]

[CURRENT]
We need to prepare the audit evidence index, but nobody accepted ownership or timing.
[NEXT]
",,,,,,,
csa_0234,It would help to prepare the audit evidence index. The group moved on without assigning it.,unassigned_suggestion,discussion_topic,possible_action,deliverable_object,audit,speech_act_010_audit,train,ai_authored_speech_act_contrast_v1,assistant_reviewed_candidate,medium,Label and negative-state relationship checked against canonical staged semantics.,,It would help to prepare the audit evidence index. The group moved on without assigning it.,,"[PREVIOUS]

[CURRENT]
It would help to prepare the audit evidence index. The group moved on without assigning it.
[NEXT]
",,,,,,,
csa_0235,"Perhaps Louis could prepare the audit evidence index if there is time, but this was not agreed.",hypothetical,discussion_topic,not_action,named_owner|deliverable_object|hypothetical_language,audit,speech_act_010_audit,train,ai_authored_speech_act_contrast_v1,assistant_reviewed_candidate,high,Label and negative-state relationship checked against canonical staged semantics.,,"Perhaps Louis could prepare the audit evidence index if there is time, but this was not agreed.",,"[PREVIOUS]

[CURRENT]
Perhaps Louis could prepare the audit evidence index if there is time, but this was not agreed.
[NEXT]
",,,,,,,
csa_0236,"Louis: I might prepare the audit evidence index, depending on capacity. Lead: Treat that as an idea, not an action.",explicitly_uncommitted,discussion_topic,not_action,named_owner|deliverable_object|hypothetical_language,audit,speech_act_010_audit,train,ai_authored_speech_act_contrast_v1,assistant_reviewed_candidate,high,Label and negative-state relationship checked against canonical staged semantics.,,"Louis: I might prepare the audit evidence index, depending on capacity. Lead: Treat that as an idea, not an action.",,"[PREVIOUS]

[CURRENT]
Louis: I might prepare the audit evidence index, depending on capacity. Lead: Treat that as an idea, not an action.
[NEXT]
",,,,,,,
csa_0237,Louis already completed the work to prepare the audit evidence index yesterday.,completed_history,background_context,completed_history,named_owner|deliverable_object|completed_tense,audit,speech_act_010_audit,train,ai_authored_speech_act_contrast_v1,assistant_reviewed_candidate,high,Label and negative-state relationship checked against canonical staged semantics.,,Louis already completed the work to prepare the audit evidence index yesterday.,,"[PREVIOUS]

[CURRENT]
Louis already completed the work to prepare the audit evidence index yesterday.
[NEXT]
",,,,,,,
csa_0238,Lead: Louis should prepare the audit evidence index. Louis: That's already done; it closed yesterday.,completed_correction,background_context,completed_history,named_owner|deliverable_object|completed_tense,audit,speech_act_010_audit,train,ai_authored_speech_act_contrast_v1,assistant_reviewed_candidate,high,Label and negative-state relationship checked against canonical staged semantics.,,Lead: Louis should prepare the audit evidence index. Louis: That's already done; it closed yesterday.,,"[PREVIOUS]

[CURRENT]
Lead: Louis should prepare the audit evidence index. Louis: That's already done; it closed yesterday.
[NEXT]
",,,,,,,
csa_0239,Do not prepare the audit evidence index; that proposed action has been cancelled.,rejection,decision_agreement,not_action,deliverable_object|decision_language,audit,speech_act_010_audit,train,ai_authored_speech_act_contrast_v1,assistant_reviewed_candidate,high,Label and negative-state relationship checked against canonical staged semantics.,,Do not prepare the audit evidence index; that proposed action has been cancelled.,,"[PREVIOUS]

[CURRENT]
Do not prepare the audit evidence index; that proposed action has been cancelled.
[NEXT]
",,,,,,,
csa_0240,Earlier we asked Louis to prepare the audit evidence index. That assignment is withdrawn and must not remain open.,superseded_action,decision_agreement,not_action,named_owner|deliverable_object|decision_language,audit,speech_act_010_audit,train,ai_authored_speech_act_contrast_v1,assistant_reviewed_candidate,high,Label and negative-state relationship checked against canonical staged semantics.,,Earlier we asked Louis to prepare the audit evidence index. That assignment is withdrawn and must not remain open.,,"[PREVIOUS]

[CURRENT]
Earlier we asked Louis to prepare the audit evidence index. That assignment is withdrawn and must not remain open.
[NEXT]
",,,,,,,
csa_0241,The team agreed to sample two additional operational processes.,decision,decision_agreement,not_action,decision_language|deliverable_object,audit,speech_act_010_audit,train,ai_authored_speech_act_contrast_v1,assistant_reviewed_candidate,high,Label and negative-state relationship checked against canonical staged semantics.,,The team agreed to sample two additional operational processes.,,"[PREVIOUS]

[CURRENT]
The team agreed to sample two additional operational processes.
[NEXT]
",,,,,,,
csa_0242,"Option A was discussed, but the final position is to sample two additional operational processes.",decision_after_alternative,decision_agreement,not_action,decision_language|deliverable_object,audit,speech_act_010_audit,train,ai_authored_speech_act_contrast_v1,assistant_reviewed_candidate,high,Label and negative-state relationship checked against canonical staged semantics.,,"Option A was discussed, but the final position is to sample two additional operational processes.",,"[PREVIOUS]

[CURRENT]
Option A was discussed, but the final position is to sample two additional operational processes.
[NEXT]
",,,,,,,
csa_0243,"Lead: Shall we sample two additional operational processes?
Team: Agreed. That's the approach we will use.",proposal_acceptance_decision,decision_agreement,not_action,decision_language|deliverable_object,audit,speech_act_010_audit,train,ai_authored_speech_act_contrast_v1,assistant_reviewed_candidate,high,Label and negative-state relationship checked against canonical staged semantics.,,"Lead: Shall we sample two additional operational processes?
Team: Agreed. That's the approach we will use.",,"[PREVIOUS]

[CURRENT]
Lead: Shall we sample two additional operational processes?
Team: Agreed. That's the approach we will use.
[NEXT]
",,,,,,,
csa_0244,"One option would be to sample two additional operational processes, although no decision was made.",unconfirmed_option,discussion_topic,not_action,hypothetical_language|deliverable_object,audit,speech_act_010_audit,train,ai_authored_speech_act_contrast_v1,assistant_reviewed_candidate,high,Label and negative-state relationship checked against canonical staged semantics.,,"One option would be to sample two additional operational processes, although no decision was made.",,"[PREVIOUS]

[CURRENT]
One option would be to sample two additional operational processes, although no decision was made.
[NEXT]
",,,,,,,
csa_0245,The team identified that missing records could prevent completion of the audit plan.,risk,risk_dependency,not_action,risk_language|deliverable_object,audit,speech_act_010_audit,train,ai_authored_speech_act_contrast_v1,assistant_reviewed_candidate,high,Label and negative-state relationship checked against canonical staged semantics.,,The team identified that missing records could prevent completion of the audit plan.,,"[PREVIOUS]

[CURRENT]
The team identified that missing records could prevent completion of the audit plan.
[NEXT]
",,,,,,,
csa_0246,"If the dependency is not resolved, missing records could prevent completion of the audit plan. The issue remains open.",conditional_risk,risk_dependency,not_action,risk_language|deliverable_object,audit,speech_act_010_audit,train,ai_authored_speech_act_contrast_v1,assistant_reviewed_candidate,high,Label and negative-state relationship checked against canonical staged semantics.,,"If the dependency is not resolved, missing records could prevent completion of the audit plan. The issue remains open.",,"[PREVIOUS]

[CURRENT]
If the dependency is not resolved, missing records could prevent completion of the audit plan. The issue remains open.
[NEXT]
",,,,,,,
csa_0247,"The team checked whether missing records could prevent completion of the audit plan, but evidence confirmed the exposure is closed and no monitoring is required.",closed_risk_negative,background_context,not_action,deliverable_object|completed_tense,audit,speech_act_010_audit,train,ai_authored_speech_act_contrast_v1,assistant_reviewed_candidate,medium,Label and negative-state relationship checked against canonical staged semantics.,,"The team checked whether missing records could prevent completion of the audit plan, but evidence confirmed the exposure is closed and no monitoring is required.",,"[PREVIOUS]

[CURRENT]
The team checked whether missing records could prevent completion of the audit plan, but evidence confirmed the exposure is closed and no monitoring is required.
[NEXT]
",,,,,,,
csa_0248,The current position is that the audit work remains in progress.,informational,background_context,not_action,,audit,speech_act_010_audit,train,ai_authored_speech_act_contrast_v1,assistant_reviewed_candidate,high,Label and negative-state relationship checked against canonical staged semantics.,,The current position is that the audit work remains in progress.,,"[PREVIOUS]

[CURRENT]
The current position is that the audit work remains in progress.
[NEXT]
",,,,,,,
csa_0249,Can everyone see the audit screen? We will pause for two minutes before continuing.,administrative,low_value_noise,not_action,,audit,speech_act_010_audit,train,ai_authored_speech_act_contrast_v1,assistant_reviewed_candidate,high,Label and negative-state relationship checked against canonical staged semantics.,,Can everyone see the audit screen? We will pause for two minutes before continuing.,,"[PREVIOUS]

[CURRENT]
Can everyone see the audit screen? We will pause for two minutes before continuing.
[NEXT]
",,,,,,,
csa_0250,"Louis: I promise I'll bring coffee to the next audit call. This is social chat, not project work.",social_false_commitment,low_value_noise,not_action,named_owner,audit,speech_act_010_audit,train,ai_authored_speech_act_contrast_v1,assistant_reviewed_candidate,high,Label and negative-state relationship checked against canonical staged semantics.,,"Louis: I promise I'll bring coffee to the next audit call. This is social chat, not project work.",,"[PREVIOUS]

[CURRENT]
Louis: I promise I'll bring coffee to the next audit call. This is social chat, not project work.
[NEXT]
",,,,,,,
csa_0251,Mei: I'll update the campaign launch schedule by Tuesday.,commitment,action_commitment,confirmed_action,named_owner|explicit_commitment_verb|deliverable_object|deadline_or_sequence,marketing,speech_act_011_marketing,train,ai_authored_speech_act_contrast_v1,assistant_reviewed_candidate,high,Label and negative-state relationship checked against canonical staged semantics.,,Mei: I'll update the campaign launch schedule by Tuesday.,,"[PREVIOUS]

[CURRENT]
Mei: I'll update the campaign launch schedule by Tuesday.
[NEXT]
",,,,,,,
csa_0252,Mei: I can update the campaign launch schedule. I'll have it done by Tuesday.,volunteer_commitment,action_commitment,confirmed_action,named_owner|explicit_commitment_verb|deliverable_object|deadline_or_sequence,marketing,speech_act_011_marketing,train,ai_authored_speech_act_contrast_v1,assistant_reviewed_candidate,high,Label and negative-state relationship checked against canonical staged semantics.,,Mei: I can update the campaign launch schedule. I'll have it done by Tuesday.,,"[PREVIOUS]

[CURRENT]
Mei: I can update the campaign launch schedule. I'll have it done by Tuesday.
[NEXT]
",,,,,,,
csa_0253,"Could Mei update the campaign launch schedule by Tuesday? Mei: Yes, I'll take that.",request_acceptance_thread,action_commitment,confirmed_action,named_owner|explicit_commitment_verb|deliverable_object|deadline_or_sequence,marketing,speech_act_011_marketing,train,ai_authored_speech_act_contrast_v1,assistant_reviewed_candidate,high,Label and negative-state relationship checked against canonical staged semantics.,,"Could Mei update the campaign launch schedule by Tuesday? Mei: Yes, I'll take that.",,"[PREVIOUS]

[CURRENT]
Could Mei update the campaign launch schedule by Tuesday? Mei: Yes, I'll take that.
[NEXT]
",,,,,,,
csa_0254,"Lead: Can you update the campaign launch schedule?
Mei: Yes.
Lead: Can you finish by Tuesday?
Mei: That works.",distributed_request_acceptance,action_commitment,confirmed_action,named_owner|explicit_commitment_verb|deliverable_object|deadline_or_sequence,marketing,speech_act_011_marketing,train,ai_authored_speech_act_contrast_v1,assistant_reviewed_candidate,high,Label and negative-state relationship checked against canonical staged semantics.,,"Lead: Can you update the campaign launch schedule?
Mei: Yes.
Lead: Can you finish by Tuesday?
Mei: That works.",,"[PREVIOUS]

[CURRENT]
Lead: Can you update the campaign launch schedule?
Mei: Yes.
Lead: Can you finish by Tuesday?
Mei: That works.
[NEXT]
",,,,,,,
csa_0255,Mei to update the campaign launch schedule; due Tuesday.,minutes_assignment,action_commitment,confirmed_action,named_owner|explicit_commitment_verb|deliverable_object|deadline_or_sequence,marketing,speech_act_011_marketing,train,ai_authored_speech_act_contrast_v1,assistant_reviewed_candidate,high,Label and negative-state relationship checked against canonical staged semantics.,,Mei to update the campaign launch schedule; due Tuesday.,,"[PREVIOUS]

[CURRENT]
Mei to update the campaign launch schedule; due Tuesday.
[NEXT]
",,,,,,,
csa_0256,"Actions recap: Mei, you're taking the item to update the campaign launch schedule. Mei: Correct, by Tuesday.",recap_assignment,action_commitment,confirmed_action,named_owner|explicit_commitment_verb|deliverable_object|deadline_or_sequence,marketing,speech_act_011_marketing,train,ai_authored_speech_act_contrast_v1,assistant_reviewed_candidate,high,Label and negative-state relationship checked against canonical staged semantics.,,"Actions recap: Mei, you're taking the item to update the campaign launch schedule. Mei: Correct, by Tuesday.",,"[PREVIOUS]

[CURRENT]
Actions recap: Mei, you're taking the item to update the campaign launch schedule. Mei: Correct, by Tuesday.
[NEXT]
",,,,,,,
csa_0257,We need someone to update the campaign launch schedule. Mei: Leave that with me; Tuesday is fine.,contextual_volunteer,action_commitment,confirmed_action,named_owner|explicit_commitment_verb|deliverable_object|deadline_or_sequence,marketing,speech_act_011_marketing,train,ai_authored_speech_act_contrast_v1,assistant_reviewed_candidate,high,Label and negative-state relationship checked against canonical staged semantics.,,We need someone to update the campaign launch schedule. Mei: Leave that with me; Tuesday is fine.,,"[PREVIOUS]

[CURRENT]
We need someone to update the campaign launch schedule. Mei: Leave that with me; Tuesday is fine.
[NEXT]
",,,,,,,
csa_0258,"We need to update the campaign launch schedule, but nobody accepted ownership or timing.",ownerless_need,discussion_topic,possible_action,explicit_commitment_verb|deliverable_object,marketing,speech_act_011_marketing,train,ai_authored_speech_act_contrast_v1,assistant_reviewed_candidate,medium,Label and negative-state relationship checked against canonical staged semantics.,,"We need to update the campaign launch schedule, but nobody accepted ownership or timing.",,"[PREVIOUS]

[CURRENT]
We need to update the campaign launch schedule, but nobody accepted ownership or timing.
[NEXT]
",,,,,,,
csa_0259,It would help to update the campaign launch schedule. The group moved on without assigning it.,unassigned_suggestion,discussion_topic,possible_action,deliverable_object,marketing,speech_act_011_marketing,train,ai_authored_speech_act_contrast_v1,assistant_reviewed_candidate,medium,Label and negative-state relationship checked against canonical staged semantics.,,It would help to update the campaign launch schedule. The group moved on without assigning it.,,"[PREVIOUS]

[CURRENT]
It would help to update the campaign launch schedule. The group moved on without assigning it.
[NEXT]
",,,,,,,
csa_0260,"Perhaps Mei could update the campaign launch schedule if there is time, but this was not agreed.",hypothetical,discussion_topic,not_action,named_owner|deliverable_object|hypothetical_language,marketing,speech_act_011_marketing,train,ai_authored_speech_act_contrast_v1,assistant_reviewed_candidate,high,Label and negative-state relationship checked against canonical staged semantics.,,"Perhaps Mei could update the campaign launch schedule if there is time, but this was not agreed.",,"[PREVIOUS]

[CURRENT]
Perhaps Mei could update the campaign launch schedule if there is time, but this was not agreed.
[NEXT]
",,,,,,,
csa_0261,"Mei: I might update the campaign launch schedule, depending on capacity. Lead: Treat that as an idea, not an action.",explicitly_uncommitted,discussion_topic,not_action,named_owner|deliverable_object|hypothetical_language,marketing,speech_act_011_marketing,train,ai_authored_speech_act_contrast_v1,assistant_reviewed_candidate,high,Label and negative-state relationship checked against canonical staged semantics.,,"Mei: I might update the campaign launch schedule, depending on capacity. Lead: Treat that as an idea, not an action.",,"[PREVIOUS]

[CURRENT]
Mei: I might update the campaign launch schedule, depending on capacity. Lead: Treat that as an idea, not an action.
[NEXT]
",,,,,,,
csa_0262,Mei already completed the work to update the campaign launch schedule yesterday.,completed_history,background_context,completed_history,named_owner|deliverable_object|completed_tense,marketing,speech_act_011_marketing,train,ai_authored_speech_act_contrast_v1,assistant_reviewed_candidate,high,Label and negative-state relationship checked against canonical staged semantics.,,Mei already completed the work to update the campaign launch schedule yesterday.,,"[PREVIOUS]

[CURRENT]
Mei already completed the work to update the campaign launch schedule yesterday.
[NEXT]
",,,,,,,
csa_0263,Lead: Mei should update the campaign launch schedule. Mei: That's already done; it closed yesterday.,completed_correction,background_context,completed_history,named_owner|deliverable_object|completed_tense,marketing,speech_act_011_marketing,train,ai_authored_speech_act_contrast_v1,assistant_reviewed_candidate,high,Label and negative-state relationship checked against canonical staged semantics.,,Lead: Mei should update the campaign launch schedule. Mei: That's already done; it closed yesterday.,,"[PREVIOUS]

[CURRENT]
Lead: Mei should update the campaign launch schedule. Mei: That's already done; it closed yesterday.
[NEXT]
",,,,,,,
csa_0264,Do not update the campaign launch schedule; that proposed action has been cancelled.,rejection,decision_agreement,not_action,deliverable_object|decision_language,marketing,speech_act_011_marketing,train,ai_authored_speech_act_contrast_v1,assistant_reviewed_candidate,high,Label and negative-state relationship checked against canonical staged semantics.,,Do not update the campaign launch schedule; that proposed action has been cancelled.,,"[PREVIOUS]

[CURRENT]
Do not update the campaign launch schedule; that proposed action has been cancelled.
[NEXT]
",,,,,,,
csa_0265,Earlier we asked Mei to update the campaign launch schedule. That assignment is withdrawn and must not remain open.,superseded_action,decision_agreement,not_action,named_owner|deliverable_object|decision_language,marketing,speech_act_011_marketing,train,ai_authored_speech_act_contrast_v1,assistant_reviewed_candidate,high,Label and negative-state relationship checked against canonical staged semantics.,,Earlier we asked Mei to update the campaign launch schedule. That assignment is withdrawn and must not remain open.,,"[PREVIOUS]

[CURRENT]
Earlier we asked Mei to update the campaign launch schedule. That assignment is withdrawn and must not remain open.
[NEXT]
",,,,,,,
csa_0266,The team agreed to move the regional campaign into September.,decision,decision_agreement,not_action,decision_language|deliverable_object,marketing,speech_act_011_marketing,train,ai_authored_speech_act_contrast_v1,assistant_reviewed_candidate,high,Label and negative-state relationship checked against canonical staged semantics.,,The team agreed to move the regional campaign into September.,,"[PREVIOUS]

[CURRENT]
The team agreed to move the regional campaign into September.
[NEXT]
",,,,,,,
csa_0267,"Option A was discussed, but the final position is to move the regional campaign into September.",decision_after_alternative,decision_agreement,not_action,decision_language|deliverable_object,marketing,speech_act_011_marketing,train,ai_authored_speech_act_contrast_v1,assistant_reviewed_candidate,high,Label and negative-state relationship checked against canonical staged semantics.,,"Option A was discussed, but the final position is to move the regional campaign into September.",,"[PREVIOUS]

[CURRENT]
Option A was discussed, but the final position is to move the regional campaign into September.
[NEXT]
",,,,,,,
csa_0268,"Lead: Shall we move the regional campaign into September?
Team: Agreed. That's the approach we will use.",proposal_acceptance_decision,decision_agreement,not_action,decision_language|deliverable_object,marketing,speech_act_011_marketing,train,ai_authored_speech_act_contrast_v1,assistant_reviewed_candidate,high,Label and negative-state relationship checked against canonical staged semantics.,,"Lead: Shall we move the regional campaign into September?
Team: Agreed. That's the approach we will use.",,"[PREVIOUS]

[CURRENT]
Lead: Shall we move the regional campaign into September?
Team: Agreed. That's the approach we will use.
[NEXT]
",,,,,,,
csa_0269,"One option would be to move the regional campaign into September, although no decision was made.",unconfirmed_option,discussion_topic,not_action,hypothetical_language|deliverable_object,marketing,speech_act_011_marketing,train,ai_authored_speech_act_contrast_v1,assistant_reviewed_candidate,high,Label and negative-state relationship checked against canonical staged semantics.,,"One option would be to move the regional campaign into September, although no decision was made.",,"[PREVIOUS]

[CURRENT]
One option would be to move the regional campaign into September, although no decision was made.
[NEXT]
",,,,,,,
csa_0270,The team identified that creative approval may slip beyond the media booking date.,risk,risk_dependency,not_action,risk_language|deliverable_object,marketing,speech_act_011_marketing,train,ai_authored_speech_act_contrast_v1,assistant_reviewed_candidate,high,Label and negative-state relationship checked against canonical staged semantics.,,The team identified that creative approval may slip beyond the media booking date.,,"[PREVIOUS]

[CURRENT]
The team identified that creative approval may slip beyond the media booking date.
[NEXT]
",,,,,,,
csa_0271,"If the dependency is not resolved, creative approval may slip beyond the media booking date. The issue remains open.",conditional_risk,risk_dependency,not_action,risk_language|deliverable_object,marketing,speech_act_011_marketing,train,ai_authored_speech_act_contrast_v1,assistant_reviewed_candidate,high,Label and negative-state relationship checked against canonical staged semantics.,,"If the dependency is not resolved, creative approval may slip beyond the media booking date. The issue remains open.",,"[PREVIOUS]

[CURRENT]
If the dependency is not resolved, creative approval may slip beyond the media booking date. The issue remains open.
[NEXT]
",,,,,,,
csa_0272,"The team checked whether creative approval may slip beyond the media booking date, but evidence confirmed the exposure is closed and no monitoring is required.",closed_risk_negative,background_context,not_action,deliverable_object|completed_tense,marketing,speech_act_011_marketing,train,ai_authored_speech_act_contrast_v1,assistant_reviewed_candidate,medium,Label and negative-state relationship checked against canonical staged semantics.,,"The team checked whether creative approval may slip beyond the media booking date, but evidence confirmed the exposure is closed and no monitoring is required.",,"[PREVIOUS]

[CURRENT]
The team checked whether creative approval may slip beyond the media booking date, but evidence confirmed the exposure is closed and no monitoring is required.
[NEXT]
",,,,,,,
csa_0273,The current position is that the marketing work remains in progress.,informational,background_context,not_action,,marketing,speech_act_011_marketing,train,ai_authored_speech_act_contrast_v1,assistant_reviewed_candidate,high,Label and negative-state relationship checked against canonical staged semantics.,,The current position is that the marketing work remains in progress.,,"[PREVIOUS]

[CURRENT]
The current position is that the marketing work remains in progress.
[NEXT]
",,,,,,,
csa_0274,Can everyone see the marketing screen? We will pause for two minutes before continuing.,administrative,low_value_noise,not_action,,marketing,speech_act_011_marketing,train,ai_authored_speech_act_contrast_v1,assistant_reviewed_candidate,high,Label and negative-state relationship checked against canonical staged semantics.,,Can everyone see the marketing screen? We will pause for two minutes before continuing.,,"[PREVIOUS]

[CURRENT]
Can everyone see the marketing screen? We will pause for two minutes before continuing.
[NEXT]
",,,,,,,
csa_0275,"Mei: I promise I'll bring coffee to the next marketing call. This is social chat, not project work.",social_false_commitment,low_value_noise,not_action,named_owner,marketing,speech_act_011_marketing,train,ai_authored_speech_act_contrast_v1,assistant_reviewed_candidate,high,Label and negative-state relationship checked against canonical staged semantics.,,"Mei: I promise I'll bring coffee to the next marketing call. This is social chat, not project work.",,"[PREVIOUS]

[CURRENT]
Mei: I promise I'll bring coffee to the next marketing call. This is social chat, not project work.
[NEXT]
",,,,,,,
csa_0276,Declan: I'll update the weekend duty rota by this afternoon.,commitment,action_commitment,confirmed_action,named_owner|explicit_commitment_verb|deliverable_object|deadline_or_sequence,operations,speech_act_012_operations,test,ai_authored_speech_act_contrast_v1,assistant_reviewed_candidate,high,Label and negative-state relationship checked against canonical staged semantics.,,Declan: I'll update the weekend duty rota by this afternoon.,,"[PREVIOUS]

[CURRENT]
Declan: I'll update the weekend duty rota by this afternoon.
[NEXT]
",,,,,,,
csa_0277,Declan: I can update the weekend duty rota. I'll have it done by this afternoon.,volunteer_commitment,action_commitment,confirmed_action,named_owner|explicit_commitment_verb|deliverable_object|deadline_or_sequence,operations,speech_act_012_operations,test,ai_authored_speech_act_contrast_v1,assistant_reviewed_candidate,high,Label and negative-state relationship checked against canonical staged semantics.,,Declan: I can update the weekend duty rota. I'll have it done by this afternoon.,,"[PREVIOUS]

[CURRENT]
Declan: I can update the weekend duty rota. I'll have it done by this afternoon.
[NEXT]
",,,,,,,
csa_0278,"Could Declan update the weekend duty rota by this afternoon? Declan: Yes, I'll take that.",request_acceptance_thread,action_commitment,confirmed_action,named_owner|explicit_commitment_verb|deliverable_object|deadline_or_sequence,operations,speech_act_012_operations,test,ai_authored_speech_act_contrast_v1,assistant_reviewed_candidate,high,Label and negative-state relationship checked against canonical staged semantics.,,"Could Declan update the weekend duty rota by this afternoon? Declan: Yes, I'll take that.",,"[PREVIOUS]

[CURRENT]
Could Declan update the weekend duty rota by this afternoon? Declan: Yes, I'll take that.
[NEXT]
",,,,,,,
csa_0279,"Lead: Can you update the weekend duty rota?
Declan: Yes.
Lead: Can you finish by this afternoon?
Declan: That works.",distributed_request_acceptance,action_commitment,confirmed_action,named_owner|explicit_commitment_verb|deliverable_object|deadline_or_sequence,operations,speech_act_012_operations,test,ai_authored_speech_act_contrast_v1,assistant_reviewed_candidate,high,Label and negative-state relationship checked against canonical staged semantics.,,"Lead: Can you update the weekend duty rota?
Declan: Yes.
Lead: Can you finish by this afternoon?
Declan: That works.",,"[PREVIOUS]

[CURRENT]
Lead: Can you update the weekend duty rota?
Declan: Yes.
Lead: Can you finish by this afternoon?
Declan: That works.
[NEXT]
",,,,,,,
csa_0280,Declan to update the weekend duty rota; due this afternoon.,minutes_assignment,action_commitment,confirmed_action,named_owner|explicit_commitment_verb|deliverable_object|deadline_or_sequence,operations,speech_act_012_operations,test,ai_authored_speech_act_contrast_v1,assistant_reviewed_candidate,high,Label and negative-state relationship checked against canonical staged semantics.,,Declan to update the weekend duty rota; due this afternoon.,,"[PREVIOUS]

[CURRENT]
Declan to update the weekend duty rota; due this afternoon.
[NEXT]
",,,,,,,
csa_0281,"Actions recap: Declan, you're taking the item to update the weekend duty rota. Declan: Correct, by this afternoon.",recap_assignment,action_commitment,confirmed_action,named_owner|explicit_commitment_verb|deliverable_object|deadline_or_sequence,operations,speech_act_012_operations,test,ai_authored_speech_act_contrast_v1,assistant_reviewed_candidate,high,Label and negative-state relationship checked against canonical staged semantics.,,"Actions recap: Declan, you're taking the item to update the weekend duty rota. Declan: Correct, by this afternoon.",,"[PREVIOUS]

[CURRENT]
Actions recap: Declan, you're taking the item to update the weekend duty rota. Declan: Correct, by this afternoon.
[NEXT]
",,,,,,,
csa_0282,We need someone to update the weekend duty rota. Declan: Leave that with me; this afternoon is fine.,contextual_volunteer,action_commitment,confirmed_action,named_owner|explicit_commitment_verb|deliverable_object|deadline_or_sequence,operations,speech_act_012_operations,test,ai_authored_speech_act_contrast_v1,assistant_reviewed_candidate,high,Label and negative-state relationship checked against canonical staged semantics.,,We need someone to update the weekend duty rota. Declan: Leave that with me; this afternoon is fine.,,"[PREVIOUS]

[CURRENT]
We need someone to update the weekend duty rota. Declan: Leave that with me; this afternoon is fine.
[NEXT]
",,,,,,,
csa_0283,"We need to update the weekend duty rota, but nobody accepted ownership or timing.",ownerless_need,discussion_topic,possible_action,explicit_commitment_verb|deliverable_object,operations,speech_act_012_operations,test,ai_authored_speech_act_contrast_v1,assistant_reviewed_candidate,medium,Label and negative-state relationship checked against canonical staged semantics.,,"We need to update the weekend duty rota, but nobody accepted ownership or timing.",,"[PREVIOUS]

[CURRENT]
We need to update the weekend duty rota, but nobody accepted ownership or timing.
[NEXT]
",,,,,,,
csa_0284,It would help to update the weekend duty rota. The group moved on without assigning it.,unassigned_suggestion,discussion_topic,possible_action,deliverable_object,operations,speech_act_012_operations,test,ai_authored_speech_act_contrast_v1,assistant_reviewed_candidate,medium,Label and negative-state relationship checked against canonical staged semantics.,,It would help to update the weekend duty rota. The group moved on without assigning it.,,"[PREVIOUS]

[CURRENT]
It would help to update the weekend duty rota. The group moved on without assigning it.
[NEXT]
",,,,,,,
csa_0285,"Perhaps Declan could update the weekend duty rota if there is time, but this was not agreed.",hypothetical,discussion_topic,not_action,named_owner|deliverable_object|hypothetical_language,operations,speech_act_012_operations,test,ai_authored_speech_act_contrast_v1,assistant_reviewed_candidate,high,Label and negative-state relationship checked against canonical staged semantics.,,"Perhaps Declan could update the weekend duty rota if there is time, but this was not agreed.",,"[PREVIOUS]

[CURRENT]
Perhaps Declan could update the weekend duty rota if there is time, but this was not agreed.
[NEXT]
",,,,,,,
csa_0286,"Declan: I might update the weekend duty rota, depending on capacity. Lead: Treat that as an idea, not an action.",explicitly_uncommitted,discussion_topic,not_action,named_owner|deliverable_object|hypothetical_language,operations,speech_act_012_operations,test,ai_authored_speech_act_contrast_v1,assistant_reviewed_candidate,high,Label and negative-state relationship checked against canonical staged semantics.,,"Declan: I might update the weekend duty rota, depending on capacity. Lead: Treat that as an idea, not an action.",,"[PREVIOUS]

[CURRENT]
Declan: I might update the weekend duty rota, depending on capacity. Lead: Treat that as an idea, not an action.
[NEXT]
",,,,,,,
csa_0287,Declan already completed the work to update the weekend duty rota yesterday.,completed_history,background_context,completed_history,named_owner|deliverable_object|completed_tense,operations,speech_act_012_operations,test,ai_authored_speech_act_contrast_v1,assistant_reviewed_candidate,high,Label and negative-state relationship checked against canonical staged semantics.,,Declan already completed the work to update the weekend duty rota yesterday.,,"[PREVIOUS]

[CURRENT]
Declan already completed the work to update the weekend duty rota yesterday.
[NEXT]
",,,,,,,
csa_0288,Lead: Declan should update the weekend duty rota. Declan: That's already done; it closed yesterday.,completed_correction,background_context,completed_history,named_owner|deliverable_object|completed_tense,operations,speech_act_012_operations,test,ai_authored_speech_act_contrast_v1,assistant_reviewed_candidate,high,Label and negative-state relationship checked against canonical staged semantics.,,Lead: Declan should update the weekend duty rota. Declan: That's already done; it closed yesterday.,,"[PREVIOUS]

[CURRENT]
Lead: Declan should update the weekend duty rota. Declan: That's already done; it closed yesterday.
[NEXT]
",,,,,,,
csa_0289,Do not update the weekend duty rota; that proposed action has been cancelled.,rejection,decision_agreement,not_action,deliverable_object|decision_language,operations,speech_act_012_operations,test,ai_authored_speech_act_contrast_v1,assistant_reviewed_candidate,high,Label and negative-state relationship checked against canonical staged semantics.,,Do not update the weekend duty rota; that proposed action has been cancelled.,,"[PREVIOUS]

[CURRENT]
Do not update the weekend duty rota; that proposed action has been cancelled.
[NEXT]
",,,,,,,
csa_0290,Earlier we asked Declan to update the weekend duty rota. That assignment is withdrawn and must not remain open.,superseded_action,decision_agreement,not_action,named_owner|deliverable_object|decision_language,operations,speech_act_012_operations,test,ai_authored_speech_act_contrast_v1,assistant_reviewed_candidate,high,Label and negative-state relationship checked against canonical staged semantics.,,Earlier we asked Declan to update the weekend duty rota. That assignment is withdrawn and must not remain open.,,"[PREVIOUS]

[CURRENT]
Earlier we asked Declan to update the weekend duty rota. That assignment is withdrawn and must not remain open.
[NEXT]
",,,,,,,
csa_0291,The team agreed to keep weekend support within the internal team.,decision,decision_agreement,not_action,decision_language|deliverable_object,operations,speech_act_012_operations,test,ai_authored_speech_act_contrast_v1,assistant_reviewed_candidate,high,Label and negative-state relationship checked against canonical staged semantics.,,The team agreed to keep weekend support within the internal team.,,"[PREVIOUS]

[CURRENT]
The team agreed to keep weekend support within the internal team.
[NEXT]
",,,,,,,
csa_0292,"Option A was discussed, but the final position is to keep weekend support within the internal team.",decision_after_alternative,decision_agreement,not_action,decision_language|deliverable_object,operations,speech_act_012_operations,test,ai_authored_speech_act_contrast_v1,assistant_reviewed_candidate,high,Label and negative-state relationship checked against canonical staged semantics.,,"Option A was discussed, but the final position is to keep weekend support within the internal team.",,"[PREVIOUS]

[CURRENT]
Option A was discussed, but the final position is to keep weekend support within the internal team.
[NEXT]
",,,,,,,
csa_0293,"Lead: Shall we keep weekend support within the internal team?
Team: Agreed. That's the approach we will use.",proposal_acceptance_decision,decision_agreement,not_action,decision_language|deliverable_object,operations,speech_act_012_operations,test,ai_authored_speech_act_contrast_v1,assistant_reviewed_candidate,high,Label and negative-state relationship checked against canonical staged semantics.,,"Lead: Shall we keep weekend support within the internal team?
Team: Agreed. That's the approach we will use.",,"[PREVIOUS]

[CURRENT]
Lead: Shall we keep weekend support within the internal team?
Team: Agreed. That's the approach we will use.
[NEXT]
",,,,,,,
csa_0294,"One option would be to keep weekend support within the internal team, although no decision was made.",unconfirmed_option,discussion_topic,not_action,hypothetical_language|deliverable_object,operations,speech_act_012_operations,test,ai_authored_speech_act_contrast_v1,assistant_reviewed_candidate,high,Label and negative-state relationship checked against canonical staged semantics.,,"One option would be to keep weekend support within the internal team, although no decision was made.",,"[PREVIOUS]

[CURRENT]
One option would be to keep weekend support within the internal team, although no decision was made.
[NEXT]
",,,,,,,
csa_0295,The team identified that insufficient weekend cover could delay incident response.,risk,risk_dependency,not_action,risk_language|deliverable_object,operations,speech_act_012_operations,test,ai_authored_speech_act_contrast_v1,assistant_reviewed_candidate,high,Label and negative-state relationship checked against canonical staged semantics.,,The team identified that insufficient weekend cover could delay incident response.,,"[PREVIOUS]

[CURRENT]
The team identified that insufficient weekend cover could delay incident response.
[NEXT]
",,,,,,,
csa_0296,"If the dependency is not resolved, insufficient weekend cover could delay incident response. The issue remains open.",conditional_risk,risk_dependency,not_action,risk_language|deliverable_object,operations,speech_act_012_operations,test,ai_authored_speech_act_contrast_v1,assistant_reviewed_candidate,high,Label and negative-state relationship checked against canonical staged semantics.,,"If the dependency is not resolved, insufficient weekend cover could delay incident response. The issue remains open.",,"[PREVIOUS]

[CURRENT]
If the dependency is not resolved, insufficient weekend cover could delay incident response. The issue remains open.
[NEXT]
",,,,,,,
csa_0297,"The team checked whether insufficient weekend cover could delay incident response, but evidence confirmed the exposure is closed and no monitoring is required.",closed_risk_negative,background_context,not_action,deliverable_object|completed_tense,operations,speech_act_012_operations,test,ai_authored_speech_act_contrast_v1,assistant_reviewed_candidate,medium,Label and negative-state relationship checked against canonical staged semantics.,,"The team checked whether insufficient weekend cover could delay incident response, but evidence confirmed the exposure is closed and no monitoring is required.",,"[PREVIOUS]

[CURRENT]
The team checked whether insufficient weekend cover could delay incident response, but evidence confirmed the exposure is closed and no monitoring is required.
[NEXT]
",,,,,,,
csa_0298,The current position is that the operations work remains in progress.,informational,background_context,not_action,,operations,speech_act_012_operations,test,ai_authored_speech_act_contrast_v1,assistant_reviewed_candidate,high,Label and negative-state relationship checked against canonical staged semantics.,,The current position is that the operations work remains in progress.,,"[PREVIOUS]

[CURRENT]
The current position is that the operations work remains in progress.
[NEXT]
",,,,,,,
csa_0299,Can everyone see the operations screen? We will pause for two minutes before continuing.,administrative,low_value_noise,not_action,,operations,speech_act_012_operations,test,ai_authored_speech_act_contrast_v1,assistant_reviewed_candidate,high,Label and negative-state relationship checked against canonical staged semantics.,,Can everyone see the operations screen? We will pause for two minutes before continuing.,,"[PREVIOUS]

[CURRENT]
Can everyone see the operations screen? We will pause for two minutes before continuing.
[NEXT]
",,,,,,,
csa_0300,"Declan: I promise I'll bring coffee to the next operations call. This is social chat, not project work.",social_false_commitment,low_value_noise,not_action,named_owner,operations,speech_act_012_operations,test,ai_authored_speech_act_contrast_v1,assistant_reviewed_candidate,high,Label and negative-state relationship checked against canonical staged semantics.,,"Declan: I promise I'll bring coffee to the next operations call. This is social chat, not project work.",,"[PREVIOUS]

[CURRENT]
Declan: I promise I'll bring coffee to the next operations call. This is social chat, not project work.
[NEXT]
",,,,,,,
csa_0301,Nora: I'll rewrite the account-permissions guide by Friday.,commitment,action_commitment,confirmed_action,named_owner|explicit_commitment_verb|deliverable_object|deadline_or_sequence,documentation,speech_act_013_documentation,train,ai_authored_speech_act_contrast_v1,assistant_reviewed_candidate,high,Label and negative-state relationship checked against canonical staged semantics.,,Nora: I'll rewrite the account-permissions guide by Friday.,,"[PREVIOUS]

[CURRENT]
Nora: I'll rewrite the account-permissions guide by Friday.
[NEXT]
",,,,,,,
csa_0302,Nora: I can rewrite the account-permissions guide. I'll have it done by Friday.,volunteer_commitment,action_commitment,confirmed_action,named_owner|explicit_commitment_verb|deliverable_object|deadline_or_sequence,documentation,speech_act_013_documentation,train,ai_authored_speech_act_contrast_v1,assistant_reviewed_candidate,high,Label and negative-state relationship checked against canonical staged semantics.,,Nora: I can rewrite the account-permissions guide. I'll have it done by Friday.,,"[PREVIOUS]

[CURRENT]
Nora: I can rewrite the account-permissions guide. I'll have it done by Friday.
[NEXT]
",,,,,,,
csa_0303,"Could Nora rewrite the account-permissions guide by Friday? Nora: Yes, I'll take that.",request_acceptance_thread,action_commitment,confirmed_action,named_owner|explicit_commitment_verb|deliverable_object|deadline_or_sequence,documentation,speech_act_013_documentation,train,ai_authored_speech_act_contrast_v1,assistant_reviewed_candidate,high,Label and negative-state relationship checked against canonical staged semantics.,,"Could Nora rewrite the account-permissions guide by Friday? Nora: Yes, I'll take that.",,"[PREVIOUS]

[CURRENT]
Could Nora rewrite the account-permissions guide by Friday? Nora: Yes, I'll take that.
[NEXT]
",,,,,,,
csa_0304,"Lead: Can you rewrite the account-permissions guide?
Nora: Yes.
Lead: Can you finish by Friday?
Nora: That works.",distributed_request_acceptance,action_commitment,confirmed_action,named_owner|explicit_commitment_verb|deliverable_object|deadline_or_sequence,documentation,speech_act_013_documentation,train,ai_authored_speech_act_contrast_v1,assistant_reviewed_candidate,high,Label and negative-state relationship checked against canonical staged semantics.,,"Lead: Can you rewrite the account-permissions guide?
Nora: Yes.
Lead: Can you finish by Friday?
Nora: That works.",,"[PREVIOUS]

[CURRENT]
Lead: Can you rewrite the account-permissions guide?
Nora: Yes.
Lead: Can you finish by Friday?
Nora: That works.
[NEXT]
",,,,,,,
csa_0305,Nora to rewrite the account-permissions guide; due Friday.,minutes_assignment,action_commitment,confirmed_action,named_owner|explicit_commitment_verb|deliverable_object|deadline_or_sequence,documentation,speech_act_013_documentation,train,ai_authored_speech_act_contrast_v1,assistant_reviewed_candidate,high,Label and negative-state relationship checked against canonical staged semantics.,,Nora to rewrite the account-permissions guide; due Friday.,,"[PREVIOUS]

[CURRENT]
Nora to rewrite the account-permissions guide; due Friday.
[NEXT]
",,,,,,,
csa_0306,"Actions recap: Nora, you're taking the item to rewrite the account-permissions guide. Nora: Correct, by Friday.",recap_assignment,action_commitment,confirmed_action,named_owner|explicit_commitment_verb|deliverable_object|deadline_or_sequence,documentation,speech_act_013_documentation,train,ai_authored_speech_act_contrast_v1,assistant_reviewed_candidate,high,Label and negative-state relationship checked against canonical staged semantics.,,"Actions recap: Nora, you're taking the item to rewrite the account-permissions guide. Nora: Correct, by Friday.",,"[PREVIOUS]

[CURRENT]
Actions recap: Nora, you're taking the item to rewrite the account-permissions guide. Nora: Correct, by Friday.
[NEXT]
",,,,,,,
csa_0307,We need someone to rewrite the account-permissions guide. Nora: Leave that with me; Friday is fine.,contextual_volunteer,action_commitment,confirmed_action,named_owner|explicit_commitment_verb|deliverable_object|deadline_or_sequence,documentation,speech_act_013_documentation,train,ai_authored_speech_act_contrast_v1,assistant_reviewed_candidate,high,Label and negative-state relationship checked against canonical staged semantics.,,We need someone to rewrite the account-permissions guide. Nora: Leave that with me; Friday is fine.,,"[PREVIOUS]

[CURRENT]
We need someone to rewrite the account-permissions guide. Nora: Leave that with me; Friday is fine.
[NEXT]
",,,,,,,
csa_0308,"We need to rewrite the account-permissions guide, but nobody accepted ownership or timing.",ownerless_need,discussion_topic,possible_action,explicit_commitment_verb|deliverable_object,documentation,speech_act_013_documentation,train,ai_authored_speech_act_contrast_v1,assistant_reviewed_candidate,medium,Label and negative-state relationship checked against canonical staged semantics.,,"We need to rewrite the account-permissions guide, but nobody accepted ownership or timing.",,"[PREVIOUS]

[CURRENT]
We need to rewrite the account-permissions guide, but nobody accepted ownership or timing.
[NEXT]
",,,,,,,
csa_0309,It would help to rewrite the account-permissions guide. The group moved on without assigning it.,unassigned_suggestion,discussion_topic,possible_action,deliverable_object,documentation,speech_act_013_documentation,train,ai_authored_speech_act_contrast_v1,assistant_reviewed_candidate,medium,Label and negative-state relationship checked against canonical staged semantics.,,It would help to rewrite the account-permissions guide. The group moved on without assigning it.,,"[PREVIOUS]

[CURRENT]
It would help to rewrite the account-permissions guide. The group moved on without assigning it.
[NEXT]
",,,,,,,
csa_0310,"Perhaps Nora could rewrite the account-permissions guide if there is time, but this was not agreed.",hypothetical,discussion_topic,not_action,named_owner|deliverable_object|hypothetical_language,documentation,speech_act_013_documentation,train,ai_authored_speech_act_contrast_v1,assistant_reviewed_candidate,high,Label and negative-state relationship checked against canonical staged semantics.,,"Perhaps Nora could rewrite the account-permissions guide if there is time, but this was not agreed.",,"[PREVIOUS]

[CURRENT]
Perhaps Nora could rewrite the account-permissions guide if there is time, but this was not agreed.
[NEXT]
",,,,,,,
csa_0311,"Nora: I might rewrite the account-permissions guide, depending on capacity. Lead: Treat that as an idea, not an action.",explicitly_uncommitted,discussion_topic,not_action,named_owner|deliverable_object|hypothetical_language,documentation,speech_act_013_documentation,train,ai_authored_speech_act_contrast_v1,assistant_reviewed_candidate,high,Label and negative-state relationship checked against canonical staged semantics.,,"Nora: I might rewrite the account-permissions guide, depending on capacity. Lead: Treat that as an idea, not an action.",,"[PREVIOUS]

[CURRENT]
Nora: I might rewrite the account-permissions guide, depending on capacity. Lead: Treat that as an idea, not an action.
[NEXT]
",,,,,,,
csa_0312,Nora already completed the work to rewrite the account-permissions guide yesterday.,completed_history,background_context,completed_history,named_owner|deliverable_object|completed_tense,documentation,speech_act_013_documentation,train,ai_authored_speech_act_contrast_v1,assistant_reviewed_candidate,high,Label and negative-state relationship checked against canonical staged semantics.,,Nora already completed the work to rewrite the account-permissions guide yesterday.,,"[PREVIOUS]

[CURRENT]
Nora already completed the work to rewrite the account-permissions guide yesterday.
[NEXT]
",,,,,,,
csa_0313,Lead: Nora should rewrite the account-permissions guide. Nora: That's already done; it closed yesterday.,completed_correction,background_context,completed_history,named_owner|deliverable_object|completed_tense,documentation,speech_act_013_documentation,train,ai_authored_speech_act_contrast_v1,assistant_reviewed_candidate,high,Label and negative-state relationship checked against canonical staged semantics.,,Lead: Nora should rewrite the account-permissions guide. Nora: That's already done; it closed yesterday.,,"[PREVIOUS]

[CURRENT]
Lead: Nora should rewrite the account-permissions guide. Nora: That's already done; it closed yesterday.
[NEXT]
",,,,,,,
csa_0314,Do not rewrite the account-permissions guide; that proposed action has been cancelled.,rejection,decision_agreement,not_action,deliverable_object|decision_language,documentation,speech_act_013_documentation,train,ai_authored_speech_act_contrast_v1,assistant_reviewed_candidate,high,Label and negative-state relationship checked against canonical staged semantics.,,Do not rewrite the account-permissions guide; that proposed action has been cancelled.,,"[PREVIOUS]

[CURRENT]
Do not rewrite the account-permissions guide; that proposed action has been cancelled.
[NEXT]
",,,,,,,
csa_0315,Earlier we asked Nora to rewrite the account-permissions guide. That assignment is withdrawn and must not remain open.,superseded_action,decision_agreement,not_action,named_owner|deliverable_object|decision_language,documentation,speech_act_013_documentation,train,ai_authored_speech_act_contrast_v1,assistant_reviewed_candidate,high,Label and negative-state relationship checked against canonical staged semantics.,,Earlier we asked Nora to rewrite the account-permissions guide. That assignment is withdrawn and must not remain open.,,"[PREVIOUS]

[CURRENT]
Earlier we asked Nora to rewrite the account-permissions guide. That assignment is withdrawn and must not remain open.
[NEXT]
",,,,,,,
csa_0316,The team agreed to publish one combined onboarding guide.,decision,decision_agreement,not_action,decision_language|deliverable_object,documentation,speech_act_013_documentation,train,ai_authored_speech_act_contrast_v1,assistant_reviewed_candidate,high,Label and negative-state relationship checked against canonical staged semantics.,,The team agreed to publish one combined onboarding guide.,,"[PREVIOUS]

[CURRENT]
The team agreed to publish one combined onboarding guide.
[NEXT]
",,,,,,,
csa_0317,"Option A was discussed, but the final position is to publish one combined onboarding guide.",decision_after_alternative,decision_agreement,not_action,decision_language|deliverable_object,documentation,speech_act_013_documentation,train,ai_authored_speech_act_contrast_v1,assistant_reviewed_candidate,high,Label and negative-state relationship checked against canonical staged semantics.,,"Option A was discussed, but the final position is to publish one combined onboarding guide.",,"[PREVIOUS]

[CURRENT]
Option A was discussed, but the final position is to publish one combined onboarding guide.
[NEXT]
",,,,,,,
csa_0318,"Lead: Shall we publish one combined onboarding guide?
Team: Agreed. That's the approach we will use.",proposal_acceptance_decision,decision_agreement,not_action,decision_language|deliverable_object,documentation,speech_act_013_documentation,train,ai_authored_speech_act_contrast_v1,assistant_reviewed_candidate,high,Label and negative-state relationship checked against canonical staged semantics.,,"Lead: Shall we publish one combined onboarding guide?
Team: Agreed. That's the approach we will use.",,"[PREVIOUS]

[CURRENT]
Lead: Shall we publish one combined onboarding guide?
Team: Agreed. That's the approach we will use.
[NEXT]
",,,,,,,
csa_0319,"One option would be to publish one combined onboarding guide, although no decision was made.",unconfirmed_option,discussion_topic,not_action,hypothetical_language|deliverable_object,documentation,speech_act_013_documentation,train,ai_authored_speech_act_contrast_v1,assistant_reviewed_candidate,high,Label and negative-state relationship checked against canonical staged semantics.,,"One option would be to publish one combined onboarding guide, although no decision was made.",,"[PREVIOUS]

[CURRENT]
One option would be to publish one combined onboarding guide, although no decision was made.
[NEXT]
",,,,,,,
csa_0320,The team identified that ambiguous permissions guidance is increasing support demand.,risk,risk_dependency,not_action,risk_language|deliverable_object,documentation,speech_act_013_documentation,train,ai_authored_speech_act_contrast_v1,assistant_reviewed_candidate,high,Label and negative-state relationship checked against canonical staged semantics.,,The team identified that ambiguous permissions guidance is increasing support demand.,,"[PREVIOUS]

[CURRENT]
The team identified that ambiguous permissions guidance is increasing support demand.
[NEXT]
",,,,,,,
csa_0321,"If the dependency is not resolved, ambiguous permissions guidance is increasing support demand. The issue remains open.",conditional_risk,risk_dependency,not_action,risk_language|deliverable_object,documentation,speech_act_013_documentation,train,ai_authored_speech_act_contrast_v1,assistant_reviewed_candidate,high,Label and negative-state relationship checked against canonical staged semantics.,,"If the dependency is not resolved, ambiguous permissions guidance is increasing support demand. The issue remains open.",,"[PREVIOUS]

[CURRENT]
If the dependency is not resolved, ambiguous permissions guidance is increasing support demand. The issue remains open.
[NEXT]
",,,,,,,
csa_0322,"The team checked whether ambiguous permissions guidance is increasing support demand, but evidence confirmed the exposure is closed and no monitoring is required.",closed_risk_negative,background_context,not_action,deliverable_object|completed_tense,documentation,speech_act_013_documentation,train,ai_authored_speech_act_contrast_v1,assistant_reviewed_candidate,medium,Label and negative-state relationship checked against canonical staged semantics.,,"The team checked whether ambiguous permissions guidance is increasing support demand, but evidence confirmed the exposure is closed and no monitoring is required.",,"[PREVIOUS]

[CURRENT]
The team checked whether ambiguous permissions guidance is increasing support demand, but evidence confirmed the exposure is closed and no monitoring is required.
[NEXT]
",,,,,,,
csa_0323,The current position is that the documentation work remains in progress.,informational,background_context,not_action,,documentation,speech_act_013_documentation,train,ai_authored_speech_act_contrast_v1,assistant_reviewed_candidate,high,Label and negative-state relationship checked against canonical staged semantics.,,The current position is that the documentation work remains in progress.,,"[PREVIOUS]

[CURRENT]
The current position is that the documentation work remains in progress.
[NEXT]
",,,,,,,
csa_0324,Can everyone see the documentation screen? We will pause for two minutes before continuing.,administrative,low_value_noise,not_action,,documentation,speech_act_013_documentation,train,ai_authored_speech_act_contrast_v1,assistant_reviewed_candidate,high,Label and negative-state relationship checked against canonical staged semantics.,,Can everyone see the documentation screen? We will pause for two minutes before continuing.,,"[PREVIOUS]

[CURRENT]
Can everyone see the documentation screen? We will pause for two minutes before continuing.
[NEXT]
",,,,,,,
csa_0325,"Nora: I promise I'll bring coffee to the next documentation call. This is social chat, not project work.",social_false_commitment,low_value_noise,not_action,named_owner,documentation,speech_act_013_documentation,train,ai_authored_speech_act_contrast_v1,assistant_reviewed_candidate,high,Label and negative-state relationship checked against canonical staged semantics.,,"Nora: I promise I'll bring coffee to the next documentation call. This is social chat, not project work.",,"[PREVIOUS]

[CURRENT]
Nora: I promise I'll bring coffee to the next documentation call. This is social chat, not project work.
[NEXT]
",,,,,,,
csa_0326,Omar: I'll refresh the quarterly sales forecast by Tuesday morning.,commitment,action_commitment,confirmed_action,named_owner|explicit_commitment_verb|deliverable_object|deadline_or_sequence,analytics,speech_act_014_analytics,train,ai_authored_speech_act_contrast_v1,assistant_reviewed_candidate,high,Label and negative-state relationship checked against canonical staged semantics.,,Omar: I'll refresh the quarterly sales forecast by Tuesday morning.,,"[PREVIOUS]

[CURRENT]
Omar: I'll refresh the quarterly sales forecast by Tuesday morning.
[NEXT]
",,,,,,,
csa_0327,Omar: I can refresh the quarterly sales forecast. I'll have it done by Tuesday morning.,volunteer_commitment,action_commitment,confirmed_action,named_owner|explicit_commitment_verb|deliverable_object|deadline_or_sequence,analytics,speech_act_014_analytics,train,ai_authored_speech_act_contrast_v1,assistant_reviewed_candidate,high,Label and negative-state relationship checked against canonical staged semantics.,,Omar: I can refresh the quarterly sales forecast. I'll have it done by Tuesday morning.,,"[PREVIOUS]

[CURRENT]
Omar: I can refresh the quarterly sales forecast. I'll have it done by Tuesday morning.
[NEXT]
",,,,,,,
csa_0328,"Could Omar refresh the quarterly sales forecast by Tuesday morning? Omar: Yes, I'll take that.",request_acceptance_thread,action_commitment,confirmed_action,named_owner|explicit_commitment_verb|deliverable_object|deadline_or_sequence,analytics,speech_act_014_analytics,train,ai_authored_speech_act_contrast_v1,assistant_reviewed_candidate,high,Label and negative-state relationship checked against canonical staged semantics.,,"Could Omar refresh the quarterly sales forecast by Tuesday morning? Omar: Yes, I'll take that.",,"[PREVIOUS]

[CURRENT]
Could Omar refresh the quarterly sales forecast by Tuesday morning? Omar: Yes, I'll take that.
[NEXT]
",,,,,,,
csa_0329,"Lead: Can you refresh the quarterly sales forecast?
Omar: Yes.
Lead: Can you finish by Tuesday morning?
Omar: That works.",distributed_request_acceptance,action_commitment,confirmed_action,named_owner|explicit_commitment_verb|deliverable_object|deadline_or_sequence,analytics,speech_act_014_analytics,train,ai_authored_speech_act_contrast_v1,assistant_reviewed_candidate,high,Label and negative-state relationship checked against canonical staged semantics.,,"Lead: Can you refresh the quarterly sales forecast?
Omar: Yes.
Lead: Can you finish by Tuesday morning?
Omar: That works.",,"[PREVIOUS]

[CURRENT]
Lead: Can you refresh the quarterly sales forecast?
Omar: Yes.
Lead: Can you finish by Tuesday morning?
Omar: That works.
[NEXT]
",,,,,,,
csa_0330,Omar to refresh the quarterly sales forecast; due Tuesday morning.,minutes_assignment,action_commitment,confirmed_action,named_owner|explicit_commitment_verb|deliverable_object|deadline_or_sequence,analytics,speech_act_014_analytics,train,ai_authored_speech_act_contrast_v1,assistant_reviewed_candidate,high,Label and negative-state relationship checked against canonical staged semantics.,,Omar to refresh the quarterly sales forecast; due Tuesday morning.,,"[PREVIOUS]

[CURRENT]
Omar to refresh the quarterly sales forecast; due Tuesday morning.
[NEXT]
",,,,,,,
csa_0331,"Actions recap: Omar, you're taking the item to refresh the quarterly sales forecast. Omar: Correct, by Tuesday morning.",recap_assignment,action_commitment,confirmed_action,named_owner|explicit_commitment_verb|deliverable_object|deadline_or_sequence,analytics,speech_act_014_analytics,train,ai_authored_speech_act_contrast_v1,assistant_reviewed_candidate,high,Label and negative-state relationship checked against canonical staged semantics.,,"Actions recap: Omar, you're taking the item to refresh the quarterly sales forecast. Omar: Correct, by Tuesday morning.",,"[PREVIOUS]

[CURRENT]
Actions recap: Omar, you're taking the item to refresh the quarterly sales forecast. Omar: Correct, by Tuesday morning.
[NEXT]
",,,,,,,
csa_0332,We need someone to refresh the quarterly sales forecast. Omar: Leave that with me; Tuesday morning is fine.,contextual_volunteer,action_commitment,confirmed_action,named_owner|explicit_commitment_verb|deliverable_object|deadline_or_sequence,analytics,speech_act_014_analytics,train,ai_authored_speech_act_contrast_v1,assistant_reviewed_candidate,high,Label and negative-state relationship checked against canonical staged semantics.,,We need someone to refresh the quarterly sales forecast. Omar: Leave that with me; Tuesday morning is fine.,,"[PREVIOUS]

[CURRENT]
We need someone to refresh the quarterly sales forecast. Omar: Leave that with me; Tuesday morning is fine.
[NEXT]
",,,,,,,
csa_0333,"We need to refresh the quarterly sales forecast, but nobody accepted ownership or timing.",ownerless_need,discussion_topic,possible_action,explicit_commitment_verb|deliverable_object,analytics,speech_act_014_analytics,train,ai_authored_speech_act_contrast_v1,assistant_reviewed_candidate,medium,Label and negative-state relationship checked against canonical staged semantics.,,"We need to refresh the quarterly sales forecast, but nobody accepted ownership or timing.",,"[PREVIOUS]

[CURRENT]
We need to refresh the quarterly sales forecast, but nobody accepted ownership or timing.
[NEXT]
",,,,,,,
csa_0334,It would help to refresh the quarterly sales forecast. The group moved on without assigning it.,unassigned_suggestion,discussion_topic,possible_action,deliverable_object,analytics,speech_act_014_analytics,train,ai_authored_speech_act_contrast_v1,assistant_reviewed_candidate,medium,Label and negative-state relationship checked against canonical staged semantics.,,It would help to refresh the quarterly sales forecast. The group moved on without assigning it.,,"[PREVIOUS]

[CURRENT]
It would help to refresh the quarterly sales forecast. The group moved on without assigning it.
[NEXT]
",,,,,,,
csa_0335,"Perhaps Omar could refresh the quarterly sales forecast if there is time, but this was not agreed.",hypothetical,discussion_topic,not_action,named_owner|deliverable_object|hypothetical_language,analytics,speech_act_014_analytics,train,ai_authored_speech_act_contrast_v1,assistant_reviewed_candidate,high,Label and negative-state relationship checked against canonical staged semantics.,,"Perhaps Omar could refresh the quarterly sales forecast if there is time, but this was not agreed.",,"[PREVIOUS]

[CURRENT]
Perhaps Omar could refresh the quarterly sales forecast if there is time, but this was not agreed.
[NEXT]
",,,,,,,
csa_0336,"Omar: I might refresh the quarterly sales forecast, depending on capacity. Lead: Treat that as an idea, not an action.",explicitly_uncommitted,discussion_topic,not_action,named_owner|deliverable_object|hypothetical_language,analytics,speech_act_014_analytics,train,ai_authored_speech_act_contrast_v1,assistant_reviewed_candidate,high,Label and negative-state relationship checked against canonical staged semantics.,,"Omar: I might refresh the quarterly sales forecast, depending on capacity. Lead: Treat that as an idea, not an action.",,"[PREVIOUS]

[CURRENT]
Omar: I might refresh the quarterly sales forecast, depending on capacity. Lead: Treat that as an idea, not an action.
[NEXT]
",,,,,,,
csa_0337,Omar already completed the work to refresh the quarterly sales forecast yesterday.,completed_history,background_context,completed_history,named_owner|deliverable_object|completed_tense,analytics,speech_act_014_analytics,train,ai_authored_speech_act_contrast_v1,assistant_reviewed_candidate,high,Label and negative-state relationship checked against canonical staged semantics.,,Omar already completed the work to refresh the quarterly sales forecast yesterday.,,"[PREVIOUS]

[CURRENT]
Omar already completed the work to refresh the quarterly sales forecast yesterday.
[NEXT]
",,,,,,,
csa_0338,Lead: Omar should refresh the quarterly sales forecast. Omar: That's already done; it closed yesterday.,completed_correction,background_context,completed_history,named_owner|deliverable_object|completed_tense,analytics,speech_act_014_analytics,train,ai_authored_speech_act_contrast_v1,assistant_reviewed_candidate,high,Label and negative-state relationship checked against canonical staged semantics.,,Lead: Omar should refresh the quarterly sales forecast. Omar: That's already done; it closed yesterday.,,"[PREVIOUS]

[CURRENT]
Lead: Omar should refresh the quarterly sales forecast. Omar: That's already done; it closed yesterday.
[NEXT]
",,,,,,,
csa_0339,Do not refresh the quarterly sales forecast; that proposed action has been cancelled.,rejection,decision_agreement,not_action,deliverable_object|decision_language,analytics,speech_act_014_analytics,train,ai_authored_speech_act_contrast_v1,assistant_reviewed_candidate,high,Label and negative-state relationship checked against canonical staged semantics.,,Do not refresh the quarterly sales forecast; that proposed action has been cancelled.,,"[PREVIOUS]

[CURRENT]
Do not refresh the quarterly sales forecast; that proposed action has been cancelled.
[NEXT]
",,,,,,,
csa_0340,Earlier we asked Omar to refresh the quarterly sales forecast. That assignment is withdrawn and must not remain open.,superseded_action,decision_agreement,not_action,named_owner|deliverable_object|decision_language,analytics,speech_act_014_analytics,train,ai_authored_speech_act_contrast_v1,assistant_reviewed_candidate,high,Label and negative-state relationship checked against canonical staged semantics.,,Earlier we asked Omar to refresh the quarterly sales forecast. That assignment is withdrawn and must not remain open.,,"[PREVIOUS]

[CURRENT]
Earlier we asked Omar to refresh the quarterly sales forecast. That assignment is withdrawn and must not remain open.
[NEXT]
",,,,,,,
csa_0341,The team agreed to focus pipeline reviews on logistics and healthcare.,decision,decision_agreement,not_action,decision_language|deliverable_object,analytics,speech_act_014_analytics,train,ai_authored_speech_act_contrast_v1,assistant_reviewed_candidate,high,Label and negative-state relationship checked against canonical staged semantics.,,The team agreed to focus pipeline reviews on logistics and healthcare.,,"[PREVIOUS]

[CURRENT]
The team agreed to focus pipeline reviews on logistics and healthcare.
[NEXT]
",,,,,,,
csa_0342,"Option A was discussed, but the final position is to focus pipeline reviews on logistics and healthcare.",decision_after_alternative,decision_agreement,not_action,decision_language|deliverable_object,analytics,speech_act_014_analytics,train,ai_authored_speech_act_contrast_v1,assistant_reviewed_candidate,high,Label and negative-state relationship checked against canonical staged semantics.,,"Option A was discussed, but the final position is to focus pipeline reviews on logistics and healthcare.",,"[PREVIOUS]

[CURRENT]
Option A was discussed, but the final position is to focus pipeline reviews on logistics and healthcare.
[NEXT]
",,,,,,,
csa_0343,"Lead: Shall we focus pipeline reviews on logistics and healthcare?
Team: Agreed. That's the approach we will use.",proposal_acceptance_decision,decision_agreement,not_action,decision_language|deliverable_object,analytics,speech_act_014_analytics,train,ai_authored_speech_act_contrast_v1,assistant_reviewed_candidate,high,Label and negative-state relationship checked against canonical staged semantics.,,"Lead: Shall we focus pipeline reviews on logistics and healthcare?
Team: Agreed. That's the approach we will use.",,"[PREVIOUS]

[CURRENT]
Lead: Shall we focus pipeline reviews on logistics and healthcare?
Team: Agreed. That's the approach we will use.
[NEXT]
",,,,,,,
csa_0344,"One option would be to focus pipeline reviews on logistics and healthcare, although no decision was made.",unconfirmed_option,discussion_topic,not_action,hypothetical_language|deliverable_object,analytics,speech_act_014_analytics,train,ai_authored_speech_act_contrast_v1,assistant_reviewed_candidate,high,Label and negative-state relationship checked against canonical staged semantics.,,"One option would be to focus pipeline reviews on logistics and healthcare, although no decision was made.",,"[PREVIOUS]

[CURRENT]
One option would be to focus pipeline reviews on logistics and healthcare, although no decision was made.
[NEXT]
",,,,,,,
csa_0345,The team identified that two unqualified opportunities may distort the forecast.,risk,risk_dependency,not_action,risk_language|deliverable_object,analytics,speech_act_014_analytics,train,ai_authored_speech_act_contrast_v1,assistant_reviewed_candidate,high,Label and negative-state relationship checked against canonical staged semantics.,,The team identified that two unqualified opportunities may distort the forecast.,,"[PREVIOUS]

[CURRENT]
The team identified that two unqualified opportunities may distort the forecast.
[NEXT]
",,,,,,,
csa_0346,"If the dependency is not resolved, two unqualified opportunities may distort the forecast. The issue remains open.",conditional_risk,risk_dependency,not_action,risk_language|deliverable_object,analytics,speech_act_014_analytics,train,ai_authored_speech_act_contrast_v1,assistant_reviewed_candidate,high,Label and negative-state relationship checked against canonical staged semantics.,,"If the dependency is not resolved, two unqualified opportunities may distort the forecast. The issue remains open.",,"[PREVIOUS]

[CURRENT]
If the dependency is not resolved, two unqualified opportunities may distort the forecast. The issue remains open.
[NEXT]
",,,,,,,
csa_0347,"The team checked whether two unqualified opportunities may distort the forecast, but evidence confirmed the exposure is closed and no monitoring is required.",closed_risk_negative,background_context,not_action,deliverable_object|completed_tense,analytics,speech_act_014_analytics,train,ai_authored_speech_act_contrast_v1,assistant_reviewed_candidate,medium,Label and negative-state relationship checked against canonical staged semantics.,,"The team checked whether two unqualified opportunities may distort the forecast, but evidence confirmed the exposure is closed and no monitoring is required.",,"[PREVIOUS]

[CURRENT]
The team checked whether two unqualified opportunities may distort the forecast, but evidence confirmed the exposure is closed and no monitoring is required.
[NEXT]
",,,,,,,
csa_0348,The current position is that the analytics work remains in progress.,informational,background_context,not_action,,analytics,speech_act_014_analytics,train,ai_authored_speech_act_contrast_v1,assistant_reviewed_candidate,high,Label and negative-state relationship checked against canonical staged semantics.,,The current position is that the analytics work remains in progress.,,"[PREVIOUS]

[CURRENT]
The current position is that the analytics work remains in progress.
[NEXT]
",,,,,,,
csa_0349,Can everyone see the analytics screen? We will pause for two minutes before continuing.,administrative,low_value_noise,not_action,,analytics,speech_act_014_analytics,train,ai_authored_speech_act_contrast_v1,assistant_reviewed_candidate,high,Label and negative-state relationship checked against canonical staged semantics.,,Can everyone see the analytics screen? We will pause for two minutes before continuing.,,"[PREVIOUS]

[CURRENT]
Can everyone see the analytics screen? We will pause for two minutes before continuing.
[NEXT]
",,,,,,,
csa_0350,"Omar: I promise I'll bring coffee to the next analytics call. This is social chat, not project work.",social_false_commitment,low_value_noise,not_action,named_owner,analytics,speech_act_014_analytics,train,ai_authored_speech_act_contrast_v1,assistant_reviewed_candidate,high,Label and negative-state relationship checked against canonical staged semantics.,,"Omar: I promise I'll bring coffee to the next analytics call. This is social chat, not project work.",,"[PREVIOUS]

[CURRENT]
Omar: I promise I'll bring coffee to the next analytics call. This is social chat, not project work.
[NEXT]
",,,,,,,
csa_0351,Priya: I'll upload the signed corrective-action response by close tomorrow.,commitment,action_commitment,confirmed_action,named_owner|explicit_commitment_verb|deliverable_object|deadline_or_sequence,quality,speech_act_015_quality,train,ai_authored_speech_act_contrast_v1,assistant_reviewed_candidate,high,Label and negative-state relationship checked against canonical staged semantics.,,Priya: I'll upload the signed corrective-action response by close tomorrow.,,"[PREVIOUS]

[CURRENT]
Priya: I'll upload the signed corrective-action response by close tomorrow.
[NEXT]
",,,,,,,
csa_0352,Priya: I can upload the signed corrective-action response. I'll have it done by close tomorrow.,volunteer_commitment,action_commitment,confirmed_action,named_owner|explicit_commitment_verb|deliverable_object|deadline_or_sequence,quality,speech_act_015_quality,train,ai_authored_speech_act_contrast_v1,assistant_reviewed_candidate,high,Label and negative-state relationship checked against canonical staged semantics.,,Priya: I can upload the signed corrective-action response. I'll have it done by close tomorrow.,,"[PREVIOUS]

[CURRENT]
Priya: I can upload the signed corrective-action response. I'll have it done by close tomorrow.
[NEXT]
",,,,,,,
csa_0353,"Could Priya upload the signed corrective-action response by close tomorrow? Priya: Yes, I'll take that.",request_acceptance_thread,action_commitment,confirmed_action,named_owner|explicit_commitment_verb|deliverable_object|deadline_or_sequence,quality,speech_act_015_quality,train,ai_authored_speech_act_contrast_v1,assistant_reviewed_candidate,high,Label and negative-state relationship checked against canonical staged semantics.,,"Could Priya upload the signed corrective-action response by close tomorrow? Priya: Yes, I'll take that.",,"[PREVIOUS]

[CURRENT]
Could Priya upload the signed corrective-action response by close tomorrow? Priya: Yes, I'll take that.
[NEXT]
",,,,,,,
csa_0354,"Lead: Can you upload the signed corrective-action response?
Priya: Yes.
Lead: Can you finish by close tomorrow?
Priya: That works.",distributed_request_acceptance,action_commitment,confirmed_action,named_owner|explicit_commitment_verb|deliverable_object|deadline_or_sequence,quality,speech_act_015_quality,train,ai_authored_speech_act_contrast_v1,assistant_reviewed_candidate,high,Label and negative-state relationship checked against canonical staged semantics.,,"Lead: Can you upload the signed corrective-action response?
Priya: Yes.
Lead: Can you finish by close tomorrow?
Priya: That works.",,"[PREVIOUS]

[CURRENT]
Lead: Can you upload the signed corrective-action response?
Priya: Yes.
Lead: Can you finish by close tomorrow?
Priya: That works.
[NEXT]
",,,,,,,
csa_0355,Priya to upload the signed corrective-action response; due close tomorrow.,minutes_assignment,action_commitment,confirmed_action,named_owner|explicit_commitment_verb|deliverable_object|deadline_or_sequence,quality,speech_act_015_quality,train,ai_authored_speech_act_contrast_v1,assistant_reviewed_candidate,high,Label and negative-state relationship checked against canonical staged semantics.,,Priya to upload the signed corrective-action response; due close tomorrow.,,"[PREVIOUS]

[CURRENT]
Priya to upload the signed corrective-action response; due close tomorrow.
[NEXT]
",,,,,,,
csa_0356,"Actions recap: Priya, you're taking the item to upload the signed corrective-action response. Priya: Correct, by close tomorrow.",recap_assignment,action_commitment,confirmed_action,named_owner|explicit_commitment_verb|deliverable_object|deadline_or_sequence,quality,speech_act_015_quality,train,ai_authored_speech_act_contrast_v1,assistant_reviewed_candidate,high,Label and negative-state relationship checked against canonical staged semantics.,,"Actions recap: Priya, you're taking the item to upload the signed corrective-action response. Priya: Correct, by close tomorrow.",,"[PREVIOUS]

[CURRENT]
Actions recap: Priya, you're taking the item to upload the signed corrective-action response. Priya: Correct, by close tomorrow.
[NEXT]
",,,,,,,
csa_0357,We need someone to upload the signed corrective-action response. Priya: Leave that with me; close tomorrow is fine.,contextual_volunteer,action_commitment,confirmed_action,named_owner|explicit_commitment_verb|deliverable_object|deadline_or_sequence,quality,speech_act_015_quality,train,ai_authored_speech_act_contrast_v1,assistant_reviewed_candidate,high,Label and negative-state relationship checked against canonical staged semantics.,,We need someone to upload the signed corrective-action response. Priya: Leave that with me; close tomorrow is fine.,,"[PREVIOUS]

[CURRENT]
We need someone to upload the signed corrective-action response. Priya: Leave that with me; close tomorrow is fine.
[NEXT]
",,,,,,,
csa_0358,"We need to upload the signed corrective-action response, but nobody accepted ownership or timing.",ownerless_need,discussion_topic,possible_action,explicit_commitment_verb|deliverable_object,quality,speech_act_015_quality,train,ai_authored_speech_act_contrast_v1,assistant_reviewed_candidate,medium,Label and negative-state relationship checked against canonical staged semantics.,,"We need to upload the signed corrective-action response, but nobody accepted ownership or timing.",,"[PREVIOUS]

[CURRENT]
We need to upload the signed corrective-action response, but nobody accepted ownership or timing.
[NEXT]
",,,,,,,
csa_0359,It would help to upload the signed corrective-action response. The group moved on without assigning it.,unassigned_suggestion,discussion_topic,possible_action,deliverable_object,quality,speech_act_015_quality,train,ai_authored_speech_act_contrast_v1,assistant_reviewed_candidate,medium,Label and negative-state relationship checked against canonical staged semantics.,,It would help to upload the signed corrective-action response. The group moved on without assigning it.,,"[PREVIOUS]

[CURRENT]
It would help to upload the signed corrective-action response. The group moved on without assigning it.
[NEXT]
",,,,,,,
csa_0360,"Perhaps Priya could upload the signed corrective-action response if there is time, but this was not agreed.",hypothetical,discussion_topic,not_action,named_owner|deliverable_object|hypothetical_language,quality,speech_act_015_quality,train,ai_authored_speech_act_contrast_v1,assistant_reviewed_candidate,high,Label and negative-state relationship checked against canonical staged semantics.,,"Perhaps Priya could upload the signed corrective-action response if there is time, but this was not agreed.",,"[PREVIOUS]

[CURRENT]
Perhaps Priya could upload the signed corrective-action response if there is time, but this was not agreed.
[NEXT]
",,,,,,,
csa_0361,"Priya: I might upload the signed corrective-action response, depending on capacity. Lead: Treat that as an idea, not an action.",explicitly_uncommitted,discussion_topic,not_action,named_owner|deliverable_object|hypothetical_language,quality,speech_act_015_quality,train,ai_authored_speech_act_contrast_v1,assistant_reviewed_candidate,high,Label and negative-state relationship checked against canonical staged semantics.,,"Priya: I might upload the signed corrective-action response, depending on capacity. Lead: Treat that as an idea, not an action.",,"[PREVIOUS]

[CURRENT]
Priya: I might upload the signed corrective-action response, depending on capacity. Lead: Treat that as an idea, not an action.
[NEXT]
",,,,,,,
csa_0362,Priya already completed the work to upload the signed corrective-action response yesterday.,completed_history,background_context,completed_history,named_owner|deliverable_object|completed_tense,quality,speech_act_015_quality,train,ai_authored_speech_act_contrast_v1,assistant_reviewed_candidate,high,Label and negative-state relationship checked against canonical staged semantics.,,Priya already completed the work to upload the signed corrective-action response yesterday.,,"[PREVIOUS]

[CURRENT]
Priya already completed the work to upload the signed corrective-action response yesterday.
[NEXT]
",,,,,,,
csa_0363,Lead: Priya should upload the signed corrective-action response. Priya: That's already done; it closed yesterday.,completed_correction,background_context,completed_history,named_owner|deliverable_object|completed_tense,quality,speech_act_015_quality,train,ai_authored_speech_act_contrast_v1,assistant_reviewed_candidate,high,Label and negative-state relationship checked against canonical staged semantics.,,Lead: Priya should upload the signed corrective-action response. Priya: That's already done; it closed yesterday.,,"[PREVIOUS]

[CURRENT]
Lead: Priya should upload the signed corrective-action response. Priya: That's already done; it closed yesterday.
[NEXT]
",,,,,,,
csa_0364,Do not upload the signed corrective-action response; that proposed action has been cancelled.,rejection,decision_agreement,not_action,deliverable_object|decision_language,quality,speech_act_015_quality,train,ai_authored_speech_act_contrast_v1,assistant_reviewed_candidate,high,Label and negative-state relationship checked against canonical staged semantics.,,Do not upload the signed corrective-action response; that proposed action has been cancelled.,,"[PREVIOUS]

[CURRENT]
Do not upload the signed corrective-action response; that proposed action has been cancelled.
[NEXT]
",,,,,,,
csa_0365,Earlier we asked Priya to upload the signed corrective-action response. That assignment is withdrawn and must not remain open.,superseded_action,decision_agreement,not_action,named_owner|deliverable_object|decision_language,quality,speech_act_015_quality,train,ai_authored_speech_act_contrast_v1,assistant_reviewed_candidate,high,Label and negative-state relationship checked against canonical staged semantics.,,Earlier we asked Priya to upload the signed corrective-action response. That assignment is withdrawn and must not remain open.,,"[PREVIOUS]

[CURRENT]
Earlier we asked Priya to upload the signed corrective-action response. That assignment is withdrawn and must not remain open.
[NEXT]
",,,,,,,
csa_0366,The team agreed to retain the supplier on the approved list.,decision,decision_agreement,not_action,decision_language|deliverable_object,quality,speech_act_015_quality,train,ai_authored_speech_act_contrast_v1,assistant_reviewed_candidate,high,Label and negative-state relationship checked against canonical staged semantics.,,The team agreed to retain the supplier on the approved list.,,"[PREVIOUS]

[CURRENT]
The team agreed to retain the supplier on the approved list.
[NEXT]
",,,,,,,
csa_0367,"Option A was discussed, but the final position is to retain the supplier on the approved list.",decision_after_alternative,decision_agreement,not_action,decision_language|deliverable_object,quality,speech_act_015_quality,train,ai_authored_speech_act_contrast_v1,assistant_reviewed_candidate,high,Label and negative-state relationship checked against canonical staged semantics.,,"Option A was discussed, but the final position is to retain the supplier on the approved list.",,"[PREVIOUS]

[CURRENT]
Option A was discussed, but the final position is to retain the supplier on the approved list.
[NEXT]
",,,,,,,
csa_0368,"Lead: Shall we retain the supplier on the approved list?
Team: Agreed. That's the approach we will use.",proposal_acceptance_decision,decision_agreement,not_action,decision_language|deliverable_object,quality,speech_act_015_quality,train,ai_authored_speech_act_contrast_v1,assistant_reviewed_candidate,high,Label and negative-state relationship checked against canonical staged semantics.,,"Lead: Shall we retain the supplier on the approved list?
Team: Agreed. That's the approach we will use.",,"[PREVIOUS]

[CURRENT]
Lead: Shall we retain the supplier on the approved list?
Team: Agreed. That's the approach we will use.
[NEXT]
",,,,,,,
csa_0369,"One option would be to retain the supplier on the approved list, although no decision was made.",unconfirmed_option,discussion_topic,not_action,hypothetical_language|deliverable_object,quality,speech_act_015_quality,train,ai_authored_speech_act_contrast_v1,assistant_reviewed_candidate,high,Label and negative-state relationship checked against canonical staged semantics.,,"One option would be to retain the supplier on the approved list, although no decision was made.",,"[PREVIOUS]

[CURRENT]
One option would be to retain the supplier on the approved list, although no decision was made.
[NEXT]
",,,,,,,
csa_0370,The team identified that an overdue corrective action could affect supplier approval.,risk,risk_dependency,not_action,risk_language|deliverable_object,quality,speech_act_015_quality,train,ai_authored_speech_act_contrast_v1,assistant_reviewed_candidate,high,Label and negative-state relationship checked against canonical staged semantics.,,The team identified that an overdue corrective action could affect supplier approval.,,"[PREVIOUS]

[CURRENT]
The team identified that an overdue corrective action could affect supplier approval.
[NEXT]
",,,,,,,
csa_0371,"If the dependency is not resolved, an overdue corrective action could affect supplier approval. The issue remains open.",conditional_risk,risk_dependency,not_action,risk_language|deliverable_object,quality,speech_act_015_quality,train,ai_authored_speech_act_contrast_v1,assistant_reviewed_candidate,high,Label and negative-state relationship checked against canonical staged semantics.,,"If the dependency is not resolved, an overdue corrective action could affect supplier approval. The issue remains open.",,"[PREVIOUS]

[CURRENT]
If the dependency is not resolved, an overdue corrective action could affect supplier approval. The issue remains open.
[NEXT]
",,,,,,,
csa_0372,"The team checked whether an overdue corrective action could affect supplier approval, but evidence confirmed the exposure is closed and no monitoring is required.",closed_risk_negative,background_context,not_action,deliverable_object|completed_tense,quality,speech_act_015_quality,train,ai_authored_speech_act_contrast_v1,assistant_reviewed_candidate,medium,Label and negative-state relationship checked against canonical staged semantics.,,"The team checked whether an overdue corrective action could affect supplier approval, but evidence confirmed the exposure is closed and no monitoring is required.",,"[PREVIOUS]

[CURRENT]
The team checked whether an overdue corrective action could affect supplier approval, but evidence confirmed the exposure is closed and no monitoring is required.
[NEXT]
",,,,,,,
csa_0373,The current position is that the quality work remains in progress.,informational,background_context,not_action,,quality,speech_act_015_quality,train,ai_authored_speech_act_contrast_v1,assistant_reviewed_candidate,high,Label and negative-state relationship checked against canonical staged semantics.,,The current position is that the quality work remains in progress.,,"[PREVIOUS]

[CURRENT]
The current position is that the quality work remains in progress.
[NEXT]
",,,,,,,
csa_0374,Can everyone see the quality screen? We will pause for two minutes before continuing.,administrative,low_value_noise,not_action,,quality,speech_act_015_quality,train,ai_authored_speech_act_contrast_v1,assistant_reviewed_candidate,high,Label and negative-state relationship checked against canonical staged semantics.,,Can everyone see the quality screen? We will pause for two minutes before continuing.,,"[PREVIOUS]

[CURRENT]
Can everyone see the quality screen? We will pause for two minutes before continuing.
[NEXT]
",,,,,,,
csa_0375,"Priya: I promise I'll bring coffee to the next quality call. This is social chat, not project work.",social_false_commitment,low_value_noise,not_action,named_owner,quality,speech_act_015_quality,train,ai_authored_speech_act_contrast_v1,assistant_reviewed_candidate,high,Label and negative-state relationship checked against canonical staged semantics.,,"Priya: I promise I'll bring coffee to the next quality call. This is social chat, not project work.",,"[PREVIOUS]

[CURRENT]
Priya: I promise I'll bring coffee to the next quality call. This is social chat, not project work.
[NEXT]
",,,,,,,
csa_0376,David: I'll reschedule the programme check-in by today.,commitment,action_commitment,confirmed_action,named_owner|explicit_commitment_verb|deliverable_object|deadline_or_sequence,planning,speech_act_016_planning,validation,ai_authored_speech_act_contrast_v1,assistant_reviewed_candidate,high,Label and negative-state relationship checked against canonical staged semantics.,,David: I'll reschedule the programme check-in by today.,,"[PREVIOUS]

[CURRENT]
David: I'll reschedule the programme check-in by today.
[NEXT]
",,,,,,,
csa_0377,David: I can reschedule the programme check-in. I'll have it done by today.,volunteer_commitment,action_commitment,confirmed_action,named_owner|explicit_commitment_verb|deliverable_object|deadline_or_sequence,planning,speech_act_016_planning,validation,ai_authored_speech_act_contrast_v1,assistant_reviewed_candidate,high,Label and negative-state relationship checked against canonical staged semantics.,,David: I can reschedule the programme check-in. I'll have it done by today.,,"[PREVIOUS]

[CURRENT]
David: I can reschedule the programme check-in. I'll have it done by today.
[NEXT]
",,,,,,,
csa_0378,"Could David reschedule the programme check-in by today? David: Yes, I'll take that.",request_acceptance_thread,action_commitment,confirmed_action,named_owner|explicit_commitment_verb|deliverable_object|deadline_or_sequence,planning,speech_act_016_planning,validation,ai_authored_speech_act_contrast_v1,assistant_reviewed_candidate,high,Label and negative-state relationship checked against canonical staged semantics.,,"Could David reschedule the programme check-in by today? David: Yes, I'll take that.",,"[PREVIOUS]

[CURRENT]
Could David reschedule the programme check-in by today? David: Yes, I'll take that.
[NEXT]
",,,,,,,
csa_0379,"Lead: Can you reschedule the programme check-in?
David: Yes.
Lead: Can you finish by today?
David: That works.",distributed_request_acceptance,action_commitment,confirmed_action,named_owner|explicit_commitment_verb|deliverable_object|deadline_or_sequence,planning,speech_act_016_planning,validation,ai_authored_speech_act_contrast_v1,assistant_reviewed_candidate,high,Label and negative-state relationship checked against canonical staged semantics.,,"Lead: Can you reschedule the programme check-in?
David: Yes.
Lead: Can you finish by today?
David: That works.",,"[PREVIOUS]

[CURRENT]
Lead: Can you reschedule the programme check-in?
David: Yes.
Lead: Can you finish by today?
David: That works.
[NEXT]
",,,,,,,
csa_0380,David to reschedule the programme check-in; due today.,minutes_assignment,action_commitment,confirmed_action,named_owner|explicit_commitment_verb|deliverable_object|deadline_or_sequence,planning,speech_act_016_planning,validation,ai_authored_speech_act_contrast_v1,assistant_reviewed_candidate,high,Label and negative-state relationship checked against canonical staged semantics.,,David to reschedule the programme check-in; due today.,,"[PREVIOUS]

[CURRENT]
David to reschedule the programme check-in; due today.
[NEXT]
",,,,,,,
csa_0381,"Actions recap: David, you're taking the item to reschedule the programme check-in. David: Correct, by today.",recap_assignment,action_commitment,confirmed_action,named_owner|explicit_commitment_verb|deliverable_object|deadline_or_sequence,planning,speech_act_016_planning,validation,ai_authored_speech_act_contrast_v1,assistant_reviewed_candidate,high,Label and negative-state relationship checked against canonical staged semantics.,,"Actions recap: David, you're taking the item to reschedule the programme check-in. David: Correct, by today.",,"[PREVIOUS]

[CURRENT]
Actions recap: David, you're taking the item to reschedule the programme check-in. David: Correct, by today.
[NEXT]
",,,,,,,
csa_0382,We need someone to reschedule the programme check-in. David: Leave that with me; today is fine.,contextual_volunteer,action_commitment,confirmed_action,named_owner|explicit_commitment_verb|deliverable_object|deadline_or_sequence,planning,speech_act_016_planning,validation,ai_authored_speech_act_contrast_v1,assistant_reviewed_candidate,high,Label and negative-state relationship checked against canonical staged semantics.,,We need someone to reschedule the programme check-in. David: Leave that with me; today is fine.,,"[PREVIOUS]

[CURRENT]
We need someone to reschedule the programme check-in. David: Leave that with me; today is fine.
[NEXT]
",,,,,,,
csa_0383,"We need to reschedule the programme check-in, but nobody accepted ownership or timing.",ownerless_need,discussion_topic,possible_action,explicit_commitment_verb|deliverable_object,planning,speech_act_016_planning,validation,ai_authored_speech_act_contrast_v1,assistant_reviewed_candidate,medium,Label and negative-state relationship checked against canonical staged semantics.,,"We need to reschedule the programme check-in, but nobody accepted ownership or timing.",,"[PREVIOUS]

[CURRENT]
We need to reschedule the programme check-in, but nobody accepted ownership or timing.
[NEXT]
",,,,,,,
csa_0384,It would help to reschedule the programme check-in. The group moved on without assigning it.,unassigned_suggestion,discussion_topic,possible_action,deliverable_object,planning,speech_act_016_planning,validation,ai_authored_speech_act_contrast_v1,assistant_reviewed_candidate,medium,Label and negative-state relationship checked against canonical staged semantics.,,It would help to reschedule the programme check-in. The group moved on without assigning it.,,"[PREVIOUS]

[CURRENT]
It would help to reschedule the programme check-in. The group moved on without assigning it.
[NEXT]
",,,,,,,
csa_0385,"Perhaps David could reschedule the programme check-in if there is time, but this was not agreed.",hypothetical,discussion_topic,not_action,named_owner|deliverable_object|hypothetical_language,planning,speech_act_016_planning,validation,ai_authored_speech_act_contrast_v1,assistant_reviewed_candidate,high,Label and negative-state relationship checked against canonical staged semantics.,,"Perhaps David could reschedule the programme check-in if there is time, but this was not agreed.",,"[PREVIOUS]

[CURRENT]
Perhaps David could reschedule the programme check-in if there is time, but this was not agreed.
[NEXT]
",,,,,,,
csa_0386,"David: I might reschedule the programme check-in, depending on capacity. Lead: Treat that as an idea, not an action.",explicitly_uncommitted,discussion_topic,not_action,named_owner|deliverable_object|hypothetical_language,planning,speech_act_016_planning,validation,ai_authored_speech_act_contrast_v1,assistant_reviewed_candidate,high,Label and negative-state relationship checked against canonical staged semantics.,,"David: I might reschedule the programme check-in, depending on capacity. Lead: Treat that as an idea, not an action.",,"[PREVIOUS]

[CURRENT]
David: I might reschedule the programme check-in, depending on capacity. Lead: Treat that as an idea, not an action.
[NEXT]
",,,,,,,
csa_0387,David already completed the work to reschedule the programme check-in yesterday.,completed_history,background_context,completed_history,named_owner|deliverable_object|completed_tense,planning,speech_act_016_planning,validation,ai_authored_speech_act_contrast_v1,assistant_reviewed_candidate,high,Label and negative-state relationship checked against canonical staged semantics.,,David already completed the work to reschedule the programme check-in yesterday.,,"[PREVIOUS]

[CURRENT]
David already completed the work to reschedule the programme check-in yesterday.
[NEXT]
",,,,,,,
csa_0388,Lead: David should reschedule the programme check-in. David: That's already done; it closed yesterday.,completed_correction,background_context,completed_history,named_owner|deliverable_object|completed_tense,planning,speech_act_016_planning,validation,ai_authored_speech_act_contrast_v1,assistant_reviewed_candidate,high,Label and negative-state relationship checked against canonical staged semantics.,,Lead: David should reschedule the programme check-in. David: That's already done; it closed yesterday.,,"[PREVIOUS]

[CURRENT]
Lead: David should reschedule the programme check-in. David: That's already done; it closed yesterday.
[NEXT]
",,,,,,,
csa_0389,Do not reschedule the programme check-in; that proposed action has been cancelled.,rejection,decision_agreement,not_action,deliverable_object|decision_language,planning,speech_act_016_planning,validation,ai_authored_speech_act_contrast_v1,assistant_reviewed_candidate,high,Label and negative-state relationship checked against canonical staged semantics.,,Do not reschedule the programme check-in; that proposed action has been cancelled.,,"[PREVIOUS]

[CURRENT]
Do not reschedule the programme check-in; that proposed action has been cancelled.
[NEXT]
",,,,,,,
csa_0390,Earlier we asked David to reschedule the programme check-in. That assignment is withdrawn and must not remain open.,superseded_action,decision_agreement,not_action,named_owner|deliverable_object|decision_language,planning,speech_act_016_planning,validation,ai_authored_speech_act_contrast_v1,assistant_reviewed_candidate,high,Label and negative-state relationship checked against canonical staged semantics.,,Earlier we asked David to reschedule the programme check-in. That assignment is withdrawn and must not remain open.,,"[PREVIOUS]

[CURRENT]
Earlier we asked David to reschedule the programme check-in. That assignment is withdrawn and must not remain open.
[NEXT]
",,,,,,,
csa_0391,The team agreed to hold the check-in on Friday at noon.,decision,decision_agreement,not_action,decision_language|deliverable_object,planning,speech_act_016_planning,validation,ai_authored_speech_act_contrast_v1,assistant_reviewed_candidate,high,Label and negative-state relationship checked against canonical staged semantics.,,The team agreed to hold the check-in on Friday at noon.,,"[PREVIOUS]

[CURRENT]
The team agreed to hold the check-in on Friday at noon.
[NEXT]
",,,,,,,
csa_0392,"Option A was discussed, but the final position is to hold the check-in on Friday at noon.",decision_after_alternative,decision_agreement,not_action,decision_language|deliverable_object,planning,speech_act_016_planning,validation,ai_authored_speech_act_contrast_v1,assistant_reviewed_candidate,high,Label and negative-state relationship checked against canonical staged semantics.,,"Option A was discussed, but the final position is to hold the check-in on Friday at noon.",,"[PREVIOUS]

[CURRENT]
Option A was discussed, but the final position is to hold the check-in on Friday at noon.
[NEXT]
",,,,,,,
csa_0393,"Lead: Shall we hold the check-in on Friday at noon?
Team: Agreed. That's the approach we will use.",proposal_acceptance_decision,decision_agreement,not_action,decision_language|deliverable_object,planning,speech_act_016_planning,validation,ai_authored_speech_act_contrast_v1,assistant_reviewed_candidate,high,Label and negative-state relationship checked against canonical staged semantics.,,"Lead: Shall we hold the check-in on Friday at noon?
Team: Agreed. That's the approach we will use.",,"[PREVIOUS]

[CURRENT]
Lead: Shall we hold the check-in on Friday at noon?
Team: Agreed. That's the approach we will use.
[NEXT]
",,,,,,,
csa_0394,"One option would be to hold the check-in on Friday at noon, although no decision was made.",unconfirmed_option,discussion_topic,not_action,hypothetical_language|deliverable_object,planning,speech_act_016_planning,validation,ai_authored_speech_act_contrast_v1,assistant_reviewed_candidate,high,Label and negative-state relationship checked against canonical staged semantics.,,"One option would be to hold the check-in on Friday at noon, although no decision was made.",,"[PREVIOUS]

[CURRENT]
One option would be to hold the check-in on Friday at noon, although no decision was made.
[NEXT]
",,,,,,,
csa_0395,The team identified that the proposed time may conflict with the client workshop.,risk,risk_dependency,not_action,risk_language|deliverable_object,planning,speech_act_016_planning,validation,ai_authored_speech_act_contrast_v1,assistant_reviewed_candidate,high,Label and negative-state relationship checked against canonical staged semantics.,,The team identified that the proposed time may conflict with the client workshop.,,"[PREVIOUS]

[CURRENT]
The team identified that the proposed time may conflict with the client workshop.
[NEXT]
",,,,,,,
csa_0396,"If the dependency is not resolved, the proposed time may conflict with the client workshop. The issue remains open.",conditional_risk,risk_dependency,not_action,risk_language|deliverable_object,planning,speech_act_016_planning,validation,ai_authored_speech_act_contrast_v1,assistant_reviewed_candidate,high,Label and negative-state relationship checked against canonical staged semantics.,,"If the dependency is not resolved, the proposed time may conflict with the client workshop. The issue remains open.",,"[PREVIOUS]

[CURRENT]
If the dependency is not resolved, the proposed time may conflict with the client workshop. The issue remains open.
[NEXT]
",,,,,,,
csa_0397,"The team checked whether the proposed time may conflict with the client workshop, but evidence confirmed the exposure is closed and no monitoring is required.",closed_risk_negative,background_context,not_action,deliverable_object|completed_tense,planning,speech_act_016_planning,validation,ai_authored_speech_act_contrast_v1,assistant_reviewed_candidate,medium,Label and negative-state relationship checked against canonical staged semantics.,,"The team checked whether the proposed time may conflict with the client workshop, but evidence confirmed the exposure is closed and no monitoring is required.",,"[PREVIOUS]

[CURRENT]
The team checked whether the proposed time may conflict with the client workshop, but evidence confirmed the exposure is closed and no monitoring is required.
[NEXT]
",,,,,,,
csa_0398,The current position is that the planning work remains in progress.,informational,background_context,not_action,,planning,speech_act_016_planning,validation,ai_authored_speech_act_contrast_v1,assistant_reviewed_candidate,high,Label and negative-state relationship checked against canonical staged semantics.,,The current position is that the planning work remains in progress.,,"[PREVIOUS]

[CURRENT]
The current position is that the planning work remains in progress.
[NEXT]
",,,,,,,
csa_0399,Can everyone see the planning screen? We will pause for two minutes before continuing.,administrative,low_value_noise,not_action,,planning,speech_act_016_planning,validation,ai_authored_speech_act_contrast_v1,assistant_reviewed_candidate,high,Label and negative-state relationship checked against canonical staged semantics.,,Can everyone see the planning screen? We will pause for two minutes before continuing.,,"[PREVIOUS]

[CURRENT]
Can everyone see the planning screen? We will pause for two minutes before continuing.
[NEXT]
",,,,,,,
csa_0400,"David: I promise I'll bring coffee to the next planning call. This is social chat, not project work.",social_false_commitment,low_value_noise,not_action,named_owner,planning,speech_act_016_planning,validation,ai_authored_speech_act_contrast_v1,assistant_reviewed_candidate,high,Label and negative-state relationship checked against canonical staged semantics.,,"David: I promise I'll bring coffee to the next planning call. This is social chat, not project work.",,"[PREVIOUS]

[CURRENT]
David: I promise I'll bring coffee to the next planning call. This is social chat, not project work.
[NEXT]
",,,,,,,
csa_0401,Fatima: I'll verify the customer mapping file by Thursday.,commitment,action_commitment,confirmed_action,named_owner|explicit_commitment_verb|deliverable_object|deadline_or_sequence,data_migration,speech_act_017_data_migration,train,ai_authored_speech_act_contrast_v1,assistant_reviewed_candidate,high,Label and negative-state relationship checked against canonical staged semantics.,,Fatima: I'll verify the customer mapping file by Thursday.,,"[PREVIOUS]

[CURRENT]
Fatima: I'll verify the customer mapping file by Thursday.
[NEXT]
",,,,,,,
csa_0402,Fatima: I can verify the customer mapping file. I'll have it done by Thursday.,volunteer_commitment,action_commitment,confirmed_action,named_owner|explicit_commitment_verb|deliverable_object|deadline_or_sequence,data_migration,speech_act_017_data_migration,train,ai_authored_speech_act_contrast_v1,assistant_reviewed_candidate,high,Label and negative-state relationship checked against canonical staged semantics.,,Fatima: I can verify the customer mapping file. I'll have it done by Thursday.,,"[PREVIOUS]

[CURRENT]
Fatima: I can verify the customer mapping file. I'll have it done by Thursday.
[NEXT]
",,,,,,,
csa_0403,"Could Fatima verify the customer mapping file by Thursday? Fatima: Yes, I'll take that.",request_acceptance_thread,action_commitment,confirmed_action,named_owner|explicit_commitment_verb|deliverable_object|deadline_or_sequence,data_migration,speech_act_017_data_migration,train,ai_authored_speech_act_contrast_v1,assistant_reviewed_candidate,high,Label and negative-state relationship checked against canonical staged semantics.,,"Could Fatima verify the customer mapping file by Thursday? Fatima: Yes, I'll take that.",,"[PREVIOUS]

[CURRENT]
Could Fatima verify the customer mapping file by Thursday? Fatima: Yes, I'll take that.
[NEXT]
",,,,,,,
csa_0404,"Lead: Can you verify the customer mapping file?
Fatima: Yes.
Lead: Can you finish by Thursday?
Fatima: That works.",distributed_request_acceptance,action_commitment,confirmed_action,named_owner|explicit_commitment_verb|deliverable_object|deadline_or_sequence,data_migration,speech_act_017_data_migration,train,ai_authored_speech_act_contrast_v1,assistant_reviewed_candidate,high,Label and negative-state relationship checked against canonical staged semantics.,,"Lead: Can you verify the customer mapping file?
Fatima: Yes.
Lead: Can you finish by Thursday?
Fatima: That works.",,"[PREVIOUS]

[CURRENT]
Lead: Can you verify the customer mapping file?
Fatima: Yes.
Lead: Can you finish by Thursday?
Fatima: That works.
[NEXT]
",,,,,,,
csa_0405,Fatima to verify the customer mapping file; due Thursday.,minutes_assignment,action_commitment,confirmed_action,named_owner|explicit_commitment_verb|deliverable_object|deadline_or_sequence,data_migration,speech_act_017_data_migration,train,ai_authored_speech_act_contrast_v1,assistant_reviewed_candidate,high,Label and negative-state relationship checked against canonical staged semantics.,,Fatima to verify the customer mapping file; due Thursday.,,"[PREVIOUS]

[CURRENT]
Fatima to verify the customer mapping file; due Thursday.
[NEXT]
",,,,,,,
csa_0406,"Actions recap: Fatima, you're taking the item to verify the customer mapping file. Fatima: Correct, by Thursday.",recap_assignment,action_commitment,confirmed_action,named_owner|explicit_commitment_verb|deliverable_object|deadline_or_sequence,data_migration,speech_act_017_data_migration,train,ai_authored_speech_act_contrast_v1,assistant_reviewed_candidate,high,Label and negative-state relationship checked against canonical staged semantics.,,"Actions recap: Fatima, you're taking the item to verify the customer mapping file. Fatima: Correct, by Thursday.",,"[PREVIOUS]

[CURRENT]
Actions recap: Fatima, you're taking the item to verify the customer mapping file. Fatima: Correct, by Thursday.
[NEXT]
",,,,,,,
csa_0407,We need someone to verify the customer mapping file. Fatima: Leave that with me; Thursday is fine.,contextual_volunteer,action_commitment,confirmed_action,named_owner|explicit_commitment_verb|deliverable_object|deadline_or_sequence,data_migration,speech_act_017_data_migration,train,ai_authored_speech_act_contrast_v1,assistant_reviewed_candidate,high,Label and negative-state relationship checked against canonical staged semantics.,,We need someone to verify the customer mapping file. Fatima: Leave that with me; Thursday is fine.,,"[PREVIOUS]

[CURRENT]
We need someone to verify the customer mapping file. Fatima: Leave that with me; Thursday is fine.
[NEXT]
",,,,,,,
csa_0408,"We need to verify the customer mapping file, but nobody accepted ownership or timing.",ownerless_need,discussion_topic,possible_action,explicit_commitment_verb|deliverable_object,data_migration,speech_act_017_data_migration,train,ai_authored_speech_act_contrast_v1,assistant_reviewed_candidate,medium,Label and negative-state relationship checked against canonical staged semantics.,,"We need to verify the customer mapping file, but nobody accepted ownership or timing.",,"[PREVIOUS]

[CURRENT]
We need to verify the customer mapping file, but nobody accepted ownership or timing.
[NEXT]
",,,,,,,
csa_0409,It would help to verify the customer mapping file. The group moved on without assigning it.,unassigned_suggestion,discussion_topic,possible_action,deliverable_object,data_migration,speech_act_017_data_migration,train,ai_authored_speech_act_contrast_v1,assistant_reviewed_candidate,medium,Label and negative-state relationship checked against canonical staged semantics.,,It would help to verify the customer mapping file. The group moved on without assigning it.,,"[PREVIOUS]

[CURRENT]
It would help to verify the customer mapping file. The group moved on without assigning it.
[NEXT]
",,,,,,,
csa_0410,"Perhaps Fatima could verify the customer mapping file if there is time, but this was not agreed.",hypothetical,discussion_topic,not_action,named_owner|deliverable_object|hypothetical_language,data_migration,speech_act_017_data_migration,train,ai_authored_speech_act_contrast_v1,assistant_reviewed_candidate,high,Label and negative-state relationship checked against canonical staged semantics.,,"Perhaps Fatima could verify the customer mapping file if there is time, but this was not agreed.",,"[PREVIOUS]

[CURRENT]
Perhaps Fatima could verify the customer mapping file if there is time, but this was not agreed.
[NEXT]
",,,,,,,
csa_0411,"Fatima: I might verify the customer mapping file, depending on capacity. Lead: Treat that as an idea, not an action.",explicitly_uncommitted,discussion_topic,not_action,named_owner|deliverable_object|hypothetical_language,data_migration,speech_act_017_data_migration,train,ai_authored_speech_act_contrast_v1,assistant_reviewed_candidate,high,Label and negative-state relationship checked against canonical staged semantics.,,"Fatima: I might verify the customer mapping file, depending on capacity. Lead: Treat that as an idea, not an action.",,"[PREVIOUS]

[CURRENT]
Fatima: I might verify the customer mapping file, depending on capacity. Lead: Treat that as an idea, not an action.
[NEXT]
",,,,,,,
csa_0412,Fatima already completed the work to verify the customer mapping file yesterday.,completed_history,background_context,completed_history,named_owner|deliverable_object|completed_tense,data_migration,speech_act_017_data_migration,train,ai_authored_speech_act_contrast_v1,assistant_reviewed_candidate,high,Label and negative-state relationship checked against canonical staged semantics.,,Fatima already completed the work to verify the customer mapping file yesterday.,,"[PREVIOUS]

[CURRENT]
Fatima already completed the work to verify the customer mapping file yesterday.
[NEXT]
",,,,,,,
csa_0413,Lead: Fatima should verify the customer mapping file. Fatima: That's already done; it closed yesterday.,completed_correction,background_context,completed_history,named_owner|deliverable_object|completed_tense,data_migration,speech_act_017_data_migration,train,ai_authored_speech_act_contrast_v1,assistant_reviewed_candidate,high,Label and negative-state relationship checked against canonical staged semantics.,,Lead: Fatima should verify the customer mapping file. Fatima: That's already done; it closed yesterday.,,"[PREVIOUS]

[CURRENT]
Lead: Fatima should verify the customer mapping file. Fatima: That's already done; it closed yesterday.
[NEXT]
",,,,,,,
csa_0414,Do not verify the customer mapping file; that proposed action has been cancelled.,rejection,decision_agreement,not_action,deliverable_object|decision_language,data_migration,speech_act_017_data_migration,train,ai_authored_speech_act_contrast_v1,assistant_reviewed_candidate,high,Label and negative-state relationship checked against canonical staged semantics.,,Do not verify the customer mapping file; that proposed action has been cancelled.,,"[PREVIOUS]

[CURRENT]
Do not verify the customer mapping file; that proposed action has been cancelled.
[NEXT]
",,,,,,,
csa_0415,Earlier we asked Fatima to verify the customer mapping file. That assignment is withdrawn and must not remain open.,superseded_action,decision_agreement,not_action,named_owner|deliverable_object|decision_language,data_migration,speech_act_017_data_migration,train,ai_authored_speech_act_contrast_v1,assistant_reviewed_candidate,high,Label and negative-state relationship checked against canonical staged semantics.,,Earlier we asked Fatima to verify the customer mapping file. That assignment is withdrawn and must not remain open.,,"[PREVIOUS]

[CURRENT]
Earlier we asked Fatima to verify the customer mapping file. That assignment is withdrawn and must not remain open.
[NEXT]
",,,,,,,
csa_0416,The team agreed to run a phased migration by region.,decision,decision_agreement,not_action,decision_language|deliverable_object,data_migration,speech_act_017_data_migration,train,ai_authored_speech_act_contrast_v1,assistant_reviewed_candidate,high,Label and negative-state relationship checked against canonical staged semantics.,,The team agreed to run a phased migration by region.,,"[PREVIOUS]

[CURRENT]
The team agreed to run a phased migration by region.
[NEXT]
",,,,,,,
csa_0417,"Option A was discussed, but the final position is to run a phased migration by region.",decision_after_alternative,decision_agreement,not_action,decision_language|deliverable_object,data_migration,speech_act_017_data_migration,train,ai_authored_speech_act_contrast_v1,assistant_reviewed_candidate,high,Label and negative-state relationship checked against canonical staged semantics.,,"Option A was discussed, but the final position is to run a phased migration by region.",,"[PREVIOUS]

[CURRENT]
Option A was discussed, but the final position is to run a phased migration by region.
[NEXT]
",,,,,,,
csa_0418,"Lead: Shall we run a phased migration by region?
Team: Agreed. That's the approach we will use.",proposal_acceptance_decision,decision_agreement,not_action,decision_language|deliverable_object,data_migration,speech_act_017_data_migration,train,ai_authored_speech_act_contrast_v1,assistant_reviewed_candidate,high,Label and negative-state relationship checked against canonical staged semantics.,,"Lead: Shall we run a phased migration by region?
Team: Agreed. That's the approach we will use.",,"[PREVIOUS]

[CURRENT]
Lead: Shall we run a phased migration by region?
Team: Agreed. That's the approach we will use.
[NEXT]
",,,,,,,
csa_0419,"One option would be to run a phased migration by region, although no decision was made.",unconfirmed_option,discussion_topic,not_action,hypothetical_language|deliverable_object,data_migration,speech_act_017_data_migration,train,ai_authored_speech_act_contrast_v1,assistant_reviewed_candidate,high,Label and negative-state relationship checked against canonical staged semantics.,,"One option would be to run a phased migration by region, although no decision was made.",,"[PREVIOUS]

[CURRENT]
One option would be to run a phased migration by region, although no decision was made.
[NEXT]
",,,,,,,
csa_0420,The team identified that duplicate customer identifiers could corrupt the import.,risk,risk_dependency,not_action,risk_language|deliverable_object,data_migration,speech_act_017_data_migration,train,ai_authored_speech_act_contrast_v1,assistant_reviewed_candidate,high,Label and negative-state relationship checked against canonical staged semantics.,,The team identified that duplicate customer identifiers could corrupt the import.,,"[PREVIOUS]

[CURRENT]
The team identified that duplicate customer identifiers could corrupt the import.
[NEXT]
",,,,,,,
csa_0421,"If the dependency is not resolved, duplicate customer identifiers could corrupt the import. The issue remains open.",conditional_risk,risk_dependency,not_action,risk_language|deliverable_object,data_migration,speech_act_017_data_migration,train,ai_authored_speech_act_contrast_v1,assistant_reviewed_candidate,high,Label and negative-state relationship checked against canonical staged semantics.,,"If the dependency is not resolved, duplicate customer identifiers could corrupt the import. The issue remains open.",,"[PREVIOUS]

[CURRENT]
If the dependency is not resolved, duplicate customer identifiers could corrupt the import. The issue remains open.
[NEXT]
",,,,,,,
csa_0422,"The team checked whether duplicate customer identifiers could corrupt the import, but evidence confirmed the exposure is closed and no monitoring is required.",closed_risk_negative,background_context,not_action,deliverable_object|completed_tense,data_migration,speech_act_017_data_migration,train,ai_authored_speech_act_contrast_v1,assistant_reviewed_candidate,medium,Label and negative-state relationship checked against canonical staged semantics.,,"The team checked whether duplicate customer identifiers could corrupt the import, but evidence confirmed the exposure is closed and no monitoring is required.",,"[PREVIOUS]

[CURRENT]
The team checked whether duplicate customer identifiers could corrupt the import, but evidence confirmed the exposure is closed and no monitoring is required.
[NEXT]
",,,,,,,
csa_0423,The current position is that the data migration work remains in progress.,informational,background_context,not_action,,data_migration,speech_act_017_data_migration,train,ai_authored_speech_act_contrast_v1,assistant_reviewed_candidate,high,Label and negative-state relationship checked against canonical staged semantics.,,The current position is that the data migration work remains in progress.,,"[PREVIOUS]

[CURRENT]
The current position is that the data migration work remains in progress.
[NEXT]
",,,,,,,
csa_0424,Can everyone see the data migration screen? We will pause for two minutes before continuing.,administrative,low_value_noise,not_action,,data_migration,speech_act_017_data_migration,train,ai_authored_speech_act_contrast_v1,assistant_reviewed_candidate,high,Label and negative-state relationship checked against canonical staged semantics.,,Can everyone see the data migration screen? We will pause for two minutes before continuing.,,"[PREVIOUS]

[CURRENT]
Can everyone see the data migration screen? We will pause for two minutes before continuing.
[NEXT]
",,,,,,,
csa_0425,"Fatima: I promise I'll bring coffee to the next data migration call. This is social chat, not project work.",social_false_commitment,low_value_noise,not_action,named_owner,data_migration,speech_act_017_data_migration,train,ai_authored_speech_act_contrast_v1,assistant_reviewed_candidate,high,Label and negative-state relationship checked against canonical staged semantics.,,"Fatima: I promise I'll bring coffee to the next data migration call. This is social chat, not project work.",,"[PREVIOUS]

[CURRENT]
Fatima: I promise I'll bring coffee to the next data migration call. This is social chat, not project work.
[NEXT]
",,,,,,,
csa_0426,Gabriel: I'll remove two fields from the registration form by before release.,commitment,action_commitment,confirmed_action,named_owner|explicit_commitment_verb|deliverable_object|deadline_or_sequence,product,speech_act_018_product,train,ai_authored_speech_act_contrast_v1,assistant_reviewed_candidate,high,Label and negative-state relationship checked against canonical staged semantics.,,Gabriel: I'll remove two fields from the registration form by before release.,,"[PREVIOUS]

[CURRENT]
Gabriel: I'll remove two fields from the registration form by before release.
[NEXT]
",,,,,,,
csa_0427,Gabriel: I can remove two fields from the registration form. I'll have it done by before release.,volunteer_commitment,action_commitment,confirmed_action,named_owner|explicit_commitment_verb|deliverable_object|deadline_or_sequence,product,speech_act_018_product,train,ai_authored_speech_act_contrast_v1,assistant_reviewed_candidate,high,Label and negative-state relationship checked against canonical staged semantics.,,Gabriel: I can remove two fields from the registration form. I'll have it done by before release.,,"[PREVIOUS]

[CURRENT]
Gabriel: I can remove two fields from the registration form. I'll have it done by before release.
[NEXT]
",,,,,,,
csa_0428,"Could Gabriel remove two fields from the registration form by before release? Gabriel: Yes, I'll take that.",request_acceptance_thread,action_commitment,confirmed_action,named_owner|explicit_commitment_verb|deliverable_object|deadline_or_sequence,product,speech_act_018_product,train,ai_authored_speech_act_contrast_v1,assistant_reviewed_candidate,high,Label and negative-state relationship checked against canonical staged semantics.,,"Could Gabriel remove two fields from the registration form by before release? Gabriel: Yes, I'll take that.",,"[PREVIOUS]

[CURRENT]
Could Gabriel remove two fields from the registration form by before release? Gabriel: Yes, I'll take that.
[NEXT]
",,,,,,,
csa_0429,"Lead: Can you remove two fields from the registration form?
Gabriel: Yes.
Lead: Can you finish by before release?
Gabriel: That works.",distributed_request_acceptance,action_commitment,confirmed_action,named_owner|explicit_commitment_verb|deliverable_object|deadline_or_sequence,product,speech_act_018_product,train,ai_authored_speech_act_contrast_v1,assistant_reviewed_candidate,high,Label and negative-state relationship checked against canonical staged semantics.,,"Lead: Can you remove two fields from the registration form?
Gabriel: Yes.
Lead: Can you finish by before release?
Gabriel: That works.",,"[PREVIOUS]

[CURRENT]
Lead: Can you remove two fields from the registration form?
Gabriel: Yes.
Lead: Can you finish by before release?
Gabriel: That works.
[NEXT]
",,,,,,,
csa_0430,Gabriel to remove two fields from the registration form; due before release.,minutes_assignment,action_commitment,confirmed_action,named_owner|explicit_commitment_verb|deliverable_object|deadline_or_sequence,product,speech_act_018_product,train,ai_authored_speech_act_contrast_v1,assistant_reviewed_candidate,high,Label and negative-state relationship checked against canonical staged semantics.,,Gabriel to remove two fields from the registration form; due before release.,,"[PREVIOUS]

[CURRENT]
Gabriel to remove two fields from the registration form; due before release.
[NEXT]
",,,,,,,
csa_0431,"Actions recap: Gabriel, you're taking the item to remove two fields from the registration form. Gabriel: Correct, by before release.",recap_assignment,action_commitment,confirmed_action,named_owner|explicit_commitment_verb|deliverable_object|deadline_or_sequence,product,speech_act_018_product,train,ai_authored_speech_act_contrast_v1,assistant_reviewed_candidate,high,Label and negative-state relationship checked against canonical staged semantics.,,"Actions recap: Gabriel, you're taking the item to remove two fields from the registration form. Gabriel: Correct, by before release.",,"[PREVIOUS]

[CURRENT]
Actions recap: Gabriel, you're taking the item to remove two fields from the registration form. Gabriel: Correct, by before release.
[NEXT]
",,,,,,,
csa_0432,We need someone to remove two fields from the registration form. Gabriel: Leave that with me; before release is fine.,contextual_volunteer,action_commitment,confirmed_action,named_owner|explicit_commitment_verb|deliverable_object|deadline_or_sequence,product,speech_act_018_product,train,ai_authored_speech_act_contrast_v1,assistant_reviewed_candidate,high,Label and negative-state relationship checked against canonical staged semantics.,,We need someone to remove two fields from the registration form. Gabriel: Leave that with me; before release is fine.,,"[PREVIOUS]

[CURRENT]
We need someone to remove two fields from the registration form. Gabriel: Leave that with me; before release is fine.
[NEXT]
",,,,,,,
csa_0433,"We need to remove two fields from the registration form, but nobody accepted ownership or timing.",ownerless_need,discussion_topic,possible_action,explicit_commitment_verb|deliverable_object,product,speech_act_018_product,train,ai_authored_speech_act_contrast_v1,assistant_reviewed_candidate,medium,Label and negative-state relationship checked against canonical staged semantics.,,"We need to remove two fields from the registration form, but nobody accepted ownership or timing.",,"[PREVIOUS]

[CURRENT]
We need to remove two fields from the registration form, but nobody accepted ownership or timing.
[NEXT]
",,,,,,,
csa_0434,It would help to remove two fields from the registration form. The group moved on without assigning it.,unassigned_suggestion,discussion_topic,possible_action,deliverable_object,product,speech_act_018_product,train,ai_authored_speech_act_contrast_v1,assistant_reviewed_candidate,medium,Label and negative-state relationship checked against canonical staged semantics.,,It would help to remove two fields from the registration form. The group moved on without assigning it.,,"[PREVIOUS]

[CURRENT]
It would help to remove two fields from the registration form. The group moved on without assigning it.
[NEXT]
",,,,,,,
csa_0435,"Perhaps Gabriel could remove two fields from the registration form if there is time, but this was not agreed.",hypothetical,discussion_topic,not_action,named_owner|deliverable_object|hypothetical_language,product,speech_act_018_product,train,ai_authored_speech_act_contrast_v1,assistant_reviewed_candidate,high,Label and negative-state relationship checked against canonical staged semantics.,,"Perhaps Gabriel could remove two fields from the registration form if there is time, but this was not agreed.",,"[PREVIOUS]

[CURRENT]
Perhaps Gabriel could remove two fields from the registration form if there is time, but this was not agreed.
[NEXT]
",,,,,,,
csa_0436,"Gabriel: I might remove two fields from the registration form, depending on capacity. Lead: Treat that as an idea, not an action.",explicitly_uncommitted,discussion_topic,not_action,named_owner|deliverable_object|hypothetical_language,product,speech_act_018_product,train,ai_authored_speech_act_contrast_v1,assistant_reviewed_candidate,high,Label and negative-state relationship checked against canonical staged semantics.,,"Gabriel: I might remove two fields from the registration form, depending on capacity. Lead: Treat that as an idea, not an action.",,"[PREVIOUS]

[CURRENT]
Gabriel: I might remove two fields from the registration form, depending on capacity. Lead: Treat that as an idea, not an action.
[NEXT]
",,,,,,,
csa_0437,Gabriel already completed the work to remove two fields from the registration form yesterday.,completed_history,background_context,completed_history,named_owner|deliverable_object|completed_tense,product,speech_act_018_product,train,ai_authored_speech_act_contrast_v1,assistant_reviewed_candidate,high,Label and negative-state relationship checked against canonical staged semantics.,,Gabriel already completed the work to remove two fields from the registration form yesterday.,,"[PREVIOUS]

[CURRENT]
Gabriel already completed the work to remove two fields from the registration form yesterday.
[NEXT]
",,,,,,,
csa_0438,Lead: Gabriel should remove two fields from the registration form. Gabriel: That's already done; it closed yesterday.,completed_correction,background_context,completed_history,named_owner|deliverable_object|completed_tense,product,speech_act_018_product,train,ai_authored_speech_act_contrast_v1,assistant_reviewed_candidate,high,Label and negative-state relationship checked against canonical staged semantics.,,Lead: Gabriel should remove two fields from the registration form. Gabriel: That's already done; it closed yesterday.,,"[PREVIOUS]

[CURRENT]
Lead: Gabriel should remove two fields from the registration form. Gabriel: That's already done; it closed yesterday.
[NEXT]
",,,,,,,
csa_0439,Do not remove two fields from the registration form; that proposed action has been cancelled.,rejection,decision_agreement,not_action,deliverable_object|decision_language,product,speech_act_018_product,train,ai_authored_speech_act_contrast_v1,assistant_reviewed_candidate,high,Label and negative-state relationship checked against canonical staged semantics.,,Do not remove two fields from the registration form; that proposed action has been cancelled.,,"[PREVIOUS]

[CURRENT]
Do not remove two fields from the registration form; that proposed action has been cancelled.
[NEXT]
",,,,,,,
csa_0440,Earlier we asked Gabriel to remove two fields from the registration form. That assignment is withdrawn and must not remain open.,superseded_action,decision_agreement,not_action,named_owner|deliverable_object|decision_language,product,speech_act_018_product,train,ai_authored_speech_act_contrast_v1,assistant_reviewed_candidate,high,Label and negative-state relationship checked against canonical staged semantics.,,Earlier we asked Gabriel to remove two fields from the registration form. That assignment is withdrawn and must not remain open.,,"[PREVIOUS]

[CURRENT]
Earlier we asked Gabriel to remove two fields from the registration form. That assignment is withdrawn and must not remain open.
[NEXT]
",,,,,,,
csa_0441,The team agreed to use the shorter registration journey.,decision,decision_agreement,not_action,decision_language|deliverable_object,product,speech_act_018_product,train,ai_authored_speech_act_contrast_v1,assistant_reviewed_candidate,high,Label and negative-state relationship checked against canonical staged semantics.,,The team agreed to use the shorter registration journey.,,"[PREVIOUS]

[CURRENT]
The team agreed to use the shorter registration journey.
[NEXT]
",,,,,,,
csa_0442,"Option A was discussed, but the final position is to use the shorter registration journey.",decision_after_alternative,decision_agreement,not_action,decision_language|deliverable_object,product,speech_act_018_product,train,ai_authored_speech_act_contrast_v1,assistant_reviewed_candidate,high,Label and negative-state relationship checked against canonical staged semantics.,,"Option A was discussed, but the final position is to use the shorter registration journey.",,"[PREVIOUS]

[CURRENT]
Option A was discussed, but the final position is to use the shorter registration journey.
[NEXT]
",,,,,,,
csa_0443,"Lead: Shall we use the shorter registration journey?
Team: Agreed. That's the approach we will use.",proposal_acceptance_decision,decision_agreement,not_action,decision_language|deliverable_object,product,speech_act_018_product,train,ai_authored_speech_act_contrast_v1,assistant_reviewed_candidate,high,Label and negative-state relationship checked against canonical staged semantics.,,"Lead: Shall we use the shorter registration journey?
Team: Agreed. That's the approach we will use.",,"[PREVIOUS]

[CURRENT]
Lead: Shall we use the shorter registration journey?
Team: Agreed. That's the approach we will use.
[NEXT]
",,,,,,,
csa_0444,"One option would be to use the shorter registration journey, although no decision was made.",unconfirmed_option,discussion_topic,not_action,hypothetical_language|deliverable_object,product,speech_act_018_product,train,ai_authored_speech_act_contrast_v1,assistant_reviewed_candidate,high,Label and negative-state relationship checked against canonical staged semantics.,,"One option would be to use the shorter registration journey, although no decision was made.",,"[PREVIOUS]

[CURRENT]
One option would be to use the shorter registration journey, although no decision was made.
[NEXT]
",,,,,,,
csa_0445,The team identified that removing mandatory fields could weaken reporting.,risk,risk_dependency,not_action,risk_language|deliverable_object,product,speech_act_018_product,train,ai_authored_speech_act_contrast_v1,assistant_reviewed_candidate,high,Label and negative-state relationship checked against canonical staged semantics.,,The team identified that removing mandatory fields could weaken reporting.,,"[PREVIOUS]

[CURRENT]
The team identified that removing mandatory fields could weaken reporting.
[NEXT]
",,,,,,,
csa_0446,"If the dependency is not resolved, removing mandatory fields could weaken reporting. The issue remains open.",conditional_risk,risk_dependency,not_action,risk_language|deliverable_object,product,speech_act_018_product,train,ai_authored_speech_act_contrast_v1,assistant_reviewed_candidate,high,Label and negative-state relationship checked against canonical staged semantics.,,"If the dependency is not resolved, removing mandatory fields could weaken reporting. The issue remains open.",,"[PREVIOUS]

[CURRENT]
If the dependency is not resolved, removing mandatory fields could weaken reporting. The issue remains open.
[NEXT]
",,,,,,,
csa_0447,"The team checked whether removing mandatory fields could weaken reporting, but evidence confirmed the exposure is closed and no monitoring is required.",closed_risk_negative,background_context,not_action,deliverable_object|completed_tense,product,speech_act_018_product,train,ai_authored_speech_act_contrast_v1,assistant_reviewed_candidate,medium,Label and negative-state relationship checked against canonical staged semantics.,,"The team checked whether removing mandatory fields could weaken reporting, but evidence confirmed the exposure is closed and no monitoring is required.",,"[PREVIOUS]

[CURRENT]
The team checked whether removing mandatory fields could weaken reporting, but evidence confirmed the exposure is closed and no monitoring is required.
[NEXT]
",,,,,,,
csa_0448,The current position is that the product work remains in progress.,informational,background_context,not_action,,product,speech_act_018_product,train,ai_authored_speech_act_contrast_v1,assistant_reviewed_candidate,high,Label and negative-state relationship checked against canonical staged semantics.,,The current position is that the product work remains in progress.,,"[PREVIOUS]

[CURRENT]
The current position is that the product work remains in progress.
[NEXT]
",,,,,,,
csa_0449,Can everyone see the product screen? We will pause for two minutes before continuing.,administrative,low_value_noise,not_action,,product,speech_act_018_product,train,ai_authored_speech_act_contrast_v1,assistant_reviewed_candidate,high,Label and negative-state relationship checked against canonical staged semantics.,,Can everyone see the product screen? We will pause for two minutes before continuing.,,"[PREVIOUS]

[CURRENT]
Can everyone see the product screen? We will pause for two minutes before continuing.
[NEXT]
",,,,,,,
csa_0450,"Gabriel: I promise I'll bring coffee to the next product call. This is social chat, not project work.",social_false_commitment,low_value_noise,not_action,named_owner,product,speech_act_018_product,train,ai_authored_speech_act_contrast_v1,assistant_reviewed_candidate,high,Label and negative-state relationship checked against canonical staged semantics.,,"Gabriel: I promise I'll bring coffee to the next product call. This is social chat, not project work.",,"[PREVIOUS]

[CURRENT]
Gabriel: I promise I'll bring coffee to the next product call. This is social chat, not project work.
[NEXT]
",,,,,,,
csa_0451,Anika: I'll confirm the laboratory access list by Monday.,commitment,action_commitment,confirmed_action,named_owner|explicit_commitment_verb|deliverable_object|deadline_or_sequence,facilities,speech_act_019_facilities,test,ai_authored_speech_act_contrast_v1,assistant_reviewed_candidate,high,Label and negative-state relationship checked against canonical staged semantics.,,Anika: I'll confirm the laboratory access list by Monday.,,"[PREVIOUS]

[CURRENT]
Anika: I'll confirm the laboratory access list by Monday.
[NEXT]
",,,,,,,
csa_0452,Anika: I can confirm the laboratory access list. I'll have it done by Monday.,volunteer_commitment,action_commitment,confirmed_action,named_owner|explicit_commitment_verb|deliverable_object|deadline_or_sequence,facilities,speech_act_019_facilities,test,ai_authored_speech_act_contrast_v1,assistant_reviewed_candidate,high,Label and negative-state relationship checked against canonical staged semantics.,,Anika: I can confirm the laboratory access list. I'll have it done by Monday.,,"[PREVIOUS]

[CURRENT]
Anika: I can confirm the laboratory access list. I'll have it done by Monday.
[NEXT]
",,,,,,,
csa_0453,"Could Anika confirm the laboratory access list by Monday? Anika: Yes, I'll take that.",request_acceptance_thread,action_commitment,confirmed_action,named_owner|explicit_commitment_verb|deliverable_object|deadline_or_sequence,facilities,speech_act_019_facilities,test,ai_authored_speech_act_contrast_v1,assistant_reviewed_candidate,high,Label and negative-state relationship checked against canonical staged semantics.,,"Could Anika confirm the laboratory access list by Monday? Anika: Yes, I'll take that.",,"[PREVIOUS]

[CURRENT]
Could Anika confirm the laboratory access list by Monday? Anika: Yes, I'll take that.
[NEXT]
",,,,,,,
csa_0454,"Lead: Can you confirm the laboratory access list?
Anika: Yes.
Lead: Can you finish by Monday?
Anika: That works.",distributed_request_acceptance,action_commitment,confirmed_action,named_owner|explicit_commitment_verb|deliverable_object|deadline_or_sequence,facilities,speech_act_019_facilities,test,ai_authored_speech_act_contrast_v1,assistant_reviewed_candidate,high,Label and negative-state relationship checked against canonical staged semantics.,,"Lead: Can you confirm the laboratory access list?
Anika: Yes.
Lead: Can you finish by Monday?
Anika: That works.",,"[PREVIOUS]

[CURRENT]
Lead: Can you confirm the laboratory access list?
Anika: Yes.
Lead: Can you finish by Monday?
Anika: That works.
[NEXT]
",,,,,,,
csa_0455,Anika to confirm the laboratory access list; due Monday.,minutes_assignment,action_commitment,confirmed_action,named_owner|explicit_commitment_verb|deliverable_object|deadline_or_sequence,facilities,speech_act_019_facilities,test,ai_authored_speech_act_contrast_v1,assistant_reviewed_candidate,high,Label and negative-state relationship checked against canonical staged semantics.,,Anika to confirm the laboratory access list; due Monday.,,"[PREVIOUS]

[CURRENT]
Anika to confirm the laboratory access list; due Monday.
[NEXT]
",,,,,,,
csa_0456,"Actions recap: Anika, you're taking the item to confirm the laboratory access list. Anika: Correct, by Monday.",recap_assignment,action_commitment,confirmed_action,named_owner|explicit_commitment_verb|deliverable_object|deadline_or_sequence,facilities,speech_act_019_facilities,test,ai_authored_speech_act_contrast_v1,assistant_reviewed_candidate,high,Label and negative-state relationship checked against canonical staged semantics.,,"Actions recap: Anika, you're taking the item to confirm the laboratory access list. Anika: Correct, by Monday.",,"[PREVIOUS]

[CURRENT]
Actions recap: Anika, you're taking the item to confirm the laboratory access list. Anika: Correct, by Monday.
[NEXT]
",,,,,,,
csa_0457,We need someone to confirm the laboratory access list. Anika: Leave that with me; Monday is fine.,contextual_volunteer,action_commitment,confirmed_action,named_owner|explicit_commitment_verb|deliverable_object|deadline_or_sequence,facilities,speech_act_019_facilities,test,ai_authored_speech_act_contrast_v1,assistant_reviewed_candidate,high,Label and negative-state relationship checked against canonical staged semantics.,,We need someone to confirm the laboratory access list. Anika: Leave that with me; Monday is fine.,,"[PREVIOUS]

[CURRENT]
We need someone to confirm the laboratory access list. Anika: Leave that with me; Monday is fine.
[NEXT]
",,,,,,,
csa_0458,"We need to confirm the laboratory access list, but nobody accepted ownership or timing.",ownerless_need,discussion_topic,possible_action,explicit_commitment_verb|deliverable_object,facilities,speech_act_019_facilities,test,ai_authored_speech_act_contrast_v1,assistant_reviewed_candidate,medium,Label and negative-state relationship checked against canonical staged semantics.,,"We need to confirm the laboratory access list, but nobody accepted ownership or timing.",,"[PREVIOUS]

[CURRENT]
We need to confirm the laboratory access list, but nobody accepted ownership or timing.
[NEXT]
",,,,,,,
csa_0459,It would help to confirm the laboratory access list. The group moved on without assigning it.,unassigned_suggestion,discussion_topic,possible_action,deliverable_object,facilities,speech_act_019_facilities,test,ai_authored_speech_act_contrast_v1,assistant_reviewed_candidate,medium,Label and negative-state relationship checked against canonical staged semantics.,,It would help to confirm the laboratory access list. The group moved on without assigning it.,,"[PREVIOUS]

[CURRENT]
It would help to confirm the laboratory access list. The group moved on without assigning it.
[NEXT]
",,,,,,,
csa_0460,"Perhaps Anika could confirm the laboratory access list if there is time, but this was not agreed.",hypothetical,discussion_topic,not_action,named_owner|deliverable_object|hypothetical_language,facilities,speech_act_019_facilities,test,ai_authored_speech_act_contrast_v1,assistant_reviewed_candidate,high,Label and negative-state relationship checked against canonical staged semantics.,,"Perhaps Anika could confirm the laboratory access list if there is time, but this was not agreed.",,"[PREVIOUS]

[CURRENT]
Perhaps Anika could confirm the laboratory access list if there is time, but this was not agreed.
[NEXT]
",,,,,,,
csa_0461,"Anika: I might confirm the laboratory access list, depending on capacity. Lead: Treat that as an idea, not an action.",explicitly_uncommitted,discussion_topic,not_action,named_owner|deliverable_object|hypothetical_language,facilities,speech_act_019_facilities,test,ai_authored_speech_act_contrast_v1,assistant_reviewed_candidate,high,Label and negative-state relationship checked against canonical staged semantics.,,"Anika: I might confirm the laboratory access list, depending on capacity. Lead: Treat that as an idea, not an action.",,"[PREVIOUS]

[CURRENT]
Anika: I might confirm the laboratory access list, depending on capacity. Lead: Treat that as an idea, not an action.
[NEXT]
",,,,,,,
csa_0462,Anika already completed the work to confirm the laboratory access list yesterday.,completed_history,background_context,completed_history,named_owner|deliverable_object|completed_tense,facilities,speech_act_019_facilities,test,ai_authored_speech_act_contrast_v1,assistant_reviewed_candidate,high,Label and negative-state relationship checked against canonical staged semantics.,,Anika already completed the work to confirm the laboratory access list yesterday.,,"[PREVIOUS]

[CURRENT]
Anika already completed the work to confirm the laboratory access list yesterday.
[NEXT]
",,,,,,,
csa_0463,Lead: Anika should confirm the laboratory access list. Anika: That's already done; it closed yesterday.,completed_correction,background_context,completed_history,named_owner|deliverable_object|completed_tense,facilities,speech_act_019_facilities,test,ai_authored_speech_act_contrast_v1,assistant_reviewed_candidate,high,Label and negative-state relationship checked against canonical staged semantics.,,Lead: Anika should confirm the laboratory access list. Anika: That's already done; it closed yesterday.,,"[PREVIOUS]

[CURRENT]
Lead: Anika should confirm the laboratory access list. Anika: That's already done; it closed yesterday.
[NEXT]
",,,,,,,
csa_0464,Do not confirm the laboratory access list; that proposed action has been cancelled.,rejection,decision_agreement,not_action,deliverable_object|decision_language,facilities,speech_act_019_facilities,test,ai_authored_speech_act_contrast_v1,assistant_reviewed_candidate,high,Label and negative-state relationship checked against canonical staged semantics.,,Do not confirm the laboratory access list; that proposed action has been cancelled.,,"[PREVIOUS]

[CURRENT]
Do not confirm the laboratory access list; that proposed action has been cancelled.
[NEXT]
",,,,,,,
csa_0465,Earlier we asked Anika to confirm the laboratory access list. That assignment is withdrawn and must not remain open.,superseded_action,decision_agreement,not_action,named_owner|deliverable_object|decision_language,facilities,speech_act_019_facilities,test,ai_authored_speech_act_contrast_v1,assistant_reviewed_candidate,high,Label and negative-state relationship checked against canonical staged semantics.,,Earlier we asked Anika to confirm the laboratory access list. That assignment is withdrawn and must not remain open.,,"[PREVIOUS]

[CURRENT]
Earlier we asked Anika to confirm the laboratory access list. That assignment is withdrawn and must not remain open.
[NEXT]
",,,,,,,
csa_0466,The team agreed to limit after-hours access to trained staff.,decision,decision_agreement,not_action,decision_language|deliverable_object,facilities,speech_act_019_facilities,test,ai_authored_speech_act_contrast_v1,assistant_reviewed_candidate,high,Label and negative-state relationship checked against canonical staged semantics.,,The team agreed to limit after-hours access to trained staff.,,"[PREVIOUS]

[CURRENT]
The team agreed to limit after-hours access to trained staff.
[NEXT]
",,,,,,,
csa_0467,"Option A was discussed, but the final position is to limit after-hours access to trained staff.",decision_after_alternative,decision_agreement,not_action,decision_language|deliverable_object,facilities,speech_act_019_facilities,test,ai_authored_speech_act_contrast_v1,assistant_reviewed_candidate,high,Label and negative-state relationship checked against canonical staged semantics.,,"Option A was discussed, but the final position is to limit after-hours access to trained staff.",,"[PREVIOUS]

[CURRENT]
Option A was discussed, but the final position is to limit after-hours access to trained staff.
[NEXT]
",,,,,,,
csa_0468,"Lead: Shall we limit after-hours access to trained staff?
Team: Agreed. That's the approach we will use.",proposal_acceptance_decision,decision_agreement,not_action,decision_language|deliverable_object,facilities,speech_act_019_facilities,test,ai_authored_speech_act_contrast_v1,assistant_reviewed_candidate,high,Label and negative-state relationship checked against canonical staged semantics.,,"Lead: Shall we limit after-hours access to trained staff?
Team: Agreed. That's the approach we will use.",,"[PREVIOUS]

[CURRENT]
Lead: Shall we limit after-hours access to trained staff?
Team: Agreed. That's the approach we will use.
[NEXT]
",,,,,,,
csa_0469,"One option would be to limit after-hours access to trained staff, although no decision was made.",unconfirmed_option,discussion_topic,not_action,hypothetical_language|deliverable_object,facilities,speech_act_019_facilities,test,ai_authored_speech_act_contrast_v1,assistant_reviewed_candidate,high,Label and negative-state relationship checked against canonical staged semantics.,,"One option would be to limit after-hours access to trained staff, although no decision was made.",,"[PREVIOUS]

[CURRENT]
One option would be to limit after-hours access to trained staff, although no decision was made.
[NEXT]
",,,,,,,
csa_0470,The team identified that unapproved access could breach safety controls.,risk,risk_dependency,not_action,risk_language|deliverable_object,facilities,speech_act_019_facilities,test,ai_authored_speech_act_contrast_v1,assistant_reviewed_candidate,high,Label and negative-state relationship checked against canonical staged semantics.,,The team identified that unapproved access could breach safety controls.,,"[PREVIOUS]

[CURRENT]
The team identified that unapproved access could breach safety controls.
[NEXT]
",,,,,,,
csa_0471,"If the dependency is not resolved, unapproved access could breach safety controls. The issue remains open.",conditional_risk,risk_dependency,not_action,risk_language|deliverable_object,facilities,speech_act_019_facilities,test,ai_authored_speech_act_contrast_v1,assistant_reviewed_candidate,high,Label and negative-state relationship checked against canonical staged semantics.,,"If the dependency is not resolved, unapproved access could breach safety controls. The issue remains open.",,"[PREVIOUS]

[CURRENT]
If the dependency is not resolved, unapproved access could breach safety controls. The issue remains open.
[NEXT]
",,,,,,,
csa_0472,"The team checked whether unapproved access could breach safety controls, but evidence confirmed the exposure is closed and no monitoring is required.",closed_risk_negative,background_context,not_action,deliverable_object|completed_tense,facilities,speech_act_019_facilities,test,ai_authored_speech_act_contrast_v1,assistant_reviewed_candidate,medium,Label and negative-state relationship checked against canonical staged semantics.,,"The team checked whether unapproved access could breach safety controls, but evidence confirmed the exposure is closed and no monitoring is required.",,"[PREVIOUS]

[CURRENT]
The team checked whether unapproved access could breach safety controls, but evidence confirmed the exposure is closed and no monitoring is required.
[NEXT]
",,,,,,,
csa_0473,The current position is that the facilities work remains in progress.,informational,background_context,not_action,,facilities,speech_act_019_facilities,test,ai_authored_speech_act_contrast_v1,assistant_reviewed_candidate,high,Label and negative-state relationship checked against canonical staged semantics.,,The current position is that the facilities work remains in progress.,,"[PREVIOUS]

[CURRENT]
The current position is that the facilities work remains in progress.
[NEXT]
",,,,,,,
csa_0474,Can everyone see the facilities screen? We will pause for two minutes before continuing.,administrative,low_value_noise,not_action,,facilities,speech_act_019_facilities,test,ai_authored_speech_act_contrast_v1,assistant_reviewed_candidate,high,Label and negative-state relationship checked against canonical staged semantics.,,Can everyone see the facilities screen? We will pause for two minutes before continuing.,,"[PREVIOUS]

[CURRENT]
Can everyone see the facilities screen? We will pause for two minutes before continuing.
[NEXT]
",,,,,,,
csa_0475,"Anika: I promise I'll bring coffee to the next facilities call. This is social chat, not project work.",social_false_commitment,low_value_noise,not_action,named_owner,facilities,speech_act_019_facilities,test,ai_authored_speech_act_contrast_v1,assistant_reviewed_candidate,high,Label and negative-state relationship checked against canonical staged semantics.,,"Anika: I promise I'll bring coffee to the next facilities call. This is social chat, not project work.",,"[PREVIOUS]

[CURRENT]
Anika: I promise I'll bring coffee to the next facilities call. This is social chat, not project work.
[NEXT]
",,,,,,,
csa_0476,Marcus: I'll send the revised facilitator pack by tomorrow morning.,commitment,action_commitment,confirmed_action,named_owner|explicit_commitment_verb|deliverable_object|deadline_or_sequence,training,speech_act_020_training,train,ai_authored_speech_act_contrast_v1,assistant_reviewed_candidate,high,Label and negative-state relationship checked against canonical staged semantics.,,Marcus: I'll send the revised facilitator pack by tomorrow morning.,,"[PREVIOUS]

[CURRENT]
Marcus: I'll send the revised facilitator pack by tomorrow morning.
[NEXT]
",,,,,,,
csa_0477,Marcus: I can send the revised facilitator pack. I'll have it done by tomorrow morning.,volunteer_commitment,action_commitment,confirmed_action,named_owner|explicit_commitment_verb|deliverable_object|deadline_or_sequence,training,speech_act_020_training,train,ai_authored_speech_act_contrast_v1,assistant_reviewed_candidate,high,Label and negative-state relationship checked against canonical staged semantics.,,Marcus: I can send the revised facilitator pack. I'll have it done by tomorrow morning.,,"[PREVIOUS]

[CURRENT]
Marcus: I can send the revised facilitator pack. I'll have it done by tomorrow morning.
[NEXT]
",,,,,,,
csa_0478,"Could Marcus send the revised facilitator pack by tomorrow morning? Marcus: Yes, I'll take that.",request_acceptance_thread,action_commitment,confirmed_action,named_owner|explicit_commitment_verb|deliverable_object|deadline_or_sequence,training,speech_act_020_training,train,ai_authored_speech_act_contrast_v1,assistant_reviewed_candidate,high,Label and negative-state relationship checked against canonical staged semantics.,,"Could Marcus send the revised facilitator pack by tomorrow morning? Marcus: Yes, I'll take that.",,"[PREVIOUS]

[CURRENT]
Could Marcus send the revised facilitator pack by tomorrow morning? Marcus: Yes, I'll take that.
[NEXT]
",,,,,,,
csa_0479,"Lead: Can you send the revised facilitator pack?
Marcus: Yes.
Lead: Can you finish by tomorrow morning?
Marcus: That works.",distributed_request_acceptance,action_commitment,confirmed_action,named_owner|explicit_commitment_verb|deliverable_object|deadline_or_sequence,training,speech_act_020_training,train,ai_authored_speech_act_contrast_v1,assistant_reviewed_candidate,high,Label and negative-state relationship checked against canonical staged semantics.,,"Lead: Can you send the revised facilitator pack?
Marcus: Yes.
Lead: Can you finish by tomorrow morning?
Marcus: That works.",,"[PREVIOUS]

[CURRENT]
Lead: Can you send the revised facilitator pack?
Marcus: Yes.
Lead: Can you finish by tomorrow morning?
Marcus: That works.
[NEXT]
",,,,,,,
csa_0480,Marcus to send the revised facilitator pack; due tomorrow morning.,minutes_assignment,action_commitment,confirmed_action,named_owner|explicit_commitment_verb|deliverable_object|deadline_or_sequence,training,speech_act_020_training,train,ai_authored_speech_act_contrast_v1,assistant_reviewed_candidate,high,Label and negative-state relationship checked against canonical staged semantics.,,Marcus to send the revised facilitator pack; due tomorrow morning.,,"[PREVIOUS]

[CURRENT]
Marcus to send the revised facilitator pack; due tomorrow morning.
[NEXT]
",,,,,,,
csa_0481,"Actions recap: Marcus, you're taking the item to send the revised facilitator pack. Marcus: Correct, by tomorrow morning.",recap_assignment,action_commitment,confirmed_action,named_owner|explicit_commitment_verb|deliverable_object|deadline_or_sequence,training,speech_act_020_training,train,ai_authored_speech_act_contrast_v1,assistant_reviewed_candidate,high,Label and negative-state relationship checked against canonical staged semantics.,,"Actions recap: Marcus, you're taking the item to send the revised facilitator pack. Marcus: Correct, by tomorrow morning.",,"[PREVIOUS]

[CURRENT]
Actions recap: Marcus, you're taking the item to send the revised facilitator pack. Marcus: Correct, by tomorrow morning.
[NEXT]
",,,,,,,
csa_0482,We need someone to send the revised facilitator pack. Marcus: Leave that with me; tomorrow morning is fine.,contextual_volunteer,action_commitment,confirmed_action,named_owner|explicit_commitment_verb|deliverable_object|deadline_or_sequence,training,speech_act_020_training,train,ai_authored_speech_act_contrast_v1,assistant_reviewed_candidate,high,Label and negative-state relationship checked against canonical staged semantics.,,We need someone to send the revised facilitator pack. Marcus: Leave that with me; tomorrow morning is fine.,,"[PREVIOUS]

[CURRENT]
We need someone to send the revised facilitator pack. Marcus: Leave that with me; tomorrow morning is fine.
[NEXT]
",,,,,,,
csa_0483,"We need to send the revised facilitator pack, but nobody accepted ownership or timing.",ownerless_need,discussion_topic,possible_action,explicit_commitment_verb|deliverable_object,training,speech_act_020_training,train,ai_authored_speech_act_contrast_v1,assistant_reviewed_candidate,medium,Label and negative-state relationship checked against canonical staged semantics.,,"We need to send the revised facilitator pack, but nobody accepted ownership or timing.",,"[PREVIOUS]

[CURRENT]
We need to send the revised facilitator pack, but nobody accepted ownership or timing.
[NEXT]
",,,,,,,
csa_0484,It would help to send the revised facilitator pack. The group moved on without assigning it.,unassigned_suggestion,discussion_topic,possible_action,deliverable_object,training,speech_act_020_training,train,ai_authored_speech_act_contrast_v1,assistant_reviewed_candidate,medium,Label and negative-state relationship checked against canonical staged semantics.,,It would help to send the revised facilitator pack. The group moved on without assigning it.,,"[PREVIOUS]

[CURRENT]
It would help to send the revised facilitator pack. The group moved on without assigning it.
[NEXT]
",,,,,,,
csa_0485,"Perhaps Marcus could send the revised facilitator pack if there is time, but this was not agreed.",hypothetical,discussion_topic,not_action,named_owner|deliverable_object|hypothetical_language,training,speech_act_020_training,train,ai_authored_speech_act_contrast_v1,assistant_reviewed_candidate,high,Label and negative-state relationship checked against canonical staged semantics.,,"Perhaps Marcus could send the revised facilitator pack if there is time, but this was not agreed.",,"[PREVIOUS]

[CURRENT]
Perhaps Marcus could send the revised facilitator pack if there is time, but this was not agreed.
[NEXT]
",,,,,,,
csa_0486,"Marcus: I might send the revised facilitator pack, depending on capacity. Lead: Treat that as an idea, not an action.",explicitly_uncommitted,discussion_topic,not_action,named_owner|deliverable_object|hypothetical_language,training,speech_act_020_training,train,ai_authored_speech_act_contrast_v1,assistant_reviewed_candidate,high,Label and negative-state relationship checked against canonical staged semantics.,,"Marcus: I might send the revised facilitator pack, depending on capacity. Lead: Treat that as an idea, not an action.",,"[PREVIOUS]

[CURRENT]
Marcus: I might send the revised facilitator pack, depending on capacity. Lead: Treat that as an idea, not an action.
[NEXT]
",,,,,,,
csa_0487,Marcus already completed the work to send the revised facilitator pack yesterday.,completed_history,background_context,completed_history,named_owner|deliverable_object|completed_tense,training,speech_act_020_training,train,ai_authored_speech_act_contrast_v1,assistant_reviewed_candidate,high,Label and negative-state relationship checked against canonical staged semantics.,,Marcus already completed the work to send the revised facilitator pack yesterday.,,"[PREVIOUS]

[CURRENT]
Marcus already completed the work to send the revised facilitator pack yesterday.
[NEXT]
",,,,,,,
csa_0488,Lead: Marcus should send the revised facilitator pack. Marcus: That's already done; it closed yesterday.,completed_correction,background_context,completed_history,named_owner|deliverable_object|completed_tense,training,speech_act_020_training,train,ai_authored_speech_act_contrast_v1,assistant_reviewed_candidate,high,Label and negative-state relationship checked against canonical staged semantics.,,Lead: Marcus should send the revised facilitator pack. Marcus: That's already done; it closed yesterday.,,"[PREVIOUS]

[CURRENT]
Lead: Marcus should send the revised facilitator pack. Marcus: That's already done; it closed yesterday.
[NEXT]
",,,,,,,
csa_0489,Do not send the revised facilitator pack; that proposed action has been cancelled.,rejection,decision_agreement,not_action,deliverable_object|decision_language,training,speech_act_020_training,train,ai_authored_speech_act_contrast_v1,assistant_reviewed_candidate,high,Label and negative-state relationship checked against canonical staged semantics.,,Do not send the revised facilitator pack; that proposed action has been cancelled.,,"[PREVIOUS]

[CURRENT]
Do not send the revised facilitator pack; that proposed action has been cancelled.
[NEXT]
",,,,,,,
csa_0490,Earlier we asked Marcus to send the revised facilitator pack. That assignment is withdrawn and must not remain open.,superseded_action,decision_agreement,not_action,named_owner|deliverable_object|decision_language,training,speech_act_020_training,train,ai_authored_speech_act_contrast_v1,assistant_reviewed_candidate,high,Label and negative-state relationship checked against canonical staged semantics.,,Earlier we asked Marcus to send the revised facilitator pack. That assignment is withdrawn and must not remain open.,,"[PREVIOUS]

[CURRENT]
Earlier we asked Marcus to send the revised facilitator pack. That assignment is withdrawn and must not remain open.
[NEXT]
",,,,,,,
csa_0491,The team agreed to replace the lecture with two practical exercises.,decision,decision_agreement,not_action,decision_language|deliverable_object,training,speech_act_020_training,train,ai_authored_speech_act_contrast_v1,assistant_reviewed_candidate,high,Label and negative-state relationship checked against canonical staged semantics.,,The team agreed to replace the lecture with two practical exercises.,,"[PREVIOUS]

[CURRENT]
The team agreed to replace the lecture with two practical exercises.
[NEXT]
",,,,,,,
csa_0492,"Option A was discussed, but the final position is to replace the lecture with two practical exercises.",decision_after_alternative,decision_agreement,not_action,decision_language|deliverable_object,training,speech_act_020_training,train,ai_authored_speech_act_contrast_v1,assistant_reviewed_candidate,high,Label and negative-state relationship checked against canonical staged semantics.,,"Option A was discussed, but the final position is to replace the lecture with two practical exercises.",,"[PREVIOUS]

[CURRENT]
Option A was discussed, but the final position is to replace the lecture with two practical exercises.
[NEXT]
",,,,,,,
csa_0493,"Lead: Shall we replace the lecture with two practical exercises?
Team: Agreed. That's the approach we will use.",proposal_acceptance_decision,decision_agreement,not_action,decision_language|deliverable_object,training,speech_act_020_training,train,ai_authored_speech_act_contrast_v1,assistant_reviewed_candidate,high,Label and negative-state relationship checked against canonical staged semantics.,,"Lead: Shall we replace the lecture with two practical exercises?
Team: Agreed. That's the approach we will use.",,"[PREVIOUS]

[CURRENT]
Lead: Shall we replace the lecture with two practical exercises?
Team: Agreed. That's the approach we will use.
[NEXT]
",,,,,,,
csa_0494,"One option would be to replace the lecture with two practical exercises, although no decision was made.",unconfirmed_option,discussion_topic,not_action,hypothetical_language|deliverable_object,training,speech_act_020_training,train,ai_authored_speech_act_contrast_v1,assistant_reviewed_candidate,high,Label and negative-state relationship checked against canonical staged semantics.,,"One option would be to replace the lecture with two practical exercises, although no decision was made.",,"[PREVIOUS]

[CURRENT]
One option would be to replace the lecture with two practical exercises, although no decision was made.
[NEXT]
",,,,,,,
csa_0495,The team identified that late materials could leave facilitators unprepared.,risk,risk_dependency,not_action,risk_language|deliverable_object,training,speech_act_020_training,train,ai_authored_speech_act_contrast_v1,assistant_reviewed_candidate,high,Label and negative-state relationship checked against canonical staged semantics.,,The team identified that late materials could leave facilitators unprepared.,,"[PREVIOUS]

[CURRENT]
The team identified that late materials could leave facilitators unprepared.
[NEXT]
",,,,,,,
csa_0496,"If the dependency is not resolved, late materials could leave facilitators unprepared. The issue remains open.",conditional_risk,risk_dependency,not_action,risk_language|deliverable_object,training,speech_act_020_training,train,ai_authored_speech_act_contrast_v1,assistant_reviewed_candidate,high,Label and negative-state relationship checked against canonical staged semantics.,,"If the dependency is not resolved, late materials could leave facilitators unprepared. The issue remains open.",,"[PREVIOUS]

[CURRENT]
If the dependency is not resolved, late materials could leave facilitators unprepared. The issue remains open.
[NEXT]
",,,,,,,
csa_0497,"The team checked whether late materials could leave facilitators unprepared, but evidence confirmed the exposure is closed and no monitoring is required.",closed_risk_negative,background_context,not_action,deliverable_object|completed_tense,training,speech_act_020_training,train,ai_authored_speech_act_contrast_v1,assistant_reviewed_candidate,medium,Label and negative-state relationship checked against canonical staged semantics.,,"The team checked whether late materials could leave facilitators unprepared, but evidence confirmed the exposure is closed and no monitoring is required.",,"[PREVIOUS]

[CURRENT]
The team checked whether late materials could leave facilitators unprepared, but evidence confirmed the exposure is closed and no monitoring is required.
[NEXT]
",,,,,,,
csa_0498,The current position is that the training work remains in progress.,informational,background_context,not_action,,training,speech_act_020_training,train,ai_authored_speech_act_contrast_v1,assistant_reviewed_candidate,high,Label and negative-state relationship checked against canonical staged semantics.,,The current position is that the training work remains in progress.,,"[PREVIOUS]

[CURRENT]
The current position is that the training work remains in progress.
[NEXT]
",,,,,,,
csa_0499,Can everyone see the training screen? We will pause for two minutes before continuing.,administrative,low_value_noise,not_action,,training,speech_act_020_training,train,ai_authored_speech_act_contrast_v1,assistant_reviewed_candidate,high,Label and negative-state relationship checked against canonical staged semantics.,,Can everyone see the training screen? We will pause for two minutes before continuing.,,"[PREVIOUS]

[CURRENT]
Can everyone see the training screen? We will pause for two minutes before continuing.
[NEXT]
",,,,,,,
csa_0500,"Marcus: I promise I'll bring coffee to the next training call. This is social chat, not project work.",social_false_commitment,low_value_noise,not_action,named_owner,training,speech_act_020_training,train,ai_authored_speech_act_contrast_v1,assistant_reviewed_candidate,high,Label and negative-state relationship checked against canonical staged semantics.,,"Marcus: I promise I'll bring coffee to the next training call. This is social chat, not project work.",,"[PREVIOUS]

[CURRENT]
Marcus: I promise I'll bring coffee to the next training call. This is social chat, not project work.
[NEXT]
",,,,,,,
ctx_001_01,I'll reconcile the warehouse count.,contextual_curriculum,action_commitment,confirmed_action,,inventory,context_001_inventory,train,ai_authored_canonical_error_curriculum_v1,human_approved,high,Human reviewed and approved for contextual-head training.,We need someone to handle this.,I'll reconcile the warehouse count.,Can it be done by Friday?,"[PREVIOUS]
We need someone to handle this.
[CURRENT]
I'll reconcile the warehouse count.
[NEXT]
Can it be done by Friday?",active,needs_previous,canonical_item,none,ACTION_001,True,action
ctx_001_02,Before Friday.,contextual_curriculum,action_commitment,not_action,deadline_or_sequence,inventory,context_001_inventory,train,ai_authored_canonical_error_curriculum_v1,human_approved,high,Human reviewed and approved for contextual-head training.,I'll reconcile the warehouse count.,Before Friday.,"Yes, that works.","[PREVIOUS]
I'll reconcile the warehouse count.
[CURRENT]
Before Friday.
[NEXT]
Yes, that works.",none,needs_previous,context_only,deadline_previous,ACTION_001,True,action
ctx_001_03,"Yes, I'll take that.",contextual_curriculum,action_commitment,confirmed_action,,inventory,context_001_inventory,train,ai_authored_canonical_error_curriculum_v1,human_approved,high,Human reviewed and approved for contextual-head training.,Could you reconcile the warehouse count?,"Yes, I'll take that.",Please finish by Friday.,"[PREVIOUS]
Could you reconcile the warehouse count?
[CURRENT]
Yes, I'll take that.
[NEXT]
Please finish by Friday.",active,accepts_previous,canonical_item,none,ACTION_001,True,action
ctx_001_04,Marta will reconcile the warehouse count by Friday.,contextual_curriculum,action_commitment,confirmed_action,deadline_or_sequence,inventory,context_001_inventory,train,ai_authored_canonical_error_curriculum_v1,human_approved,high,Human reviewed and approved for contextual-head training.,The work is on the list.,Marta will reconcile the warehouse count by Friday.,Let's move on.,"[PREVIOUS]
The work is on the list.
[CURRENT]
Marta will reconcile the warehouse count by Friday.
[NEXT]
Let's move on.",active,standalone,canonical_item,deadline_current,ACTION_001,True,action
ctx_001_05,I completed the work to reconcile the warehouse count yesterday.,contextual_curriculum,background_context,completed_history,,inventory,context_001_inventory,train,ai_authored_canonical_error_curriculum_v1,human_approved,high,Human reviewed and approved for contextual-head training.,Here is the status.,I completed the work to reconcile the warehouse count yesterday.,Nothing remains open.,"[PREVIOUS]
Here is the status.
[CURRENT]
I completed the work to reconcile the warehouse count yesterday.
[NEXT]
Nothing remains open.",completed,standalone,context_only,historical,,False,
ctx_001_06,I might reconcile the warehouse count if capacity allows.,contextual_curriculum,background_context,not_action,,inventory,context_001_inventory,train,ai_authored_canonical_error_curriculum_v1,human_approved,high,Human reviewed and approved for contextual-head training.,We may need help.,I might reconcile the warehouse count if capacity allows.,No action was agreed.,"[PREVIOUS]
We may need help.
[CURRENT]
I might reconcile the warehouse count if capacity allows.
[NEXT]
No action was agreed.",tentative,needs_next,context_only,other,,False,
ctx_001_07,"Actually, another owner will reconcile the warehouse count instead.",contextual_curriculum,action_commitment,not_action,,inventory,context_001_inventory,train,ai_authored_canonical_error_curriculum_v1,human_approved,high,Human reviewed and approved for contextual-head training.,Marta will reconcile the warehouse count.,"Actually, another owner will reconcile the warehouse count instead.",Use the new owner.,"[PREVIOUS]
Marta will reconcile the warehouse count.
[CURRENT]
Actually, another owner will reconcile the warehouse count instead.
[NEXT]
Use the new owner.",superseded,modifies_previous,canonical_item,none,ACTION_001,True,action
ctx_001_08,Do not proceed with that action.,contextual_curriculum,background_context,not_action,,inventory,context_001_inventory,train,ai_authored_canonical_error_curriculum_v1,human_approved,high,Human reviewed and approved for contextual-head training.,Please reconcile the warehouse count.,Do not proceed with that action.,It is no longer required.,"[PREVIOUS]
Please reconcile the warehouse count.
[CURRENT]
Do not proceed with that action.
[NEXT]
It is no longer required.",inactive,modifies_previous,context_only,none,,False,
ctx_001_09,We agreed to use barcode scanning for the next stocktake.,contextual_curriculum,decision_agreement,not_action,decision_language,inventory,context_001_inventory,train,ai_authored_canonical_error_curriculum_v1,human_approved,high,Human reviewed and approved for contextual-head training.,We should choose an approach.,We agreed to use barcode scanning for the next stocktake.,That is the final position.,"[PREVIOUS]
We should choose an approach.
[CURRENT]
We agreed to use barcode scanning for the next stocktake.
[NEXT]
That is the final position.",none,standalone,canonical_item,none,DECISION_001,True,decision
ctx_001_10,Agreed.,contextual_curriculum,decision_agreement,not_action,decision_language,inventory,context_001_inventory,train,ai_authored_canonical_error_curriculum_v1,human_approved,high,Human reviewed and approved for contextual-head training.,The proposal is to use barcode scanning for the next stocktake.,Agreed.,Let's use that approach.,"[PREVIOUS]
The proposal is to use barcode scanning for the next stocktake.
[CURRENT]
Agreed.
[NEXT]
Let's use that approach.",none,accepts_previous,supporting_detail,none,DECISION_001,True,decision
ctx_001_11,"Yes, that is the decision.",contextual_curriculum,decision_agreement,not_action,decision_language,inventory,context_001_inventory,train,ai_authored_canonical_error_curriculum_v1,human_approved,high,Human reviewed and approved for contextual-head training.,We agreed to use barcode scanning for the next stocktake.,"Yes, that is the decision.",Next topic.,"[PREVIOUS]
We agreed to use barcode scanning for the next stocktake.
[CURRENT]
Yes, that is the decision.
[NEXT]
Next topic.",none,needs_previous,duplicate_expression,none,DECISION_001,True,decision
ctx_001_12,The team identified that late supplier files could delay reconciliation.,contextual_curriculum,risk_dependency,not_action,risk_language,inventory,context_001_inventory,train,ai_authored_canonical_error_curriculum_v1,human_approved,high,Human reviewed and approved for contextual-head training.,We should review delivery exposure.,The team identified that late supplier files could delay reconciliation.,The exposure remains open.,"[PREVIOUS]
We should review delivery exposure.
[CURRENT]
The team identified that late supplier files could delay reconciliation.
[NEXT]
The exposure remains open.",active,standalone,canonical_item,none,RISK_001,True,risk
ctx_001_13,"Yes, we should monitor that.",contextual_curriculum,risk_dependency,not_action,risk_language,inventory,context_001_inventory,train,ai_authored_canonical_error_curriculum_v1,human_approved,high,Human reviewed and approved for contextual-head training.,The risk is that late supplier files could delay reconciliation.,"Yes, we should monitor that.",Add it to the register.,"[PREVIOUS]
The risk is that late supplier files could delay reconciliation.
[CURRENT]
Yes, we should monitor that.
[NEXT]
Add it to the register.",active,accepts_previous,supporting_detail,none,RISK_001,True,risk
ctx_001_14,That exposure was closed last week.,contextual_curriculum,background_context,completed_history,,inventory,context_001_inventory,train,ai_authored_canonical_error_curriculum_v1,human_approved,high,Human reviewed and approved for contextual-head training.,We previously worried that late supplier files could delay reconciliation.,That exposure was closed last week.,No monitoring is required.,"[PREVIOUS]
We previously worried that late supplier files could delay reconciliation.
[CURRENT]
That exposure was closed last week.
[NEXT]
No monitoring is required.",completed,modifies_previous,context_only,historical,,False,
ctx_001_15,Can everyone see my screen?,contextual_curriculum,background_context,not_action,,inventory,context_001_inventory,train,ai_authored_canonical_error_curriculum_v1,human_approved,high,Human reviewed and approved for contextual-head training.,The meeting is starting.,Can everyone see my screen?,We will continue in a moment.,"[PREVIOUS]
The meeting is starting.
[CURRENT]
Can everyone see my screen?
[NEXT]
We will continue in a moment.",none,standalone,none,other,,False,
ctx_001_16,The inventory work remains in progress.,contextual_curriculum,background_context,not_action,,inventory,context_001_inventory,train,ai_authored_canonical_error_curriculum_v1,human_approved,high,Human reviewed and approved for contextual-head training.,We reviewed the background.,The inventory work remains in progress.,No commitment was made.,"[PREVIOUS]
We reviewed the background.
[CURRENT]
The inventory work remains in progress.
[NEXT]
No commitment was made.",none,standalone,supporting_detail,none,,False,
ctx_002_01,I'll patch the mobile login redirect.,contextual_curriculum,action_commitment,confirmed_action,,mobile_release,context_002_mobile_release,train,ai_authored_canonical_error_curriculum_v1,human_approved,high,Human reviewed and approved for contextual-head training.,We need someone to handle this.,I'll patch the mobile login redirect.,Can it be done by today?,"[PREVIOUS]
We need someone to handle this.
[CURRENT]
I'll patch the mobile login redirect.
[NEXT]
Can it be done by today?",active,needs_previous,canonical_item,none,ACTION_002,True,action
ctx_002_02,Before today.,contextual_curriculum,action_commitment,not_action,deadline_or_sequence,mobile_release,context_002_mobile_release,train,ai_authored_canonical_error_curriculum_v1,human_approved,high,Human reviewed and approved for contextual-head training.,I'll patch the mobile login redirect.,Before today.,"Yes, that works.","[PREVIOUS]
I'll patch the mobile login redirect.
[CURRENT]
Before today.
[NEXT]
Yes, that works.",none,needs_previous,context_only,deadline_previous,ACTION_002,True,action
ctx_002_03,"Yes, I'll take that.",contextual_curriculum,action_commitment,confirmed_action,,mobile_release,context_002_mobile_release,train,ai_authored_canonical_error_curriculum_v1,human_approved,high,Human reviewed and approved for contextual-head training.,Could you patch the mobile login redirect?,"Yes, I'll take that.",Please finish by today.,"[PREVIOUS]
Could you patch the mobile login redirect?
[CURRENT]
Yes, I'll take that.
[NEXT]
Please finish by today.",active,accepts_previous,canonical_item,none,ACTION_002,True,action
ctx_002_04,Elliot will patch the mobile login redirect by today.,contextual_curriculum,action_commitment,confirmed_action,deadline_or_sequence,mobile_release,context_002_mobile_release,train,ai_authored_canonical_error_curriculum_v1,human_approved,high,Human reviewed and approved for contextual-head training.,The work is on the list.,Elliot will patch the mobile login redirect by today.,Let's move on.,"[PREVIOUS]
The work is on the list.
[CURRENT]
Elliot will patch the mobile login redirect by today.
[NEXT]
Let's move on.",active,standalone,canonical_item,deadline_current,ACTION_002,True,action
ctx_002_05,I completed the work to patch the mobile login redirect yesterday.,contextual_curriculum,background_context,completed_history,,mobile_release,context_002_mobile_release,train,ai_authored_canonical_error_curriculum_v1,human_approved,high,Human reviewed and approved for contextual-head training.,Here is the status.,I completed the work to patch the mobile login redirect yesterday.,Nothing remains open.,"[PREVIOUS]
Here is the status.
[CURRENT]
I completed the work to patch the mobile login redirect yesterday.
[NEXT]
Nothing remains open.",completed,standalone,context_only,historical,,False,
ctx_002_06,I might patch the mobile login redirect if capacity allows.,contextual_curriculum,background_context,not_action,,mobile_release,context_002_mobile_release,train,ai_authored_canonical_error_curriculum_v1,human_approved,high,Human reviewed and approved for contextual-head training.,We may need help.,I might patch the mobile login redirect if capacity allows.,No action was agreed.,"[PREVIOUS]
We may need help.
[CURRENT]
I might patch the mobile login redirect if capacity allows.
[NEXT]
No action was agreed.",tentative,needs_next,context_only,other,,False,
ctx_002_07,"Actually, another owner will patch the mobile login redirect instead.",contextual_curriculum,action_commitment,not_action,,mobile_release,context_002_mobile_release,train,ai_authored_canonical_error_curriculum_v1,human_approved,high,Human reviewed and approved for contextual-head training.,Elliot will patch the mobile login redirect.,"Actually, another owner will patch the mobile login redirect instead.",Use the new owner.,"[PREVIOUS]
Elliot will patch the mobile login redirect.
[CURRENT]
Actually, another owner will patch the mobile login redirect instead.
[NEXT]
Use the new owner.",superseded,modifies_previous,canonical_item,none,ACTION_002,True,action
ctx_002_08,Do not proceed with that action.,contextual_curriculum,background_context,not_action,,mobile_release,context_002_mobile_release,train,ai_authored_canonical_error_curriculum_v1,human_approved,high,Human reviewed and approved for contextual-head training.,Please patch the mobile login redirect.,Do not proceed with that action.,It is no longer required.,"[PREVIOUS]
Please patch the mobile login redirect.
[CURRENT]
Do not proceed with that action.
[NEXT]
It is no longer required.",inactive,modifies_previous,context_only,none,,False,
ctx_002_09,We agreed to hold the release until smoke testing passes.,contextual_curriculum,decision_agreement,not_action,decision_language,mobile_release,context_002_mobile_release,train,ai_authored_canonical_error_curriculum_v1,human_approved,high,Human reviewed and approved for contextual-head training.,We should choose an approach.,We agreed to hold the release until smoke testing passes.,That is the final position.,"[PREVIOUS]
We should choose an approach.
[CURRENT]
We agreed to hold the release until smoke testing passes.
[NEXT]
That is the final position.",none,standalone,canonical_item,none,DECISION_002,True,decision
ctx_002_10,Agreed.,contextual_curriculum,decision_agreement,not_action,decision_language,mobile_release,context_002_mobile_release,train,ai_authored_canonical_error_curriculum_v1,human_approved,high,Human reviewed and approved for contextual-head training.,The proposal is to hold the release until smoke testing passes.,Agreed.,Let's use that approach.,"[PREVIOUS]
The proposal is to hold the release until smoke testing passes.
[CURRENT]
Agreed.
[NEXT]
Let's use that approach.",none,accepts_previous,supporting_detail,none,DECISION_002,True,decision
ctx_002_11,"Yes, that is the decision.",contextual_curriculum,decision_agreement,not_action,decision_language,mobile_release,context_002_mobile_release,train,ai_authored_canonical_error_curriculum_v1,human_approved,high,Human reviewed and approved for contextual-head training.,We agreed to hold the release until smoke testing passes.,"Yes, that is the decision.",Next topic.,"[PREVIOUS]
We agreed to hold the release until smoke testing passes.
[CURRENT]
Yes, that is the decision.
[NEXT]
Next topic.",none,needs_previous,duplicate_expression,none,DECISION_002,True,decision
ctx_002_12,The team identified that the redirect defect could block customer access.,contextual_curriculum,risk_dependency,not_action,risk_language,mobile_release,context_002_mobile_release,train,ai_authored_canonical_error_curriculum_v1,human_approved,high,Human reviewed and approved for contextual-head training.,We should review delivery exposure.,The team identified that the redirect defect could block customer access.,The exposure remains open.,"[PREVIOUS]
We should review delivery exposure.
[CURRENT]
The team identified that the redirect defect could block customer access.
[NEXT]
The exposure remains open.",active,standalone,canonical_item,none,RISK_002,True,risk
ctx_002_13,"Yes, we should monitor that.",contextual_curriculum,risk_dependency,not_action,risk_language,mobile_release,context_002_mobile_release,train,ai_authored_canonical_error_curriculum_v1,human_approved,high,Human reviewed and approved for contextual-head training.,The risk is that the redirect defect could block customer access.,"Yes, we should monitor that.",Add it to the register.,"[PREVIOUS]
The risk is that the redirect defect could block customer access.
[CURRENT]
Yes, we should monitor that.
[NEXT]
Add it to the register.",active,accepts_previous,supporting_detail,none,RISK_002,True,risk
ctx_002_14,That exposure was closed last week.,contextual_curriculum,background_context,completed_history,,mobile_release,context_002_mobile_release,train,ai_authored_canonical_error_curriculum_v1,human_approved,high,Human reviewed and approved for contextual-head training.,We previously worried that the redirect defect could block customer access.,That exposure was closed last week.,No monitoring is required.,"[PREVIOUS]
We previously worried that the redirect defect could block customer access.
[CURRENT]
That exposure was closed last week.
[NEXT]
No monitoring is required.",completed,modifies_previous,context_only,historical,,False,
ctx_002_15,Can everyone see my screen?,contextual_curriculum,background_context,not_action,,mobile_release,context_002_mobile_release,train,ai_authored_canonical_error_curriculum_v1,human_approved,high,Human reviewed and approved for contextual-head training.,The meeting is starting.,Can everyone see my screen?,We will continue in a moment.,"[PREVIOUS]
The meeting is starting.
[CURRENT]
Can everyone see my screen?
[NEXT]
We will continue in a moment.",none,standalone,none,other,,False,
ctx_002_16,The mobile release work remains in progress.,contextual_curriculum,background_context,not_action,,mobile_release,context_002_mobile_release,train,ai_authored_canonical_error_curriculum_v1,human_approved,high,Human reviewed and approved for contextual-head training.,We reviewed the background.,The mobile release work remains in progress.,No commitment was made.,"[PREVIOUS]
We reviewed the background.
[CURRENT]
The mobile release work remains in progress.
[NEXT]
No commitment was made.",none,standalone,supporting_detail,none,,False,
ctx_003_01,I'll invite the shortlisted engineer to a technical interview.,contextual_curriculum,action_commitment,confirmed_action,,recruitment,context_003_recruitment,validation,ai_authored_canonical_error_curriculum_v1,human_approved,high,Human reviewed and approved for contextual-head training.,We need someone to handle this.,I'll invite the shortlisted engineer to a technical interview.,Can it be done by tomorrow?,"[PREVIOUS]
We need someone to handle this.
[CURRENT]
I'll invite the shortlisted engineer to a technical interview.
[NEXT]
Can it be done by tomorrow?",active,needs_previous,canonical_item,none,ACTION_003,True,action
ctx_003_02,Before tomorrow.,contextual_curriculum,action_commitment,not_action,deadline_or_sequence,recruitment,context_003_recruitment,validation,ai_authored_canonical_error_curriculum_v1,human_approved,high,Human reviewed and approved for contextual-head training.,I'll invite the shortlisted engineer to a technical interview.,Before tomorrow.,"Yes, that works.","[PREVIOUS]
I'll invite the shortlisted engineer to a technical interview.
[CURRENT]
Before tomorrow.
[NEXT]
Yes, that works.",none,needs_previous,context_only,deadline_previous,ACTION_003,True,action
ctx_003_03,"Yes, I'll take that.",contextual_curriculum,action_commitment,confirmed_action,,recruitment,context_003_recruitment,validation,ai_authored_canonical_error_curriculum_v1,human_approved,high,Human reviewed and approved for contextual-head training.,Could you invite the shortlisted engineer to a technical interview?,"Yes, I'll take that.",Please finish by tomorrow.,"[PREVIOUS]
Could you invite the shortlisted engineer to a technical interview?
[CURRENT]
Yes, I'll take that.
[NEXT]
Please finish by tomorrow.",active,accepts_previous,canonical_item,none,ACTION_003,True,action
ctx_003_04,Sana will invite the shortlisted engineer to a technical interview by tomorrow.,contextual_curriculum,action_commitment,confirmed_action,deadline_or_sequence,recruitment,context_003_recruitment,validation,ai_authored_canonical_error_curriculum_v1,human_approved,high,Human reviewed and approved for contextual-head training.,The work is on the list.,Sana will invite the shortlisted engineer to a technical interview by tomorrow.,Let's move on.,"[PREVIOUS]
The work is on the list.
[CURRENT]
Sana will invite the shortlisted engineer to a technical interview by tomorrow.
[NEXT]
Let's move on.",active,standalone,canonical_item,deadline_current,ACTION_003,True,action
ctx_003_05,I completed the work to invite the shortlisted engineer to a technical interview yesterday.,contextual_curriculum,background_context,completed_history,,recruitment,context_003_recruitment,validation,ai_authored_canonical_error_curriculum_v1,human_approved,high,Human reviewed and approved for contextual-head training.,Here is the status.,I completed the work to invite the shortlisted engineer to a technical interview yesterday.,Nothing remains open.,"[PREVIOUS]
Here is the status.
[CURRENT]
I completed the work to invite the shortlisted engineer to a technical interview yesterday.
[NEXT]
Nothing remains open.",completed,standalone,context_only,historical,,False,
ctx_003_06,I might invite the shortlisted engineer to a technical interview if capacity allows.,contextual_curriculum,background_context,not_action,,recruitment,context_003_recruitment,validation,ai_authored_canonical_error_curriculum_v1,human_approved,high,Human reviewed and approved for contextual-head training.,We may need help.,I might invite the shortlisted engineer to a technical interview if capacity allows.,No action was agreed.,"[PREVIOUS]
We may need help.
[CURRENT]
I might invite the shortlisted engineer to a technical interview if capacity allows.
[NEXT]
No action was agreed.",tentative,needs_next,context_only,other,,False,
ctx_003_07,"Actually, another owner will invite the shortlisted engineer to a technical interview instead.",contextual_curriculum,action_commitment,not_action,,recruitment,context_003_recruitment,validation,ai_authored_canonical_error_curriculum_v1,human_approved,high,Human reviewed and approved for contextual-head training.,Sana will invite the shortlisted engineer to a technical interview.,"Actually, another owner will invite the shortlisted engineer to a technical interview instead.",Use the new owner.,"[PREVIOUS]
Sana will invite the shortlisted engineer to a technical interview.
[CURRENT]
Actually, another owner will invite the shortlisted engineer to a technical interview instead.
[NEXT]
Use the new owner.",superseded,modifies_previous,canonical_item,none,ACTION_003,True,action
ctx_003_08,Do not proceed with that action.,contextual_curriculum,background_context,not_action,,recruitment,context_003_recruitment,validation,ai_authored_canonical_error_curriculum_v1,human_approved,high,Human reviewed and approved for contextual-head training.,Please invite the shortlisted engineer to a technical interview.,Do not proceed with that action.,It is no longer required.,"[PREVIOUS]
Please invite the shortlisted engineer to a technical interview.
[CURRENT]
Do not proceed with that action.
[NEXT]
It is no longer required.",inactive,modifies_previous,context_only,none,,False,
ctx_003_09,We agreed to progress one candidate to the final round.,contextual_curriculum,decision_agreement,not_action,decision_language,recruitment,context_003_recruitment,validation,ai_authored_canonical_error_curriculum_v1,human_approved,high,Human reviewed and approved for contextual-head training.,We should choose an approach.,We agreed to progress one candidate to the final round.,That is the final position.,"[PREVIOUS]
We should choose an approach.
[CURRENT]
We agreed to progress one candidate to the final round.
[NEXT]
That is the final position.",none,standalone,canonical_item,none,DECISION_003,True,decision
ctx_003_10,Agreed.,contextual_curriculum,decision_agreement,not_action,decision_language,recruitment,context_003_recruitment,validation,ai_authored_canonical_error_curriculum_v1,human_approved,high,Human reviewed and approved for contextual-head training.,The proposal is to progress one candidate to the final round.,Agreed.,Let's use that approach.,"[PREVIOUS]
The proposal is to progress one candidate to the final round.
[CURRENT]
Agreed.
[NEXT]
Let's use that approach.",none,accepts_previous,supporting_detail,none,DECISION_003,True,decision
ctx_003_11,"Yes, that is the decision.",contextual_curriculum,decision_agreement,not_action,decision_language,recruitment,context_003_recruitment,validation,ai_authored_canonical_error_curriculum_v1,human_approved,high,Human reviewed and approved for contextual-head training.,We agreed to progress one candidate to the final round.,"Yes, that is the decision.",Next topic.,"[PREVIOUS]
We agreed to progress one candidate to the final round.
[CURRENT]
Yes, that is the decision.
[NEXT]
Next topic.",none,needs_previous,duplicate_expression,none,DECISION_003,True,decision
ctx_003_12,The team identified that interviewer availability may delay the final round.,contextual_curriculum,risk_dependency,not_action,risk_language,recruitment,context_003_recruitment,validation,ai_authored_canonical_error_curriculum_v1,human_approved,high,Human reviewed and approved for contextual-head training.,We should review delivery exposure.,The team identified that interviewer availability may delay the final round.,The exposure remains open.,"[PREVIOUS]
We should review delivery exposure.
[CURRENT]
The team identified that interviewer availability may delay the final round.
[NEXT]
The exposure remains open.",active,standalone,canonical_item,none,RISK_003,True,risk
ctx_003_13,"Yes, we should monitor that.",contextual_curriculum,risk_dependency,not_action,risk_language,recruitment,context_003_recruitment,validation,ai_authored_canonical_error_curriculum_v1,human_approved,high,Human reviewed and approved for contextual-head training.,The risk is that interviewer availability may delay the final round.,"Yes, we should monitor that.",Add it to the register.,"[PREVIOUS]
The risk is that interviewer availability may delay the final round.
[CURRENT]
Yes, we should monitor that.
[NEXT]
Add it to the register.",active,accepts_previous,supporting_detail,none,RISK_003,True,risk
ctx_003_14,That exposure was closed last week.,contextual_curriculum,background_context,completed_history,,recruitment,context_003_recruitment,validation,ai_authored_canonical_error_curriculum_v1,human_approved,high,Human reviewed and approved for contextual-head training.,We previously worried that interviewer availability may delay the final round.,That exposure was closed last week.,No monitoring is required.,"[PREVIOUS]
We previously worried that interviewer availability may delay the final round.
[CURRENT]
That exposure was closed last week.
[NEXT]
No monitoring is required.",completed,modifies_previous,context_only,historical,,False,
ctx_003_15,Can everyone see my screen?,contextual_curriculum,background_context,not_action,,recruitment,context_003_recruitment,validation,ai_authored_canonical_error_curriculum_v1,human_approved,high,Human reviewed and approved for contextual-head training.,The meeting is starting.,Can everyone see my screen?,We will continue in a moment.,"[PREVIOUS]
The meeting is starting.
[CURRENT]
Can everyone see my screen?
[NEXT]
We will continue in a moment.",none,standalone,none,other,,False,
ctx_003_16,The recruitment work remains in progress.,contextual_curriculum,background_context,not_action,,recruitment,context_003_recruitment,validation,ai_authored_canonical_error_curriculum_v1,human_approved,high,Human reviewed and approved for contextual-head training.,We reviewed the background.,The recruitment work remains in progress.,No commitment was made.,"[PREVIOUS]
We reviewed the background.
[CURRENT]
The recruitment work remains in progress.
[NEXT]
No commitment was made.",none,standalone,supporting_detail,none,,False,
ctx_004_01,I'll circulate the revised department forecast.,contextual_curriculum,action_commitment,confirmed_action,,budget,context_004_budget,train,ai_authored_canonical_error_curriculum_v1,human_approved,high,Human reviewed and approved for contextual-head training.,We need someone to handle this.,I'll circulate the revised department forecast.,Can it be done by before lunch?,"[PREVIOUS]
We need someone to handle this.
[CURRENT]
I'll circulate the revised department forecast.
[NEXT]
Can it be done by before lunch?",active,needs_previous,canonical_item,none,ACTION_004,True,action
ctx_004_02,Before before lunch.,contextual_curriculum,action_commitment,not_action,deadline_or_sequence,budget,context_004_budget,train,ai_authored_canonical_error_curriculum_v1,human_approved,high,Human reviewed and approved for contextual-head training.,I'll circulate the revised department forecast.,Before before lunch.,"Yes, that works.","[PREVIOUS]
I'll circulate the revised department forecast.
[CURRENT]
Before before lunch.
[NEXT]
Yes, that works.",none,needs_previous,context_only,deadline_previous,ACTION_004,True,action
ctx_004_03,"Yes, I'll take that.",contextual_curriculum,action_commitment,confirmed_action,,budget,context_004_budget,train,ai_authored_canonical_error_curriculum_v1,human_approved,high,Human reviewed and approved for contextual-head training.,Could you circulate the revised department forecast?,"Yes, I'll take that.",Please finish by before lunch.,"[PREVIOUS]
Could you circulate the revised department forecast?
[CURRENT]
Yes, I'll take that.
[NEXT]
Please finish by before lunch.",active,accepts_previous,canonical_item,none,ACTION_004,True,action
ctx_004_04,Theo will circulate the revised department forecast by before lunch.,contextual_curriculum,action_commitment,confirmed_action,deadline_or_sequence,budget,context_004_budget,train,ai_authored_canonical_error_curriculum_v1,human_approved,high,Human reviewed and approved for contextual-head training.,The work is on the list.,Theo will circulate the revised department forecast by before lunch.,Let's move on.,"[PREVIOUS]
The work is on the list.
[CURRENT]
Theo will circulate the revised department forecast by before lunch.
[NEXT]
Let's move on.",active,standalone,canonical_item,deadline_current,ACTION_004,True,action
ctx_004_05,I completed the work to circulate the revised department forecast yesterday.,contextual_curriculum,background_context,completed_history,,budget,context_004_budget,train,ai_authored_canonical_error_curriculum_v1,human_approved,high,Human reviewed and approved for contextual-head training.,Here is the status.,I completed the work to circulate the revised department forecast yesterday.,Nothing remains open.,"[PREVIOUS]
Here is the status.
[CURRENT]
I completed the work to circulate the revised department forecast yesterday.
[NEXT]
Nothing remains open.",completed,standalone,context_only,historical,,False,
ctx_004_06,I might circulate the revised department forecast if capacity allows.,contextual_curriculum,background_context,not_action,,budget,context_004_budget,train,ai_authored_canonical_error_curriculum_v1,human_approved,high,Human reviewed and approved for contextual-head training.,We may need help.,I might circulate the revised department forecast if capacity allows.,No action was agreed.,"[PREVIOUS]
We may need help.
[CURRENT]
I might circulate the revised department forecast if capacity allows.
[NEXT]
No action was agreed.",tentative,needs_next,context_only,other,,False,
ctx_004_07,"Actually, another owner will circulate the revised department forecast instead.",contextual_curriculum,action_commitment,not_action,,budget,context_004_budget,train,ai_authored_canonical_error_curriculum_v1,human_approved,high,Human reviewed and approved for contextual-head training.,Theo will circulate the revised department forecast.,"Actually, another owner will circulate the revised department forecast instead.",Use the new owner.,"[PREVIOUS]
Theo will circulate the revised department forecast.
[CURRENT]
Actually, another owner will circulate the revised department forecast instead.
[NEXT]
Use the new owner.",superseded,modifies_previous,canonical_item,none,ACTION_004,True,action
ctx_004_08,Do not proceed with that action.,contextual_curriculum,background_context,not_action,,budget,context_004_budget,train,ai_authored_canonical_error_curriculum_v1,human_approved,high,Human reviewed and approved for contextual-head training.,Please circulate the revised department forecast.,Do not proceed with that action.,It is no longer required.,"[PREVIOUS]
Please circulate the revised department forecast.
[CURRENT]
Do not proceed with that action.
[NEXT]
It is no longer required.",inactive,modifies_previous,context_only,none,,False,
ctx_004_09,We agreed to defer the contractor extension.,contextual_curriculum,decision_agreement,not_action,decision_language,budget,context_004_budget,train,ai_authored_canonical_error_curriculum_v1,human_approved,high,Human reviewed and approved for contextual-head training.,We should choose an approach.,We agreed to defer the contractor extension.,That is the final position.,"[PREVIOUS]
We should choose an approach.
[CURRENT]
We agreed to defer the contractor extension.
[NEXT]
That is the final position.",none,standalone,canonical_item,none,DECISION_004,True,decision
ctx_004_10,Agreed.,contextual_curriculum,decision_agreement,not_action,decision_language,budget,context_004_budget,train,ai_authored_canonical_error_curriculum_v1,human_approved,high,Human reviewed and approved for contextual-head training.,The proposal is to defer the contractor extension.,Agreed.,Let's use that approach.,"[PREVIOUS]
The proposal is to defer the contractor extension.
[CURRENT]
Agreed.
[NEXT]
Let's use that approach.",none,accepts_previous,supporting_detail,none,DECISION_004,True,decision
ctx_004_11,"Yes, that is the decision.",contextual_curriculum,decision_agreement,not_action,decision_language,budget,context_004_budget,train,ai_authored_canonical_error_curriculum_v1,human_approved,high,Human reviewed and approved for contextual-head training.,We agreed to defer the contractor extension.,"Yes, that is the decision.",Next topic.,"[PREVIOUS]
We agreed to defer the contractor extension.
[CURRENT]
Yes, that is the decision.
[NEXT]
Next topic.",none,needs_previous,duplicate_expression,none,DECISION_004,True,decision
ctx_004_12,The team identified that exchange-rate movement could exceed the travel budget.,contextual_curriculum,risk_dependency,not_action,risk_language,budget,context_004_budget,train,ai_authored_canonical_error_curriculum_v1,human_approved,high,Human reviewed and approved for contextual-head training.,We should review delivery exposure.,The team identified that exchange-rate movement could exceed the travel budget.,The exposure remains open.,"[PREVIOUS]
We should review delivery exposure.
[CURRENT]
The team identified that exchange-rate movement could exceed the travel budget.
[NEXT]
The exposure remains open.",active,standalone,canonical_item,none,RISK_004,True,risk
ctx_004_13,"Yes, we should monitor that.",contextual_curriculum,risk_dependency,not_action,risk_language,budget,context_004_budget,train,ai_authored_canonical_error_curriculum_v1,human_approved,high,Human reviewed and approved for contextual-head training.,The risk is that exchange-rate movement could exceed the travel budget.,"Yes, we should monitor that.",Add it to the register.,"[PREVIOUS]
The risk is that exchange-rate movement could exceed the travel budget.
[CURRENT]
Yes, we should monitor that.
[NEXT]
Add it to the register.",active,accepts_previous,supporting_detail,none,RISK_004,True,risk
ctx_004_14,That exposure was closed last week.,contextual_curriculum,background_context,completed_history,,budget,context_004_budget,train,ai_authored_canonical_error_curriculum_v1,human_approved,high,Human reviewed and approved for contextual-head training.,We previously worried that exchange-rate movement could exceed the travel budget.,That exposure was closed last week.,No monitoring is required.,"[PREVIOUS]
We previously worried that exchange-rate movement could exceed the travel budget.
[CURRENT]
That exposure was closed last week.
[NEXT]
No monitoring is required.",completed,modifies_previous,context_only,historical,,False,
ctx_004_15,Can everyone see my screen?,contextual_curriculum,background_context,not_action,,budget,context_004_budget,train,ai_authored_canonical_error_curriculum_v1,human_approved,high,Human reviewed and approved for contextual-head training.,The meeting is starting.,Can everyone see my screen?,We will continue in a moment.,"[PREVIOUS]
The meeting is starting.
[CURRENT]
Can everyone see my screen?
[NEXT]
We will continue in a moment.",none,standalone,none,other,,False,
ctx_004_16,The budget work remains in progress.,contextual_curriculum,background_context,not_action,,budget,context_004_budget,train,ai_authored_canonical_error_curriculum_v1,human_approved,high,Human reviewed and approved for contextual-head training.,We reviewed the background.,The budget work remains in progress.,No commitment was made.,"[PREVIOUS]
We reviewed the background.
[CURRENT]
The budget work remains in progress.
[NEXT]
No commitment was made.",none,standalone,supporting_detail,none,,False,
ctx_005_01,I'll create separate queues for complex support cases.,contextual_curriculum,action_commitment,confirmed_action,,customer_support,context_005_customer_support,train,ai_authored_canonical_error_curriculum_v1,human_approved,high,Human reviewed and approved for contextual-head training.,We need someone to handle this.,I'll create separate queues for complex support cases.,Can it be done by next Tuesday?,"[PREVIOUS]
We need someone to handle this.
[CURRENT]
I'll create separate queues for complex support cases.
[NEXT]
Can it be done by next Tuesday?",active,needs_previous,canonical_item,none,ACTION_005,True,action
ctx_005_02,Before next Tuesday.,contextual_curriculum,action_commitment,not_action,deadline_or_sequence,customer_support,context_005_customer_support,train,ai_authored_canonical_error_curriculum_v1,human_approved,high,Human reviewed and approved for contextual-head training.,I'll create separate queues for complex support cases.,Before next Tuesday.,"Yes, that works.","[PREVIOUS]
I'll create separate queues for complex support cases.
[CURRENT]
Before next Tuesday.
[NEXT]
Yes, that works.",none,needs_previous,context_only,deadline_previous,ACTION_005,True,action
ctx_005_03,"Yes, I'll take that.",contextual_curriculum,action_commitment,confirmed_action,,customer_support,context_005_customer_support,train,ai_authored_canonical_error_curriculum_v1,human_approved,high,Human reviewed and approved for contextual-head training.,Could you create separate queues for complex support cases?,"Yes, I'll take that.",Please finish by next Tuesday.,"[PREVIOUS]
Could you create separate queues for complex support cases?
[CURRENT]
Yes, I'll take that.
[NEXT]
Please finish by next Tuesday.",active,accepts_previous,canonical_item,none,ACTION_005,True,action
ctx_005_04,Inez will create separate queues for complex support cases by next Tuesday.,contextual_curriculum,action_commitment,confirmed_action,deadline_or_sequence,customer_support,context_005_customer_support,train,ai_authored_canonical_error_curriculum_v1,human_approved,high,Human reviewed and approved for contextual-head training.,The work is on the list.,Inez will create separate queues for complex support cases by next Tuesday.,Let's move on.,"[PREVIOUS]
The work is on the list.
[CURRENT]
Inez will create separate queues for complex support cases by next Tuesday.
[NEXT]
Let's move on.",active,standalone,canonical_item,deadline_current,ACTION_005,True,action
ctx_005_05,I completed the work to create separate queues for complex support cases yesterday.,contextual_curriculum,background_context,completed_history,,customer_support,context_005_customer_support,train,ai_authored_canonical_error_curriculum_v1,human_approved,high,Human reviewed and approved for contextual-head training.,Here is the status.,I completed the work to create separate queues for complex support cases yesterday.,Nothing remains open.,"[PREVIOUS]
Here is the status.
[CURRENT]
I completed the work to create separate queues for complex support cases yesterday.
[NEXT]
Nothing remains open.",completed,standalone,context_only,historical,,False,
ctx_005_06,I might create separate queues for complex support cases if capacity allows.,contextual_curriculum,background_context,not_action,,customer_support,context_005_customer_support,train,ai_authored_canonical_error_curriculum_v1,human_approved,high,Human reviewed and approved for contextual-head training.,We may need help.,I might create separate queues for complex support cases if capacity allows.,No action was agreed.,"[PREVIOUS]
We may need help.
[CURRENT]
I might create separate queues for complex support cases if capacity allows.
[NEXT]
No action was agreed.",tentative,needs_next,context_only,other,,False,
ctx_005_07,"Actually, another owner will create separate queues for complex support cases instead.",contextual_curriculum,action_commitment,not_action,,customer_support,context_005_customer_support,train,ai_authored_canonical_error_curriculum_v1,human_approved,high,Human reviewed and approved for contextual-head training.,Inez will create separate queues for complex support cases.,"Actually, another owner will create separate queues for complex support cases instead.",Use the new owner.,"[PREVIOUS]
Inez will create separate queues for complex support cases.
[CURRENT]
Actually, another owner will create separate queues for complex support cases instead.
[NEXT]
Use the new owner.",superseded,modifies_previous,canonical_item,none,ACTION_005,True,action
ctx_005_08,Do not proceed with that action.,contextual_curriculum,background_context,not_action,,customer_support,context_005_customer_support,train,ai_authored_canonical_error_curriculum_v1,human_approved,high,Human reviewed and approved for contextual-head training.,Please create separate queues for complex support cases.,Do not proceed with that action.,It is no longer required.,"[PREVIOUS]
Please create separate queues for complex support cases.
[CURRENT]
Do not proceed with that action.
[NEXT]
It is no longer required.",inactive,modifies_previous,context_only,none,,False,
ctx_005_09,We agreed to pilot specialist triage for one month.,contextual_curriculum,decision_agreement,not_action,decision_language,customer_support,context_005_customer_support,train,ai_authored_canonical_error_curriculum_v1,human_approved,high,Human reviewed and approved for contextual-head training.,We should choose an approach.,We agreed to pilot specialist triage for one month.,That is the final position.,"[PREVIOUS]
We should choose an approach.
[CURRENT]
We agreed to pilot specialist triage for one month.
[NEXT]
That is the final position.",none,standalone,canonical_item,none,DECISION_005,True,decision
ctx_005_10,Agreed.,contextual_curriculum,decision_agreement,not_action,decision_language,customer_support,context_005_customer_support,train,ai_authored_canonical_error_curriculum_v1,human_approved,high,Human reviewed and approved for contextual-head training.,The proposal is to pilot specialist triage for one month.,Agreed.,Let's use that approach.,"[PREVIOUS]
The proposal is to pilot specialist triage for one month.
[CURRENT]
Agreed.
[NEXT]
Let's use that approach.",none,accepts_previous,supporting_detail,none,DECISION_005,True,decision
ctx_005_11,"Yes, that is the decision.",contextual_curriculum,decision_agreement,not_action,decision_language,customer_support,context_005_customer_support,train,ai_authored_canonical_error_curriculum_v1,human_approved,high,Human reviewed and approved for contextual-head training.,We agreed to pilot specialist triage for one month.,"Yes, that is the decision.",Next topic.,"[PREVIOUS]
We agreed to pilot specialist triage for one month.
[CURRENT]
Yes, that is the decision.
[NEXT]
Next topic.",none,needs_previous,duplicate_expression,none,DECISION_005,True,decision
ctx_005_12,The team identified that urgent cases may remain hidden in the general queue.,contextual_curriculum,risk_dependency,not_action,risk_language,customer_support,context_005_customer_support,train,ai_authored_canonical_error_curriculum_v1,human_approved,high,Human reviewed and approved for contextual-head training.,We should review delivery exposure.,The team identified that urgent cases may remain hidden in the general queue.,The exposure remains open.,"[PREVIOUS]
We should review delivery exposure.
[CURRENT]
The team identified that urgent cases may remain hidden in the general queue.
[NEXT]
The exposure remains open.",active,standalone,canonical_item,none,RISK_005,True,risk
ctx_005_13,"Yes, we should monitor that.",contextual_curriculum,risk_dependency,not_action,risk_language,customer_support,context_005_customer_support,train,ai_authored_canonical_error_curriculum_v1,human_approved,high,Human reviewed and approved for contextual-head training.,The risk is that urgent cases may remain hidden in the general queue.,"Yes, we should monitor that.",Add it to the register.,"[PREVIOUS]
The risk is that urgent cases may remain hidden in the general queue.
[CURRENT]
Yes, we should monitor that.
[NEXT]
Add it to the register.",active,accepts_previous,supporting_detail,none,RISK_005,True,risk
ctx_005_14,That exposure was closed last week.,contextual_curriculum,background_context,completed_history,,customer_support,context_005_customer_support,train,ai_authored_canonical_error_curriculum_v1,human_approved,high,Human reviewed and approved for contextual-head training.,We previously worried that urgent cases may remain hidden in the general queue.,That exposure was closed last week.,No monitoring is required.,"[PREVIOUS]
We previously worried that urgent cases may remain hidden in the general queue.
[CURRENT]
That exposure was closed last week.
[NEXT]
No monitoring is required.",completed,modifies_previous,context_only,historical,,False,
ctx_005_15,Can everyone see my screen?,contextual_curriculum,background_context,not_action,,customer_support,context_005_customer_support,train,ai_authored_canonical_error_curriculum_v1,human_approved,high,Human reviewed and approved for contextual-head training.,The meeting is starting.,Can everyone see my screen?,We will continue in a moment.,"[PREVIOUS]
The meeting is starting.
[CURRENT]
Can everyone see my screen?
[NEXT]
We will continue in a moment.",none,standalone,none,other,,False,
ctx_005_16,The customer support work remains in progress.,contextual_curriculum,background_context,not_action,,customer_support,context_005_customer_support,train,ai_authored_canonical_error_curriculum_v1,human_approved,high,Human reviewed and approved for contextual-head training.,We reviewed the background.,The customer support work remains in progress.,No commitment was made.,"[PREVIOUS]
We reviewed the background.
[CURRENT]
The customer support work remains in progress.
[NEXT]
No commitment was made.",none,standalone,supporting_detail,none,,False,
ctx_006_01,I'll request the supplier insurance certificate.,contextual_curriculum,action_commitment,confirmed_action,,supplier,context_006_supplier,train,ai_authored_canonical_error_curriculum_v1,human_approved,high,Human reviewed and approved for contextual-head training.,We need someone to handle this.,I'll request the supplier insurance certificate.,Can it be done by Thursday?,"[PREVIOUS]
We need someone to handle this.
[CURRENT]
I'll request the supplier insurance certificate.
[NEXT]
Can it be done by Thursday?",active,needs_previous,canonical_item,none,ACTION_006,True,action
ctx_006_02,Before Thursday.,contextual_curriculum,action_commitment,not_action,deadline_or_sequence,supplier,context_006_supplier,train,ai_authored_canonical_error_curriculum_v1,human_approved,high,Human reviewed and approved for contextual-head training.,I'll request the supplier insurance certificate.,Before Thursday.,"Yes, that works.","[PREVIOUS]
I'll request the supplier insurance certificate.
[CURRENT]
Before Thursday.
[NEXT]
Yes, that works.",none,needs_previous,context_only,deadline_previous,ACTION_006,True,action
ctx_006_03,"Yes, I'll take that.",contextual_curriculum,action_commitment,confirmed_action,,supplier,context_006_supplier,train,ai_authored_canonical_error_curriculum_v1,human_approved,high,Human reviewed and approved for contextual-head training.,Could you request the supplier insurance certificate?,"Yes, I'll take that.",Please finish by Thursday.,"[PREVIOUS]
Could you request the supplier insurance certificate?
[CURRENT]
Yes, I'll take that.
[NEXT]
Please finish by Thursday.",active,accepts_previous,canonical_item,none,ACTION_006,True,action
ctx_006_04,Ravi will request the supplier insurance certificate by Thursday.,contextual_curriculum,action_commitment,confirmed_action,deadline_or_sequence,supplier,context_006_supplier,train,ai_authored_canonical_error_curriculum_v1,human_approved,high,Human reviewed and approved for contextual-head training.,The work is on the list.,Ravi will request the supplier insurance certificate by Thursday.,Let's move on.,"[PREVIOUS]
The work is on the list.
[CURRENT]
Ravi will request the supplier insurance certificate by Thursday.
[NEXT]
Let's move on.",active,standalone,canonical_item,deadline_current,ACTION_006,True,action
ctx_006_05,I completed the work to request the supplier insurance certificate yesterday.,contextual_curriculum,background_context,completed_history,,supplier,context_006_supplier,train,ai_authored_canonical_error_curriculum_v1,human_approved,high,Human reviewed and approved for contextual-head training.,Here is the status.,I completed the work to request the supplier insurance certificate yesterday.,Nothing remains open.,"[PREVIOUS]
Here is the status.
[CURRENT]
I completed the work to request the supplier insurance certificate yesterday.
[NEXT]
Nothing remains open.",completed,standalone,context_only,historical,,False,
ctx_006_06,I might request the supplier insurance certificate if capacity allows.,contextual_curriculum,background_context,not_action,,supplier,context_006_supplier,train,ai_authored_canonical_error_curriculum_v1,human_approved,high,Human reviewed and approved for contextual-head training.,We may need help.,I might request the supplier insurance certificate if capacity allows.,No action was agreed.,"[PREVIOUS]
We may need help.
[CURRENT]
I might request the supplier insurance certificate if capacity allows.
[NEXT]
No action was agreed.",tentative,needs_next,context_only,other,,False,
ctx_006_07,"Actually, another owner will request the supplier insurance certificate instead.",contextual_curriculum,action_commitment,not_action,,supplier,context_006_supplier,train,ai_authored_canonical_error_curriculum_v1,human_approved,high,Human reviewed and approved for contextual-head training.,Ravi will request the supplier insurance certificate.,"Actually, another owner will request the supplier insurance certificate instead.",Use the new owner.,"[PREVIOUS]
Ravi will request the supplier insurance certificate.
[CURRENT]
Actually, another owner will request the supplier insurance certificate instead.
[NEXT]
Use the new owner.",superseded,modifies_previous,canonical_item,none,ACTION_006,True,action
ctx_006_08,Do not proceed with that action.,contextual_curriculum,background_context,not_action,,supplier,context_006_supplier,train,ai_authored_canonical_error_curriculum_v1,human_approved,high,Human reviewed and approved for contextual-head training.,Please request the supplier insurance certificate.,Do not proceed with that action.,It is no longer required.,"[PREVIOUS]
Please request the supplier insurance certificate.
[CURRENT]
Do not proceed with that action.
[NEXT]
It is no longer required.",inactive,modifies_previous,context_only,none,,False,
ctx_006_09,We agreed to approve onboarding only after due diligence.,contextual_curriculum,decision_agreement,not_action,decision_language,supplier,context_006_supplier,train,ai_authored_canonical_error_curriculum_v1,human_approved,high,Human reviewed and approved for contextual-head training.,We should choose an approach.,We agreed to approve onboarding only after due diligence.,That is the final position.,"[PREVIOUS]
We should choose an approach.
[CURRENT]
We agreed to approve onboarding only after due diligence.
[NEXT]
That is the final position.",none,standalone,canonical_item,none,DECISION_006,True,decision
ctx_006_10,Agreed.,contextual_curriculum,decision_agreement,not_action,decision_language,supplier,context_006_supplier,train,ai_authored_canonical_error_curriculum_v1,human_approved,high,Human reviewed and approved for contextual-head training.,The proposal is to approve onboarding only after due diligence.,Agreed.,Let's use that approach.,"[PREVIOUS]
The proposal is to approve onboarding only after due diligence.
[CURRENT]
Agreed.
[NEXT]
Let's use that approach.",none,accepts_previous,supporting_detail,none,DECISION_006,True,decision
ctx_006_11,"Yes, that is the decision.",contextual_curriculum,decision_agreement,not_action,decision_language,supplier,context_006_supplier,train,ai_authored_canonical_error_curriculum_v1,human_approved,high,Human reviewed and approved for contextual-head training.,We agreed to approve onboarding only after due diligence.,"Yes, that is the decision.",Next topic.,"[PREVIOUS]
We agreed to approve onboarding only after due diligence.
[CURRENT]
Yes, that is the decision.
[NEXT]
Next topic.",none,needs_previous,duplicate_expression,none,DECISION_006,True,decision
ctx_006_12,The team identified that missing insurance evidence could postpone onboarding.,contextual_curriculum,risk_dependency,not_action,risk_language,supplier,context_006_supplier,train,ai_authored_canonical_error_curriculum_v1,human_approved,high,Human reviewed and approved for contextual-head training.,We should review delivery exposure.,The team identified that missing insurance evidence could postpone onboarding.,The exposure remains open.,"[PREVIOUS]
We should review delivery exposure.
[CURRENT]
The team identified that missing insurance evidence could postpone onboarding.
[NEXT]
The exposure remains open.",active,standalone,canonical_item,none,RISK_006,True,risk
ctx_006_13,"Yes, we should monitor that.",contextual_curriculum,risk_dependency,not_action,risk_language,supplier,context_006_supplier,train,ai_authored_canonical_error_curriculum_v1,human_approved,high,Human reviewed and approved for contextual-head training.,The risk is that missing insurance evidence could postpone onboarding.,"Yes, we should monitor that.",Add it to the register.,"[PREVIOUS]
The risk is that missing insurance evidence could postpone onboarding.
[CURRENT]
Yes, we should monitor that.
[NEXT]
Add it to the register.",active,accepts_previous,supporting_detail,none,RISK_006,True,risk
ctx_006_14,That exposure was closed last week.,contextual_curriculum,background_context,completed_history,,supplier,context_006_supplier,train,ai_authored_canonical_error_curriculum_v1,human_approved,high,Human reviewed and approved for contextual-head training.,We previously worried that missing insurance evidence could postpone onboarding.,That exposure was closed last week.,No monitoring is required.,"[PREVIOUS]
We previously worried that missing insurance evidence could postpone onboarding.
[CURRENT]
That exposure was closed last week.
[NEXT]
No monitoring is required.",completed,modifies_previous,context_only,historical,,False,
ctx_006_15,Can everyone see my screen?,contextual_curriculum,background_context,not_action,,supplier,context_006_supplier,train,ai_authored_canonical_error_curriculum_v1,human_approved,high,Human reviewed and approved for contextual-head training.,The meeting is starting.,Can everyone see my screen?,We will continue in a moment.,"[PREVIOUS]
The meeting is starting.
[CURRENT]
Can everyone see my screen?
[NEXT]
We will continue in a moment.",none,standalone,none,other,,False,
ctx_006_16,The supplier work remains in progress.,contextual_curriculum,background_context,not_action,,supplier,context_006_supplier,train,ai_authored_canonical_error_curriculum_v1,human_approved,high,Human reviewed and approved for contextual-head training.,We reviewed the background.,The supplier work remains in progress.,No commitment was made.,"[PREVIOUS]
We reviewed the background.
[CURRENT]
The supplier work remains in progress.
[NEXT]
No commitment was made.",none,standalone,supporting_detail,none,,False,
ctx_007_01,I'll shorten the product demonstration.,contextual_curriculum,action_commitment,confirmed_action,,webinar,context_007_webinar,test,ai_authored_canonical_error_curriculum_v1,human_approved,high,Human reviewed and approved for contextual-head training.,We need someone to handle this.,I'll shorten the product demonstration.,Can it be done by Wednesday?,"[PREVIOUS]
We need someone to handle this.
[CURRENT]
I'll shorten the product demonstration.
[NEXT]
Can it be done by Wednesday?",active,needs_previous,canonical_item,none,ACTION_007,True,action
ctx_007_02,Before Wednesday.,contextual_curriculum,action_commitment,not_action,deadline_or_sequence,webinar,context_007_webinar,test,ai_authored_canonical_error_curriculum_v1,human_approved,high,Human reviewed and approved for contextual-head training.,I'll shorten the product demonstration.,Before Wednesday.,"Yes, that works.","[PREVIOUS]
I'll shorten the product demonstration.
[CURRENT]
Before Wednesday.
[NEXT]
Yes, that works.",none,needs_previous,context_only,deadline_previous,ACTION_007,True,action
ctx_007_03,"Yes, I'll take that.",contextual_curriculum,action_commitment,confirmed_action,,webinar,context_007_webinar,test,ai_authored_canonical_error_curriculum_v1,human_approved,high,Human reviewed and approved for contextual-head training.,Could you shorten the product demonstration?,"Yes, I'll take that.",Please finish by Wednesday.,"[PREVIOUS]
Could you shorten the product demonstration?
[CURRENT]
Yes, I'll take that.
[NEXT]
Please finish by Wednesday.",active,accepts_previous,canonical_item,none,ACTION_007,True,action
ctx_007_04,Chloe will shorten the product demonstration by Wednesday.,contextual_curriculum,action_commitment,confirmed_action,deadline_or_sequence,webinar,context_007_webinar,test,ai_authored_canonical_error_curriculum_v1,human_approved,high,Human reviewed and approved for contextual-head training.,The work is on the list.,Chloe will shorten the product demonstration by Wednesday.,Let's move on.,"[PREVIOUS]
The work is on the list.
[CURRENT]
Chloe will shorten the product demonstration by Wednesday.
[NEXT]
Let's move on.",active,standalone,canonical_item,deadline_current,ACTION_007,True,action
ctx_007_05,I completed the work to shorten the product demonstration yesterday.,contextual_curriculum,background_context,completed_history,,webinar,context_007_webinar,test,ai_authored_canonical_error_curriculum_v1,human_approved,high,Human reviewed and approved for contextual-head training.,Here is the status.,I completed the work to shorten the product demonstration yesterday.,Nothing remains open.,"[PREVIOUS]
Here is the status.
[CURRENT]
I completed the work to shorten the product demonstration yesterday.
[NEXT]
Nothing remains open.",completed,standalone,context_only,historical,,False,
ctx_007_06,I might shorten the product demonstration if capacity allows.,contextual_curriculum,background_context,not_action,,webinar,context_007_webinar,test,ai_authored_canonical_error_curriculum_v1,human_approved,high,Human reviewed and approved for contextual-head training.,We may need help.,I might shorten the product demonstration if capacity allows.,No action was agreed.,"[PREVIOUS]
We may need help.
[CURRENT]
I might shorten the product demonstration if capacity allows.
[NEXT]
No action was agreed.",tentative,needs_next,context_only,other,,False,
ctx_007_07,"Actually, another owner will shorten the product demonstration instead.",contextual_curriculum,action_commitment,not_action,,webinar,context_007_webinar,test,ai_authored_canonical_error_curriculum_v1,human_approved,high,Human reviewed and approved for contextual-head training.,Chloe will shorten the product demonstration.,"Actually, another owner will shorten the product demonstration instead.",Use the new owner.,"[PREVIOUS]
Chloe will shorten the product demonstration.
[CURRENT]
Actually, another owner will shorten the product demonstration instead.
[NEXT]
Use the new owner.",superseded,modifies_previous,canonical_item,none,ACTION_007,True,action
ctx_007_08,Do not proceed with that action.,contextual_curriculum,background_context,not_action,,webinar,context_007_webinar,test,ai_authored_canonical_error_curriculum_v1,human_approved,high,Human reviewed and approved for contextual-head training.,Please shorten the product demonstration.,Do not proceed with that action.,It is no longer required.,"[PREVIOUS]
Please shorten the product demonstration.
[CURRENT]
Do not proceed with that action.
[NEXT]
It is no longer required.",inactive,modifies_previous,context_only,none,,False,
ctx_007_09,We agreed to reserve the final fifteen minutes for questions.,contextual_curriculum,decision_agreement,not_action,decision_language,webinar,context_007_webinar,test,ai_authored_canonical_error_curriculum_v1,human_approved,high,Human reviewed and approved for contextual-head training.,We should choose an approach.,We agreed to reserve the final fifteen minutes for questions.,That is the final position.,"[PREVIOUS]
We should choose an approach.
[CURRENT]
We agreed to reserve the final fifteen minutes for questions.
[NEXT]
That is the final position.",none,standalone,canonical_item,none,DECISION_007,True,decision
ctx_007_10,Agreed.,contextual_curriculum,decision_agreement,not_action,decision_language,webinar,context_007_webinar,test,ai_authored_canonical_error_curriculum_v1,human_approved,high,Human reviewed and approved for contextual-head training.,The proposal is to reserve the final fifteen minutes for questions.,Agreed.,Let's use that approach.,"[PREVIOUS]
The proposal is to reserve the final fifteen minutes for questions.
[CURRENT]
Agreed.
[NEXT]
Let's use that approach.",none,accepts_previous,supporting_detail,none,DECISION_007,True,decision
ctx_007_11,"Yes, that is the decision.",contextual_curriculum,decision_agreement,not_action,decision_language,webinar,context_007_webinar,test,ai_authored_canonical_error_curriculum_v1,human_approved,high,Human reviewed and approved for contextual-head training.,We agreed to reserve the final fifteen minutes for questions.,"Yes, that is the decision.",Next topic.,"[PREVIOUS]
We agreed to reserve the final fifteen minutes for questions.
[CURRENT]
Yes, that is the decision.
[NEXT]
Next topic.",none,needs_previous,duplicate_expression,none,DECISION_007,True,decision
ctx_007_12,The team identified that a long demonstration could crowd out questions.,contextual_curriculum,risk_dependency,not_action,risk_language,webinar,context_007_webinar,test,ai_authored_canonical_error_curriculum_v1,human_approved,high,Human reviewed and approved for contextual-head training.,We should review delivery exposure.,The team identified that a long demonstration could crowd out questions.,The exposure remains open.,"[PREVIOUS]
We should review delivery exposure.
[CURRENT]
The team identified that a long demonstration could crowd out questions.
[NEXT]
The exposure remains open.",active,standalone,canonical_item,none,RISK_007,True,risk
ctx_007_13,"Yes, we should monitor that.",contextual_curriculum,risk_dependency,not_action,risk_language,webinar,context_007_webinar,test,ai_authored_canonical_error_curriculum_v1,human_approved,high,Human reviewed and approved for contextual-head training.,The risk is that a long demonstration could crowd out questions.,"Yes, we should monitor that.",Add it to the register.,"[PREVIOUS]
The risk is that a long demonstration could crowd out questions.
[CURRENT]
Yes, we should monitor that.
[NEXT]
Add it to the register.",active,accepts_previous,supporting_detail,none,RISK_007,True,risk
ctx_007_14,That exposure was closed last week.,contextual_curriculum,background_context,completed_history,,webinar,context_007_webinar,test,ai_authored_canonical_error_curriculum_v1,human_approved,high,Human reviewed and approved for contextual-head training.,We previously worried that a long demonstration could crowd out questions.,That exposure was closed last week.,No monitoring is required.,"[PREVIOUS]
We previously worried that a long demonstration could crowd out questions.
[CURRENT]
That exposure was closed last week.
[NEXT]
No monitoring is required.",completed,modifies_previous,context_only,historical,,False,
ctx_007_15,Can everyone see my screen?,contextual_curriculum,background_context,not_action,,webinar,context_007_webinar,test,ai_authored_canonical_error_curriculum_v1,human_approved,high,Human reviewed and approved for contextual-head training.,The meeting is starting.,Can everyone see my screen?,We will continue in a moment.,"[PREVIOUS]
The meeting is starting.
[CURRENT]
Can everyone see my screen?
[NEXT]
We will continue in a moment.",none,standalone,none,other,,False,
ctx_007_16,The webinar work remains in progress.,contextual_curriculum,background_context,not_action,,webinar,context_007_webinar,test,ai_authored_canonical_error_curriculum_v1,human_approved,high,Human reviewed and approved for contextual-head training.,We reviewed the background.,The webinar work remains in progress.,No commitment was made.,"[PREVIOUS]
We reviewed the background.
[CURRENT]
The webinar work remains in progress.
[NEXT]
No commitment was made.",none,standalone,supporting_detail,none,,False,
ctx_008_01,I'll disable the legacy file-transfer account.,contextual_curriculum,action_commitment,confirmed_action,,security,context_008_security,validation,ai_authored_canonical_error_curriculum_v1,human_approved,high,Human reviewed and approved for contextual-head training.,We need someone to handle this.,I'll disable the legacy file-transfer account.,Can it be done by end of day?,"[PREVIOUS]
We need someone to handle this.
[CURRENT]
I'll disable the legacy file-transfer account.
[NEXT]
Can it be done by end of day?",active,needs_previous,canonical_item,none,ACTION_008,True,action
ctx_008_02,Before end of day.,contextual_curriculum,action_commitment,not_action,deadline_or_sequence,security,context_008_security,validation,ai_authored_canonical_error_curriculum_v1,human_approved,high,Human reviewed and approved for contextual-head training.,I'll disable the legacy file-transfer account.,Before end of day.,"Yes, that works.","[PREVIOUS]
I'll disable the legacy file-transfer account.
[CURRENT]
Before end of day.
[NEXT]
Yes, that works.",none,needs_previous,context_only,deadline_previous,ACTION_008,True,action
ctx_008_03,"Yes, I'll take that.",contextual_curriculum,action_commitment,confirmed_action,,security,context_008_security,validation,ai_authored_canonical_error_curriculum_v1,human_approved,high,Human reviewed and approved for contextual-head training.,Could you disable the legacy file-transfer account?,"Yes, I'll take that.",Please finish by end of day.,"[PREVIOUS]
Could you disable the legacy file-transfer account?
[CURRENT]
Yes, I'll take that.
[NEXT]
Please finish by end of day.",active,accepts_previous,canonical_item,none,ACTION_008,True,action
ctx_008_04,Jonah will disable the legacy file-transfer account by end of day.,contextual_curriculum,action_commitment,confirmed_action,deadline_or_sequence,security,context_008_security,validation,ai_authored_canonical_error_curriculum_v1,human_approved,high,Human reviewed and approved for contextual-head training.,The work is on the list.,Jonah will disable the legacy file-transfer account by end of day.,Let's move on.,"[PREVIOUS]
The work is on the list.
[CURRENT]
Jonah will disable the legacy file-transfer account by end of day.
[NEXT]
Let's move on.",active,standalone,canonical_item,deadline_current,ACTION_008,True,action
ctx_008_05,I completed the work to disable the legacy file-transfer account yesterday.,contextual_curriculum,background_context,completed_history,,security,context_008_security,validation,ai_authored_canonical_error_curriculum_v1,human_approved,high,Human reviewed and approved for contextual-head training.,Here is the status.,I completed the work to disable the legacy file-transfer account yesterday.,Nothing remains open.,"[PREVIOUS]
Here is the status.
[CURRENT]
I completed the work to disable the legacy file-transfer account yesterday.
[NEXT]
Nothing remains open.",completed,standalone,context_only,historical,,False,
ctx_008_06,I might disable the legacy file-transfer account if capacity allows.,contextual_curriculum,background_context,not_action,,security,context_008_security,validation,ai_authored_canonical_error_curriculum_v1,human_approved,high,Human reviewed and approved for contextual-head training.,We may need help.,I might disable the legacy file-transfer account if capacity allows.,No action was agreed.,"[PREVIOUS]
We may need help.
[CURRENT]
I might disable the legacy file-transfer account if capacity allows.
[NEXT]
No action was agreed.",tentative,needs_next,context_only,other,,False,
ctx_008_07,"Actually, another owner will disable the legacy file-transfer account instead.",contextual_curriculum,action_commitment,not_action,,security,context_008_security,validation,ai_authored_canonical_error_curriculum_v1,human_approved,high,Human reviewed and approved for contextual-head training.,Jonah will disable the legacy file-transfer account.,"Actually, another owner will disable the legacy file-transfer account instead.",Use the new owner.,"[PREVIOUS]
Jonah will disable the legacy file-transfer account.
[CURRENT]
Actually, another owner will disable the legacy file-transfer account instead.
[NEXT]
Use the new owner.",superseded,modifies_previous,canonical_item,none,ACTION_008,True,action
ctx_008_08,Do not proceed with that action.,contextual_curriculum,background_context,not_action,,security,context_008_security,validation,ai_authored_canonical_error_curriculum_v1,human_approved,high,Human reviewed and approved for contextual-head training.,Please disable the legacy file-transfer account.,Do not proceed with that action.,It is no longer required.,"[PREVIOUS]
Please disable the legacy file-transfer account.
[CURRENT]
Do not proceed with that action.
[NEXT]
It is no longer required.",inactive,modifies_previous,context_only,none,,False,
ctx_008_09,We agreed to require multifactor authentication for external access.,contextual_curriculum,decision_agreement,not_action,decision_language,security,context_008_security,validation,ai_authored_canonical_error_curriculum_v1,human_approved,high,Human reviewed and approved for contextual-head training.,We should choose an approach.,We agreed to require multifactor authentication for external access.,That is the final position.,"[PREVIOUS]
We should choose an approach.
[CURRENT]
We agreed to require multifactor authentication for external access.
[NEXT]
That is the final position.",none,standalone,canonical_item,none,DECISION_008,True,decision
ctx_008_10,Agreed.,contextual_curriculum,decision_agreement,not_action,decision_language,security,context_008_security,validation,ai_authored_canonical_error_curriculum_v1,human_approved,high,Human reviewed and approved for contextual-head training.,The proposal is to require multifactor authentication for external access.,Agreed.,Let's use that approach.,"[PREVIOUS]
The proposal is to require multifactor authentication for external access.
[CURRENT]
Agreed.
[NEXT]
Let's use that approach.",none,accepts_previous,supporting_detail,none,DECISION_008,True,decision
ctx_008_11,"Yes, that is the decision.",contextual_curriculum,decision_agreement,not_action,decision_language,security,context_008_security,validation,ai_authored_canonical_error_curriculum_v1,human_approved,high,Human reviewed and approved for contextual-head training.,We agreed to require multifactor authentication for external access.,"Yes, that is the decision.",Next topic.,"[PREVIOUS]
We agreed to require multifactor authentication for external access.
[CURRENT]
Yes, that is the decision.
[NEXT]
Next topic.",none,needs_previous,duplicate_expression,none,DECISION_008,True,decision
ctx_008_12,The team identified that the legacy account creates an unauthorised-access risk.,contextual_curriculum,risk_dependency,not_action,risk_language,security,context_008_security,validation,ai_authored_canonical_error_curriculum_v1,human_approved,high,Human reviewed and approved for contextual-head training.,We should review delivery exposure.,The team identified that the legacy account creates an unauthorised-access risk.,The exposure remains open.,"[PREVIOUS]
We should review delivery exposure.
[CURRENT]
The team identified that the legacy account creates an unauthorised-access risk.
[NEXT]
The exposure remains open.",active,standalone,canonical_item,none,RISK_008,True,risk
ctx_008_13,"Yes, we should monitor that.",contextual_curriculum,risk_dependency,not_action,risk_language,security,context_008_security,validation,ai_authored_canonical_error_curriculum_v1,human_approved,high,Human reviewed and approved for contextual-head training.,The risk is that the legacy account creates an unauthorised-access risk.,"Yes, we should monitor that.",Add it to the register.,"[PREVIOUS]
The risk is that the legacy account creates an unauthorised-access risk.
[CURRENT]
Yes, we should monitor that.
[NEXT]
Add it to the register.",active,accepts_previous,supporting_detail,none,RISK_008,True,risk
ctx_008_14,That exposure was closed last week.,contextual_curriculum,background_context,completed_history,,security,context_008_security,validation,ai_authored_canonical_error_curriculum_v1,human_approved,high,Human reviewed and approved for contextual-head training.,We previously worried that the legacy account creates an unauthorised-access risk.,That exposure was closed last week.,No monitoring is required.,"[PREVIOUS]
We previously worried that the legacy account creates an unauthorised-access risk.
[CURRENT]
That exposure was closed last week.
[NEXT]
No monitoring is required.",completed,modifies_previous,context_only,historical,,False,
ctx_008_15,Can everyone see my screen?,contextual_curriculum,background_context,not_action,,security,context_008_security,validation,ai_authored_canonical_error_curriculum_v1,human_approved,high,Human reviewed and approved for contextual-head training.,The meeting is starting.,Can everyone see my screen?,We will continue in a moment.,"[PREVIOUS]
The meeting is starting.
[CURRENT]
Can everyone see my screen?
[NEXT]
We will continue in a moment.",none,standalone,none,other,,False,
ctx_008_16,The security work remains in progress.,contextual_curriculum,background_context,not_action,,security,context_008_security,validation,ai_authored_canonical_error_curriculum_v1,human_approved,high,Human reviewed and approved for contextual-head training.,We reviewed the background.,The security work remains in progress.,No commitment was made.,"[PREVIOUS]
We reviewed the background.
[CURRENT]
The security work remains in progress.
[NEXT]
No commitment was made.",none,standalone,supporting_detail,none,,False,
ctx_009_01,I'll redline the termination wording.,contextual_curriculum,action_commitment,confirmed_action,,contract,context_009_contract,train,ai_authored_canonical_error_curriculum_v1,human_approved,high,Human reviewed and approved for contextual-head training.,We need someone to handle this.,I'll redline the termination wording.,Can it be done by Monday?,"[PREVIOUS]
We need someone to handle this.
[CURRENT]
I'll redline the termination wording.
[NEXT]
Can it be done by Monday?",active,needs_previous,canonical_item,none,ACTION_009,True,action
ctx_009_02,Before Monday.,contextual_curriculum,action_commitment,not_action,deadline_or_sequence,contract,context_009_contract,train,ai_authored_canonical_error_curriculum_v1,human_approved,high,Human reviewed and approved for contextual-head training.,I'll redline the termination wording.,Before Monday.,"Yes, that works.","[PREVIOUS]
I'll redline the termination wording.
[CURRENT]
Before Monday.
[NEXT]
Yes, that works.",none,needs_previous,context_only,deadline_previous,ACTION_009,True,action
ctx_009_03,"Yes, I'll take that.",contextual_curriculum,action_commitment,confirmed_action,,contract,context_009_contract,train,ai_authored_canonical_error_curriculum_v1,human_approved,high,Human reviewed and approved for contextual-head training.,Could you redline the termination wording?,"Yes, I'll take that.",Please finish by Monday.,"[PREVIOUS]
Could you redline the termination wording?
[CURRENT]
Yes, I'll take that.
[NEXT]
Please finish by Monday.",active,accepts_previous,canonical_item,none,ACTION_009,True,action
ctx_009_04,Amara will redline the termination wording by Monday.,contextual_curriculum,action_commitment,confirmed_action,deadline_or_sequence,contract,context_009_contract,train,ai_authored_canonical_error_curriculum_v1,human_approved,high,Human reviewed and approved for contextual-head training.,The work is on the list.,Amara will redline the termination wording by Monday.,Let's move on.,"[PREVIOUS]
The work is on the list.
[CURRENT]
Amara will redline the termination wording by Monday.
[NEXT]
Let's move on.",active,standalone,canonical_item,deadline_current,ACTION_009,True,action
ctx_009_05,I completed the work to redline the termination wording yesterday.,contextual_curriculum,background_context,completed_history,,contract,context_009_contract,train,ai_authored_canonical_error_curriculum_v1,human_approved,high,Human reviewed and approved for contextual-head training.,Here is the status.,I completed the work to redline the termination wording yesterday.,Nothing remains open.,"[PREVIOUS]
Here is the status.
[CURRENT]
I completed the work to redline the termination wording yesterday.
[NEXT]
Nothing remains open.",completed,standalone,context_only,historical,,False,
ctx_009_06,I might redline the termination wording if capacity allows.,contextual_curriculum,background_context,not_action,,contract,context_009_contract,train,ai_authored_canonical_error_curriculum_v1,human_approved,high,Human reviewed and approved for contextual-head training.,We may need help.,I might redline the termination wording if capacity allows.,No action was agreed.,"[PREVIOUS]
We may need help.
[CURRENT]
I might redline the termination wording if capacity allows.
[NEXT]
No action was agreed.",tentative,needs_next,context_only,other,,False,
ctx_009_07,"Actually, another owner will redline the termination wording instead.",contextual_curriculum,action_commitment,not_action,,contract,context_009_contract,train,ai_authored_canonical_error_curriculum_v1,human_approved,high,Human reviewed and approved for contextual-head training.,Amara will redline the termination wording.,"Actually, another owner will redline the termination wording instead.",Use the new owner.,"[PREVIOUS]
Amara will redline the termination wording.
[CURRENT]
Actually, another owner will redline the termination wording instead.
[NEXT]
Use the new owner.",superseded,modifies_previous,canonical_item,none,ACTION_009,True,action
ctx_009_08,Do not proceed with that action.,contextual_curriculum,background_context,not_action,,contract,context_009_contract,train,ai_authored_canonical_error_curriculum_v1,human_approved,high,Human reviewed and approved for contextual-head training.,Please redline the termination wording.,Do not proceed with that action.,It is no longer required.,"[PREVIOUS]
Please redline the termination wording.
[CURRENT]
Do not proceed with that action.
[NEXT]
It is no longer required.",inactive,modifies_previous,context_only,none,,False,
ctx_009_09,We agreed to offer a twelve-month renewal.,contextual_curriculum,decision_agreement,not_action,decision_language,contract,context_009_contract,train,ai_authored_canonical_error_curriculum_v1,human_approved,high,Human reviewed and approved for contextual-head training.,We should choose an approach.,We agreed to offer a twelve-month renewal.,That is the final position.,"[PREVIOUS]
We should choose an approach.
[CURRENT]
We agreed to offer a twelve-month renewal.
[NEXT]
That is the final position.",none,standalone,canonical_item,none,DECISION_009,True,decision
ctx_009_10,Agreed.,contextual_curriculum,decision_agreement,not_action,decision_language,contract,context_009_contract,train,ai_authored_canonical_error_curriculum_v1,human_approved,high,Human reviewed and approved for contextual-head training.,The proposal is to offer a twelve-month renewal.,Agreed.,Let's use that approach.,"[PREVIOUS]
The proposal is to offer a twelve-month renewal.
[CURRENT]
Agreed.
[NEXT]
Let's use that approach.",none,accepts_previous,supporting_detail,none,DECISION_009,True,decision
ctx_009_11,"Yes, that is the decision.",contextual_curriculum,decision_agreement,not_action,decision_language,contract,context_009_contract,train,ai_authored_canonical_error_curriculum_v1,human_approved,high,Human reviewed and approved for contextual-head training.,We agreed to offer a twelve-month renewal.,"Yes, that is the decision.",Next topic.,"[PREVIOUS]
We agreed to offer a twelve-month renewal.
[CURRENT]
Yes, that is the decision.
[NEXT]
Next topic.",none,needs_previous,duplicate_expression,none,DECISION_009,True,decision
ctx_009_12,The team identified that unclear termination wording could prolong negotiation.,contextual_curriculum,risk_dependency,not_action,risk_language,contract,context_009_contract,train,ai_authored_canonical_error_curriculum_v1,human_approved,high,Human reviewed and approved for contextual-head training.,We should review delivery exposure.,The team identified that unclear termination wording could prolong negotiation.,The exposure remains open.,"[PREVIOUS]
We should review delivery exposure.
[CURRENT]
The team identified that unclear termination wording could prolong negotiation.
[NEXT]
The exposure remains open.",active,standalone,canonical_item,none,RISK_009,True,risk
ctx_009_13,"Yes, we should monitor that.",contextual_curriculum,risk_dependency,not_action,risk_language,contract,context_009_contract,train,ai_authored_canonical_error_curriculum_v1,human_approved,high,Human reviewed and approved for contextual-head training.,The risk is that unclear termination wording could prolong negotiation.,"Yes, we should monitor that.",Add it to the register.,"[PREVIOUS]
The risk is that unclear termination wording could prolong negotiation.
[CURRENT]
Yes, we should monitor that.
[NEXT]
Add it to the register.",active,accepts_previous,supporting_detail,none,RISK_009,True,risk
ctx_009_14,That exposure was closed last week.,contextual_curriculum,background_context,completed_history,,contract,context_009_contract,train,ai_authored_canonical_error_curriculum_v1,human_approved,high,Human reviewed and approved for contextual-head training.,We previously worried that unclear termination wording could prolong negotiation.,That exposure was closed last week.,No monitoring is required.,"[PREVIOUS]
We previously worried that unclear termination wording could prolong negotiation.
[CURRENT]
That exposure was closed last week.
[NEXT]
No monitoring is required.",completed,modifies_previous,context_only,historical,,False,
ctx_009_15,Can everyone see my screen?,contextual_curriculum,background_context,not_action,,contract,context_009_contract,train,ai_authored_canonical_error_curriculum_v1,human_approved,high,Human reviewed and approved for contextual-head training.,The meeting is starting.,Can everyone see my screen?,We will continue in a moment.,"[PREVIOUS]
The meeting is starting.
[CURRENT]
Can everyone see my screen?
[NEXT]
We will continue in a moment.",none,standalone,none,other,,False,
ctx_009_16,The contract work remains in progress.,contextual_curriculum,background_context,not_action,,contract,context_009_contract,train,ai_authored_canonical_error_curriculum_v1,human_approved,high,Human reviewed and approved for contextual-head training.,We reviewed the background.,The contract work remains in progress.,No commitment was made.,"[PREVIOUS]
We reviewed the background.
[CURRENT]
The contract work remains in progress.
[NEXT]
No commitment was made.",none,standalone,supporting_detail,none,,False,
ctx_010_01,I'll prepare the audit evidence index.,contextual_curriculum,action_commitment,confirmed_action,,audit,context_010_audit,train,ai_authored_canonical_error_curriculum_v1,human_approved,high,Human reviewed and approved for contextual-head training.,We need someone to handle this.,I'll prepare the audit evidence index.,Can it be done by next week?,"[PREVIOUS]
We need someone to handle this.
[CURRENT]
I'll prepare the audit evidence index.
[NEXT]
Can it be done by next week?",active,needs_previous,canonical_item,none,ACTION_010,True,action
ctx_010_02,Before next week.,contextual_curriculum,action_commitment,not_action,deadline_or_sequence,audit,context_010_audit,train,ai_authored_canonical_error_curriculum_v1,human_approved,high,Human reviewed and approved for contextual-head training.,I'll prepare the audit evidence index.,Before next week.,"Yes, that works.","[PREVIOUS]
I'll prepare the audit evidence index.
[CURRENT]
Before next week.
[NEXT]
Yes, that works.",none,needs_previous,context_only,deadline_previous,ACTION_010,True,action
ctx_010_03,"Yes, I'll take that.",contextual_curriculum,action_commitment,confirmed_action,,audit,context_010_audit,train,ai_authored_canonical_error_curriculum_v1,human_approved,high,Human reviewed and approved for contextual-head training.,Could you prepare the audit evidence index?,"Yes, I'll take that.",Please finish by next week.,"[PREVIOUS]
Could you prepare the audit evidence index?
[CURRENT]
Yes, I'll take that.
[NEXT]
Please finish by next week.",active,accepts_previous,canonical_item,none,ACTION_010,True,action
ctx_010_04,Louis will prepare the audit evidence index by next week.,contextual_curriculum,action_commitment,confirmed_action,deadline_or_sequence,audit,context_010_audit,train,ai_authored_canonical_error_curriculum_v1,human_approved,high,Human reviewed and approved for contextual-head training.,The work is on the list.,Louis will prepare the audit evidence index by next week.,Let's move on.,"[PREVIOUS]
The work is on the list.
[CURRENT]
Louis will prepare the audit evidence index by next week.
[NEXT]
Let's move on.",active,standalone,canonical_item,deadline_current,ACTION_010,True,action
ctx_010_05,I completed the work to prepare the audit evidence index yesterday.,contextual_curriculum,background_context,completed_history,,audit,context_010_audit,train,ai_authored_canonical_error_curriculum_v1,human_approved,high,Human reviewed and approved for contextual-head training.,Here is the status.,I completed the work to prepare the audit evidence index yesterday.,Nothing remains open.,"[PREVIOUS]
Here is the status.
[CURRENT]
I completed the work to prepare the audit evidence index yesterday.
[NEXT]
Nothing remains open.",completed,standalone,context_only,historical,,False,
ctx_010_06,I might prepare the audit evidence index if capacity allows.,contextual_curriculum,background_context,not_action,,audit,context_010_audit,train,ai_authored_canonical_error_curriculum_v1,human_approved,high,Human reviewed and approved for contextual-head training.,We may need help.,I might prepare the audit evidence index if capacity allows.,No action was agreed.,"[PREVIOUS]
We may need help.
[CURRENT]
I might prepare the audit evidence index if capacity allows.
[NEXT]
No action was agreed.",tentative,needs_next,context_only,other,,False,
ctx_010_07,"Actually, another owner will prepare the audit evidence index instead.",contextual_curriculum,action_commitment,not_action,,audit,context_010_audit,train,ai_authored_canonical_error_curriculum_v1,human_approved,high,Human reviewed and approved for contextual-head training.,Louis will prepare the audit evidence index.,"Actually, another owner will prepare the audit evidence index instead.",Use the new owner.,"[PREVIOUS]
Louis will prepare the audit evidence index.
[CURRENT]
Actually, another owner will prepare the audit evidence index instead.
[NEXT]
Use the new owner.",superseded,modifies_previous,canonical_item,none,ACTION_010,True,action
ctx_010_08,Do not proceed with that action.,contextual_curriculum,background_context,not_action,,audit,context_010_audit,train,ai_authored_canonical_error_curriculum_v1,human_approved,high,Human reviewed and approved for contextual-head training.,Please prepare the audit evidence index.,Do not proceed with that action.,It is no longer required.,"[PREVIOUS]
Please prepare the audit evidence index.
[CURRENT]
Do not proceed with that action.
[NEXT]
It is no longer required.",inactive,modifies_previous,context_only,none,,False,
ctx_010_09,We agreed to sample two additional operational processes.,contextual_curriculum,decision_agreement,not_action,decision_language,audit,context_010_audit,train,ai_authored_canonical_error_curriculum_v1,human_approved,high,Human reviewed and approved for contextual-head training.,We should choose an approach.,We agreed to sample two additional operational processes.,That is the final position.,"[PREVIOUS]
We should choose an approach.
[CURRENT]
We agreed to sample two additional operational processes.
[NEXT]
That is the final position.",none,standalone,canonical_item,none,DECISION_010,True,decision
ctx_010_10,Agreed.,contextual_curriculum,decision_agreement,not_action,decision_language,audit,context_010_audit,train,ai_authored_canonical_error_curriculum_v1,human_approved,high,Human reviewed and approved for contextual-head training.,The proposal is to sample two additional operational processes.,Agreed.,Let's use that approach.,"[PREVIOUS]
The proposal is to sample two additional operational processes.
[CURRENT]
Agreed.
[NEXT]
Let's use that approach.",none,accepts_previous,supporting_detail,none,DECISION_010,True,decision
ctx_010_11,"Yes, that is the decision.",contextual_curriculum,decision_agreement,not_action,decision_language,audit,context_010_audit,train,ai_authored_canonical_error_curriculum_v1,human_approved,high,Human reviewed and approved for contextual-head training.,We agreed to sample two additional operational processes.,"Yes, that is the decision.",Next topic.,"[PREVIOUS]
We agreed to sample two additional operational processes.
[CURRENT]
Yes, that is the decision.
[NEXT]
Next topic.",none,needs_previous,duplicate_expression,none,DECISION_010,True,decision
ctx_010_12,The team identified that missing records could prevent completion of the audit plan.,contextual_curriculum,risk_dependency,not_action,risk_language,audit,context_010_audit,train,ai_authored_canonical_error_curriculum_v1,human_approved,high,Human reviewed and approved for contextual-head training.,We should review delivery exposure.,The team identified that missing records could prevent completion of the audit plan.,The exposure remains open.,"[PREVIOUS]
We should review delivery exposure.
[CURRENT]
The team identified that missing records could prevent completion of the audit plan.
[NEXT]
The exposure remains open.",active,standalone,canonical_item,none,RISK_010,True,risk
ctx_010_13,"Yes, we should monitor that.",contextual_curriculum,risk_dependency,not_action,risk_language,audit,context_010_audit,train,ai_authored_canonical_error_curriculum_v1,human_approved,high,Human reviewed and approved for contextual-head training.,The risk is that missing records could prevent completion of the audit plan.,"Yes, we should monitor that.",Add it to the register.,"[PREVIOUS]
The risk is that missing records could prevent completion of the audit plan.
[CURRENT]
Yes, we should monitor that.
[NEXT]
Add it to the register.",active,accepts_previous,supporting_detail,none,RISK_010,True,risk
ctx_010_14,That exposure was closed last week.,contextual_curriculum,background_context,completed_history,,audit,context_010_audit,train,ai_authored_canonical_error_curriculum_v1,human_approved,high,Human reviewed and approved for contextual-head training.,We previously worried that missing records could prevent completion of the audit plan.,That exposure was closed last week.,No monitoring is required.,"[PREVIOUS]
We previously worried that missing records could prevent completion of the audit plan.
[CURRENT]
That exposure was closed last week.
[NEXT]
No monitoring is required.",completed,modifies_previous,context_only,historical,,False,
ctx_010_15,Can everyone see my screen?,contextual_curriculum,background_context,not_action,,audit,context_010_audit,train,ai_authored_canonical_error_curriculum_v1,human_approved,high,Human reviewed and approved for contextual-head training.,The meeting is starting.,Can everyone see my screen?,We will continue in a moment.,"[PREVIOUS]
The meeting is starting.
[CURRENT]
Can everyone see my screen?
[NEXT]
We will continue in a moment.",none,standalone,none,other,,False,
ctx_010_16,The audit work remains in progress.,contextual_curriculum,background_context,not_action,,audit,context_010_audit,train,ai_authored_canonical_error_curriculum_v1,human_approved,high,Human reviewed and approved for contextual-head training.,We reviewed the background.,The audit work remains in progress.,No commitment was made.,"[PREVIOUS]
We reviewed the background.
[CURRENT]
The audit work remains in progress.
[NEXT]
No commitment was made.",none,standalone,supporting_detail,none,,False,
ctx_011_01,I'll update the campaign launch schedule.,contextual_curriculum,action_commitment,confirmed_action,,marketing,context_011_marketing,train,ai_authored_canonical_error_curriculum_v1,human_approved,high,Human reviewed and approved for contextual-head training.,We need someone to handle this.,I'll update the campaign launch schedule.,Can it be done by Tuesday?,"[PREVIOUS]
We need someone to handle this.
[CURRENT]
I'll update the campaign launch schedule.
[NEXT]
Can it be done by Tuesday?",active,needs_previous,canonical_item,none,ACTION_011,True,action
ctx_011_02,Before Tuesday.,contextual_curriculum,action_commitment,not_action,deadline_or_sequence,marketing,context_011_marketing,train,ai_authored_canonical_error_curriculum_v1,human_approved,high,Human reviewed and approved for contextual-head training.,I'll update the campaign launch schedule.,Before Tuesday.,"Yes, that works.","[PREVIOUS]
I'll update the campaign launch schedule.
[CURRENT]
Before Tuesday.
[NEXT]
Yes, that works.",none,needs_previous,context_only,deadline_previous,ACTION_011,True,action
ctx_011_03,"Yes, I'll take that.",contextual_curriculum,action_commitment,confirmed_action,,marketing,context_011_marketing,train,ai_authored_canonical_error_curriculum_v1,human_approved,high,Human reviewed and approved for contextual-head training.,Could you update the campaign launch schedule?,"Yes, I'll take that.",Please finish by Tuesday.,"[PREVIOUS]
Could you update the campaign launch schedule?
[CURRENT]
Yes, I'll take that.
[NEXT]
Please finish by Tuesday.",active,accepts_previous,canonical_item,none,ACTION_011,True,action
ctx_011_04,Mei will update the campaign launch schedule by Tuesday.,contextual_curriculum,action_commitment,confirmed_action,deadline_or_sequence,marketing,context_011_marketing,train,ai_authored_canonical_error_curriculum_v1,human_approved,high,Human reviewed and approved for contextual-head training.,The work is on the list.,Mei will update the campaign launch schedule by Tuesday.,Let's move on.,"[PREVIOUS]
The work is on the list.
[CURRENT]
Mei will update the campaign launch schedule by Tuesday.
[NEXT]
Let's move on.",active,standalone,canonical_item,deadline_current,ACTION_011,True,action
ctx_011_05,I completed the work to update the campaign launch schedule yesterday.,contextual_curriculum,background_context,completed_history,,marketing,context_011_marketing,train,ai_authored_canonical_error_curriculum_v1,human_approved,high,Human reviewed and approved for contextual-head training.,Here is the status.,I completed the work to update the campaign launch schedule yesterday.,Nothing remains open.,"[PREVIOUS]
Here is the status.
[CURRENT]
I completed the work to update the campaign launch schedule yesterday.
[NEXT]
Nothing remains open.",completed,standalone,context_only,historical,,False,
ctx_011_06,I might update the campaign launch schedule if capacity allows.,contextual_curriculum,background_context,not_action,,marketing,context_011_marketing,train,ai_authored_canonical_error_curriculum_v1,human_approved,high,Human reviewed and approved for contextual-head training.,We may need help.,I might update the campaign launch schedule if capacity allows.,No action was agreed.,"[PREVIOUS]
We may need help.
[CURRENT]
I might update the campaign launch schedule if capacity allows.
[NEXT]
No action was agreed.",tentative,needs_next,context_only,other,,False,
ctx_011_07,"Actually, another owner will update the campaign launch schedule instead.",contextual_curriculum,action_commitment,not_action,,marketing,context_011_marketing,train,ai_authored_canonical_error_curriculum_v1,human_approved,high,Human reviewed and approved for contextual-head training.,Mei will update the campaign launch schedule.,"Actually, another owner will update the campaign launch schedule instead.",Use the new owner.,"[PREVIOUS]
Mei will update the campaign launch schedule.
[CURRENT]
Actually, another owner will update the campaign launch schedule instead.
[NEXT]
Use the new owner.",superseded,modifies_previous,canonical_item,none,ACTION_011,True,action
ctx_011_08,Do not proceed with that action.,contextual_curriculum,background_context,not_action,,marketing,context_011_marketing,train,ai_authored_canonical_error_curriculum_v1,human_approved,high,Human reviewed and approved for contextual-head training.,Please update the campaign launch schedule.,Do not proceed with that action.,It is no longer required.,"[PREVIOUS]
Please update the campaign launch schedule.
[CURRENT]
Do not proceed with that action.
[NEXT]
It is no longer required.",inactive,modifies_previous,context_only,none,,False,
ctx_011_09,We agreed to move the regional campaign into September.,contextual_curriculum,decision_agreement,not_action,decision_language,marketing,context_011_marketing,train,ai_authored_canonical_error_curriculum_v1,human_approved,high,Human reviewed and approved for contextual-head training.,We should choose an approach.,We agreed to move the regional campaign into September.,That is the final position.,"[PREVIOUS]
We should choose an approach.
[CURRENT]
We agreed to move the regional campaign into September.
[NEXT]
That is the final position.",none,standalone,canonical_item,none,DECISION_011,True,decision
ctx_011_10,Agreed.,contextual_curriculum,decision_agreement,not_action,decision_language,marketing,context_011_marketing,train,ai_authored_canonical_error_curriculum_v1,human_approved,high,Human reviewed and approved for contextual-head training.,The proposal is to move the regional campaign into September.,Agreed.,Let's use that approach.,"[PREVIOUS]
The proposal is to move the regional campaign into September.
[CURRENT]
Agreed.
[NEXT]
Let's use that approach.",none,accepts_previous,supporting_detail,none,DECISION_011,True,decision
ctx_011_11,"Yes, that is the decision.",contextual_curriculum,decision_agreement,not_action,decision_language,marketing,context_011_marketing,train,ai_authored_canonical_error_curriculum_v1,human_approved,high,Human reviewed and approved for contextual-head training.,We agreed to move the regional campaign into September.,"Yes, that is the decision.",Next topic.,"[PREVIOUS]
We agreed to move the regional campaign into September.
[CURRENT]
Yes, that is the decision.
[NEXT]
Next topic.",none,needs_previous,duplicate_expression,none,DECISION_011,True,decision
ctx_011_12,The team identified that creative approval may slip beyond the media booking date.,contextual_curriculum,risk_dependency,not_action,risk_language,marketing,context_011_marketing,train,ai_authored_canonical_error_curriculum_v1,human_approved,high,Human reviewed and approved for contextual-head training.,We should review delivery exposure.,The team identified that creative approval may slip beyond the media booking date.,The exposure remains open.,"[PREVIOUS]
We should review delivery exposure.
[CURRENT]
The team identified that creative approval may slip beyond the media booking date.
[NEXT]
The exposure remains open.",active,standalone,canonical_item,none,RISK_011,True,risk
ctx_011_13,"Yes, we should monitor that.",contextual_curriculum,risk_dependency,not_action,risk_language,marketing,context_011_marketing,train,ai_authored_canonical_error_curriculum_v1,human_approved,high,Human reviewed and approved for contextual-head training.,The risk is that creative approval may slip beyond the media booking date.,"Yes, we should monitor that.",Add it to the register.,"[PREVIOUS]
The risk is that creative approval may slip beyond the media booking date.
[CURRENT]
Yes, we should monitor that.
[NEXT]
Add it to the register.",active,accepts_previous,supporting_detail,none,RISK_011,True,risk
ctx_011_14,That exposure was closed last week.,contextual_curriculum,background_context,completed_history,,marketing,context_011_marketing,train,ai_authored_canonical_error_curriculum_v1,human_approved,high,Human reviewed and approved for contextual-head training.,We previously worried that creative approval may slip beyond the media booking date.,That exposure was closed last week.,No monitoring is required.,"[PREVIOUS]
We previously worried that creative approval may slip beyond the media booking date.
[CURRENT]
That exposure was closed last week.
[NEXT]
No monitoring is required.",completed,modifies_previous,context_only,historical,,False,
ctx_011_15,Can everyone see my screen?,contextual_curriculum,background_context,not_action,,marketing,context_011_marketing,train,ai_authored_canonical_error_curriculum_v1,human_approved,high,Human reviewed and approved for contextual-head training.,The meeting is starting.,Can everyone see my screen?,We will continue in a moment.,"[PREVIOUS]
The meeting is starting.
[CURRENT]
Can everyone see my screen?
[NEXT]
We will continue in a moment.",none,standalone,none,other,,False,
ctx_011_16,The marketing work remains in progress.,contextual_curriculum,background_context,not_action,,marketing,context_011_marketing,train,ai_authored_canonical_error_curriculum_v1,human_approved,high,Human reviewed and approved for contextual-head training.,We reviewed the background.,The marketing work remains in progress.,No commitment was made.,"[PREVIOUS]
We reviewed the background.
[CURRENT]
The marketing work remains in progress.
[NEXT]
No commitment was made.",none,standalone,supporting_detail,none,,False,
ctx_012_01,I'll update the weekend duty rota.,contextual_curriculum,action_commitment,confirmed_action,,operations,context_012_operations,test,ai_authored_canonical_error_curriculum_v1,human_approved,high,Human reviewed and approved for contextual-head training.,We need someone to handle this.,I'll update the weekend duty rota.,Can it be done by this afternoon?,"[PREVIOUS]
We need someone to handle this.
[CURRENT]
I'll update the weekend duty rota.
[NEXT]
Can it be done by this afternoon?",active,needs_previous,canonical_item,none,ACTION_012,True,action
ctx_012_02,Before this afternoon.,contextual_curriculum,action_commitment,not_action,deadline_or_sequence,operations,context_012_operations,test,ai_authored_canonical_error_curriculum_v1,human_approved,high,Human reviewed and approved for contextual-head training.,I'll update the weekend duty rota.,Before this afternoon.,"Yes, that works.","[PREVIOUS]
I'll update the weekend duty rota.
[CURRENT]
Before this afternoon.
[NEXT]
Yes, that works.",none,needs_previous,context_only,deadline_previous,ACTION_012,True,action
ctx_012_03,"Yes, I'll take that.",contextual_curriculum,action_commitment,confirmed_action,,operations,context_012_operations,test,ai_authored_canonical_error_curriculum_v1,human_approved,high,Human reviewed and approved for contextual-head training.,Could you update the weekend duty rota?,"Yes, I'll take that.",Please finish by this afternoon.,"[PREVIOUS]
Could you update the weekend duty rota?
[CURRENT]
Yes, I'll take that.
[NEXT]
Please finish by this afternoon.",active,accepts_previous,canonical_item,none,ACTION_012,True,action
ctx_012_04,Declan will update the weekend duty rota by this afternoon.,contextual_curriculum,action_commitment,confirmed_action,deadline_or_sequence,operations,context_012_operations,test,ai_authored_canonical_error_curriculum_v1,human_approved,high,Human reviewed and approved for contextual-head training.,The work is on the list.,Declan will update the weekend duty rota by this afternoon.,Let's move on.,"[PREVIOUS]
The work is on the list.
[CURRENT]
Declan will update the weekend duty rota by this afternoon.
[NEXT]
Let's move on.",active,standalone,canonical_item,deadline_current,ACTION_012,True,action
ctx_012_05,I completed the work to update the weekend duty rota yesterday.,contextual_curriculum,background_context,completed_history,,operations,context_012_operations,test,ai_authored_canonical_error_curriculum_v1,human_approved,high,Human reviewed and approved for contextual-head training.,Here is the status.,I completed the work to update the weekend duty rota yesterday.,Nothing remains open.,"[PREVIOUS]
Here is the status.
[CURRENT]
I completed the work to update the weekend duty rota yesterday.
[NEXT]
Nothing remains open.",completed,standalone,context_only,historical,,False,
ctx_012_06,I might update the weekend duty rota if capacity allows.,contextual_curriculum,background_context,not_action,,operations,context_012_operations,test,ai_authored_canonical_error_curriculum_v1,human_approved,high,Human reviewed and approved for contextual-head training.,We may need help.,I might update the weekend duty rota if capacity allows.,No action was agreed.,"[PREVIOUS]
We may need help.
[CURRENT]
I might update the weekend duty rota if capacity allows.
[NEXT]
No action was agreed.",tentative,needs_next,context_only,other,,False,
ctx_012_07,"Actually, another owner will update the weekend duty rota instead.",contextual_curriculum,action_commitment,not_action,,operations,context_012_operations,test,ai_authored_canonical_error_curriculum_v1,human_approved,high,Human reviewed and approved for contextual-head training.,Declan will update the weekend duty rota.,"Actually, another owner will update the weekend duty rota instead.",Use the new owner.,"[PREVIOUS]
Declan will update the weekend duty rota.
[CURRENT]
Actually, another owner will update the weekend duty rota instead.
[NEXT]
Use the new owner.",superseded,modifies_previous,canonical_item,none,ACTION_012,True,action
ctx_012_08,Do not proceed with that action.,contextual_curriculum,background_context,not_action,,operations,context_012_operations,test,ai_authored_canonical_error_curriculum_v1,human_approved,high,Human reviewed and approved for contextual-head training.,Please update the weekend duty rota.,Do not proceed with that action.,It is no longer required.,"[PREVIOUS]
Please update the weekend duty rota.
[CURRENT]
Do not proceed with that action.
[NEXT]
It is no longer required.",inactive,modifies_previous,context_only,none,,False,
ctx_012_09,We agreed to keep weekend support within the internal team.,contextual_curriculum,decision_agreement,not_action,decision_language,operations,context_012_operations,test,ai_authored_canonical_error_curriculum_v1,human_approved,high,Human reviewed and approved for contextual-head training.,We should choose an approach.,We agreed to keep weekend support within the internal team.,That is the final position.,"[PREVIOUS]
We should choose an approach.
[CURRENT]
We agreed to keep weekend support within the internal team.
[NEXT]
That is the final position.",none,standalone,canonical_item,none,DECISION_012,True,decision
ctx_012_10,Agreed.,contextual_curriculum,decision_agreement,not_action,decision_language,operations,context_012_operations,test,ai_authored_canonical_error_curriculum_v1,human_approved,high,Human reviewed and approved for contextual-head training.,The proposal is to keep weekend support within the internal team.,Agreed.,Let's use that approach.,"[PREVIOUS]
The proposal is to keep weekend support within the internal team.
[CURRENT]
Agreed.
[NEXT]
Let's use that approach.",none,accepts_previous,supporting_detail,none,DECISION_012,True,decision
ctx_012_11,"Yes, that is the decision.",contextual_curriculum,decision_agreement,not_action,decision_language,operations,context_012_operations,test,ai_authored_canonical_error_curriculum_v1,human_approved,high,Human reviewed and approved for contextual-head training.,We agreed to keep weekend support within the internal team.,"Yes, that is the decision.",Next topic.,"[PREVIOUS]
We agreed to keep weekend support within the internal team.
[CURRENT]
Yes, that is the decision.
[NEXT]
Next topic.",none,needs_previous,duplicate_expression,none,DECISION_012,True,decision
ctx_012_12,The team identified that insufficient weekend cover could delay incident response.,contextual_curriculum,risk_dependency,not_action,risk_language,operations,context_012_operations,test,ai_authored_canonical_error_curriculum_v1,human_approved,high,Human reviewed and approved for contextual-head training.,We should review delivery exposure.,The team identified that insufficient weekend cover could delay incident response.,The exposure remains open.,"[PREVIOUS]
We should review delivery exposure.
[CURRENT]
The team identified that insufficient weekend cover could delay incident response.
[NEXT]
The exposure remains open.",active,standalone,canonical_item,none,RISK_012,True,risk
ctx_012_13,"Yes, we should monitor that.",contextual_curriculum,risk_dependency,not_action,risk_language,operations,context_012_operations,test,ai_authored_canonical_error_curriculum_v1,human_approved,high,Human reviewed and approved for contextual-head training.,The risk is that insufficient weekend cover could delay incident response.,"Yes, we should monitor that.",Add it to the register.,"[PREVIOUS]
The risk is that insufficient weekend cover could delay incident response.
[CURRENT]
Yes, we should monitor that.
[NEXT]
Add it to the register.",active,accepts_previous,supporting_detail,none,RISK_012,True,risk
ctx_012_14,That exposure was closed last week.,contextual_curriculum,background_context,completed_history,,operations,context_012_operations,test,ai_authored_canonical_error_curriculum_v1,human_approved,high,Human reviewed and approved for contextual-head training.,We previously worried that insufficient weekend cover could delay incident response.,That exposure was closed last week.,No monitoring is required.,"[PREVIOUS]
We previously worried that insufficient weekend cover could delay incident response.
[CURRENT]
That exposure was closed last week.
[NEXT]
No monitoring is required.",completed,modifies_previous,context_only,historical,,False,
ctx_012_15,Can everyone see my screen?,contextual_curriculum,background_context,not_action,,operations,context_012_operations,test,ai_authored_canonical_error_curriculum_v1,human_approved,high,Human reviewed and approved for contextual-head training.,The meeting is starting.,Can everyone see my screen?,We will continue in a moment.,"[PREVIOUS]
The meeting is starting.
[CURRENT]
Can everyone see my screen?
[NEXT]
We will continue in a moment.",none,standalone,none,other,,False,
ctx_012_16,The operations work remains in progress.,contextual_curriculum,background_context,not_action,,operations,context_012_operations,test,ai_authored_canonical_error_curriculum_v1,human_approved,high,Human reviewed and approved for contextual-head training.,We reviewed the background.,The operations work remains in progress.,No commitment was made.,"[PREVIOUS]
We reviewed the background.
[CURRENT]
The operations work remains in progress.
[NEXT]
No commitment was made.",none,standalone,supporting_detail,none,,False,
ctx_013_01,I'll rewrite the account-permissions guide.,contextual_curriculum,action_commitment,confirmed_action,,documentation,context_013_documentation,train,ai_authored_canonical_error_curriculum_v1,human_approved,high,Human reviewed and approved for contextual-head training.,We need someone to handle this.,I'll rewrite the account-permissions guide.,Can it be done by Friday?,"[PREVIOUS]
We need someone to handle this.
[CURRENT]
I'll rewrite the account-permissions guide.
[NEXT]
Can it be done by Friday?",active,needs_previous,canonical_item,none,ACTION_013,True,action
ctx_013_02,Before Friday.,contextual_curriculum,action_commitment,not_action,deadline_or_sequence,documentation,context_013_documentation,train,ai_authored_canonical_error_curriculum_v1,human_approved,high,Human reviewed and approved for contextual-head training.,I'll rewrite the account-permissions guide.,Before Friday.,"Yes, that works.","[PREVIOUS]
I'll rewrite the account-permissions guide.
[CURRENT]
Before Friday.
[NEXT]
Yes, that works.",none,needs_previous,context_only,deadline_previous,ACTION_013,True,action
ctx_013_03,"Yes, I'll take that.",contextual_curriculum,action_commitment,confirmed_action,,documentation,context_013_documentation,train,ai_authored_canonical_error_curriculum_v1,human_approved,high,Human reviewed and approved for contextual-head training.,Could you rewrite the account-permissions guide?,"Yes, I'll take that.",Please finish by Friday.,"[PREVIOUS]
Could you rewrite the account-permissions guide?
[CURRENT]
Yes, I'll take that.
[NEXT]
Please finish by Friday.",active,accepts_previous,canonical_item,none,ACTION_013,True,action
ctx_013_04,Nora will rewrite the account-permissions guide by Friday.,contextual_curriculum,action_commitment,confirmed_action,deadline_or_sequence,documentation,context_013_documentation,train,ai_authored_canonical_error_curriculum_v1,human_approved,high,Human reviewed and approved for contextual-head training.,The work is on the list.,Nora will rewrite the account-permissions guide by Friday.,Let's move on.,"[PREVIOUS]
The work is on the list.
[CURRENT]
Nora will rewrite the account-permissions guide by Friday.
[NEXT]
Let's move on.",active,standalone,canonical_item,deadline_current,ACTION_013,True,action
ctx_013_05,I completed the work to rewrite the account-permissions guide yesterday.,contextual_curriculum,background_context,completed_history,,documentation,context_013_documentation,train,ai_authored_canonical_error_curriculum_v1,human_approved,high,Human reviewed and approved for contextual-head training.,Here is the status.,I completed the work to rewrite the account-permissions guide yesterday.,Nothing remains open.,"[PREVIOUS]
Here is the status.
[CURRENT]
I completed the work to rewrite the account-permissions guide yesterday.
[NEXT]
Nothing remains open.",completed,standalone,context_only,historical,,False,
ctx_013_06,I might rewrite the account-permissions guide if capacity allows.,contextual_curriculum,background_context,not_action,,documentation,context_013_documentation,train,ai_authored_canonical_error_curriculum_v1,human_approved,high,Human reviewed and approved for contextual-head training.,We may need help.,I might rewrite the account-permissions guide if capacity allows.,No action was agreed.,"[PREVIOUS]
We may need help.
[CURRENT]
I might rewrite the account-permissions guide if capacity allows.
[NEXT]
No action was agreed.",tentative,needs_next,context_only,other,,False,
ctx_013_07,"Actually, another owner will rewrite the account-permissions guide instead.",contextual_curriculum,action_commitment,not_action,,documentation,context_013_documentation,train,ai_authored_canonical_error_curriculum_v1,human_approved,high,Human reviewed and approved for contextual-head training.,Nora will rewrite the account-permissions guide.,"Actually, another owner will rewrite the account-permissions guide instead.",Use the new owner.,"[PREVIOUS]
Nora will rewrite the account-permissions guide.
[CURRENT]
Actually, another owner will rewrite the account-permissions guide instead.
[NEXT]
Use the new owner.",superseded,modifies_previous,canonical_item,none,ACTION_013,True,action
ctx_013_08,Do not proceed with that action.,contextual_curriculum,background_context,not_action,,documentation,context_013_documentation,train,ai_authored_canonical_error_curriculum_v1,human_approved,high,Human reviewed and approved for contextual-head training.,Please rewrite the account-permissions guide.,Do not proceed with that action.,It is no longer required.,"[PREVIOUS]
Please rewrite the account-permissions guide.
[CURRENT]
Do not proceed with that action.
[NEXT]
It is no longer required.",inactive,modifies_previous,context_only,none,,False,
ctx_013_09,We agreed to publish one combined onboarding guide.,contextual_curriculum,decision_agreement,not_action,decision_language,documentation,context_013_documentation,train,ai_authored_canonical_error_curriculum_v1,human_approved,high,Human reviewed and approved for contextual-head training.,We should choose an approach.,We agreed to publish one combined onboarding guide.,That is the final position.,"[PREVIOUS]
We should choose an approach.
[CURRENT]
We agreed to publish one combined onboarding guide.
[NEXT]
That is the final position.",none,standalone,canonical_item,none,DECISION_013,True,decision
ctx_013_10,Agreed.,contextual_curriculum,decision_agreement,not_action,decision_language,documentation,context_013_documentation,train,ai_authored_canonical_error_curriculum_v1,human_approved,high,Human reviewed and approved for contextual-head training.,The proposal is to publish one combined onboarding guide.,Agreed.,Let's use that approach.,"[PREVIOUS]
The proposal is to publish one combined onboarding guide.
[CURRENT]
Agreed.
[NEXT]
Let's use that approach.",none,accepts_previous,supporting_detail,none,DECISION_013,True,decision
ctx_013_11,"Yes, that is the decision.",contextual_curriculum,decision_agreement,not_action,decision_language,documentation,context_013_documentation,train,ai_authored_canonical_error_curriculum_v1,human_approved,high,Human reviewed and approved for contextual-head training.,We agreed to publish one combined onboarding guide.,"Yes, that is the decision.",Next topic.,"[PREVIOUS]
We agreed to publish one combined onboarding guide.
[CURRENT]
Yes, that is the decision.
[NEXT]
Next topic.",none,needs_previous,duplicate_expression,none,DECISION_013,True,decision
ctx_013_12,The team identified that ambiguous permissions guidance is increasing support demand.,contextual_curriculum,risk_dependency,not_action,risk_language,documentation,context_013_documentation,train,ai_authored_canonical_error_curriculum_v1,human_approved,high,Human reviewed and approved for contextual-head training.,We should review delivery exposure.,The team identified that ambiguous permissions guidance is increasing support demand.,The exposure remains open.,"[PREVIOUS]
We should review delivery exposure.
[CURRENT]
The team identified that ambiguous permissions guidance is increasing support demand.
[NEXT]
The exposure remains open.",active,standalone,canonical_item,none,RISK_013,True,risk
ctx_013_13,"Yes, we should monitor that.",contextual_curriculum,risk_dependency,not_action,risk_language,documentation,context_013_documentation,train,ai_authored_canonical_error_curriculum_v1,human_approved,high,Human reviewed and approved for contextual-head training.,The risk is that ambiguous permissions guidance is increasing support demand.,"Yes, we should monitor that.",Add it to the register.,"[PREVIOUS]
The risk is that ambiguous permissions guidance is increasing support demand.
[CURRENT]
Yes, we should monitor that.
[NEXT]
Add it to the register.",active,accepts_previous,supporting_detail,none,RISK_013,True,risk
ctx_013_14,That exposure was closed last week.,contextual_curriculum,background_context,completed_history,,documentation,context_013_documentation,train,ai_authored_canonical_error_curriculum_v1,human_approved,high,Human reviewed and approved for contextual-head training.,We previously worried that ambiguous permissions guidance is increasing support demand.,That exposure was closed last week.,No monitoring is required.,"[PREVIOUS]
We previously worried that ambiguous permissions guidance is increasing support demand.
[CURRENT]
That exposure was closed last week.
[NEXT]
No monitoring is required.",completed,modifies_previous,context_only,historical,,False,
ctx_013_15,Can everyone see my screen?,contextual_curriculum,background_context,not_action,,documentation,context_013_documentation,train,ai_authored_canonical_error_curriculum_v1,human_approved,high,Human reviewed and approved for contextual-head training.,The meeting is starting.,Can everyone see my screen?,We will continue in a moment.,"[PREVIOUS]
The meeting is starting.
[CURRENT]
Can everyone see my screen?
[NEXT]
We will continue in a moment.",none,standalone,none,other,,False,
ctx_013_16,The documentation work remains in progress.,contextual_curriculum,background_context,not_action,,documentation,context_013_documentation,train,ai_authored_canonical_error_curriculum_v1,human_approved,high,Human reviewed and approved for contextual-head training.,We reviewed the background.,The documentation work remains in progress.,No commitment was made.,"[PREVIOUS]
We reviewed the background.
[CURRENT]
The documentation work remains in progress.
[NEXT]
No commitment was made.",none,standalone,supporting_detail,none,,False,
ctx_014_01,I'll refresh the quarterly sales forecast.,contextual_curriculum,action_commitment,confirmed_action,,analytics,context_014_analytics,train,ai_authored_canonical_error_curriculum_v1,human_approved,high,Human reviewed and approved for contextual-head training.,We need someone to handle this.,I'll refresh the quarterly sales forecast.,Can it be done by Tuesday morning?,"[PREVIOUS]
We need someone to handle this.
[CURRENT]
I'll refresh the quarterly sales forecast.
[NEXT]
Can it be done by Tuesday morning?",active,needs_previous,canonical_item,none,ACTION_014,True,action
ctx_014_02,Before Tuesday morning.,contextual_curriculum,action_commitment,not_action,deadline_or_sequence,analytics,context_014_analytics,train,ai_authored_canonical_error_curriculum_v1,human_approved,high,Human reviewed and approved for contextual-head training.,I'll refresh the quarterly sales forecast.,Before Tuesday morning.,"Yes, that works.","[PREVIOUS]
I'll refresh the quarterly sales forecast.
[CURRENT]
Before Tuesday morning.
[NEXT]
Yes, that works.",none,needs_previous,context_only,deadline_previous,ACTION_014,True,action
ctx_014_03,"Yes, I'll take that.",contextual_curriculum,action_commitment,confirmed_action,,analytics,context_014_analytics,train,ai_authored_canonical_error_curriculum_v1,human_approved,high,Human reviewed and approved for contextual-head training.,Could you refresh the quarterly sales forecast?,"Yes, I'll take that.",Please finish by Tuesday morning.,"[PREVIOUS]
Could you refresh the quarterly sales forecast?
[CURRENT]
Yes, I'll take that.
[NEXT]
Please finish by Tuesday morning.",active,accepts_previous,canonical_item,none,ACTION_014,True,action
ctx_014_04,Omar will refresh the quarterly sales forecast by Tuesday morning.,contextual_curriculum,action_commitment,confirmed_action,deadline_or_sequence,analytics,context_014_analytics,train,ai_authored_canonical_error_curriculum_v1,human_approved,high,Human reviewed and approved for contextual-head training.,The work is on the list.,Omar will refresh the quarterly sales forecast by Tuesday morning.,Let's move on.,"[PREVIOUS]
The work is on the list.
[CURRENT]
Omar will refresh the quarterly sales forecast by Tuesday morning.
[NEXT]
Let's move on.",active,standalone,canonical_item,deadline_current,ACTION_014,True,action
ctx_014_05,I completed the work to refresh the quarterly sales forecast yesterday.,contextual_curriculum,background_context,completed_history,,analytics,context_014_analytics,train,ai_authored_canonical_error_curriculum_v1,human_approved,high,Human reviewed and approved for contextual-head training.,Here is the status.,I completed the work to refresh the quarterly sales forecast yesterday.,Nothing remains open.,"[PREVIOUS]
Here is the status.
[CURRENT]
I completed the work to refresh the quarterly sales forecast yesterday.
[NEXT]
Nothing remains open.",completed,standalone,context_only,historical,,False,
ctx_014_06,I might refresh the quarterly sales forecast if capacity allows.,contextual_curriculum,background_context,not_action,,analytics,context_014_analytics,train,ai_authored_canonical_error_curriculum_v1,human_approved,high,Human reviewed and approved for contextual-head training.,We may need help.,I might refresh the quarterly sales forecast if capacity allows.,No action was agreed.,"[PREVIOUS]
We may need help.
[CURRENT]
I might refresh the quarterly sales forecast if capacity allows.
[NEXT]
No action was agreed.",tentative,needs_next,context_only,other,,False,
ctx_014_07,"Actually, another owner will refresh the quarterly sales forecast instead.",contextual_curriculum,action_commitment,not_action,,analytics,context_014_analytics,train,ai_authored_canonical_error_curriculum_v1,human_approved,high,Human reviewed and approved for contextual-head training.,Omar will refresh the quarterly sales forecast.,"Actually, another owner will refresh the quarterly sales forecast instead.",Use the new owner.,"[PREVIOUS]
Omar will refresh the quarterly sales forecast.
[CURRENT]
Actually, another owner will refresh the quarterly sales forecast instead.
[NEXT]
Use the new owner.",superseded,modifies_previous,canonical_item,none,ACTION_014,True,action
ctx_014_08,Do not proceed with that action.,contextual_curriculum,background_context,not_action,,analytics,context_014_analytics,train,ai_authored_canonical_error_curriculum_v1,human_approved,high,Human reviewed and approved for contextual-head training.,Please refresh the quarterly sales forecast.,Do not proceed with that action.,It is no longer required.,"[PREVIOUS]
Please refresh the quarterly sales forecast.
[CURRENT]
Do not proceed with that action.
[NEXT]
It is no longer required.",inactive,modifies_previous,context_only,none,,False,
ctx_014_09,We agreed to focus pipeline reviews on logistics and healthcare.,contextual_curriculum,decision_agreement,not_action,decision_language,analytics,context_014_analytics,train,ai_authored_canonical_error_curriculum_v1,human_approved,high,Human reviewed and approved for contextual-head training.,We should choose an approach.,We agreed to focus pipeline reviews on logistics and healthcare.,That is the final position.,"[PREVIOUS]
We should choose an approach.
[CURRENT]
We agreed to focus pipeline reviews on logistics and healthcare.
[NEXT]
That is the final position.",none,standalone,canonical_item,none,DECISION_014,True,decision
ctx_014_10,Agreed.,contextual_curriculum,decision_agreement,not_action,decision_language,analytics,context_014_analytics,train,ai_authored_canonical_error_curriculum_v1,human_approved,high,Human reviewed and approved for contextual-head training.,The proposal is to focus pipeline reviews on logistics and healthcare.,Agreed.,Let's use that approach.,"[PREVIOUS]
The proposal is to focus pipeline reviews on logistics and healthcare.
[CURRENT]
Agreed.
[NEXT]
Let's use that approach.",none,accepts_previous,supporting_detail,none,DECISION_014,True,decision
ctx_014_11,"Yes, that is the decision.",contextual_curriculum,decision_agreement,not_action,decision_language,analytics,context_014_analytics,train,ai_authored_canonical_error_curriculum_v1,human_approved,high,Human reviewed and approved for contextual-head training.,We agreed to focus pipeline reviews on logistics and healthcare.,"Yes, that is the decision.",Next topic.,"[PREVIOUS]
We agreed to focus pipeline reviews on logistics and healthcare.
[CURRENT]
Yes, that is the decision.
[NEXT]
Next topic.",none,needs_previous,duplicate_expression,none,DECISION_014,True,decision
ctx_014_12,The team identified that two unqualified opportunities may distort the forecast.,contextual_curriculum,risk_dependency,not_action,risk_language,analytics,context_014_analytics,train,ai_authored_canonical_error_curriculum_v1,human_approved,high,Human reviewed and approved for contextual-head training.,We should review delivery exposure.,The team identified that two unqualified opportunities may distort the forecast.,The exposure remains open.,"[PREVIOUS]
We should review delivery exposure.
[CURRENT]
The team identified that two unqualified opportunities may distort the forecast.
[NEXT]
The exposure remains open.",active,standalone,canonical_item,none,RISK_014,True,risk
ctx_014_13,"Yes, we should monitor that.",contextual_curriculum,risk_dependency,not_action,risk_language,analytics,context_014_analytics,train,ai_authored_canonical_error_curriculum_v1,human_approved,high,Human reviewed and approved for contextual-head training.,The risk is that two unqualified opportunities may distort the forecast.,"Yes, we should monitor that.",Add it to the register.,"[PREVIOUS]
The risk is that two unqualified opportunities may distort the forecast.
[CURRENT]
Yes, we should monitor that.
[NEXT]
Add it to the register.",active,accepts_previous,supporting_detail,none,RISK_014,True,risk
ctx_014_14,That exposure was closed last week.,contextual_curriculum,background_context,completed_history,,analytics,context_014_analytics,train,ai_authored_canonical_error_curriculum_v1,human_approved,high,Human reviewed and approved for contextual-head training.,We previously worried that two unqualified opportunities may distort the forecast.,That exposure was closed last week.,No monitoring is required.,"[PREVIOUS]
We previously worried that two unqualified opportunities may distort the forecast.
[CURRENT]
That exposure was closed last week.
[NEXT]
No monitoring is required.",completed,modifies_previous,context_only,historical,,False,
ctx_014_15,Can everyone see my screen?,contextual_curriculum,background_context,not_action,,analytics,context_014_analytics,train,ai_authored_canonical_error_curriculum_v1,human_approved,high,Human reviewed and approved for contextual-head training.,The meeting is starting.,Can everyone see my screen?,We will continue in a moment.,"[PREVIOUS]
The meeting is starting.
[CURRENT]
Can everyone see my screen?
[NEXT]
We will continue in a moment.",none,standalone,none,other,,False,
ctx_014_16,The analytics work remains in progress.,contextual_curriculum,background_context,not_action,,analytics,context_014_analytics,train,ai_authored_canonical_error_curriculum_v1,human_approved,high,Human reviewed and approved for contextual-head training.,We reviewed the background.,The analytics work remains in progress.,No commitment was made.,"[PREVIOUS]
We reviewed the background.
[CURRENT]
The analytics work remains in progress.
[NEXT]
No commitment was made.",none,standalone,supporting_detail,none,,False,
ctx_015_01,I'll upload the signed corrective-action response.,contextual_curriculum,action_commitment,confirmed_action,,quality,context_015_quality,train,ai_authored_canonical_error_curriculum_v1,human_approved,high,Human reviewed and approved for contextual-head training.,We need someone to handle this.,I'll upload the signed corrective-action response.,Can it be done by close tomorrow?,"[PREVIOUS]
We need someone to handle this.
[CURRENT]
I'll upload the signed corrective-action response.
[NEXT]
Can it be done by close tomorrow?",active,needs_previous,canonical_item,none,ACTION_015,True,action
ctx_015_02,Before close tomorrow.,contextual_curriculum,action_commitment,not_action,deadline_or_sequence,quality,context_015_quality,train,ai_authored_canonical_error_curriculum_v1,human_approved,high,Human reviewed and approved for contextual-head training.,I'll upload the signed corrective-action response.,Before close tomorrow.,"Yes, that works.","[PREVIOUS]
I'll upload the signed corrective-action response.
[CURRENT]
Before close tomorrow.
[NEXT]
Yes, that works.",none,needs_previous,context_only,deadline_previous,ACTION_015,True,action
ctx_015_03,"Yes, I'll take that.",contextual_curriculum,action_commitment,confirmed_action,,quality,context_015_quality,train,ai_authored_canonical_error_curriculum_v1,human_approved,high,Human reviewed and approved for contextual-head training.,Could you upload the signed corrective-action response?,"Yes, I'll take that.",Please finish by close tomorrow.,"[PREVIOUS]
Could you upload the signed corrective-action response?
[CURRENT]
Yes, I'll take that.
[NEXT]
Please finish by close tomorrow.",active,accepts_previous,canonical_item,none,ACTION_015,True,action
ctx_015_04,Priya will upload the signed corrective-action response by close tomorrow.,contextual_curriculum,action_commitment,confirmed_action,deadline_or_sequence,quality,context_015_quality,train,ai_authored_canonical_error_curriculum_v1,human_approved,high,Human reviewed and approved for contextual-head training.,The work is on the list.,Priya will upload the signed corrective-action response by close tomorrow.,Let's move on.,"[PREVIOUS]
The work is on the list.
[CURRENT]
Priya will upload the signed corrective-action response by close tomorrow.
[NEXT]
Let's move on.",active,standalone,canonical_item,deadline_current,ACTION_015,True,action
ctx_015_05,I completed the work to upload the signed corrective-action response yesterday.,contextual_curriculum,background_context,completed_history,,quality,context_015_quality,train,ai_authored_canonical_error_curriculum_v1,human_approved,high,Human reviewed and approved for contextual-head training.,Here is the status.,I completed the work to upload the signed corrective-action response yesterday.,Nothing remains open.,"[PREVIOUS]
Here is the status.
[CURRENT]
I completed the work to upload the signed corrective-action response yesterday.
[NEXT]
Nothing remains open.",completed,standalone,context_only,historical,,False,
ctx_015_06,I might upload the signed corrective-action response if capacity allows.,contextual_curriculum,background_context,not_action,,quality,context_015_quality,train,ai_authored_canonical_error_curriculum_v1,human_approved,high,Human reviewed and approved for contextual-head training.,We may need help.,I might upload the signed corrective-action response if capacity allows.,No action was agreed.,"[PREVIOUS]
We may need help.
[CURRENT]
I might upload the signed corrective-action response if capacity allows.
[NEXT]
No action was agreed.",tentative,needs_next,context_only,other,,False,
ctx_015_07,"Actually, another owner will upload the signed corrective-action response instead.",contextual_curriculum,action_commitment,not_action,,quality,context_015_quality,train,ai_authored_canonical_error_curriculum_v1,human_approved,high,Human reviewed and approved for contextual-head training.,Priya will upload the signed corrective-action response.,"Actually, another owner will upload the signed corrective-action response instead.",Use the new owner.,"[PREVIOUS]
Priya will upload the signed corrective-action response.
[CURRENT]
Actually, another owner will upload the signed corrective-action response instead.
[NEXT]
Use the new owner.",superseded,modifies_previous,canonical_item,none,ACTION_015,True,action
ctx_015_08,Do not proceed with that action.,contextual_curriculum,background_context,not_action,,quality,context_015_quality,train,ai_authored_canonical_error_curriculum_v1,human_approved,high,Human reviewed and approved for contextual-head training.,Please upload the signed corrective-action response.,Do not proceed with that action.,It is no longer required.,"[PREVIOUS]
Please upload the signed corrective-action response.
[CURRENT]
Do not proceed with that action.
[NEXT]
It is no longer required.",inactive,modifies_previous,context_only,none,,False,
ctx_015_09,We agreed to retain the supplier on the approved list.,contextual_curriculum,decision_agreement,not_action,decision_language,quality,context_015_quality,train,ai_authored_canonical_error_curriculum_v1,human_approved,high,Human reviewed and approved for contextual-head training.,We should choose an approach.,We agreed to retain the supplier on the approved list.,That is the final position.,"[PREVIOUS]
We should choose an approach.
[CURRENT]
We agreed to retain the supplier on the approved list.
[NEXT]
That is the final position.",none,standalone,canonical_item,none,DECISION_015,True,decision
ctx_015_10,Agreed.,contextual_curriculum,decision_agreement,not_action,decision_language,quality,context_015_quality,train,ai_authored_canonical_error_curriculum_v1,human_approved,high,Human reviewed and approved for contextual-head training.,The proposal is to retain the supplier on the approved list.,Agreed.,Let's use that approach.,"[PREVIOUS]
The proposal is to retain the supplier on the approved list.
[CURRENT]
Agreed.
[NEXT]
Let's use that approach.",none,accepts_previous,supporting_detail,none,DECISION_015,True,decision
ctx_015_11,"Yes, that is the decision.",contextual_curriculum,decision_agreement,not_action,decision_language,quality,context_015_quality,train,ai_authored_canonical_error_curriculum_v1,human_approved,high,Human reviewed and approved for contextual-head training.,We agreed to retain the supplier on the approved list.,"Yes, that is the decision.",Next topic.,"[PREVIOUS]
We agreed to retain the supplier on the approved list.
[CURRENT]
Yes, that is the decision.
[NEXT]
Next topic.",none,needs_previous,duplicate_expression,none,DECISION_015,True,decision
ctx_015_12,The team identified that an overdue corrective action could affect supplier approval.,contextual_curriculum,risk_dependency,not_action,risk_language,quality,context_015_quality,train,ai_authored_canonical_error_curriculum_v1,human_approved,high,Human reviewed and approved for contextual-head training.,We should review delivery exposure.,The team identified that an overdue corrective action could affect supplier approval.,The exposure remains open.,"[PREVIOUS]
We should review delivery exposure.
[CURRENT]
The team identified that an overdue corrective action could affect supplier approval.
[NEXT]
The exposure remains open.",active,standalone,canonical_item,none,RISK_015,True,risk
ctx_015_13,"Yes, we should monitor that.",contextual_curriculum,risk_dependency,not_action,risk_language,quality,context_015_quality,train,ai_authored_canonical_error_curriculum_v1,human_approved,high,Human reviewed and approved for contextual-head training.,The risk is that an overdue corrective action could affect supplier approval.,"Yes, we should monitor that.",Add it to the register.,"[PREVIOUS]
The risk is that an overdue corrective action could affect supplier approval.
[CURRENT]
Yes, we should monitor that.
[NEXT]
Add it to the register.",active,accepts_previous,supporting_detail,none,RISK_015,True,risk
ctx_015_14,That exposure was closed last week.,contextual_curriculum,background_context,completed_history,,quality,context_015_quality,train,ai_authored_canonical_error_curriculum_v1,human_approved,high,Human reviewed and approved for contextual-head training.,We previously worried that an overdue corrective action could affect supplier approval.,That exposure was closed last week.,No monitoring is required.,"[PREVIOUS]
We previously worried that an overdue corrective action could affect supplier approval.
[CURRENT]
That exposure was closed last week.
[NEXT]
No monitoring is required.",completed,modifies_previous,context_only,historical,,False,
ctx_015_15,Can everyone see my screen?,contextual_curriculum,background_context,not_action,,quality,context_015_quality,train,ai_authored_canonical_error_curriculum_v1,human_approved,high,Human reviewed and approved for contextual-head training.,The meeting is starting.,Can everyone see my screen?,We will continue in a moment.,"[PREVIOUS]
The meeting is starting.
[CURRENT]
Can everyone see my screen?
[NEXT]
We will continue in a moment.",none,standalone,none,other,,False,
ctx_015_16,The quality work remains in progress.,contextual_curriculum,background_context,not_action,,quality,context_015_quality,train,ai_authored_canonical_error_curriculum_v1,human_approved,high,Human reviewed and approved for contextual-head training.,We reviewed the background.,The quality work remains in progress.,No commitment was made.,"[PREVIOUS]
We reviewed the background.
[CURRENT]
The quality work remains in progress.
[NEXT]
No commitment was made.",none,standalone,supporting_detail,none,,False,
ctx_016_01,I'll reschedule the programme check-in.,contextual_curriculum,action_commitment,confirmed_action,,planning,context_016_planning,validation,ai_authored_canonical_error_curriculum_v1,human_approved,high,Human reviewed and approved for contextual-head training.,We need someone to handle this.,I'll reschedule the programme check-in.,Can it be done by today?,"[PREVIOUS]
We need someone to handle this.
[CURRENT]
I'll reschedule the programme check-in.
[NEXT]
Can it be done by today?",active,needs_previous,canonical_item,none,ACTION_016,True,action
ctx_016_02,Before today.,contextual_curriculum,action_commitment,not_action,deadline_or_sequence,planning,context_016_planning,validation,ai_authored_canonical_error_curriculum_v1,human_approved,high,Human reviewed and approved for contextual-head training.,I'll reschedule the programme check-in.,Before today.,"Yes, that works.","[PREVIOUS]
I'll reschedule the programme check-in.
[CURRENT]
Before today.
[NEXT]
Yes, that works.",none,needs_previous,context_only,deadline_previous,ACTION_016,True,action
ctx_016_03,"Yes, I'll take that.",contextual_curriculum,action_commitment,confirmed_action,,planning,context_016_planning,validation,ai_authored_canonical_error_curriculum_v1,human_approved,high,Human reviewed and approved for contextual-head training.,Could you reschedule the programme check-in?,"Yes, I'll take that.",Please finish by today.,"[PREVIOUS]
Could you reschedule the programme check-in?
[CURRENT]
Yes, I'll take that.
[NEXT]
Please finish by today.",active,accepts_previous,canonical_item,none,ACTION_016,True,action
ctx_016_04,David will reschedule the programme check-in by today.,contextual_curriculum,action_commitment,confirmed_action,deadline_or_sequence,planning,context_016_planning,validation,ai_authored_canonical_error_curriculum_v1,human_approved,high,Human reviewed and approved for contextual-head training.,The work is on the list.,David will reschedule the programme check-in by today.,Let's move on.,"[PREVIOUS]
The work is on the list.
[CURRENT]
David will reschedule the programme check-in by today.
[NEXT]
Let's move on.",active,standalone,canonical_item,deadline_current,ACTION_016,True,action
ctx_016_05,I completed the work to reschedule the programme check-in yesterday.,contextual_curriculum,background_context,completed_history,,planning,context_016_planning,validation,ai_authored_canonical_error_curriculum_v1,human_approved,high,Human reviewed and approved for contextual-head training.,Here is the status.,I completed the work to reschedule the programme check-in yesterday.,Nothing remains open.,"[PREVIOUS]
Here is the status.
[CURRENT]
I completed the work to reschedule the programme check-in yesterday.
[NEXT]
Nothing remains open.",completed,standalone,context_only,historical,,False,
ctx_016_06,I might reschedule the programme check-in if capacity allows.,contextual_curriculum,background_context,not_action,,planning,context_016_planning,validation,ai_authored_canonical_error_curriculum_v1,human_approved,high,Human reviewed and approved for contextual-head training.,We may need help.,I might reschedule the programme check-in if capacity allows.,No action was agreed.,"[PREVIOUS]
We may need help.
[CURRENT]
I might reschedule the programme check-in if capacity allows.
[NEXT]
No action was agreed.",tentative,needs_next,context_only,other,,False,
ctx_016_07,"Actually, another owner will reschedule the programme check-in instead.",contextual_curriculum,action_commitment,not_action,,planning,context_016_planning,validation,ai_authored_canonical_error_curriculum_v1,human_approved,high,Human reviewed and approved for contextual-head training.,David will reschedule the programme check-in.,"Actually, another owner will reschedule the programme check-in instead.",Use the new owner.,"[PREVIOUS]
David will reschedule the programme check-in.
[CURRENT]
Actually, another owner will reschedule the programme check-in instead.
[NEXT]
Use the new owner.",superseded,modifies_previous,canonical_item,none,ACTION_016,True,action
ctx_016_08,Do not proceed with that action.,contextual_curriculum,background_context,not_action,,planning,context_016_planning,validation,ai_authored_canonical_error_curriculum_v1,human_approved,high,Human reviewed and approved for contextual-head training.,Please reschedule the programme check-in.,Do not proceed with that action.,It is no longer required.,"[PREVIOUS]
Please reschedule the programme check-in.
[CURRENT]
Do not proceed with that action.
[NEXT]
It is no longer required.",inactive,modifies_previous,context_only,none,,False,
ctx_016_09,We agreed to hold the check-in on Friday at noon.,contextual_curriculum,decision_agreement,not_action,decision_language,planning,context_016_planning,validation,ai_authored_canonical_error_curriculum_v1,human_approved,high,Human reviewed and approved for contextual-head training.,We should choose an approach.,We agreed to hold the check-in on Friday at noon.,That is the final position.,"[PREVIOUS]
We should choose an approach.
[CURRENT]
We agreed to hold the check-in on Friday at noon.
[NEXT]
That is the final position.",none,standalone,canonical_item,none,DECISION_016,True,decision
ctx_016_10,Agreed.,contextual_curriculum,decision_agreement,not_action,decision_language,planning,context_016_planning,validation,ai_authored_canonical_error_curriculum_v1,human_approved,high,Human reviewed and approved for contextual-head training.,The proposal is to hold the check-in on Friday at noon.,Agreed.,Let's use that approach.,"[PREVIOUS]
The proposal is to hold the check-in on Friday at noon.
[CURRENT]
Agreed.
[NEXT]
Let's use that approach.",none,accepts_previous,supporting_detail,none,DECISION_016,True,decision
ctx_016_11,"Yes, that is the decision.",contextual_curriculum,decision_agreement,not_action,decision_language,planning,context_016_planning,validation,ai_authored_canonical_error_curriculum_v1,human_approved,high,Human reviewed and approved for contextual-head training.,We agreed to hold the check-in on Friday at noon.,"Yes, that is the decision.",Next topic.,"[PREVIOUS]
We agreed to hold the check-in on Friday at noon.
[CURRENT]
Yes, that is the decision.
[NEXT]
Next topic.",none,needs_previous,duplicate_expression,none,DECISION_016,True,decision
ctx_016_12,The team identified that the proposed time may conflict with the client workshop.,contextual_curriculum,risk_dependency,not_action,risk_language,planning,context_016_planning,validation,ai_authored_canonical_error_curriculum_v1,human_approved,high,Human reviewed and approved for contextual-head training.,We should review delivery exposure.,The team identified that the proposed time may conflict with the client workshop.,The exposure remains open.,"[PREVIOUS]
We should review delivery exposure.
[CURRENT]
The team identified that the proposed time may conflict with the client workshop.
[NEXT]
The exposure remains open.",active,standalone,canonical_item,none,RISK_016,True,risk
ctx_016_13,"Yes, we should monitor that.",contextual_curriculum,risk_dependency,not_action,risk_language,planning,context_016_planning,validation,ai_authored_canonical_error_curriculum_v1,human_approved,high,Human reviewed and approved for contextual-head training.,The risk is that the proposed time may conflict with the client workshop.,"Yes, we should monitor that.",Add it to the register.,"[PREVIOUS]
The risk is that the proposed time may conflict with the client workshop.
[CURRENT]
Yes, we should monitor that.
[NEXT]
Add it to the register.",active,accepts_previous,supporting_detail,none,RISK_016,True,risk
ctx_016_14,That exposure was closed last week.,contextual_curriculum,background_context,completed_history,,planning,context_016_planning,validation,ai_authored_canonical_error_curriculum_v1,human_approved,high,Human reviewed and approved for contextual-head training.,We previously worried that the proposed time may conflict with the client workshop.,That exposure was closed last week.,No monitoring is required.,"[PREVIOUS]
We previously worried that the proposed time may conflict with the client workshop.
[CURRENT]
That exposure was closed last week.
[NEXT]
No monitoring is required.",completed,modifies_previous,context_only,historical,,False,
ctx_016_15,Can everyone see my screen?,contextual_curriculum,background_context,not_action,,planning,context_016_planning,validation,ai_authored_canonical_error_curriculum_v1,human_approved,high,Human reviewed and approved for contextual-head training.,The meeting is starting.,Can everyone see my screen?,We will continue in a moment.,"[PREVIOUS]
The meeting is starting.
[CURRENT]
Can everyone see my screen?
[NEXT]
We will continue in a moment.",none,standalone,none,other,,False,
ctx_016_16,The planning work remains in progress.,contextual_curriculum,background_context,not_action,,planning,context_016_planning,validation,ai_authored_canonical_error_curriculum_v1,human_approved,high,Human reviewed and approved for contextual-head training.,We reviewed the background.,The planning work remains in progress.,No commitment was made.,"[PREVIOUS]
We reviewed the background.
[CURRENT]
The planning work remains in progress.
[NEXT]
No commitment was made.",none,standalone,supporting_detail,none,,False,
ctx_017_01,I'll verify the customer mapping file.,contextual_curriculum,action_commitment,confirmed_action,,data_migration,context_017_data_migration,train,ai_authored_canonical_error_curriculum_v1,human_approved,high,Human reviewed and approved for contextual-head training.,We need someone to handle this.,I'll verify the customer mapping file.,Can it be done by Thursday?,"[PREVIOUS]
We need someone to handle this.
[CURRENT]
I'll verify the customer mapping file.
[NEXT]
Can it be done by Thursday?",active,needs_previous,canonical_item,none,ACTION_017,True,action
ctx_017_02,Before Thursday.,contextual_curriculum,action_commitment,not_action,deadline_or_sequence,data_migration,context_017_data_migration,train,ai_authored_canonical_error_curriculum_v1,human_approved,high,Human reviewed and approved for contextual-head training.,I'll verify the customer mapping file.,Before Thursday.,"Yes, that works.","[PREVIOUS]
I'll verify the customer mapping file.
[CURRENT]
Before Thursday.
[NEXT]
Yes, that works.",none,needs_previous,context_only,deadline_previous,ACTION_017,True,action
ctx_017_03,"Yes, I'll take that.",contextual_curriculum,action_commitment,confirmed_action,,data_migration,context_017_data_migration,train,ai_authored_canonical_error_curriculum_v1,human_approved,high,Human reviewed and approved for contextual-head training.,Could you verify the customer mapping file?,"Yes, I'll take that.",Please finish by Thursday.,"[PREVIOUS]
Could you verify the customer mapping file?
[CURRENT]
Yes, I'll take that.
[NEXT]
Please finish by Thursday.",active,accepts_previous,canonical_item,none,ACTION_017,True,action
ctx_017_04,Fatima will verify the customer mapping file by Thursday.,contextual_curriculum,action_commitment,confirmed_action,deadline_or_sequence,data_migration,context_017_data_migration,train,ai_authored_canonical_error_curriculum_v1,human_approved,high,Human reviewed and approved for contextual-head training.,The work is on the list.,Fatima will verify the customer mapping file by Thursday.,Let's move on.,"[PREVIOUS]
The work is on the list.
[CURRENT]
Fatima will verify the customer mapping file by Thursday.
[NEXT]
Let's move on.",active,standalone,canonical_item,deadline_current,ACTION_017,True,action
ctx_017_05,I completed the work to verify the customer mapping file yesterday.,contextual_curriculum,background_context,completed_history,,data_migration,context_017_data_migration,train,ai_authored_canonical_error_curriculum_v1,human_approved,high,Human reviewed and approved for contextual-head training.,Here is the status.,I completed the work to verify the customer mapping file yesterday.,Nothing remains open.,"[PREVIOUS]
Here is the status.
[CURRENT]
I completed the work to verify the customer mapping file yesterday.
[NEXT]
Nothing remains open.",completed,standalone,context_only,historical,,False,
ctx_017_06,I might verify the customer mapping file if capacity allows.,contextual_curriculum,background_context,not_action,,data_migration,context_017_data_migration,train,ai_authored_canonical_error_curriculum_v1,human_approved,high,Human reviewed and approved for contextual-head training.,We may need help.,I might verify the customer mapping file if capacity allows.,No action was agreed.,"[PREVIOUS]
We may need help.
[CURRENT]
I might verify the customer mapping file if capacity allows.
[NEXT]
No action was agreed.",tentative,needs_next,context_only,other,,False,
ctx_017_07,"Actually, another owner will verify the customer mapping file instead.",contextual_curriculum,action_commitment,not_action,,data_migration,context_017_data_migration,train,ai_authored_canonical_error_curriculum_v1,human_approved,high,Human reviewed and approved for contextual-head training.,Fatima will verify the customer mapping file.,"Actually, another owner will verify the customer mapping file instead.",Use the new owner.,"[PREVIOUS]
Fatima will verify the customer mapping file.
[CURRENT]
Actually, another owner will verify the customer mapping file instead.
[NEXT]
Use the new owner.",superseded,modifies_previous,canonical_item,none,ACTION_017,True,action
ctx_017_08,Do not proceed with that action.,contextual_curriculum,background_context,not_action,,data_migration,context_017_data_migration,train,ai_authored_canonical_error_curriculum_v1,human_approved,high,Human reviewed and approved for contextual-head training.,Please verify the customer mapping file.,Do not proceed with that action.,It is no longer required.,"[PREVIOUS]
Please verify the customer mapping file.
[CURRENT]
Do not proceed with that action.
[NEXT]
It is no longer required.",inactive,modifies_previous,context_only,none,,False,
ctx_017_09,We agreed to run a phased migration by region.,contextual_curriculum,decision_agreement,not_action,decision_language,data_migration,context_017_data_migration,train,ai_authored_canonical_error_curriculum_v1,human_approved,high,Human reviewed and approved for contextual-head training.,We should choose an approach.,We agreed to run a phased migration by region.,That is the final position.,"[PREVIOUS]
We should choose an approach.
[CURRENT]
We agreed to run a phased migration by region.
[NEXT]
That is the final position.",none,standalone,canonical_item,none,DECISION_017,True,decision
ctx_017_10,Agreed.,contextual_curriculum,decision_agreement,not_action,decision_language,data_migration,context_017_data_migration,train,ai_authored_canonical_error_curriculum_v1,human_approved,high,Human reviewed and approved for contextual-head training.,The proposal is to run a phased migration by region.,Agreed.,Let's use that approach.,"[PREVIOUS]
The proposal is to run a phased migration by region.
[CURRENT]
Agreed.
[NEXT]
Let's use that approach.",none,accepts_previous,supporting_detail,none,DECISION_017,True,decision
ctx_017_11,"Yes, that is the decision.",contextual_curriculum,decision_agreement,not_action,decision_language,data_migration,context_017_data_migration,train,ai_authored_canonical_error_curriculum_v1,human_approved,high,Human reviewed and approved for contextual-head training.,We agreed to run a phased migration by region.,"Yes, that is the decision.",Next topic.,"[PREVIOUS]
We agreed to run a phased migration by region.
[CURRENT]
Yes, that is the decision.
[NEXT]
Next topic.",none,needs_previous,duplicate_expression,none,DECISION_017,True,decision
ctx_017_12,The team identified that duplicate customer identifiers could corrupt the import.,contextual_curriculum,risk_dependency,not_action,risk_language,data_migration,context_017_data_migration,train,ai_authored_canonical_error_curriculum_v1,human_approved,high,Human reviewed and approved for contextual-head training.,We should review delivery exposure.,The team identified that duplicate customer identifiers could corrupt the import.,The exposure remains open.,"[PREVIOUS]
We should review delivery exposure.
[CURRENT]
The team identified that duplicate customer identifiers could corrupt the import.
[NEXT]
The exposure remains open.",active,standalone,canonical_item,none,RISK_017,True,risk
ctx_017_13,"Yes, we should monitor that.",contextual_curriculum,risk_dependency,not_action,risk_language,data_migration,context_017_data_migration,train,ai_authored_canonical_error_curriculum_v1,human_approved,high,Human reviewed and approved for contextual-head training.,The risk is that duplicate customer identifiers could corrupt the import.,"Yes, we should monitor that.",Add it to the register.,"[PREVIOUS]
The risk is that duplicate customer identifiers could corrupt the import.
[CURRENT]
Yes, we should monitor that.
[NEXT]
Add it to the register.",active,accepts_previous,supporting_detail,none,RISK_017,True,risk
ctx_017_14,That exposure was closed last week.,contextual_curriculum,background_context,completed_history,,data_migration,context_017_data_migration,train,ai_authored_canonical_error_curriculum_v1,human_approved,high,Human reviewed and approved for contextual-head training.,We previously worried that duplicate customer identifiers could corrupt the import.,That exposure was closed last week.,No monitoring is required.,"[PREVIOUS]
We previously worried that duplicate customer identifiers could corrupt the import.
[CURRENT]
That exposure was closed last week.
[NEXT]
No monitoring is required.",completed,modifies_previous,context_only,historical,,False,
ctx_017_15,Can everyone see my screen?,contextual_curriculum,background_context,not_action,,data_migration,context_017_data_migration,train,ai_authored_canonical_error_curriculum_v1,human_approved,high,Human reviewed and approved for contextual-head training.,The meeting is starting.,Can everyone see my screen?,We will continue in a moment.,"[PREVIOUS]
The meeting is starting.
[CURRENT]
Can everyone see my screen?
[NEXT]
We will continue in a moment.",none,standalone,none,other,,False,
ctx_017_16,The data migration work remains in progress.,contextual_curriculum,background_context,not_action,,data_migration,context_017_data_migration,train,ai_authored_canonical_error_curriculum_v1,human_approved,high,Human reviewed and approved for contextual-head training.,We reviewed the background.,The data migration work remains in progress.,No commitment was made.,"[PREVIOUS]
We reviewed the background.
[CURRENT]
The data migration work remains in progress.
[NEXT]
No commitment was made.",none,standalone,supporting_detail,none,,False,
ctx_018_01,I'll remove two fields from the registration form.,contextual_curriculum,action_commitment,confirmed_action,,product,context_018_product,train,ai_authored_canonical_error_curriculum_v1,human_approved,high,Human reviewed and approved for contextual-head training.,We need someone to handle this.,I'll remove two fields from the registration form.,Can it be done by before release?,"[PREVIOUS]
We need someone to handle this.
[CURRENT]
I'll remove two fields from the registration form.
[NEXT]
Can it be done by before release?",active,needs_previous,canonical_item,none,ACTION_018,True,action
ctx_018_02,Before before release.,contextual_curriculum,action_commitment,not_action,deadline_or_sequence,product,context_018_product,train,ai_authored_canonical_error_curriculum_v1,human_approved,high,Human reviewed and approved for contextual-head training.,I'll remove two fields from the registration form.,Before before release.,"Yes, that works.","[PREVIOUS]
I'll remove two fields from the registration form.
[CURRENT]
Before before release.
[NEXT]
Yes, that works.",none,needs_previous,context_only,deadline_previous,ACTION_018,True,action
ctx_018_03,"Yes, I'll take that.",contextual_curriculum,action_commitment,confirmed_action,,product,context_018_product,train,ai_authored_canonical_error_curriculum_v1,human_approved,high,Human reviewed and approved for contextual-head training.,Could you remove two fields from the registration form?,"Yes, I'll take that.",Please finish by before release.,"[PREVIOUS]
Could you remove two fields from the registration form?
[CURRENT]
Yes, I'll take that.
[NEXT]
Please finish by before release.",active,accepts_previous,canonical_item,none,ACTION_018,True,action
ctx_018_04,Gabriel will remove two fields from the registration form by before release.,contextual_curriculum,action_commitment,confirmed_action,deadline_or_sequence,product,context_018_product,train,ai_authored_canonical_error_curriculum_v1,human_approved,high,Human reviewed and approved for contextual-head training.,The work is on the list.,Gabriel will remove two fields from the registration form by before release.,Let's move on.,"[PREVIOUS]
The work is on the list.
[CURRENT]
Gabriel will remove two fields from the registration form by before release.
[NEXT]
Let's move on.",active,standalone,canonical_item,deadline_current,ACTION_018,True,action
ctx_018_05,I completed the work to remove two fields from the registration form yesterday.,contextual_curriculum,background_context,completed_history,,product,context_018_product,train,ai_authored_canonical_error_curriculum_v1,human_approved,high,Human reviewed and approved for contextual-head training.,Here is the status.,I completed the work to remove two fields from the registration form yesterday.,Nothing remains open.,"[PREVIOUS]
Here is the status.
[CURRENT]
I completed the work to remove two fields from the registration form yesterday.
[NEXT]
Nothing remains open.",completed,standalone,context_only,historical,,False,
ctx_018_06,I might remove two fields from the registration form if capacity allows.,contextual_curriculum,background_context,not_action,,product,context_018_product,train,ai_authored_canonical_error_curriculum_v1,human_approved,high,Human reviewed and approved for contextual-head training.,We may need help.,I might remove two fields from the registration form if capacity allows.,No action was agreed.,"[PREVIOUS]
We may need help.
[CURRENT]
I might remove two fields from the registration form if capacity allows.
[NEXT]
No action was agreed.",tentative,needs_next,context_only,other,,False,
ctx_018_07,"Actually, another owner will remove two fields from the registration form instead.",contextual_curriculum,action_commitment,not_action,,product,context_018_product,train,ai_authored_canonical_error_curriculum_v1,human_approved,high,Human reviewed and approved for contextual-head training.,Gabriel will remove two fields from the registration form.,"Actually, another owner will remove two fields from the registration form instead.",Use the new owner.,"[PREVIOUS]
Gabriel will remove two fields from the registration form.
[CURRENT]
Actually, another owner will remove two fields from the registration form instead.
[NEXT]
Use the new owner.",superseded,modifies_previous,canonical_item,none,ACTION_018,True,action
ctx_018_08,Do not proceed with that action.,contextual_curriculum,background_context,not_action,,product,context_018_product,train,ai_authored_canonical_error_curriculum_v1,human_approved,high,Human reviewed and approved for contextual-head training.,Please remove two fields from the registration form.,Do not proceed with that action.,It is no longer required.,"[PREVIOUS]
Please remove two fields from the registration form.
[CURRENT]
Do not proceed with that action.
[NEXT]
It is no longer required.",inactive,modifies_previous,context_only,none,,False,
ctx_018_09,We agreed to use the shorter registration journey.,contextual_curriculum,decision_agreement,not_action,decision_language,product,context_018_product,train,ai_authored_canonical_error_curriculum_v1,human_approved,high,Human reviewed and approved for contextual-head training.,We should choose an approach.,We agreed to use the shorter registration journey.,That is the final position.,"[PREVIOUS]
We should choose an approach.
[CURRENT]
We agreed to use the shorter registration journey.
[NEXT]
That is the final position.",none,standalone,canonical_item,none,DECISION_018,True,decision
ctx_018_10,Agreed.,contextual_curriculum,decision_agreement,not_action,decision_language,product,context_018_product,train,ai_authored_canonical_error_curriculum_v1,human_approved,high,Human reviewed and approved for contextual-head training.,The proposal is to use the shorter registration journey.,Agreed.,Let's use that approach.,"[PREVIOUS]
The proposal is to use the shorter registration journey.
[CURRENT]
Agreed.
[NEXT]
Let's use that approach.",none,accepts_previous,supporting_detail,none,DECISION_018,True,decision
ctx_018_11,"Yes, that is the decision.",contextual_curriculum,decision_agreement,not_action,decision_language,product,context_018_product,train,ai_authored_canonical_error_curriculum_v1,human_approved,high,Human reviewed and approved for contextual-head training.,We agreed to use the shorter registration journey.,"Yes, that is the decision.",Next topic.,"[PREVIOUS]
We agreed to use the shorter registration journey.
[CURRENT]
Yes, that is the decision.
[NEXT]
Next topic.",none,needs_previous,duplicate_expression,none,DECISION_018,True,decision
ctx_018_12,The team identified that removing mandatory fields could weaken reporting.,contextual_curriculum,risk_dependency,not_action,risk_language,product,context_018_product,train,ai_authored_canonical_error_curriculum_v1,human_approved,high,Human reviewed and approved for contextual-head training.,We should review delivery exposure.,The team identified that removing mandatory fields could weaken reporting.,The exposure remains open.,"[PREVIOUS]
We should review delivery exposure.
[CURRENT]
The team identified that removing mandatory fields could weaken reporting.
[NEXT]
The exposure remains open.",active,standalone,canonical_item,none,RISK_018,True,risk
ctx_018_13,"Yes, we should monitor that.",contextual_curriculum,risk_dependency,not_action,risk_language,product,context_018_product,train,ai_authored_canonical_error_curriculum_v1,human_approved,high,Human reviewed and approved for contextual-head training.,The risk is that removing mandatory fields could weaken reporting.,"Yes, we should monitor that.",Add it to the register.,"[PREVIOUS]
The risk is that removing mandatory fields could weaken reporting.
[CURRENT]
Yes, we should monitor that.
[NEXT]
Add it to the register.",active,accepts_previous,supporting_detail,none,RISK_018,True,risk
ctx_018_14,That exposure was closed last week.,contextual_curriculum,background_context,completed_history,,product,context_018_product,train,ai_authored_canonical_error_curriculum_v1,human_approved,high,Human reviewed and approved for contextual-head training.,We previously worried that removing mandatory fields could weaken reporting.,That exposure was closed last week.,No monitoring is required.,"[PREVIOUS]
We previously worried that removing mandatory fields could weaken reporting.
[CURRENT]
That exposure was closed last week.
[NEXT]
No monitoring is required.",completed,modifies_previous,context_only,historical,,False,
ctx_018_15,Can everyone see my screen?,contextual_curriculum,background_context,not_action,,product,context_018_product,train,ai_authored_canonical_error_curriculum_v1,human_approved,high,Human reviewed and approved for contextual-head training.,The meeting is starting.,Can everyone see my screen?,We will continue in a moment.,"[PREVIOUS]
The meeting is starting.
[CURRENT]
Can everyone see my screen?
[NEXT]
We will continue in a moment.",none,standalone,none,other,,False,
ctx_018_16,The product work remains in progress.,contextual_curriculum,background_context,not_action,,product,context_018_product,train,ai_authored_canonical_error_curriculum_v1,human_approved,high,Human reviewed and approved for contextual-head training.,We reviewed the background.,The product work remains in progress.,No commitment was made.,"[PREVIOUS]
We reviewed the background.
[CURRENT]
The product work remains in progress.
[NEXT]
No commitment was made.",none,standalone,supporting_detail,none,,False,
ctx_019_01,I'll confirm the laboratory access list.,contextual_curriculum,action_commitment,confirmed_action,,facilities,context_019_facilities,test,ai_authored_canonical_error_curriculum_v1,human_approved,high,Human reviewed and approved for contextual-head training.,We need someone to handle this.,I'll confirm the laboratory access list.,Can it be done by Monday?,"[PREVIOUS]
We need someone to handle this.
[CURRENT]
I'll confirm the laboratory access list.
[NEXT]
Can it be done by Monday?",active,needs_previous,canonical_item,none,ACTION_019,True,action
ctx_019_02,Before Monday.,contextual_curriculum,action_commitment,not_action,deadline_or_sequence,facilities,context_019_facilities,test,ai_authored_canonical_error_curriculum_v1,human_approved,high,Human reviewed and approved for contextual-head training.,I'll confirm the laboratory access list.,Before Monday.,"Yes, that works.","[PREVIOUS]
I'll confirm the laboratory access list.
[CURRENT]
Before Monday.
[NEXT]
Yes, that works.",none,needs_previous,context_only,deadline_previous,ACTION_019,True,action
ctx_019_03,"Yes, I'll take that.",contextual_curriculum,action_commitment,confirmed_action,,facilities,context_019_facilities,test,ai_authored_canonical_error_curriculum_v1,human_approved,high,Human reviewed and approved for contextual-head training.,Could you confirm the laboratory access list?,"Yes, I'll take that.",Please finish by Monday.,"[PREVIOUS]
Could you confirm the laboratory access list?
[CURRENT]
Yes, I'll take that.
[NEXT]
Please finish by Monday.",active,accepts_previous,canonical_item,none,ACTION_019,True,action
ctx_019_04,Anika will confirm the laboratory access list by Monday.,contextual_curriculum,action_commitment,confirmed_action,deadline_or_sequence,facilities,context_019_facilities,test,ai_authored_canonical_error_curriculum_v1,human_approved,high,Human reviewed and approved for contextual-head training.,The work is on the list.,Anika will confirm the laboratory access list by Monday.,Let's move on.,"[PREVIOUS]
The work is on the list.
[CURRENT]
Anika will confirm the laboratory access list by Monday.
[NEXT]
Let's move on.",active,standalone,canonical_item,deadline_current,ACTION_019,True,action
ctx_019_05,I completed the work to confirm the laboratory access list yesterday.,contextual_curriculum,background_context,completed_history,,facilities,context_019_facilities,test,ai_authored_canonical_error_curriculum_v1,human_approved,high,Human reviewed and approved for contextual-head training.,Here is the status.,I completed the work to confirm the laboratory access list yesterday.,Nothing remains open.,"[PREVIOUS]
Here is the status.
[CURRENT]
I completed the work to confirm the laboratory access list yesterday.
[NEXT]
Nothing remains open.",completed,standalone,context_only,historical,,False,
ctx_019_06,I might confirm the laboratory access list if capacity allows.,contextual_curriculum,background_context,not_action,,facilities,context_019_facilities,test,ai_authored_canonical_error_curriculum_v1,human_approved,high,Human reviewed and approved for contextual-head training.,We may need help.,I might confirm the laboratory access list if capacity allows.,No action was agreed.,"[PREVIOUS]
We may need help.
[CURRENT]
I might confirm the laboratory access list if capacity allows.
[NEXT]
No action was agreed.",tentative,needs_next,context_only,other,,False,
ctx_019_07,"Actually, another owner will confirm the laboratory access list instead.",contextual_curriculum,action_commitment,not_action,,facilities,context_019_facilities,test,ai_authored_canonical_error_curriculum_v1,human_approved,high,Human reviewed and approved for contextual-head training.,Anika will confirm the laboratory access list.,"Actually, another owner will confirm the laboratory access list instead.",Use the new owner.,"[PREVIOUS]
Anika will confirm the laboratory access list.
[CURRENT]
Actually, another owner will confirm the laboratory access list instead.
[NEXT]
Use the new owner.",superseded,modifies_previous,canonical_item,none,ACTION_019,True,action
ctx_019_08,Do not proceed with that action.,contextual_curriculum,background_context,not_action,,facilities,context_019_facilities,test,ai_authored_canonical_error_curriculum_v1,human_approved,high,Human reviewed and approved for contextual-head training.,Please confirm the laboratory access list.,Do not proceed with that action.,It is no longer required.,"[PREVIOUS]
Please confirm the laboratory access list.
[CURRENT]
Do not proceed with that action.
[NEXT]
It is no longer required.",inactive,modifies_previous,context_only,none,,False,
ctx_019_09,We agreed to limit after-hours access to trained staff.,contextual_curriculum,decision_agreement,not_action,decision_language,facilities,context_019_facilities,test,ai_authored_canonical_error_curriculum_v1,human_approved,high,Human reviewed and approved for contextual-head training.,We should choose an approach.,We agreed to limit after-hours access to trained staff.,That is the final position.,"[PREVIOUS]
We should choose an approach.
[CURRENT]
We agreed to limit after-hours access to trained staff.
[NEXT]
That is the final position.",none,standalone,canonical_item,none,DECISION_019,True,decision
ctx_019_10,Agreed.,contextual_curriculum,decision_agreement,not_action,decision_language,facilities,context_019_facilities,test,ai_authored_canonical_error_curriculum_v1,human_approved,high,Human reviewed and approved for contextual-head training.,The proposal is to limit after-hours access to trained staff.,Agreed.,Let's use that approach.,"[PREVIOUS]
The proposal is to limit after-hours access to trained staff.
[CURRENT]
Agreed.
[NEXT]
Let's use that approach.",none,accepts_previous,supporting_detail,none,DECISION_019,True,decision
ctx_019_11,"Yes, that is the decision.",contextual_curriculum,decision_agreement,not_action,decision_language,facilities,context_019_facilities,test,ai_authored_canonical_error_curriculum_v1,human_approved,high,Human reviewed and approved for contextual-head training.,We agreed to limit after-hours access to trained staff.,"Yes, that is the decision.",Next topic.,"[PREVIOUS]
We agreed to limit after-hours access to trained staff.
[CURRENT]
Yes, that is the decision.
[NEXT]
Next topic.",none,needs_previous,duplicate_expression,none,DECISION_019,True,decision
ctx_019_12,The team identified that unapproved access could breach safety controls.,contextual_curriculum,risk_dependency,not_action,risk_language,facilities,context_019_facilities,test,ai_authored_canonical_error_curriculum_v1,human_approved,high,Human reviewed and approved for contextual-head training.,We should review delivery exposure.,The team identified that unapproved access could breach safety controls.,The exposure remains open.,"[PREVIOUS]
We should review delivery exposure.
[CURRENT]
The team identified that unapproved access could breach safety controls.
[NEXT]
The exposure remains open.",active,standalone,canonical_item,none,RISK_019,True,risk
ctx_019_13,"Yes, we should monitor that.",contextual_curriculum,risk_dependency,not_action,risk_language,facilities,context_019_facilities,test,ai_authored_canonical_error_curriculum_v1,human_approved,high,Human reviewed and approved for contextual-head training.,The risk is that unapproved access could breach safety controls.,"Yes, we should monitor that.",Add it to the register.,"[PREVIOUS]
The risk is that unapproved access could breach safety controls.
[CURRENT]
Yes, we should monitor that.
[NEXT]
Add it to the register.",active,accepts_previous,supporting_detail,none,RISK_019,True,risk
ctx_019_14,That exposure was closed last week.,contextual_curriculum,background_context,completed_history,,facilities,context_019_facilities,test,ai_authored_canonical_error_curriculum_v1,human_approved,high,Human reviewed and approved for contextual-head training.,We previously worried that unapproved access could breach safety controls.,That exposure was closed last week.,No monitoring is required.,"[PREVIOUS]
We previously worried that unapproved access could breach safety controls.
[CURRENT]
That exposure was closed last week.
[NEXT]
No monitoring is required.",completed,modifies_previous,context_only,historical,,False,
ctx_019_15,Can everyone see my screen?,contextual_curriculum,background_context,not_action,,facilities,context_019_facilities,test,ai_authored_canonical_error_curriculum_v1,human_approved,high,Human reviewed and approved for contextual-head training.,The meeting is starting.,Can everyone see my screen?,We will continue in a moment.,"[PREVIOUS]
The meeting is starting.
[CURRENT]
Can everyone see my screen?
[NEXT]
We will continue in a moment.",none,standalone,none,other,,False,
ctx_019_16,The facilities work remains in progress.,contextual_curriculum,background_context,not_action,,facilities,context_019_facilities,test,ai_authored_canonical_error_curriculum_v1,human_approved,high,Human reviewed and approved for contextual-head training.,We reviewed the background.,The facilities work remains in progress.,No commitment was made.,"[PREVIOUS]
We reviewed the background.
[CURRENT]
The facilities work remains in progress.
[NEXT]
No commitment was made.",none,standalone,supporting_detail,none,,False,
ctx_020_01,I'll send the revised facilitator pack.,contextual_curriculum,action_commitment,confirmed_action,,training,context_020_training,train,ai_authored_canonical_error_curriculum_v1,human_approved,high,Human reviewed and approved for contextual-head training.,We need someone to handle this.,I'll send the revised facilitator pack.,Can it be done by tomorrow morning?,"[PREVIOUS]
We need someone to handle this.
[CURRENT]
I'll send the revised facilitator pack.
[NEXT]
Can it be done by tomorrow morning?",active,needs_previous,canonical_item,none,ACTION_020,True,action
ctx_020_02,Before tomorrow morning.,contextual_curriculum,action_commitment,not_action,deadline_or_sequence,training,context_020_training,train,ai_authored_canonical_error_curriculum_v1,human_approved,high,Human reviewed and approved for contextual-head training.,I'll send the revised facilitator pack.,Before tomorrow morning.,"Yes, that works.","[PREVIOUS]
I'll send the revised facilitator pack.
[CURRENT]
Before tomorrow morning.
[NEXT]
Yes, that works.",none,needs_previous,context_only,deadline_previous,ACTION_020,True,action
ctx_020_03,"Yes, I'll take that.",contextual_curriculum,action_commitment,confirmed_action,,training,context_020_training,train,ai_authored_canonical_error_curriculum_v1,human_approved,high,Human reviewed and approved for contextual-head training.,Could you send the revised facilitator pack?,"Yes, I'll take that.",Please finish by tomorrow morning.,"[PREVIOUS]
Could you send the revised facilitator pack?
[CURRENT]
Yes, I'll take that.
[NEXT]
Please finish by tomorrow morning.",active,accepts_previous,canonical_item,none,ACTION_020,True,action
ctx_020_04,Marcus will send the revised facilitator pack by tomorrow morning.,contextual_curriculum,action_commitment,confirmed_action,deadline_or_sequence,training,context_020_training,train,ai_authored_canonical_error_curriculum_v1,human_approved,high,Human reviewed and approved for contextual-head training.,The work is on the list.,Marcus will send the revised facilitator pack by tomorrow morning.,Let's move on.,"[PREVIOUS]
The work is on the list.
[CURRENT]
Marcus will send the revised facilitator pack by tomorrow morning.
[NEXT]
Let's move on.",active,standalone,canonical_item,deadline_current,ACTION_020,True,action
ctx_020_05,I completed the work to send the revised facilitator pack yesterday.,contextual_curriculum,background_context,completed_history,,training,context_020_training,train,ai_authored_canonical_error_curriculum_v1,human_approved,high,Human reviewed and approved for contextual-head training.,Here is the status.,I completed the work to send the revised facilitator pack yesterday.,Nothing remains open.,"[PREVIOUS]
Here is the status.
[CURRENT]
I completed the work to send the revised facilitator pack yesterday.
[NEXT]
Nothing remains open.",completed,standalone,context_only,historical,,False,
ctx_020_06,I might send the revised facilitator pack if capacity allows.,contextual_curriculum,background_context,not_action,,training,context_020_training,train,ai_authored_canonical_error_curriculum_v1,human_approved,high,Human reviewed and approved for contextual-head training.,We may need help.,I might send the revised facilitator pack if capacity allows.,No action was agreed.,"[PREVIOUS]
We may need help.
[CURRENT]
I might send the revised facilitator pack if capacity allows.
[NEXT]
No action was agreed.",tentative,needs_next,context_only,other,,False,
ctx_020_07,"Actually, another owner will send the revised facilitator pack instead.",contextual_curriculum,action_commitment,not_action,,training,context_020_training,train,ai_authored_canonical_error_curriculum_v1,human_approved,high,Human reviewed and approved for contextual-head training.,Marcus will send the revised facilitator pack.,"Actually, another owner will send the revised facilitator pack instead.",Use the new owner.,"[PREVIOUS]
Marcus will send the revised facilitator pack.
[CURRENT]
Actually, another owner will send the revised facilitator pack instead.
[NEXT]
Use the new owner.",superseded,modifies_previous,canonical_item,none,ACTION_020,True,action
ctx_020_08,Do not proceed with that action.,contextual_curriculum,background_context,not_action,,training,context_020_training,train,ai_authored_canonical_error_curriculum_v1,human_approved,high,Human reviewed and approved for contextual-head training.,Please send the revised facilitator pack.,Do not proceed with that action.,It is no longer required.,"[PREVIOUS]
Please send the revised facilitator pack.
[CURRENT]
Do not proceed with that action.
[NEXT]
It is no longer required.",inactive,modifies_previous,context_only,none,,False,
ctx_020_09,We agreed to replace the lecture with two practical exercises.,contextual_curriculum,decision_agreement,not_action,decision_language,training,context_020_training,train,ai_authored_canonical_error_curriculum_v1,human_approved,high,Human reviewed and approved for contextual-head training.,We should choose an approach.,We agreed to replace the lecture with two practical exercises.,That is the final position.,"[PREVIOUS]
We should choose an approach.
[CURRENT]
We agreed to replace the lecture with two practical exercises.
[NEXT]
That is the final position.",none,standalone,canonical_item,none,DECISION_020,True,decision
ctx_020_10,Agreed.,contextual_curriculum,decision_agreement,not_action,decision_language,training,context_020_training,train,ai_authored_canonical_error_curriculum_v1,human_approved,high,Human reviewed and approved for contextual-head training.,The proposal is to replace the lecture with two practical exercises.,Agreed.,Let's use that approach.,"[PREVIOUS]
The proposal is to replace the lecture with two practical exercises.
[CURRENT]
Agreed.
[NEXT]
Let's use that approach.",none,accepts_previous,supporting_detail,none,DECISION_020,True,decision
ctx_020_11,"Yes, that is the decision.",contextual_curriculum,decision_agreement,not_action,decision_language,training,context_020_training,train,ai_authored_canonical_error_curriculum_v1,human_approved,high,Human reviewed and approved for contextual-head training.,We agreed to replace the lecture with two practical exercises.,"Yes, that is the decision.",Next topic.,"[PREVIOUS]
We agreed to replace the lecture with two practical exercises.
[CURRENT]
Yes, that is the decision.
[NEXT]
Next topic.",none,needs_previous,duplicate_expression,none,DECISION_020,True,decision
ctx_020_12,The team identified that late materials could leave facilitators unprepared.,contextual_curriculum,risk_dependency,not_action,risk_language,training,context_020_training,train,ai_authored_canonical_error_curriculum_v1,human_approved,high,Human reviewed and approved for contextual-head training.,We should review delivery exposure.,The team identified that late materials could leave facilitators unprepared.,The exposure remains open.,"[PREVIOUS]
We should review delivery exposure.
[CURRENT]
The team identified that late materials could leave facilitators unprepared.
[NEXT]
The exposure remains open.",active,standalone,canonical_item,none,RISK_020,True,risk
ctx_020_13,"Yes, we should monitor that.",contextual_curriculum,risk_dependency,not_action,risk_language,training,context_020_training,train,ai_authored_canonical_error_curriculum_v1,human_approved,high,Human reviewed and approved for contextual-head training.,The risk is that late materials could leave facilitators unprepared.,"Yes, we should monitor that.",Add it to the register.,"[PREVIOUS]
The risk is that late materials could leave facilitators unprepared.
[CURRENT]
Yes, we should monitor that.
[NEXT]
Add it to the register.",active,accepts_previous,supporting_detail,none,RISK_020,True,risk
ctx_020_14,That exposure was closed last week.,contextual_curriculum,background_context,completed_history,,training,context_020_training,train,ai_authored_canonical_error_curriculum_v1,human_approved,high,Human reviewed and approved for contextual-head training.,We previously worried that late materials could leave facilitators unprepared.,That exposure was closed last week.,No monitoring is required.,"[PREVIOUS]
We previously worried that late materials could leave facilitators unprepared.
[CURRENT]
That exposure was closed last week.
[NEXT]
No monitoring is required.",completed,modifies_previous,context_only,historical,,False,
ctx_020_15,Can everyone see my screen?,contextual_curriculum,background_context,not_action,,training,context_020_training,train,ai_authored_canonical_error_curriculum_v1,human_approved,high,Human reviewed and approved for contextual-head training.,The meeting is starting.,Can everyone see my screen?,We will continue in a moment.,"[PREVIOUS]
The meeting is starting.
[CURRENT]
Can everyone see my screen?
[NEXT]
We will continue in a moment.",none,standalone,none,other,,False,
ctx_020_16,The training work remains in progress.,contextual_curriculum,background_context,not_action,,training,context_020_training,train,ai_authored_canonical_error_curriculum_v1,human_approved,high,Human reviewed and approved for contextual-head training.,We reviewed the background.,The training work remains in progress.,No commitment was made.,"[PREVIOUS]
We reviewed the background.
[CURRENT]
The training work remains in progress.
[NEXT]
No commitment was made.",none,standalone,supporting_detail,none,,False,
