row_id,group_id,recommended_split,current_text,context_text,discourse_role,source,review_status
disc_s_csa_0001,speech_act_001_inventory,train,Marta: I'll reconcile the warehouse count by Friday.,"[CURRENT]
Marta: I'll reconcile the warehouse count by Friday.",canonical_commitment,derived_reusable_speech_act_curriculum_v1,assistant_reviewed_candidate
disc_s_csa_0002,speech_act_001_inventory,train,Marta: I can reconcile the warehouse count. I'll have it done by Friday.,"[CURRENT]
Marta: I can reconcile the warehouse count. I'll have it done by Friday.",canonical_commitment,derived_reusable_speech_act_curriculum_v1,assistant_reviewed_candidate
disc_s_csa_0003,speech_act_001_inventory,train,"Could Marta reconcile the warehouse count by Friday? Marta: Yes, I'll take that.","[CURRENT]
Could Marta reconcile the warehouse count by Friday? Marta: Yes, I'll take that.",canonical_commitment,derived_reusable_speech_act_curriculum_v1,assistant_reviewed_candidate
disc_s_csa_0004,speech_act_001_inventory,train,"Lead: Can you reconcile the warehouse count?
Marta: Yes.
Lead: Can you finish by Friday?
Marta: That works.","[CURRENT]
Lead: Can you reconcile the warehouse count?
Marta: Yes.
Lead: Can you finish by Friday?
Marta: That works.",canonical_commitment,derived_reusable_speech_act_curriculum_v1,assistant_reviewed_candidate
disc_s_csa_0005,speech_act_001_inventory,train,Marta to reconcile the warehouse count; due Friday.,"[CURRENT]
Marta to reconcile the warehouse count; due Friday.",canonical_commitment,derived_reusable_speech_act_curriculum_v1,assistant_reviewed_candidate
disc_s_csa_0006,speech_act_001_inventory,train,"Actions recap: Marta, you're taking the item to reconcile the warehouse count. Marta: Correct, by Friday.","[CURRENT]
Actions recap: Marta, you're taking the item to reconcile the warehouse count. Marta: Correct, by Friday.",single_item_recap,derived_reusable_speech_act_curriculum_v1,assistant_reviewed_candidate
disc_s_csa_0007,speech_act_001_inventory,train,We need someone to reconcile the warehouse count. Marta: Leave that with me; Friday is fine.,"[CURRENT]
We need someone to reconcile the warehouse count. Marta: Leave that with me; Friday is fine.",canonical_commitment,derived_reusable_speech_act_curriculum_v1,assistant_reviewed_candidate
disc_s_csa_0008,speech_act_001_inventory,train,"We need to reconcile the warehouse count, but nobody accepted ownership or timing.","[CURRENT]
We need to reconcile the warehouse count, but nobody accepted ownership or timing.",unassigned_proposal,derived_reusable_speech_act_curriculum_v1,assistant_reviewed_candidate
disc_s_csa_0009,speech_act_001_inventory,train,It would help to reconcile the warehouse count. The group moved on without assigning it.,"[CURRENT]
It would help to reconcile the warehouse count. The group moved on without assigning it.",unassigned_proposal,derived_reusable_speech_act_curriculum_v1,assistant_reviewed_candidate
disc_s_csa_0010,speech_act_001_inventory,train,"Perhaps Marta could reconcile the warehouse count if there is time, but this was not agreed.","[CURRENT]
Perhaps Marta could reconcile the warehouse count if there is time, but this was not agreed.",hypothetical,derived_reusable_speech_act_curriculum_v1,assistant_reviewed_candidate
disc_s_csa_0011,speech_act_001_inventory,train,"Marta: I might reconcile the warehouse count, depending on capacity. Lead: Treat that as an idea, not an action.","[CURRENT]
Marta: I might reconcile the warehouse count, depending on capacity. Lead: Treat that as an idea, not an action.",hypothetical,derived_reusable_speech_act_curriculum_v1,assistant_reviewed_candidate
disc_s_csa_0012,speech_act_001_inventory,train,Marta already completed the work to reconcile the warehouse count yesterday.,"[CURRENT]
Marta already completed the work to reconcile the warehouse count yesterday.",completed_history,derived_reusable_speech_act_curriculum_v1,assistant_reviewed_candidate
disc_s_csa_0013,speech_act_001_inventory,train,Lead: Marta should reconcile the warehouse count. Marta: That's already done; it closed yesterday.,"[CURRENT]
Lead: Marta should reconcile the warehouse count. Marta: That's already done; it closed yesterday.",completed_history,derived_reusable_speech_act_curriculum_v1,assistant_reviewed_candidate
disc_s_csa_0014,speech_act_001_inventory,train,Do not reconcile the warehouse count; that proposed action has been cancelled.,"[CURRENT]
Do not reconcile the warehouse count; that proposed action has been cancelled.",state_modifier,derived_reusable_speech_act_curriculum_v1,assistant_reviewed_candidate
disc_s_csa_0015,speech_act_001_inventory,train,Earlier we asked Marta to reconcile the warehouse count. That assignment is withdrawn and must not remain open.,"[CURRENT]
Earlier we asked Marta to reconcile the warehouse count. That assignment is withdrawn and must not remain open.",state_modifier,derived_reusable_speech_act_curriculum_v1,assistant_reviewed_candidate
disc_s_csa_0016,speech_act_001_inventory,train,The team agreed to use barcode scanning for the next stocktake.,"[CURRENT]
The team agreed to use barcode scanning for the next stocktake.",canonical_assertion,derived_reusable_speech_act_curriculum_v1,assistant_reviewed_candidate
disc_s_csa_0017,speech_act_001_inventory,train,"Option A was discussed, but the final position is to use barcode scanning for the next stocktake.","[CURRENT]
Option A was discussed, but the final position is to use barcode scanning for the next stocktake.",canonical_assertion,derived_reusable_speech_act_curriculum_v1,assistant_reviewed_candidate
disc_s_csa_0018,speech_act_001_inventory,train,"Lead: Shall we use barcode scanning for the next stocktake?
Team: Agreed. That's the approach we will use.","[CURRENT]
Lead: Shall we use barcode scanning for the next stocktake?
Team: Agreed. That's the approach we will use.",canonical_assertion,derived_reusable_speech_act_curriculum_v1,assistant_reviewed_candidate
disc_s_csa_0019,speech_act_001_inventory,train,"One option would be to use barcode scanning for the next stocktake, although no decision was made.","[CURRENT]
One option would be to use barcode scanning for the next stocktake, although no decision was made.",unassigned_proposal,derived_reusable_speech_act_curriculum_v1,assistant_reviewed_candidate
disc_s_csa_0020,speech_act_001_inventory,train,The team identified that late supplier files could delay reconciliation.,"[CURRENT]
The team identified that late supplier files could delay reconciliation.",canonical_assertion,derived_reusable_speech_act_curriculum_v1,assistant_reviewed_candidate
disc_s_csa_0021,speech_act_001_inventory,train,"If the dependency is not resolved, late supplier files could delay reconciliation. The issue remains open.","[CURRENT]
If the dependency is not resolved, late supplier files could delay reconciliation. The issue remains open.",canonical_assertion,derived_reusable_speech_act_curriculum_v1,assistant_reviewed_candidate
disc_s_csa_0022,speech_act_001_inventory,train,"The team checked whether late supplier files could delay reconciliation, but evidence confirmed the exposure is closed and no monitoring is required.","[CURRENT]
The team checked whether late supplier files could delay reconciliation, but evidence confirmed the exposure is closed and no monitoring is required.",completed_history,derived_reusable_speech_act_curriculum_v1,assistant_reviewed_candidate
disc_s_csa_0023,speech_act_001_inventory,train,The current position is that the inventory work remains in progress.,"[CURRENT]
The current position is that the inventory work remains in progress.",supporting_detail,derived_reusable_speech_act_curriculum_v1,assistant_reviewed_candidate
disc_s_csa_0024,speech_act_001_inventory,train,Can everyone see the inventory screen? We will pause for two minutes before continuing.,"[CURRENT]
Can everyone see the inventory screen? We will pause for two minutes before continuing.",administrative,derived_reusable_speech_act_curriculum_v1,assistant_reviewed_candidate
disc_s_csa_0025,speech_act_001_inventory,train,"Marta: I promise I'll bring coffee to the next inventory call. This is social chat, not project work.","[CURRENT]
Marta: I promise I'll bring coffee to the next inventory call. This is social chat, not project work.",administrative,derived_reusable_speech_act_curriculum_v1,assistant_reviewed_candidate
disc_s_csa_0026,speech_act_002_mobile_release,train,Elliot: I'll patch the mobile login redirect by today.,"[CURRENT]
Elliot: I'll patch the mobile login redirect by today.",canonical_commitment,derived_reusable_speech_act_curriculum_v1,assistant_reviewed_candidate
disc_s_csa_0027,speech_act_002_mobile_release,train,Elliot: I can patch the mobile login redirect. I'll have it done by today.,"[CURRENT]
Elliot: I can patch the mobile login redirect. I'll have it done by today.",canonical_commitment,derived_reusable_speech_act_curriculum_v1,assistant_reviewed_candidate
disc_s_csa_0028,speech_act_002_mobile_release,train,"Could Elliot patch the mobile login redirect by today? Elliot: Yes, I'll take that.","[CURRENT]
Could Elliot patch the mobile login redirect by today? Elliot: Yes, I'll take that.",canonical_commitment,derived_reusable_speech_act_curriculum_v1,assistant_reviewed_candidate
disc_s_csa_0029,speech_act_002_mobile_release,train,"Lead: Can you patch the mobile login redirect?
Elliot: Yes.
Lead: Can you finish by today?
Elliot: That works.","[CURRENT]
Lead: Can you patch the mobile login redirect?
Elliot: Yes.
Lead: Can you finish by today?
Elliot: That works.",canonical_commitment,derived_reusable_speech_act_curriculum_v1,assistant_reviewed_candidate
disc_s_csa_0030,speech_act_002_mobile_release,train,Elliot to patch the mobile login redirect; due today.,"[CURRENT]
Elliot to patch the mobile login redirect; due today.",canonical_commitment,derived_reusable_speech_act_curriculum_v1,assistant_reviewed_candidate
disc_s_csa_0031,speech_act_002_mobile_release,train,"Actions recap: Elliot, you're taking the item to patch the mobile login redirect. Elliot: Correct, by today.","[CURRENT]
Actions recap: Elliot, you're taking the item to patch the mobile login redirect. Elliot: Correct, by today.",single_item_recap,derived_reusable_speech_act_curriculum_v1,assistant_reviewed_candidate
disc_s_csa_0032,speech_act_002_mobile_release,train,We need someone to patch the mobile login redirect. Elliot: Leave that with me; today is fine.,"[CURRENT]
We need someone to patch the mobile login redirect. Elliot: Leave that with me; today is fine.",canonical_commitment,derived_reusable_speech_act_curriculum_v1,assistant_reviewed_candidate
disc_s_csa_0033,speech_act_002_mobile_release,train,"We need to patch the mobile login redirect, but nobody accepted ownership or timing.","[CURRENT]
We need to patch the mobile login redirect, but nobody accepted ownership or timing.",unassigned_proposal,derived_reusable_speech_act_curriculum_v1,assistant_reviewed_candidate
disc_s_csa_0034,speech_act_002_mobile_release,train,It would help to patch the mobile login redirect. The group moved on without assigning it.,"[CURRENT]
It would help to patch the mobile login redirect. The group moved on without assigning it.",unassigned_proposal,derived_reusable_speech_act_curriculum_v1,assistant_reviewed_candidate
disc_s_csa_0035,speech_act_002_mobile_release,train,"Perhaps Elliot could patch the mobile login redirect if there is time, but this was not agreed.","[CURRENT]
Perhaps Elliot could patch the mobile login redirect if there is time, but this was not agreed.",hypothetical,derived_reusable_speech_act_curriculum_v1,assistant_reviewed_candidate
disc_s_csa_0036,speech_act_002_mobile_release,train,"Elliot: I might patch the mobile login redirect, depending on capacity. Lead: Treat that as an idea, not an action.","[CURRENT]
Elliot: I might patch the mobile login redirect, depending on capacity. Lead: Treat that as an idea, not an action.",hypothetical,derived_reusable_speech_act_curriculum_v1,assistant_reviewed_candidate
disc_s_csa_0037,speech_act_002_mobile_release,train,Elliot already completed the work to patch the mobile login redirect yesterday.,"[CURRENT]
Elliot already completed the work to patch the mobile login redirect yesterday.",completed_history,derived_reusable_speech_act_curriculum_v1,assistant_reviewed_candidate
disc_s_csa_0038,speech_act_002_mobile_release,train,Lead: Elliot should patch the mobile login redirect. Elliot: That's already done; it closed yesterday.,"[CURRENT]
Lead: Elliot should patch the mobile login redirect. Elliot: That's already done; it closed yesterday.",completed_history,derived_reusable_speech_act_curriculum_v1,assistant_reviewed_candidate
disc_s_csa_0039,speech_act_002_mobile_release,train,Do not patch the mobile login redirect; that proposed action has been cancelled.,"[CURRENT]
Do not patch the mobile login redirect; that proposed action has been cancelled.",state_modifier,derived_reusable_speech_act_curriculum_v1,assistant_reviewed_candidate
disc_s_csa_0040,speech_act_002_mobile_release,train,Earlier we asked Elliot to patch the mobile login redirect. That assignment is withdrawn and must not remain open.,"[CURRENT]
Earlier we asked Elliot to patch the mobile login redirect. That assignment is withdrawn and must not remain open.",state_modifier,derived_reusable_speech_act_curriculum_v1,assistant_reviewed_candidate
disc_s_csa_0041,speech_act_002_mobile_release,train,The team agreed to hold the release until smoke testing passes.,"[CURRENT]
The team agreed to hold the release until smoke testing passes.",canonical_assertion,derived_reusable_speech_act_curriculum_v1,assistant_reviewed_candidate
disc_s_csa_0042,speech_act_002_mobile_release,train,"Option A was discussed, but the final position is to hold the release until smoke testing passes.","[CURRENT]
Option A was discussed, but the final position is to hold the release until smoke testing passes.",canonical_assertion,derived_reusable_speech_act_curriculum_v1,assistant_reviewed_candidate
disc_s_csa_0043,speech_act_002_mobile_release,train,"Lead: Shall we hold the release until smoke testing passes?
Team: Agreed. That's the approach we will use.","[CURRENT]
Lead: Shall we hold the release until smoke testing passes?
Team: Agreed. That's the approach we will use.",canonical_assertion,derived_reusable_speech_act_curriculum_v1,assistant_reviewed_candidate
disc_s_csa_0044,speech_act_002_mobile_release,train,"One option would be to hold the release until smoke testing passes, although no decision was made.","[CURRENT]
One option would be to hold the release until smoke testing passes, although no decision was made.",unassigned_proposal,derived_reusable_speech_act_curriculum_v1,assistant_reviewed_candidate
disc_s_csa_0045,speech_act_002_mobile_release,train,The team identified that the redirect defect could block customer access.,"[CURRENT]
The team identified that the redirect defect could block customer access.",canonical_assertion,derived_reusable_speech_act_curriculum_v1,assistant_reviewed_candidate
disc_s_csa_0046,speech_act_002_mobile_release,train,"If the dependency is not resolved, the redirect defect could block customer access. The issue remains open.","[CURRENT]
If the dependency is not resolved, the redirect defect could block customer access. The issue remains open.",canonical_assertion,derived_reusable_speech_act_curriculum_v1,assistant_reviewed_candidate
disc_s_csa_0047,speech_act_002_mobile_release,train,"The team checked whether the redirect defect could block customer access, but evidence confirmed the exposure is closed and no monitoring is required.","[CURRENT]
The team checked whether the redirect defect could block customer access, but evidence confirmed the exposure is closed and no monitoring is required.",completed_history,derived_reusable_speech_act_curriculum_v1,assistant_reviewed_candidate
disc_s_csa_0048,speech_act_002_mobile_release,train,The current position is that the mobile release work remains in progress.,"[CURRENT]
The current position is that the mobile release work remains in progress.",supporting_detail,derived_reusable_speech_act_curriculum_v1,assistant_reviewed_candidate
disc_s_csa_0049,speech_act_002_mobile_release,train,Can everyone see the mobile release screen? We will pause for two minutes before continuing.,"[CURRENT]
Can everyone see the mobile release screen? We will pause for two minutes before continuing.",administrative,derived_reusable_speech_act_curriculum_v1,assistant_reviewed_candidate
disc_s_csa_0050,speech_act_002_mobile_release,train,"Elliot: I promise I'll bring coffee to the next mobile release call. This is social chat, not project work.","[CURRENT]
Elliot: I promise I'll bring coffee to the next mobile release call. This is social chat, not project work.",administrative,derived_reusable_speech_act_curriculum_v1,assistant_reviewed_candidate
disc_s_csa_0051,speech_act_003_recruitment,validation,Sana: I'll invite the shortlisted engineer to a technical interview by tomorrow.,"[CURRENT]
Sana: I'll invite the shortlisted engineer to a technical interview by tomorrow.",canonical_commitment,derived_reusable_speech_act_curriculum_v1,assistant_reviewed_candidate
disc_s_csa_0052,speech_act_003_recruitment,validation,Sana: I can invite the shortlisted engineer to a technical interview. I'll have it done by tomorrow.,"[CURRENT]
Sana: I can invite the shortlisted engineer to a technical interview. I'll have it done by tomorrow.",canonical_commitment,derived_reusable_speech_act_curriculum_v1,assistant_reviewed_candidate
disc_s_csa_0053,speech_act_003_recruitment,validation,"Could Sana invite the shortlisted engineer to a technical interview by tomorrow? Sana: Yes, I'll take that.","[CURRENT]
Could Sana invite the shortlisted engineer to a technical interview by tomorrow? Sana: Yes, I'll take that.",canonical_commitment,derived_reusable_speech_act_curriculum_v1,assistant_reviewed_candidate
disc_s_csa_0054,speech_act_003_recruitment,validation,"Lead: Can you invite the shortlisted engineer to a technical interview?
Sana: Yes.
Lead: Can you finish by tomorrow?
Sana: That works.","[CURRENT]
Lead: Can you invite the shortlisted engineer to a technical interview?
Sana: Yes.
Lead: Can you finish by tomorrow?
Sana: That works.",canonical_commitment,derived_reusable_speech_act_curriculum_v1,assistant_reviewed_candidate
disc_s_csa_0055,speech_act_003_recruitment,validation,Sana to invite the shortlisted engineer to a technical interview; due tomorrow.,"[CURRENT]
Sana to invite the shortlisted engineer to a technical interview; due tomorrow.",canonical_commitment,derived_reusable_speech_act_curriculum_v1,assistant_reviewed_candidate
disc_s_csa_0056,speech_act_003_recruitment,validation,"Actions recap: Sana, you're taking the item to invite the shortlisted engineer to a technical interview. Sana: Correct, by tomorrow.","[CURRENT]
Actions recap: Sana, you're taking the item to invite the shortlisted engineer to a technical interview. Sana: Correct, by tomorrow.",single_item_recap,derived_reusable_speech_act_curriculum_v1,assistant_reviewed_candidate
disc_s_csa_0057,speech_act_003_recruitment,validation,We need someone to invite the shortlisted engineer to a technical interview. Sana: Leave that with me; tomorrow is fine.,"[CURRENT]
We need someone to invite the shortlisted engineer to a technical interview. Sana: Leave that with me; tomorrow is fine.",canonical_commitment,derived_reusable_speech_act_curriculum_v1,assistant_reviewed_candidate
disc_s_csa_0058,speech_act_003_recruitment,validation,"We need to invite the shortlisted engineer to a technical interview, but nobody accepted ownership or timing.","[CURRENT]
We need to invite the shortlisted engineer to a technical interview, but nobody accepted ownership or timing.",unassigned_proposal,derived_reusable_speech_act_curriculum_v1,assistant_reviewed_candidate
disc_s_csa_0059,speech_act_003_recruitment,validation,It would help to invite the shortlisted engineer to a technical interview. The group moved on without assigning it.,"[CURRENT]
It would help to invite the shortlisted engineer to a technical interview. The group moved on without assigning it.",unassigned_proposal,derived_reusable_speech_act_curriculum_v1,assistant_reviewed_candidate
disc_s_csa_0060,speech_act_003_recruitment,validation,"Perhaps Sana could invite the shortlisted engineer to a technical interview if there is time, but this was not agreed.","[CURRENT]
Perhaps Sana could invite the shortlisted engineer to a technical interview if there is time, but this was not agreed.",hypothetical,derived_reusable_speech_act_curriculum_v1,assistant_reviewed_candidate
disc_s_csa_0061,speech_act_003_recruitment,validation,"Sana: I might invite the shortlisted engineer to a technical interview, depending on capacity. Lead: Treat that as an idea, not an action.","[CURRENT]
Sana: I might invite the shortlisted engineer to a technical interview, depending on capacity. Lead: Treat that as an idea, not an action.",hypothetical,derived_reusable_speech_act_curriculum_v1,assistant_reviewed_candidate
disc_s_csa_0062,speech_act_003_recruitment,validation,Sana already completed the work to invite the shortlisted engineer to a technical interview yesterday.,"[CURRENT]
Sana already completed the work to invite the shortlisted engineer to a technical interview yesterday.",completed_history,derived_reusable_speech_act_curriculum_v1,assistant_reviewed_candidate
disc_s_csa_0063,speech_act_003_recruitment,validation,Lead: Sana should invite the shortlisted engineer to a technical interview. Sana: That's already done; it closed yesterday.,"[CURRENT]
Lead: Sana should invite the shortlisted engineer to a technical interview. Sana: That's already done; it closed yesterday.",completed_history,derived_reusable_speech_act_curriculum_v1,assistant_reviewed_candidate
disc_s_csa_0064,speech_act_003_recruitment,validation,Do not invite the shortlisted engineer to a technical interview; that proposed action has been cancelled.,"[CURRENT]
Do not invite the shortlisted engineer to a technical interview; that proposed action has been cancelled.",state_modifier,derived_reusable_speech_act_curriculum_v1,assistant_reviewed_candidate
disc_s_csa_0065,speech_act_003_recruitment,validation,Earlier we asked Sana to invite the shortlisted engineer to a technical interview. That assignment is withdrawn and must not remain open.,"[CURRENT]
Earlier we asked Sana to invite the shortlisted engineer to a technical interview. That assignment is withdrawn and must not remain open.",state_modifier,derived_reusable_speech_act_curriculum_v1,assistant_reviewed_candidate
disc_s_csa_0066,speech_act_003_recruitment,validation,The team agreed to progress one candidate to the final round.,"[CURRENT]
The team agreed to progress one candidate to the final round.",canonical_assertion,derived_reusable_speech_act_curriculum_v1,assistant_reviewed_candidate
disc_s_csa_0067,speech_act_003_recruitment,validation,"Option A was discussed, but the final position is to progress one candidate to the final round.","[CURRENT]
Option A was discussed, but the final position is to progress one candidate to the final round.",canonical_assertion,derived_reusable_speech_act_curriculum_v1,assistant_reviewed_candidate
disc_s_csa_0068,speech_act_003_recruitment,validation,"Lead: Shall we progress one candidate to the final round?
Team: Agreed. That's the approach we will use.","[CURRENT]
Lead: Shall we progress one candidate to the final round?
Team: Agreed. That's the approach we will use.",canonical_assertion,derived_reusable_speech_act_curriculum_v1,assistant_reviewed_candidate
disc_s_csa_0069,speech_act_003_recruitment,validation,"One option would be to progress one candidate to the final round, although no decision was made.","[CURRENT]
One option would be to progress one candidate to the final round, although no decision was made.",unassigned_proposal,derived_reusable_speech_act_curriculum_v1,assistant_reviewed_candidate
disc_s_csa_0070,speech_act_003_recruitment,validation,The team identified that interviewer availability may delay the final round.,"[CURRENT]
The team identified that interviewer availability may delay the final round.",canonical_assertion,derived_reusable_speech_act_curriculum_v1,assistant_reviewed_candidate
disc_s_csa_0071,speech_act_003_recruitment,validation,"If the dependency is not resolved, interviewer availability may delay the final round. The issue remains open.","[CURRENT]
If the dependency is not resolved, interviewer availability may delay the final round. The issue remains open.",canonical_assertion,derived_reusable_speech_act_curriculum_v1,assistant_reviewed_candidate
disc_s_csa_0072,speech_act_003_recruitment,validation,"The team checked whether interviewer availability may delay the final round, but evidence confirmed the exposure is closed and no monitoring is required.","[CURRENT]
The team checked whether interviewer availability may delay the final round, but evidence confirmed the exposure is closed and no monitoring is required.",completed_history,derived_reusable_speech_act_curriculum_v1,assistant_reviewed_candidate
disc_s_csa_0073,speech_act_003_recruitment,validation,The current position is that the recruitment work remains in progress.,"[CURRENT]
The current position is that the recruitment work remains in progress.",supporting_detail,derived_reusable_speech_act_curriculum_v1,assistant_reviewed_candidate
disc_s_csa_0074,speech_act_003_recruitment,validation,Can everyone see the recruitment screen? We will pause for two minutes before continuing.,"[CURRENT]
Can everyone see the recruitment screen? We will pause for two minutes before continuing.",administrative,derived_reusable_speech_act_curriculum_v1,assistant_reviewed_candidate
disc_s_csa_0075,speech_act_003_recruitment,validation,"Sana: I promise I'll bring coffee to the next recruitment call. This is social chat, not project work.","[CURRENT]
Sana: I promise I'll bring coffee to the next recruitment call. This is social chat, not project work.",administrative,derived_reusable_speech_act_curriculum_v1,assistant_reviewed_candidate
disc_s_csa_0076,speech_act_004_budget,train,Theo: I'll circulate the revised department forecast by before lunch.,"[CURRENT]
Theo: I'll circulate the revised department forecast by before lunch.",canonical_commitment,derived_reusable_speech_act_curriculum_v1,assistant_reviewed_candidate
disc_s_csa_0077,speech_act_004_budget,train,Theo: I can circulate the revised department forecast. I'll have it done by before lunch.,"[CURRENT]
Theo: I can circulate the revised department forecast. I'll have it done by before lunch.",canonical_commitment,derived_reusable_speech_act_curriculum_v1,assistant_reviewed_candidate
disc_s_csa_0078,speech_act_004_budget,train,"Could Theo circulate the revised department forecast by before lunch? Theo: Yes, I'll take that.","[CURRENT]
Could Theo circulate the revised department forecast by before lunch? Theo: Yes, I'll take that.",canonical_commitment,derived_reusable_speech_act_curriculum_v1,assistant_reviewed_candidate
disc_s_csa_0079,speech_act_004_budget,train,"Lead: Can you circulate the revised department forecast?
Theo: Yes.
Lead: Can you finish by before lunch?
Theo: That works.","[CURRENT]
Lead: Can you circulate the revised department forecast?
Theo: Yes.
Lead: Can you finish by before lunch?
Theo: That works.",canonical_commitment,derived_reusable_speech_act_curriculum_v1,assistant_reviewed_candidate
disc_s_csa_0080,speech_act_004_budget,train,Theo to circulate the revised department forecast; due before lunch.,"[CURRENT]
Theo to circulate the revised department forecast; due before lunch.",canonical_commitment,derived_reusable_speech_act_curriculum_v1,assistant_reviewed_candidate
disc_s_csa_0081,speech_act_004_budget,train,"Actions recap: Theo, you're taking the item to circulate the revised department forecast. Theo: Correct, by before lunch.","[CURRENT]
Actions recap: Theo, you're taking the item to circulate the revised department forecast. Theo: Correct, by before lunch.",single_item_recap,derived_reusable_speech_act_curriculum_v1,assistant_reviewed_candidate
disc_s_csa_0082,speech_act_004_budget,train,We need someone to circulate the revised department forecast. Theo: Leave that with me; before lunch is fine.,"[CURRENT]
We need someone to circulate the revised department forecast. Theo: Leave that with me; before lunch is fine.",canonical_commitment,derived_reusable_speech_act_curriculum_v1,assistant_reviewed_candidate
disc_s_csa_0083,speech_act_004_budget,train,"We need to circulate the revised department forecast, but nobody accepted ownership or timing.","[CURRENT]
We need to circulate the revised department forecast, but nobody accepted ownership or timing.",unassigned_proposal,derived_reusable_speech_act_curriculum_v1,assistant_reviewed_candidate
disc_s_csa_0084,speech_act_004_budget,train,It would help to circulate the revised department forecast. The group moved on without assigning it.,"[CURRENT]
It would help to circulate the revised department forecast. The group moved on without assigning it.",unassigned_proposal,derived_reusable_speech_act_curriculum_v1,assistant_reviewed_candidate
disc_s_csa_0085,speech_act_004_budget,train,"Perhaps Theo could circulate the revised department forecast if there is time, but this was not agreed.","[CURRENT]
Perhaps Theo could circulate the revised department forecast if there is time, but this was not agreed.",hypothetical,derived_reusable_speech_act_curriculum_v1,assistant_reviewed_candidate
disc_s_csa_0086,speech_act_004_budget,train,"Theo: I might circulate the revised department forecast, depending on capacity. Lead: Treat that as an idea, not an action.","[CURRENT]
Theo: I might circulate the revised department forecast, depending on capacity. Lead: Treat that as an idea, not an action.",hypothetical,derived_reusable_speech_act_curriculum_v1,assistant_reviewed_candidate
disc_s_csa_0087,speech_act_004_budget,train,Theo already completed the work to circulate the revised department forecast yesterday.,"[CURRENT]
Theo already completed the work to circulate the revised department forecast yesterday.",completed_history,derived_reusable_speech_act_curriculum_v1,assistant_reviewed_candidate
disc_s_csa_0088,speech_act_004_budget,train,Lead: Theo should circulate the revised department forecast. Theo: That's already done; it closed yesterday.,"[CURRENT]
Lead: Theo should circulate the revised department forecast. Theo: That's already done; it closed yesterday.",completed_history,derived_reusable_speech_act_curriculum_v1,assistant_reviewed_candidate
disc_s_csa_0089,speech_act_004_budget,train,Do not circulate the revised department forecast; that proposed action has been cancelled.,"[CURRENT]
Do not circulate the revised department forecast; that proposed action has been cancelled.",state_modifier,derived_reusable_speech_act_curriculum_v1,assistant_reviewed_candidate
disc_s_csa_0090,speech_act_004_budget,train,Earlier we asked Theo to circulate the revised department forecast. That assignment is withdrawn and must not remain open.,"[CURRENT]
Earlier we asked Theo to circulate the revised department forecast. That assignment is withdrawn and must not remain open.",state_modifier,derived_reusable_speech_act_curriculum_v1,assistant_reviewed_candidate
disc_s_csa_0091,speech_act_004_budget,train,The team agreed to defer the contractor extension.,"[CURRENT]
The team agreed to defer the contractor extension.",canonical_assertion,derived_reusable_speech_act_curriculum_v1,assistant_reviewed_candidate
disc_s_csa_0092,speech_act_004_budget,train,"Option A was discussed, but the final position is to defer the contractor extension.","[CURRENT]
Option A was discussed, but the final position is to defer the contractor extension.",canonical_assertion,derived_reusable_speech_act_curriculum_v1,assistant_reviewed_candidate
disc_s_csa_0093,speech_act_004_budget,train,"Lead: Shall we defer the contractor extension?
Team: Agreed. That's the approach we will use.","[CURRENT]
Lead: Shall we defer the contractor extension?
Team: Agreed. That's the approach we will use.",canonical_assertion,derived_reusable_speech_act_curriculum_v1,assistant_reviewed_candidate
disc_s_csa_0094,speech_act_004_budget,train,"One option would be to defer the contractor extension, although no decision was made.","[CURRENT]
One option would be to defer the contractor extension, although no decision was made.",unassigned_proposal,derived_reusable_speech_act_curriculum_v1,assistant_reviewed_candidate
disc_s_csa_0095,speech_act_004_budget,train,The team identified that exchange-rate movement could exceed the travel budget.,"[CURRENT]
The team identified that exchange-rate movement could exceed the travel budget.",canonical_assertion,derived_reusable_speech_act_curriculum_v1,assistant_reviewed_candidate
disc_s_csa_0096,speech_act_004_budget,train,"If the dependency is not resolved, exchange-rate movement could exceed the travel budget. The issue remains open.","[CURRENT]
If the dependency is not resolved, exchange-rate movement could exceed the travel budget. The issue remains open.",canonical_assertion,derived_reusable_speech_act_curriculum_v1,assistant_reviewed_candidate
disc_s_csa_0097,speech_act_004_budget,train,"The team checked whether exchange-rate movement could exceed the travel budget, but evidence confirmed the exposure is closed and no monitoring is required.","[CURRENT]
The team checked whether exchange-rate movement could exceed the travel budget, but evidence confirmed the exposure is closed and no monitoring is required.",completed_history,derived_reusable_speech_act_curriculum_v1,assistant_reviewed_candidate
disc_s_csa_0098,speech_act_004_budget,train,The current position is that the budget work remains in progress.,"[CURRENT]
The current position is that the budget work remains in progress.",supporting_detail,derived_reusable_speech_act_curriculum_v1,assistant_reviewed_candidate
disc_s_csa_0099,speech_act_004_budget,train,Can everyone see the budget screen? We will pause for two minutes before continuing.,"[CURRENT]
Can everyone see the budget screen? We will pause for two minutes before continuing.",administrative,derived_reusable_speech_act_curriculum_v1,assistant_reviewed_candidate
disc_s_csa_0100,speech_act_004_budget,train,"Theo: I promise I'll bring coffee to the next budget call. This is social chat, not project work.","[CURRENT]
Theo: I promise I'll bring coffee to the next budget call. This is social chat, not project work.",administrative,derived_reusable_speech_act_curriculum_v1,assistant_reviewed_candidate
disc_s_csa_0101,speech_act_005_customer_support,train,Inez: I'll create separate queues for complex support cases by next Tuesday.,"[CURRENT]
Inez: I'll create separate queues for complex support cases by next Tuesday.",canonical_commitment,derived_reusable_speech_act_curriculum_v1,assistant_reviewed_candidate
disc_s_csa_0102,speech_act_005_customer_support,train,Inez: I can create separate queues for complex support cases. I'll have it done by next Tuesday.,"[CURRENT]
Inez: I can create separate queues for complex support cases. I'll have it done by next Tuesday.",canonical_commitment,derived_reusable_speech_act_curriculum_v1,assistant_reviewed_candidate
disc_s_csa_0103,speech_act_005_customer_support,train,"Could Inez create separate queues for complex support cases by next Tuesday? Inez: Yes, I'll take that.","[CURRENT]
Could Inez create separate queues for complex support cases by next Tuesday? Inez: Yes, I'll take that.",canonical_commitment,derived_reusable_speech_act_curriculum_v1,assistant_reviewed_candidate
disc_s_csa_0104,speech_act_005_customer_support,train,"Lead: Can you create separate queues for complex support cases?
Inez: Yes.
Lead: Can you finish by next Tuesday?
Inez: That works.","[CURRENT]
Lead: Can you create separate queues for complex support cases?
Inez: Yes.
Lead: Can you finish by next Tuesday?
Inez: That works.",canonical_commitment,derived_reusable_speech_act_curriculum_v1,assistant_reviewed_candidate
disc_s_csa_0105,speech_act_005_customer_support,train,Inez to create separate queues for complex support cases; due next Tuesday.,"[CURRENT]
Inez to create separate queues for complex support cases; due next Tuesday.",canonical_commitment,derived_reusable_speech_act_curriculum_v1,assistant_reviewed_candidate
disc_s_csa_0106,speech_act_005_customer_support,train,"Actions recap: Inez, you're taking the item to create separate queues for complex support cases. Inez: Correct, by next Tuesday.","[CURRENT]
Actions recap: Inez, you're taking the item to create separate queues for complex support cases. Inez: Correct, by next Tuesday.",single_item_recap,derived_reusable_speech_act_curriculum_v1,assistant_reviewed_candidate
disc_s_csa_0107,speech_act_005_customer_support,train,We need someone to create separate queues for complex support cases. Inez: Leave that with me; next Tuesday is fine.,"[CURRENT]
We need someone to create separate queues for complex support cases. Inez: Leave that with me; next Tuesday is fine.",canonical_commitment,derived_reusable_speech_act_curriculum_v1,assistant_reviewed_candidate
disc_s_csa_0108,speech_act_005_customer_support,train,"We need to create separate queues for complex support cases, but nobody accepted ownership or timing.","[CURRENT]
We need to create separate queues for complex support cases, but nobody accepted ownership or timing.",unassigned_proposal,derived_reusable_speech_act_curriculum_v1,assistant_reviewed_candidate
disc_s_csa_0109,speech_act_005_customer_support,train,It would help to create separate queues for complex support cases. The group moved on without assigning it.,"[CURRENT]
It would help to create separate queues for complex support cases. The group moved on without assigning it.",unassigned_proposal,derived_reusable_speech_act_curriculum_v1,assistant_reviewed_candidate
disc_s_csa_0110,speech_act_005_customer_support,train,"Perhaps Inez could create separate queues for complex support cases if there is time, but this was not agreed.","[CURRENT]
Perhaps Inez could create separate queues for complex support cases if there is time, but this was not agreed.",hypothetical,derived_reusable_speech_act_curriculum_v1,assistant_reviewed_candidate
disc_s_csa_0111,speech_act_005_customer_support,train,"Inez: I might create separate queues for complex support cases, depending on capacity. Lead: Treat that as an idea, not an action.","[CURRENT]
Inez: I might create separate queues for complex support cases, depending on capacity. Lead: Treat that as an idea, not an action.",hypothetical,derived_reusable_speech_act_curriculum_v1,assistant_reviewed_candidate
disc_s_csa_0112,speech_act_005_customer_support,train,Inez already completed the work to create separate queues for complex support cases yesterday.,"[CURRENT]
Inez already completed the work to create separate queues for complex support cases yesterday.",completed_history,derived_reusable_speech_act_curriculum_v1,assistant_reviewed_candidate
disc_s_csa_0113,speech_act_005_customer_support,train,Lead: Inez should create separate queues for complex support cases. Inez: That's already done; it closed yesterday.,"[CURRENT]
Lead: Inez should create separate queues for complex support cases. Inez: That's already done; it closed yesterday.",completed_history,derived_reusable_speech_act_curriculum_v1,assistant_reviewed_candidate
disc_s_csa_0114,speech_act_005_customer_support,train,Do not create separate queues for complex support cases; that proposed action has been cancelled.,"[CURRENT]
Do not create separate queues for complex support cases; that proposed action has been cancelled.",state_modifier,derived_reusable_speech_act_curriculum_v1,assistant_reviewed_candidate
disc_s_csa_0115,speech_act_005_customer_support,train,Earlier we asked Inez to create separate queues for complex support cases. That assignment is withdrawn and must not remain open.,"[CURRENT]
Earlier we asked Inez to create separate queues for complex support cases. That assignment is withdrawn and must not remain open.",state_modifier,derived_reusable_speech_act_curriculum_v1,assistant_reviewed_candidate
disc_s_csa_0116,speech_act_005_customer_support,train,The team agreed to pilot specialist triage for one month.,"[CURRENT]
The team agreed to pilot specialist triage for one month.",canonical_assertion,derived_reusable_speech_act_curriculum_v1,assistant_reviewed_candidate
disc_s_csa_0117,speech_act_005_customer_support,train,"Option A was discussed, but the final position is to pilot specialist triage for one month.","[CURRENT]
Option A was discussed, but the final position is to pilot specialist triage for one month.",canonical_assertion,derived_reusable_speech_act_curriculum_v1,assistant_reviewed_candidate
disc_s_csa_0118,speech_act_005_customer_support,train,"Lead: Shall we pilot specialist triage for one month?
Team: Agreed. That's the approach we will use.","[CURRENT]
Lead: Shall we pilot specialist triage for one month?
Team: Agreed. That's the approach we will use.",canonical_assertion,derived_reusable_speech_act_curriculum_v1,assistant_reviewed_candidate
disc_s_csa_0119,speech_act_005_customer_support,train,"One option would be to pilot specialist triage for one month, although no decision was made.","[CURRENT]
One option would be to pilot specialist triage for one month, although no decision was made.",unassigned_proposal,derived_reusable_speech_act_curriculum_v1,assistant_reviewed_candidate
disc_s_csa_0120,speech_act_005_customer_support,train,The team identified that urgent cases may remain hidden in the general queue.,"[CURRENT]
The team identified that urgent cases may remain hidden in the general queue.",canonical_assertion,derived_reusable_speech_act_curriculum_v1,assistant_reviewed_candidate
disc_s_csa_0121,speech_act_005_customer_support,train,"If the dependency is not resolved, urgent cases may remain hidden in the general queue. The issue remains open.","[CURRENT]
If the dependency is not resolved, urgent cases may remain hidden in the general queue. The issue remains open.",canonical_assertion,derived_reusable_speech_act_curriculum_v1,assistant_reviewed_candidate
disc_s_csa_0122,speech_act_005_customer_support,train,"The team checked whether urgent cases may remain hidden in the general queue, but evidence confirmed the exposure is closed and no monitoring is required.","[CURRENT]
The team checked whether urgent cases may remain hidden in the general queue, but evidence confirmed the exposure is closed and no monitoring is required.",completed_history,derived_reusable_speech_act_curriculum_v1,assistant_reviewed_candidate
disc_s_csa_0123,speech_act_005_customer_support,train,The current position is that the customer support work remains in progress.,"[CURRENT]
The current position is that the customer support work remains in progress.",supporting_detail,derived_reusable_speech_act_curriculum_v1,assistant_reviewed_candidate
disc_s_csa_0124,speech_act_005_customer_support,train,Can everyone see the customer support screen? We will pause for two minutes before continuing.,"[CURRENT]
Can everyone see the customer support screen? We will pause for two minutes before continuing.",administrative,derived_reusable_speech_act_curriculum_v1,assistant_reviewed_candidate
disc_s_csa_0125,speech_act_005_customer_support,train,"Inez: I promise I'll bring coffee to the next customer support call. This is social chat, not project work.","[CURRENT]
Inez: I promise I'll bring coffee to the next customer support call. This is social chat, not project work.",administrative,derived_reusable_speech_act_curriculum_v1,assistant_reviewed_candidate
disc_s_csa_0126,speech_act_006_supplier,train,Ravi: I'll request the supplier insurance certificate by Thursday.,"[CURRENT]
Ravi: I'll request the supplier insurance certificate by Thursday.",canonical_commitment,derived_reusable_speech_act_curriculum_v1,assistant_reviewed_candidate
disc_s_csa_0127,speech_act_006_supplier,train,Ravi: I can request the supplier insurance certificate. I'll have it done by Thursday.,"[CURRENT]
Ravi: I can request the supplier insurance certificate. I'll have it done by Thursday.",canonical_commitment,derived_reusable_speech_act_curriculum_v1,assistant_reviewed_candidate
disc_s_csa_0128,speech_act_006_supplier,train,"Could Ravi request the supplier insurance certificate by Thursday? Ravi: Yes, I'll take that.","[CURRENT]
Could Ravi request the supplier insurance certificate by Thursday? Ravi: Yes, I'll take that.",canonical_commitment,derived_reusable_speech_act_curriculum_v1,assistant_reviewed_candidate
disc_s_csa_0129,speech_act_006_supplier,train,"Lead: Can you request the supplier insurance certificate?
Ravi: Yes.
Lead: Can you finish by Thursday?
Ravi: That works.","[CURRENT]
Lead: Can you request the supplier insurance certificate?
Ravi: Yes.
Lead: Can you finish by Thursday?
Ravi: That works.",canonical_commitment,derived_reusable_speech_act_curriculum_v1,assistant_reviewed_candidate
disc_s_csa_0130,speech_act_006_supplier,train,Ravi to request the supplier insurance certificate; due Thursday.,"[CURRENT]
Ravi to request the supplier insurance certificate; due Thursday.",canonical_commitment,derived_reusable_speech_act_curriculum_v1,assistant_reviewed_candidate
disc_s_csa_0131,speech_act_006_supplier,train,"Actions recap: Ravi, you're taking the item to request the supplier insurance certificate. Ravi: Correct, by Thursday.","[CURRENT]
Actions recap: Ravi, you're taking the item to request the supplier insurance certificate. Ravi: Correct, by Thursday.",single_item_recap,derived_reusable_speech_act_curriculum_v1,assistant_reviewed_candidate
disc_s_csa_0132,speech_act_006_supplier,train,We need someone to request the supplier insurance certificate. Ravi: Leave that with me; Thursday is fine.,"[CURRENT]
We need someone to request the supplier insurance certificate. Ravi: Leave that with me; Thursday is fine.",canonical_commitment,derived_reusable_speech_act_curriculum_v1,assistant_reviewed_candidate
disc_s_csa_0133,speech_act_006_supplier,train,"We need to request the supplier insurance certificate, but nobody accepted ownership or timing.","[CURRENT]
We need to request the supplier insurance certificate, but nobody accepted ownership or timing.",unassigned_proposal,derived_reusable_speech_act_curriculum_v1,assistant_reviewed_candidate
disc_s_csa_0134,speech_act_006_supplier,train,It would help to request the supplier insurance certificate. The group moved on without assigning it.,"[CURRENT]
It would help to request the supplier insurance certificate. The group moved on without assigning it.",unassigned_proposal,derived_reusable_speech_act_curriculum_v1,assistant_reviewed_candidate
disc_s_csa_0135,speech_act_006_supplier,train,"Perhaps Ravi could request the supplier insurance certificate if there is time, but this was not agreed.","[CURRENT]
Perhaps Ravi could request the supplier insurance certificate if there is time, but this was not agreed.",hypothetical,derived_reusable_speech_act_curriculum_v1,assistant_reviewed_candidate
disc_s_csa_0136,speech_act_006_supplier,train,"Ravi: I might request the supplier insurance certificate, depending on capacity. Lead: Treat that as an idea, not an action.","[CURRENT]
Ravi: I might request the supplier insurance certificate, depending on capacity. Lead: Treat that as an idea, not an action.",hypothetical,derived_reusable_speech_act_curriculum_v1,assistant_reviewed_candidate
disc_s_csa_0137,speech_act_006_supplier,train,Ravi already completed the work to request the supplier insurance certificate yesterday.,"[CURRENT]
Ravi already completed the work to request the supplier insurance certificate yesterday.",completed_history,derived_reusable_speech_act_curriculum_v1,assistant_reviewed_candidate
disc_s_csa_0138,speech_act_006_supplier,train,Lead: Ravi should request the supplier insurance certificate. Ravi: That's already done; it closed yesterday.,"[CURRENT]
Lead: Ravi should request the supplier insurance certificate. Ravi: That's already done; it closed yesterday.",completed_history,derived_reusable_speech_act_curriculum_v1,assistant_reviewed_candidate
disc_s_csa_0139,speech_act_006_supplier,train,Do not request the supplier insurance certificate; that proposed action has been cancelled.,"[CURRENT]
Do not request the supplier insurance certificate; that proposed action has been cancelled.",state_modifier,derived_reusable_speech_act_curriculum_v1,assistant_reviewed_candidate
disc_s_csa_0140,speech_act_006_supplier,train,Earlier we asked Ravi to request the supplier insurance certificate. That assignment is withdrawn and must not remain open.,"[CURRENT]
Earlier we asked Ravi to request the supplier insurance certificate. That assignment is withdrawn and must not remain open.",state_modifier,derived_reusable_speech_act_curriculum_v1,assistant_reviewed_candidate
disc_s_csa_0141,speech_act_006_supplier,train,The team agreed to approve onboarding only after due diligence.,"[CURRENT]
The team agreed to approve onboarding only after due diligence.",canonical_assertion,derived_reusable_speech_act_curriculum_v1,assistant_reviewed_candidate
disc_s_csa_0142,speech_act_006_supplier,train,"Option A was discussed, but the final position is to approve onboarding only after due diligence.","[CURRENT]
Option A was discussed, but the final position is to approve onboarding only after due diligence.",canonical_assertion,derived_reusable_speech_act_curriculum_v1,assistant_reviewed_candidate
disc_s_csa_0143,speech_act_006_supplier,train,"Lead: Shall we approve onboarding only after due diligence?
Team: Agreed. That's the approach we will use.","[CURRENT]
Lead: Shall we approve onboarding only after due diligence?
Team: Agreed. That's the approach we will use.",canonical_assertion,derived_reusable_speech_act_curriculum_v1,assistant_reviewed_candidate
disc_s_csa_0144,speech_act_006_supplier,train,"One option would be to approve onboarding only after due diligence, although no decision was made.","[CURRENT]
One option would be to approve onboarding only after due diligence, although no decision was made.",unassigned_proposal,derived_reusable_speech_act_curriculum_v1,assistant_reviewed_candidate
disc_s_csa_0145,speech_act_006_supplier,train,The team identified that missing insurance evidence could postpone onboarding.,"[CURRENT]
The team identified that missing insurance evidence could postpone onboarding.",canonical_assertion,derived_reusable_speech_act_curriculum_v1,assistant_reviewed_candidate
disc_s_csa_0146,speech_act_006_supplier,train,"If the dependency is not resolved, missing insurance evidence could postpone onboarding. The issue remains open.","[CURRENT]
If the dependency is not resolved, missing insurance evidence could postpone onboarding. The issue remains open.",canonical_assertion,derived_reusable_speech_act_curriculum_v1,assistant_reviewed_candidate
disc_s_csa_0147,speech_act_006_supplier,train,"The team checked whether missing insurance evidence could postpone onboarding, but evidence confirmed the exposure is closed and no monitoring is required.","[CURRENT]
The team checked whether missing insurance evidence could postpone onboarding, but evidence confirmed the exposure is closed and no monitoring is required.",completed_history,derived_reusable_speech_act_curriculum_v1,assistant_reviewed_candidate
disc_s_csa_0148,speech_act_006_supplier,train,The current position is that the supplier work remains in progress.,"[CURRENT]
The current position is that the supplier work remains in progress.",supporting_detail,derived_reusable_speech_act_curriculum_v1,assistant_reviewed_candidate
disc_s_csa_0149,speech_act_006_supplier,train,Can everyone see the supplier screen? We will pause for two minutes before continuing.,"[CURRENT]
Can everyone see the supplier screen? We will pause for two minutes before continuing.",administrative,derived_reusable_speech_act_curriculum_v1,assistant_reviewed_candidate
disc_s_csa_0150,speech_act_006_supplier,train,"Ravi: I promise I'll bring coffee to the next supplier call. This is social chat, not project work.","[CURRENT]
Ravi: I promise I'll bring coffee to the next supplier call. This is social chat, not project work.",administrative,derived_reusable_speech_act_curriculum_v1,assistant_reviewed_candidate
disc_s_csa_0151,speech_act_007_webinar,test,Chloe: I'll shorten the product demonstration by Wednesday.,"[CURRENT]
Chloe: I'll shorten the product demonstration by Wednesday.",canonical_commitment,derived_reusable_speech_act_curriculum_v1,assistant_reviewed_candidate
disc_s_csa_0152,speech_act_007_webinar,test,Chloe: I can shorten the product demonstration. I'll have it done by Wednesday.,"[CURRENT]
Chloe: I can shorten the product demonstration. I'll have it done by Wednesday.",canonical_commitment,derived_reusable_speech_act_curriculum_v1,assistant_reviewed_candidate
disc_s_csa_0153,speech_act_007_webinar,test,"Could Chloe shorten the product demonstration by Wednesday? Chloe: Yes, I'll take that.","[CURRENT]
Could Chloe shorten the product demonstration by Wednesday? Chloe: Yes, I'll take that.",canonical_commitment,derived_reusable_speech_act_curriculum_v1,assistant_reviewed_candidate
disc_s_csa_0154,speech_act_007_webinar,test,"Lead: Can you shorten the product demonstration?
Chloe: Yes.
Lead: Can you finish by Wednesday?
Chloe: That works.","[CURRENT]
Lead: Can you shorten the product demonstration?
Chloe: Yes.
Lead: Can you finish by Wednesday?
Chloe: That works.",canonical_commitment,derived_reusable_speech_act_curriculum_v1,assistant_reviewed_candidate
disc_s_csa_0155,speech_act_007_webinar,test,Chloe to shorten the product demonstration; due Wednesday.,"[CURRENT]
Chloe to shorten the product demonstration; due Wednesday.",canonical_commitment,derived_reusable_speech_act_curriculum_v1,assistant_reviewed_candidate
disc_s_csa_0156,speech_act_007_webinar,test,"Actions recap: Chloe, you're taking the item to shorten the product demonstration. Chloe: Correct, by Wednesday.","[CURRENT]
Actions recap: Chloe, you're taking the item to shorten the product demonstration. Chloe: Correct, by Wednesday.",single_item_recap,derived_reusable_speech_act_curriculum_v1,assistant_reviewed_candidate
disc_s_csa_0157,speech_act_007_webinar,test,We need someone to shorten the product demonstration. Chloe: Leave that with me; Wednesday is fine.,"[CURRENT]
We need someone to shorten the product demonstration. Chloe: Leave that with me; Wednesday is fine.",canonical_commitment,derived_reusable_speech_act_curriculum_v1,assistant_reviewed_candidate
disc_s_csa_0158,speech_act_007_webinar,test,"We need to shorten the product demonstration, but nobody accepted ownership or timing.","[CURRENT]
We need to shorten the product demonstration, but nobody accepted ownership or timing.",unassigned_proposal,derived_reusable_speech_act_curriculum_v1,assistant_reviewed_candidate
disc_s_csa_0159,speech_act_007_webinar,test,It would help to shorten the product demonstration. The group moved on without assigning it.,"[CURRENT]
It would help to shorten the product demonstration. The group moved on without assigning it.",unassigned_proposal,derived_reusable_speech_act_curriculum_v1,assistant_reviewed_candidate
disc_s_csa_0160,speech_act_007_webinar,test,"Perhaps Chloe could shorten the product demonstration if there is time, but this was not agreed.","[CURRENT]
Perhaps Chloe could shorten the product demonstration if there is time, but this was not agreed.",hypothetical,derived_reusable_speech_act_curriculum_v1,assistant_reviewed_candidate
disc_s_csa_0161,speech_act_007_webinar,test,"Chloe: I might shorten the product demonstration, depending on capacity. Lead: Treat that as an idea, not an action.","[CURRENT]
Chloe: I might shorten the product demonstration, depending on capacity. Lead: Treat that as an idea, not an action.",hypothetical,derived_reusable_speech_act_curriculum_v1,assistant_reviewed_candidate
disc_s_csa_0162,speech_act_007_webinar,test,Chloe already completed the work to shorten the product demonstration yesterday.,"[CURRENT]
Chloe already completed the work to shorten the product demonstration yesterday.",completed_history,derived_reusable_speech_act_curriculum_v1,assistant_reviewed_candidate
disc_s_csa_0163,speech_act_007_webinar,test,Lead: Chloe should shorten the product demonstration. Chloe: That's already done; it closed yesterday.,"[CURRENT]
Lead: Chloe should shorten the product demonstration. Chloe: That's already done; it closed yesterday.",completed_history,derived_reusable_speech_act_curriculum_v1,assistant_reviewed_candidate
disc_s_csa_0164,speech_act_007_webinar,test,Do not shorten the product demonstration; that proposed action has been cancelled.,"[CURRENT]
Do not shorten the product demonstration; that proposed action has been cancelled.",state_modifier,derived_reusable_speech_act_curriculum_v1,assistant_reviewed_candidate
disc_s_csa_0165,speech_act_007_webinar,test,Earlier we asked Chloe to shorten the product demonstration. That assignment is withdrawn and must not remain open.,"[CURRENT]
Earlier we asked Chloe to shorten the product demonstration. That assignment is withdrawn and must not remain open.",state_modifier,derived_reusable_speech_act_curriculum_v1,assistant_reviewed_candidate
disc_s_csa_0166,speech_act_007_webinar,test,The team agreed to reserve the final fifteen minutes for questions.,"[CURRENT]
The team agreed to reserve the final fifteen minutes for questions.",canonical_assertion,derived_reusable_speech_act_curriculum_v1,assistant_reviewed_candidate
disc_s_csa_0167,speech_act_007_webinar,test,"Option A was discussed, but the final position is to reserve the final fifteen minutes for questions.","[CURRENT]
Option A was discussed, but the final position is to reserve the final fifteen minutes for questions.",canonical_assertion,derived_reusable_speech_act_curriculum_v1,assistant_reviewed_candidate
disc_s_csa_0168,speech_act_007_webinar,test,"Lead: Shall we reserve the final fifteen minutes for questions?
Team: Agreed. That's the approach we will use.","[CURRENT]
Lead: Shall we reserve the final fifteen minutes for questions?
Team: Agreed. That's the approach we will use.",canonical_assertion,derived_reusable_speech_act_curriculum_v1,assistant_reviewed_candidate
disc_s_csa_0169,speech_act_007_webinar,test,"One option would be to reserve the final fifteen minutes for questions, although no decision was made.","[CURRENT]
One option would be to reserve the final fifteen minutes for questions, although no decision was made.",unassigned_proposal,derived_reusable_speech_act_curriculum_v1,assistant_reviewed_candidate
disc_s_csa_0170,speech_act_007_webinar,test,The team identified that a long demonstration could crowd out questions.,"[CURRENT]
The team identified that a long demonstration could crowd out questions.",canonical_assertion,derived_reusable_speech_act_curriculum_v1,assistant_reviewed_candidate
disc_s_csa_0171,speech_act_007_webinar,test,"If the dependency is not resolved, a long demonstration could crowd out questions. The issue remains open.","[CURRENT]
If the dependency is not resolved, a long demonstration could crowd out questions. The issue remains open.",canonical_assertion,derived_reusable_speech_act_curriculum_v1,assistant_reviewed_candidate
disc_s_csa_0172,speech_act_007_webinar,test,"The team checked whether a long demonstration could crowd out questions, but evidence confirmed the exposure is closed and no monitoring is required.","[CURRENT]
The team checked whether a long demonstration could crowd out questions, but evidence confirmed the exposure is closed and no monitoring is required.",completed_history,derived_reusable_speech_act_curriculum_v1,assistant_reviewed_candidate
disc_s_csa_0173,speech_act_007_webinar,test,The current position is that the webinar work remains in progress.,"[CURRENT]
The current position is that the webinar work remains in progress.",supporting_detail,derived_reusable_speech_act_curriculum_v1,assistant_reviewed_candidate
disc_s_csa_0174,speech_act_007_webinar,test,Can everyone see the webinar screen? We will pause for two minutes before continuing.,"[CURRENT]
Can everyone see the webinar screen? We will pause for two minutes before continuing.",administrative,derived_reusable_speech_act_curriculum_v1,assistant_reviewed_candidate
disc_s_csa_0175,speech_act_007_webinar,test,"Chloe: I promise I'll bring coffee to the next webinar call. This is social chat, not project work.","[CURRENT]
Chloe: I promise I'll bring coffee to the next webinar call. This is social chat, not project work.",administrative,derived_reusable_speech_act_curriculum_v1,assistant_reviewed_candidate
disc_s_csa_0176,speech_act_008_security,validation,Jonah: I'll disable the legacy file-transfer account by end of day.,"[CURRENT]
Jonah: I'll disable the legacy file-transfer account by end of day.",canonical_commitment,derived_reusable_speech_act_curriculum_v1,assistant_reviewed_candidate
disc_s_csa_0177,speech_act_008_security,validation,Jonah: I can disable the legacy file-transfer account. I'll have it done by end of day.,"[CURRENT]
Jonah: I can disable the legacy file-transfer account. I'll have it done by end of day.",canonical_commitment,derived_reusable_speech_act_curriculum_v1,assistant_reviewed_candidate
disc_s_csa_0178,speech_act_008_security,validation,"Could Jonah disable the legacy file-transfer account by end of day? Jonah: Yes, I'll take that.","[CURRENT]
Could Jonah disable the legacy file-transfer account by end of day? Jonah: Yes, I'll take that.",canonical_commitment,derived_reusable_speech_act_curriculum_v1,assistant_reviewed_candidate
disc_s_csa_0179,speech_act_008_security,validation,"Lead: Can you disable the legacy file-transfer account?
Jonah: Yes.
Lead: Can you finish by end of day?
Jonah: That works.","[CURRENT]
Lead: Can you disable the legacy file-transfer account?
Jonah: Yes.
Lead: Can you finish by end of day?
Jonah: That works.",canonical_commitment,derived_reusable_speech_act_curriculum_v1,assistant_reviewed_candidate
disc_s_csa_0180,speech_act_008_security,validation,Jonah to disable the legacy file-transfer account; due end of day.,"[CURRENT]
Jonah to disable the legacy file-transfer account; due end of day.",canonical_commitment,derived_reusable_speech_act_curriculum_v1,assistant_reviewed_candidate
disc_s_csa_0181,speech_act_008_security,validation,"Actions recap: Jonah, you're taking the item to disable the legacy file-transfer account. Jonah: Correct, by end of day.","[CURRENT]
Actions recap: Jonah, you're taking the item to disable the legacy file-transfer account. Jonah: Correct, by end of day.",single_item_recap,derived_reusable_speech_act_curriculum_v1,assistant_reviewed_candidate
disc_s_csa_0182,speech_act_008_security,validation,We need someone to disable the legacy file-transfer account. Jonah: Leave that with me; end of day is fine.,"[CURRENT]
We need someone to disable the legacy file-transfer account. Jonah: Leave that with me; end of day is fine.",canonical_commitment,derived_reusable_speech_act_curriculum_v1,assistant_reviewed_candidate
disc_s_csa_0183,speech_act_008_security,validation,"We need to disable the legacy file-transfer account, but nobody accepted ownership or timing.","[CURRENT]
We need to disable the legacy file-transfer account, but nobody accepted ownership or timing.",unassigned_proposal,derived_reusable_speech_act_curriculum_v1,assistant_reviewed_candidate
disc_s_csa_0184,speech_act_008_security,validation,It would help to disable the legacy file-transfer account. The group moved on without assigning it.,"[CURRENT]
It would help to disable the legacy file-transfer account. The group moved on without assigning it.",unassigned_proposal,derived_reusable_speech_act_curriculum_v1,assistant_reviewed_candidate
disc_s_csa_0185,speech_act_008_security,validation,"Perhaps Jonah could disable the legacy file-transfer account if there is time, but this was not agreed.","[CURRENT]
Perhaps Jonah could disable the legacy file-transfer account if there is time, but this was not agreed.",hypothetical,derived_reusable_speech_act_curriculum_v1,assistant_reviewed_candidate
disc_s_csa_0186,speech_act_008_security,validation,"Jonah: I might disable the legacy file-transfer account, depending on capacity. Lead: Treat that as an idea, not an action.","[CURRENT]
Jonah: I might disable the legacy file-transfer account, depending on capacity. Lead: Treat that as an idea, not an action.",hypothetical,derived_reusable_speech_act_curriculum_v1,assistant_reviewed_candidate
disc_s_csa_0187,speech_act_008_security,validation,Jonah already completed the work to disable the legacy file-transfer account yesterday.,"[CURRENT]
Jonah already completed the work to disable the legacy file-transfer account yesterday.",completed_history,derived_reusable_speech_act_curriculum_v1,assistant_reviewed_candidate
disc_s_csa_0188,speech_act_008_security,validation,Lead: Jonah should disable the legacy file-transfer account. Jonah: That's already done; it closed yesterday.,"[CURRENT]
Lead: Jonah should disable the legacy file-transfer account. Jonah: That's already done; it closed yesterday.",completed_history,derived_reusable_speech_act_curriculum_v1,assistant_reviewed_candidate
disc_s_csa_0189,speech_act_008_security,validation,Do not disable the legacy file-transfer account; that proposed action has been cancelled.,"[CURRENT]
Do not disable the legacy file-transfer account; that proposed action has been cancelled.",state_modifier,derived_reusable_speech_act_curriculum_v1,assistant_reviewed_candidate
disc_s_csa_0190,speech_act_008_security,validation,Earlier we asked Jonah to disable the legacy file-transfer account. That assignment is withdrawn and must not remain open.,"[CURRENT]
Earlier we asked Jonah to disable the legacy file-transfer account. That assignment is withdrawn and must not remain open.",state_modifier,derived_reusable_speech_act_curriculum_v1,assistant_reviewed_candidate
disc_s_csa_0191,speech_act_008_security,validation,The team agreed to require multifactor authentication for external access.,"[CURRENT]
The team agreed to require multifactor authentication for external access.",canonical_assertion,derived_reusable_speech_act_curriculum_v1,assistant_reviewed_candidate
disc_s_csa_0192,speech_act_008_security,validation,"Option A was discussed, but the final position is to require multifactor authentication for external access.","[CURRENT]
Option A was discussed, but the final position is to require multifactor authentication for external access.",canonical_assertion,derived_reusable_speech_act_curriculum_v1,assistant_reviewed_candidate
disc_s_csa_0193,speech_act_008_security,validation,"Lead: Shall we require multifactor authentication for external access?
Team: Agreed. That's the approach we will use.","[CURRENT]
Lead: Shall we require multifactor authentication for external access?
Team: Agreed. That's the approach we will use.",canonical_assertion,derived_reusable_speech_act_curriculum_v1,assistant_reviewed_candidate
disc_s_csa_0194,speech_act_008_security,validation,"One option would be to require multifactor authentication for external access, although no decision was made.","[CURRENT]
One option would be to require multifactor authentication for external access, although no decision was made.",unassigned_proposal,derived_reusable_speech_act_curriculum_v1,assistant_reviewed_candidate
disc_s_csa_0195,speech_act_008_security,validation,The team identified that the legacy account creates an unauthorised-access risk.,"[CURRENT]
The team identified that the legacy account creates an unauthorised-access risk.",canonical_assertion,derived_reusable_speech_act_curriculum_v1,assistant_reviewed_candidate
disc_s_csa_0196,speech_act_008_security,validation,"If the dependency is not resolved, the legacy account creates an unauthorised-access risk. The issue remains open.","[CURRENT]
If the dependency is not resolved, the legacy account creates an unauthorised-access risk. The issue remains open.",canonical_assertion,derived_reusable_speech_act_curriculum_v1,assistant_reviewed_candidate
disc_s_csa_0197,speech_act_008_security,validation,"The team checked whether the legacy account creates an unauthorised-access risk, but evidence confirmed the exposure is closed and no monitoring is required.","[CURRENT]
The team checked whether the legacy account creates an unauthorised-access risk, but evidence confirmed the exposure is closed and no monitoring is required.",completed_history,derived_reusable_speech_act_curriculum_v1,assistant_reviewed_candidate
disc_s_csa_0198,speech_act_008_security,validation,The current position is that the security work remains in progress.,"[CURRENT]
The current position is that the security work remains in progress.",supporting_detail,derived_reusable_speech_act_curriculum_v1,assistant_reviewed_candidate
disc_s_csa_0199,speech_act_008_security,validation,Can everyone see the security screen? We will pause for two minutes before continuing.,"[CURRENT]
Can everyone see the security screen? We will pause for two minutes before continuing.",administrative,derived_reusable_speech_act_curriculum_v1,assistant_reviewed_candidate
disc_s_csa_0200,speech_act_008_security,validation,"Jonah: I promise I'll bring coffee to the next security call. This is social chat, not project work.","[CURRENT]
Jonah: I promise I'll bring coffee to the next security call. This is social chat, not project work.",administrative,derived_reusable_speech_act_curriculum_v1,assistant_reviewed_candidate
disc_s_csa_0201,speech_act_009_contract,train,Amara: I'll redline the termination wording by Monday.,"[CURRENT]
Amara: I'll redline the termination wording by Monday.",canonical_commitment,derived_reusable_speech_act_curriculum_v1,assistant_reviewed_candidate
disc_s_csa_0202,speech_act_009_contract,train,Amara: I can redline the termination wording. I'll have it done by Monday.,"[CURRENT]
Amara: I can redline the termination wording. I'll have it done by Monday.",canonical_commitment,derived_reusable_speech_act_curriculum_v1,assistant_reviewed_candidate
disc_s_csa_0203,speech_act_009_contract,train,"Could Amara redline the termination wording by Monday? Amara: Yes, I'll take that.","[CURRENT]
Could Amara redline the termination wording by Monday? Amara: Yes, I'll take that.",canonical_commitment,derived_reusable_speech_act_curriculum_v1,assistant_reviewed_candidate
disc_s_csa_0204,speech_act_009_contract,train,"Lead: Can you redline the termination wording?
Amara: Yes.
Lead: Can you finish by Monday?
Amara: That works.","[CURRENT]
Lead: Can you redline the termination wording?
Amara: Yes.
Lead: Can you finish by Monday?
Amara: That works.",canonical_commitment,derived_reusable_speech_act_curriculum_v1,assistant_reviewed_candidate
disc_s_csa_0205,speech_act_009_contract,train,Amara to redline the termination wording; due Monday.,"[CURRENT]
Amara to redline the termination wording; due Monday.",canonical_commitment,derived_reusable_speech_act_curriculum_v1,assistant_reviewed_candidate
disc_s_csa_0206,speech_act_009_contract,train,"Actions recap: Amara, you're taking the item to redline the termination wording. Amara: Correct, by Monday.","[CURRENT]
Actions recap: Amara, you're taking the item to redline the termination wording. Amara: Correct, by Monday.",single_item_recap,derived_reusable_speech_act_curriculum_v1,assistant_reviewed_candidate
disc_s_csa_0207,speech_act_009_contract,train,We need someone to redline the termination wording. Amara: Leave that with me; Monday is fine.,"[CURRENT]
We need someone to redline the termination wording. Amara: Leave that with me; Monday is fine.",canonical_commitment,derived_reusable_speech_act_curriculum_v1,assistant_reviewed_candidate
disc_s_csa_0208,speech_act_009_contract,train,"We need to redline the termination wording, but nobody accepted ownership or timing.","[CURRENT]
We need to redline the termination wording, but nobody accepted ownership or timing.",unassigned_proposal,derived_reusable_speech_act_curriculum_v1,assistant_reviewed_candidate
disc_s_csa_0209,speech_act_009_contract,train,It would help to redline the termination wording. The group moved on without assigning it.,"[CURRENT]
It would help to redline the termination wording. The group moved on without assigning it.",unassigned_proposal,derived_reusable_speech_act_curriculum_v1,assistant_reviewed_candidate
disc_s_csa_0210,speech_act_009_contract,train,"Perhaps Amara could redline the termination wording if there is time, but this was not agreed.","[CURRENT]
Perhaps Amara could redline the termination wording if there is time, but this was not agreed.",hypothetical,derived_reusable_speech_act_curriculum_v1,assistant_reviewed_candidate
disc_s_csa_0211,speech_act_009_contract,train,"Amara: I might redline the termination wording, depending on capacity. Lead: Treat that as an idea, not an action.","[CURRENT]
Amara: I might redline the termination wording, depending on capacity. Lead: Treat that as an idea, not an action.",hypothetical,derived_reusable_speech_act_curriculum_v1,assistant_reviewed_candidate
disc_s_csa_0212,speech_act_009_contract,train,Amara already completed the work to redline the termination wording yesterday.,"[CURRENT]
Amara already completed the work to redline the termination wording yesterday.",completed_history,derived_reusable_speech_act_curriculum_v1,assistant_reviewed_candidate
disc_s_csa_0213,speech_act_009_contract,train,Lead: Amara should redline the termination wording. Amara: That's already done; it closed yesterday.,"[CURRENT]
Lead: Amara should redline the termination wording. Amara: That's already done; it closed yesterday.",completed_history,derived_reusable_speech_act_curriculum_v1,assistant_reviewed_candidate
disc_s_csa_0214,speech_act_009_contract,train,Do not redline the termination wording; that proposed action has been cancelled.,"[CURRENT]
Do not redline the termination wording; that proposed action has been cancelled.",state_modifier,derived_reusable_speech_act_curriculum_v1,assistant_reviewed_candidate
disc_s_csa_0215,speech_act_009_contract,train,Earlier we asked Amara to redline the termination wording. That assignment is withdrawn and must not remain open.,"[CURRENT]
Earlier we asked Amara to redline the termination wording. That assignment is withdrawn and must not remain open.",state_modifier,derived_reusable_speech_act_curriculum_v1,assistant_reviewed_candidate
disc_s_csa_0216,speech_act_009_contract,train,The team agreed to offer a twelve-month renewal.,"[CURRENT]
The team agreed to offer a twelve-month renewal.",canonical_assertion,derived_reusable_speech_act_curriculum_v1,assistant_reviewed_candidate
disc_s_csa_0217,speech_act_009_contract,train,"Option A was discussed, but the final position is to offer a twelve-month renewal.","[CURRENT]
Option A was discussed, but the final position is to offer a twelve-month renewal.",canonical_assertion,derived_reusable_speech_act_curriculum_v1,assistant_reviewed_candidate
disc_s_csa_0218,speech_act_009_contract,train,"Lead: Shall we offer a twelve-month renewal?
Team: Agreed. That's the approach we will use.","[CURRENT]
Lead: Shall we offer a twelve-month renewal?
Team: Agreed. That's the approach we will use.",canonical_assertion,derived_reusable_speech_act_curriculum_v1,assistant_reviewed_candidate
disc_s_csa_0219,speech_act_009_contract,train,"One option would be to offer a twelve-month renewal, although no decision was made.","[CURRENT]
One option would be to offer a twelve-month renewal, although no decision was made.",unassigned_proposal,derived_reusable_speech_act_curriculum_v1,assistant_reviewed_candidate
disc_s_csa_0220,speech_act_009_contract,train,The team identified that unclear termination wording could prolong negotiation.,"[CURRENT]
The team identified that unclear termination wording could prolong negotiation.",canonical_assertion,derived_reusable_speech_act_curriculum_v1,assistant_reviewed_candidate
disc_s_csa_0221,speech_act_009_contract,train,"If the dependency is not resolved, unclear termination wording could prolong negotiation. The issue remains open.","[CURRENT]
If the dependency is not resolved, unclear termination wording could prolong negotiation. The issue remains open.",canonical_assertion,derived_reusable_speech_act_curriculum_v1,assistant_reviewed_candidate
disc_s_csa_0222,speech_act_009_contract,train,"The team checked whether unclear termination wording could prolong negotiation, but evidence confirmed the exposure is closed and no monitoring is required.","[CURRENT]
The team checked whether unclear termination wording could prolong negotiation, but evidence confirmed the exposure is closed and no monitoring is required.",completed_history,derived_reusable_speech_act_curriculum_v1,assistant_reviewed_candidate
disc_s_csa_0223,speech_act_009_contract,train,The current position is that the contract work remains in progress.,"[CURRENT]
The current position is that the contract work remains in progress.",supporting_detail,derived_reusable_speech_act_curriculum_v1,assistant_reviewed_candidate
disc_s_csa_0224,speech_act_009_contract,train,Can everyone see the contract screen? We will pause for two minutes before continuing.,"[CURRENT]
Can everyone see the contract screen? We will pause for two minutes before continuing.",administrative,derived_reusable_speech_act_curriculum_v1,assistant_reviewed_candidate
disc_s_csa_0225,speech_act_009_contract,train,"Amara: I promise I'll bring coffee to the next contract call. This is social chat, not project work.","[CURRENT]
Amara: I promise I'll bring coffee to the next contract call. This is social chat, not project work.",administrative,derived_reusable_speech_act_curriculum_v1,assistant_reviewed_candidate
disc_s_csa_0226,speech_act_010_audit,train,Louis: I'll prepare the audit evidence index by next week.,"[CURRENT]
Louis: I'll prepare the audit evidence index by next week.",canonical_commitment,derived_reusable_speech_act_curriculum_v1,assistant_reviewed_candidate
disc_s_csa_0227,speech_act_010_audit,train,Louis: I can prepare the audit evidence index. I'll have it done by next week.,"[CURRENT]
Louis: I can prepare the audit evidence index. I'll have it done by next week.",canonical_commitment,derived_reusable_speech_act_curriculum_v1,assistant_reviewed_candidate
disc_s_csa_0228,speech_act_010_audit,train,"Could Louis prepare the audit evidence index by next week? Louis: Yes, I'll take that.","[CURRENT]
Could Louis prepare the audit evidence index by next week? Louis: Yes, I'll take that.",canonical_commitment,derived_reusable_speech_act_curriculum_v1,assistant_reviewed_candidate
disc_s_csa_0229,speech_act_010_audit,train,"Lead: Can you prepare the audit evidence index?
Louis: Yes.
Lead: Can you finish by next week?
Louis: That works.","[CURRENT]
Lead: Can you prepare the audit evidence index?
Louis: Yes.
Lead: Can you finish by next week?
Louis: That works.",canonical_commitment,derived_reusable_speech_act_curriculum_v1,assistant_reviewed_candidate
disc_s_csa_0230,speech_act_010_audit,train,Louis to prepare the audit evidence index; due next week.,"[CURRENT]
Louis to prepare the audit evidence index; due next week.",canonical_commitment,derived_reusable_speech_act_curriculum_v1,assistant_reviewed_candidate
disc_s_csa_0231,speech_act_010_audit,train,"Actions recap: Louis, you're taking the item to prepare the audit evidence index. Louis: Correct, by next week.","[CURRENT]
Actions recap: Louis, you're taking the item to prepare the audit evidence index. Louis: Correct, by next week.",single_item_recap,derived_reusable_speech_act_curriculum_v1,assistant_reviewed_candidate
disc_s_csa_0232,speech_act_010_audit,train,We need someone to prepare the audit evidence index. Louis: Leave that with me; next week is fine.,"[CURRENT]
We need someone to prepare the audit evidence index. Louis: Leave that with me; next week is fine.",canonical_commitment,derived_reusable_speech_act_curriculum_v1,assistant_reviewed_candidate
disc_s_csa_0233,speech_act_010_audit,train,"We need to prepare the audit evidence index, but nobody accepted ownership or timing.","[CURRENT]
We need to prepare the audit evidence index, but nobody accepted ownership or timing.",unassigned_proposal,derived_reusable_speech_act_curriculum_v1,assistant_reviewed_candidate
disc_s_csa_0234,speech_act_010_audit,train,It would help to prepare the audit evidence index. The group moved on without assigning it.,"[CURRENT]
It would help to prepare the audit evidence index. The group moved on without assigning it.",unassigned_proposal,derived_reusable_speech_act_curriculum_v1,assistant_reviewed_candidate
disc_s_csa_0235,speech_act_010_audit,train,"Perhaps Louis could prepare the audit evidence index if there is time, but this was not agreed.","[CURRENT]
Perhaps Louis could prepare the audit evidence index if there is time, but this was not agreed.",hypothetical,derived_reusable_speech_act_curriculum_v1,assistant_reviewed_candidate
disc_s_csa_0236,speech_act_010_audit,train,"Louis: I might prepare the audit evidence index, depending on capacity. Lead: Treat that as an idea, not an action.","[CURRENT]
Louis: I might prepare the audit evidence index, depending on capacity. Lead: Treat that as an idea, not an action.",hypothetical,derived_reusable_speech_act_curriculum_v1,assistant_reviewed_candidate
disc_s_csa_0237,speech_act_010_audit,train,Louis already completed the work to prepare the audit evidence index yesterday.,"[CURRENT]
Louis already completed the work to prepare the audit evidence index yesterday.",completed_history,derived_reusable_speech_act_curriculum_v1,assistant_reviewed_candidate
disc_s_csa_0238,speech_act_010_audit,train,Lead: Louis should prepare the audit evidence index. Louis: That's already done; it closed yesterday.,"[CURRENT]
Lead: Louis should prepare the audit evidence index. Louis: That's already done; it closed yesterday.",completed_history,derived_reusable_speech_act_curriculum_v1,assistant_reviewed_candidate
disc_s_csa_0239,speech_act_010_audit,train,Do not prepare the audit evidence index; that proposed action has been cancelled.,"[CURRENT]
Do not prepare the audit evidence index; that proposed action has been cancelled.",state_modifier,derived_reusable_speech_act_curriculum_v1,assistant_reviewed_candidate
disc_s_csa_0240,speech_act_010_audit,train,Earlier we asked Louis to prepare the audit evidence index. That assignment is withdrawn and must not remain open.,"[CURRENT]
Earlier we asked Louis to prepare the audit evidence index. That assignment is withdrawn and must not remain open.",state_modifier,derived_reusable_speech_act_curriculum_v1,assistant_reviewed_candidate
disc_s_csa_0241,speech_act_010_audit,train,The team agreed to sample two additional operational processes.,"[CURRENT]
The team agreed to sample two additional operational processes.",canonical_assertion,derived_reusable_speech_act_curriculum_v1,assistant_reviewed_candidate
disc_s_csa_0242,speech_act_010_audit,train,"Option A was discussed, but the final position is to sample two additional operational processes.","[CURRENT]
Option A was discussed, but the final position is to sample two additional operational processes.",canonical_assertion,derived_reusable_speech_act_curriculum_v1,assistant_reviewed_candidate
disc_s_csa_0243,speech_act_010_audit,train,"Lead: Shall we sample two additional operational processes?
Team: Agreed. That's the approach we will use.","[CURRENT]
Lead: Shall we sample two additional operational processes?
Team: Agreed. That's the approach we will use.",canonical_assertion,derived_reusable_speech_act_curriculum_v1,assistant_reviewed_candidate
disc_s_csa_0244,speech_act_010_audit,train,"One option would be to sample two additional operational processes, although no decision was made.","[CURRENT]
One option would be to sample two additional operational processes, although no decision was made.",unassigned_proposal,derived_reusable_speech_act_curriculum_v1,assistant_reviewed_candidate
disc_s_csa_0245,speech_act_010_audit,train,The team identified that missing records could prevent completion of the audit plan.,"[CURRENT]
The team identified that missing records could prevent completion of the audit plan.",canonical_assertion,derived_reusable_speech_act_curriculum_v1,assistant_reviewed_candidate
disc_s_csa_0246,speech_act_010_audit,train,"If the dependency is not resolved, missing records could prevent completion of the audit plan. The issue remains open.","[CURRENT]
If the dependency is not resolved, missing records could prevent completion of the audit plan. The issue remains open.",canonical_assertion,derived_reusable_speech_act_curriculum_v1,assistant_reviewed_candidate
disc_s_csa_0247,speech_act_010_audit,train,"The team checked whether missing records could prevent completion of the audit plan, but evidence confirmed the exposure is closed and no monitoring is required.","[CURRENT]
The team checked whether missing records could prevent completion of the audit plan, but evidence confirmed the exposure is closed and no monitoring is required.",completed_history,derived_reusable_speech_act_curriculum_v1,assistant_reviewed_candidate
disc_s_csa_0248,speech_act_010_audit,train,The current position is that the audit work remains in progress.,"[CURRENT]
The current position is that the audit work remains in progress.",supporting_detail,derived_reusable_speech_act_curriculum_v1,assistant_reviewed_candidate
disc_s_csa_0249,speech_act_010_audit,train,Can everyone see the audit screen? We will pause for two minutes before continuing.,"[CURRENT]
Can everyone see the audit screen? We will pause for two minutes before continuing.",administrative,derived_reusable_speech_act_curriculum_v1,assistant_reviewed_candidate
disc_s_csa_0250,speech_act_010_audit,train,"Louis: I promise I'll bring coffee to the next audit call. This is social chat, not project work.","[CURRENT]
Louis: I promise I'll bring coffee to the next audit call. This is social chat, not project work.",administrative,derived_reusable_speech_act_curriculum_v1,assistant_reviewed_candidate
disc_s_csa_0251,speech_act_011_marketing,train,Mei: I'll update the campaign launch schedule by Tuesday.,"[CURRENT]
Mei: I'll update the campaign launch schedule by Tuesday.",canonical_commitment,derived_reusable_speech_act_curriculum_v1,assistant_reviewed_candidate
disc_s_csa_0252,speech_act_011_marketing,train,Mei: I can update the campaign launch schedule. I'll have it done by Tuesday.,"[CURRENT]
Mei: I can update the campaign launch schedule. I'll have it done by Tuesday.",canonical_commitment,derived_reusable_speech_act_curriculum_v1,assistant_reviewed_candidate
disc_s_csa_0253,speech_act_011_marketing,train,"Could Mei update the campaign launch schedule by Tuesday? Mei: Yes, I'll take that.","[CURRENT]
Could Mei update the campaign launch schedule by Tuesday? Mei: Yes, I'll take that.",canonical_commitment,derived_reusable_speech_act_curriculum_v1,assistant_reviewed_candidate
disc_s_csa_0254,speech_act_011_marketing,train,"Lead: Can you update the campaign launch schedule?
Mei: Yes.
Lead: Can you finish by Tuesday?
Mei: That works.","[CURRENT]
Lead: Can you update the campaign launch schedule?
Mei: Yes.
Lead: Can you finish by Tuesday?
Mei: That works.",canonical_commitment,derived_reusable_speech_act_curriculum_v1,assistant_reviewed_candidate
disc_s_csa_0255,speech_act_011_marketing,train,Mei to update the campaign launch schedule; due Tuesday.,"[CURRENT]
Mei to update the campaign launch schedule; due Tuesday.",canonical_commitment,derived_reusable_speech_act_curriculum_v1,assistant_reviewed_candidate
disc_s_csa_0256,speech_act_011_marketing,train,"Actions recap: Mei, you're taking the item to update the campaign launch schedule. Mei: Correct, by Tuesday.","[CURRENT]
Actions recap: Mei, you're taking the item to update the campaign launch schedule. Mei: Correct, by Tuesday.",single_item_recap,derived_reusable_speech_act_curriculum_v1,assistant_reviewed_candidate
disc_s_csa_0257,speech_act_011_marketing,train,We need someone to update the campaign launch schedule. Mei: Leave that with me; Tuesday is fine.,"[CURRENT]
We need someone to update the campaign launch schedule. Mei: Leave that with me; Tuesday is fine.",canonical_commitment,derived_reusable_speech_act_curriculum_v1,assistant_reviewed_candidate
disc_s_csa_0258,speech_act_011_marketing,train,"We need to update the campaign launch schedule, but nobody accepted ownership or timing.","[CURRENT]
We need to update the campaign launch schedule, but nobody accepted ownership or timing.",unassigned_proposal,derived_reusable_speech_act_curriculum_v1,assistant_reviewed_candidate
disc_s_csa_0259,speech_act_011_marketing,train,It would help to update the campaign launch schedule. The group moved on without assigning it.,"[CURRENT]
It would help to update the campaign launch schedule. The group moved on without assigning it.",unassigned_proposal,derived_reusable_speech_act_curriculum_v1,assistant_reviewed_candidate
disc_s_csa_0260,speech_act_011_marketing,train,"Perhaps Mei could update the campaign launch schedule if there is time, but this was not agreed.","[CURRENT]
Perhaps Mei could update the campaign launch schedule if there is time, but this was not agreed.",hypothetical,derived_reusable_speech_act_curriculum_v1,assistant_reviewed_candidate
disc_s_csa_0261,speech_act_011_marketing,train,"Mei: I might update the campaign launch schedule, depending on capacity. Lead: Treat that as an idea, not an action.","[CURRENT]
Mei: I might update the campaign launch schedule, depending on capacity. Lead: Treat that as an idea, not an action.",hypothetical,derived_reusable_speech_act_curriculum_v1,assistant_reviewed_candidate
disc_s_csa_0262,speech_act_011_marketing,train,Mei already completed the work to update the campaign launch schedule yesterday.,"[CURRENT]
Mei already completed the work to update the campaign launch schedule yesterday.",completed_history,derived_reusable_speech_act_curriculum_v1,assistant_reviewed_candidate
disc_s_csa_0263,speech_act_011_marketing,train,Lead: Mei should update the campaign launch schedule. Mei: That's already done; it closed yesterday.,"[CURRENT]
Lead: Mei should update the campaign launch schedule. Mei: That's already done; it closed yesterday.",completed_history,derived_reusable_speech_act_curriculum_v1,assistant_reviewed_candidate
disc_s_csa_0264,speech_act_011_marketing,train,Do not update the campaign launch schedule; that proposed action has been cancelled.,"[CURRENT]
Do not update the campaign launch schedule; that proposed action has been cancelled.",state_modifier,derived_reusable_speech_act_curriculum_v1,assistant_reviewed_candidate
disc_s_csa_0265,speech_act_011_marketing,train,Earlier we asked Mei to update the campaign launch schedule. That assignment is withdrawn and must not remain open.,"[CURRENT]
Earlier we asked Mei to update the campaign launch schedule. That assignment is withdrawn and must not remain open.",state_modifier,derived_reusable_speech_act_curriculum_v1,assistant_reviewed_candidate
disc_s_csa_0266,speech_act_011_marketing,train,The team agreed to move the regional campaign into September.,"[CURRENT]
The team agreed to move the regional campaign into September.",canonical_assertion,derived_reusable_speech_act_curriculum_v1,assistant_reviewed_candidate
disc_s_csa_0267,speech_act_011_marketing,train,"Option A was discussed, but the final position is to move the regional campaign into September.","[CURRENT]
Option A was discussed, but the final position is to move the regional campaign into September.",canonical_assertion,derived_reusable_speech_act_curriculum_v1,assistant_reviewed_candidate
disc_s_csa_0268,speech_act_011_marketing,train,"Lead: Shall we move the regional campaign into September?
Team: Agreed. That's the approach we will use.","[CURRENT]
Lead: Shall we move the regional campaign into September?
Team: Agreed. That's the approach we will use.",canonical_assertion,derived_reusable_speech_act_curriculum_v1,assistant_reviewed_candidate
disc_s_csa_0269,speech_act_011_marketing,train,"One option would be to move the regional campaign into September, although no decision was made.","[CURRENT]
One option would be to move the regional campaign into September, although no decision was made.",unassigned_proposal,derived_reusable_speech_act_curriculum_v1,assistant_reviewed_candidate
disc_s_csa_0270,speech_act_011_marketing,train,The team identified that creative approval may slip beyond the media booking date.,"[CURRENT]
The team identified that creative approval may slip beyond the media booking date.",canonical_assertion,derived_reusable_speech_act_curriculum_v1,assistant_reviewed_candidate
disc_s_csa_0271,speech_act_011_marketing,train,"If the dependency is not resolved, creative approval may slip beyond the media booking date. The issue remains open.","[CURRENT]
If the dependency is not resolved, creative approval may slip beyond the media booking date. The issue remains open.",canonical_assertion,derived_reusable_speech_act_curriculum_v1,assistant_reviewed_candidate
disc_s_csa_0272,speech_act_011_marketing,train,"The team checked whether creative approval may slip beyond the media booking date, but evidence confirmed the exposure is closed and no monitoring is required.","[CURRENT]
The team checked whether creative approval may slip beyond the media booking date, but evidence confirmed the exposure is closed and no monitoring is required.",completed_history,derived_reusable_speech_act_curriculum_v1,assistant_reviewed_candidate
disc_s_csa_0273,speech_act_011_marketing,train,The current position is that the marketing work remains in progress.,"[CURRENT]
The current position is that the marketing work remains in progress.",supporting_detail,derived_reusable_speech_act_curriculum_v1,assistant_reviewed_candidate
disc_s_csa_0274,speech_act_011_marketing,train,Can everyone see the marketing screen? We will pause for two minutes before continuing.,"[CURRENT]
Can everyone see the marketing screen? We will pause for two minutes before continuing.",administrative,derived_reusable_speech_act_curriculum_v1,assistant_reviewed_candidate
disc_s_csa_0275,speech_act_011_marketing,train,"Mei: I promise I'll bring coffee to the next marketing call. This is social chat, not project work.","[CURRENT]
Mei: I promise I'll bring coffee to the next marketing call. This is social chat, not project work.",administrative,derived_reusable_speech_act_curriculum_v1,assistant_reviewed_candidate
disc_s_csa_0276,speech_act_012_operations,test,Declan: I'll update the weekend duty rota by this afternoon.,"[CURRENT]
Declan: I'll update the weekend duty rota by this afternoon.",canonical_commitment,derived_reusable_speech_act_curriculum_v1,assistant_reviewed_candidate
disc_s_csa_0277,speech_act_012_operations,test,Declan: I can update the weekend duty rota. I'll have it done by this afternoon.,"[CURRENT]
Declan: I can update the weekend duty rota. I'll have it done by this afternoon.",canonical_commitment,derived_reusable_speech_act_curriculum_v1,assistant_reviewed_candidate
disc_s_csa_0278,speech_act_012_operations,test,"Could Declan update the weekend duty rota by this afternoon? Declan: Yes, I'll take that.","[CURRENT]
Could Declan update the weekend duty rota by this afternoon? Declan: Yes, I'll take that.",canonical_commitment,derived_reusable_speech_act_curriculum_v1,assistant_reviewed_candidate
disc_s_csa_0279,speech_act_012_operations,test,"Lead: Can you update the weekend duty rota?
Declan: Yes.
Lead: Can you finish by this afternoon?
Declan: That works.","[CURRENT]
Lead: Can you update the weekend duty rota?
Declan: Yes.
Lead: Can you finish by this afternoon?
Declan: That works.",canonical_commitment,derived_reusable_speech_act_curriculum_v1,assistant_reviewed_candidate
disc_s_csa_0280,speech_act_012_operations,test,Declan to update the weekend duty rota; due this afternoon.,"[CURRENT]
Declan to update the weekend duty rota; due this afternoon.",canonical_commitment,derived_reusable_speech_act_curriculum_v1,assistant_reviewed_candidate
disc_s_csa_0281,speech_act_012_operations,test,"Actions recap: Declan, you're taking the item to update the weekend duty rota. Declan: Correct, by this afternoon.","[CURRENT]
Actions recap: Declan, you're taking the item to update the weekend duty rota. Declan: Correct, by this afternoon.",single_item_recap,derived_reusable_speech_act_curriculum_v1,assistant_reviewed_candidate
disc_s_csa_0282,speech_act_012_operations,test,We need someone to update the weekend duty rota. Declan: Leave that with me; this afternoon is fine.,"[CURRENT]
We need someone to update the weekend duty rota. Declan: Leave that with me; this afternoon is fine.",canonical_commitment,derived_reusable_speech_act_curriculum_v1,assistant_reviewed_candidate
disc_s_csa_0283,speech_act_012_operations,test,"We need to update the weekend duty rota, but nobody accepted ownership or timing.","[CURRENT]
We need to update the weekend duty rota, but nobody accepted ownership or timing.",unassigned_proposal,derived_reusable_speech_act_curriculum_v1,assistant_reviewed_candidate
disc_s_csa_0284,speech_act_012_operations,test,It would help to update the weekend duty rota. The group moved on without assigning it.,"[CURRENT]
It would help to update the weekend duty rota. The group moved on without assigning it.",unassigned_proposal,derived_reusable_speech_act_curriculum_v1,assistant_reviewed_candidate
disc_s_csa_0285,speech_act_012_operations,test,"Perhaps Declan could update the weekend duty rota if there is time, but this was not agreed.","[CURRENT]
Perhaps Declan could update the weekend duty rota if there is time, but this was not agreed.",hypothetical,derived_reusable_speech_act_curriculum_v1,assistant_reviewed_candidate
disc_s_csa_0286,speech_act_012_operations,test,"Declan: I might update the weekend duty rota, depending on capacity. Lead: Treat that as an idea, not an action.","[CURRENT]
Declan: I might update the weekend duty rota, depending on capacity. Lead: Treat that as an idea, not an action.",hypothetical,derived_reusable_speech_act_curriculum_v1,assistant_reviewed_candidate
disc_s_csa_0287,speech_act_012_operations,test,Declan already completed the work to update the weekend duty rota yesterday.,"[CURRENT]
Declan already completed the work to update the weekend duty rota yesterday.",completed_history,derived_reusable_speech_act_curriculum_v1,assistant_reviewed_candidate
disc_s_csa_0288,speech_act_012_operations,test,Lead: Declan should update the weekend duty rota. Declan: That's already done; it closed yesterday.,"[CURRENT]
Lead: Declan should update the weekend duty rota. Declan: That's already done; it closed yesterday.",completed_history,derived_reusable_speech_act_curriculum_v1,assistant_reviewed_candidate
disc_s_csa_0289,speech_act_012_operations,test,Do not update the weekend duty rota; that proposed action has been cancelled.,"[CURRENT]
Do not update the weekend duty rota; that proposed action has been cancelled.",state_modifier,derived_reusable_speech_act_curriculum_v1,assistant_reviewed_candidate
disc_s_csa_0290,speech_act_012_operations,test,Earlier we asked Declan to update the weekend duty rota. That assignment is withdrawn and must not remain open.,"[CURRENT]
Earlier we asked Declan to update the weekend duty rota. That assignment is withdrawn and must not remain open.",state_modifier,derived_reusable_speech_act_curriculum_v1,assistant_reviewed_candidate
disc_s_csa_0291,speech_act_012_operations,test,The team agreed to keep weekend support within the internal team.,"[CURRENT]
The team agreed to keep weekend support within the internal team.",canonical_assertion,derived_reusable_speech_act_curriculum_v1,assistant_reviewed_candidate
disc_s_csa_0292,speech_act_012_operations,test,"Option A was discussed, but the final position is to keep weekend support within the internal team.","[CURRENT]
Option A was discussed, but the final position is to keep weekend support within the internal team.",canonical_assertion,derived_reusable_speech_act_curriculum_v1,assistant_reviewed_candidate
disc_s_csa_0293,speech_act_012_operations,test,"Lead: Shall we keep weekend support within the internal team?
Team: Agreed. That's the approach we will use.","[CURRENT]
Lead: Shall we keep weekend support within the internal team?
Team: Agreed. That's the approach we will use.",canonical_assertion,derived_reusable_speech_act_curriculum_v1,assistant_reviewed_candidate
disc_s_csa_0294,speech_act_012_operations,test,"One option would be to keep weekend support within the internal team, although no decision was made.","[CURRENT]
One option would be to keep weekend support within the internal team, although no decision was made.",unassigned_proposal,derived_reusable_speech_act_curriculum_v1,assistant_reviewed_candidate
disc_s_csa_0295,speech_act_012_operations,test,The team identified that insufficient weekend cover could delay incident response.,"[CURRENT]
The team identified that insufficient weekend cover could delay incident response.",canonical_assertion,derived_reusable_speech_act_curriculum_v1,assistant_reviewed_candidate
disc_s_csa_0296,speech_act_012_operations,test,"If the dependency is not resolved, insufficient weekend cover could delay incident response. The issue remains open.","[CURRENT]
If the dependency is not resolved, insufficient weekend cover could delay incident response. The issue remains open.",canonical_assertion,derived_reusable_speech_act_curriculum_v1,assistant_reviewed_candidate
disc_s_csa_0297,speech_act_012_operations,test,"The team checked whether insufficient weekend cover could delay incident response, but evidence confirmed the exposure is closed and no monitoring is required.","[CURRENT]
The team checked whether insufficient weekend cover could delay incident response, but evidence confirmed the exposure is closed and no monitoring is required.",completed_history,derived_reusable_speech_act_curriculum_v1,assistant_reviewed_candidate
disc_s_csa_0298,speech_act_012_operations,test,The current position is that the operations work remains in progress.,"[CURRENT]
The current position is that the operations work remains in progress.",supporting_detail,derived_reusable_speech_act_curriculum_v1,assistant_reviewed_candidate
disc_s_csa_0299,speech_act_012_operations,test,Can everyone see the operations screen? We will pause for two minutes before continuing.,"[CURRENT]
Can everyone see the operations screen? We will pause for two minutes before continuing.",administrative,derived_reusable_speech_act_curriculum_v1,assistant_reviewed_candidate
disc_s_csa_0300,speech_act_012_operations,test,"Declan: I promise I'll bring coffee to the next operations call. This is social chat, not project work.","[CURRENT]
Declan: I promise I'll bring coffee to the next operations call. This is social chat, not project work.",administrative,derived_reusable_speech_act_curriculum_v1,assistant_reviewed_candidate
disc_s_csa_0301,speech_act_013_documentation,train,Nora: I'll rewrite the account-permissions guide by Friday.,"[CURRENT]
Nora: I'll rewrite the account-permissions guide by Friday.",canonical_commitment,derived_reusable_speech_act_curriculum_v1,assistant_reviewed_candidate
disc_s_csa_0302,speech_act_013_documentation,train,Nora: I can rewrite the account-permissions guide. I'll have it done by Friday.,"[CURRENT]
Nora: I can rewrite the account-permissions guide. I'll have it done by Friday.",canonical_commitment,derived_reusable_speech_act_curriculum_v1,assistant_reviewed_candidate
disc_s_csa_0303,speech_act_013_documentation,train,"Could Nora rewrite the account-permissions guide by Friday? Nora: Yes, I'll take that.","[CURRENT]
Could Nora rewrite the account-permissions guide by Friday? Nora: Yes, I'll take that.",canonical_commitment,derived_reusable_speech_act_curriculum_v1,assistant_reviewed_candidate
disc_s_csa_0304,speech_act_013_documentation,train,"Lead: Can you rewrite the account-permissions guide?
Nora: Yes.
Lead: Can you finish by Friday?
Nora: That works.","[CURRENT]
Lead: Can you rewrite the account-permissions guide?
Nora: Yes.
Lead: Can you finish by Friday?
Nora: That works.",canonical_commitment,derived_reusable_speech_act_curriculum_v1,assistant_reviewed_candidate
disc_s_csa_0305,speech_act_013_documentation,train,Nora to rewrite the account-permissions guide; due Friday.,"[CURRENT]
Nora to rewrite the account-permissions guide; due Friday.",canonical_commitment,derived_reusable_speech_act_curriculum_v1,assistant_reviewed_candidate
disc_s_csa_0306,speech_act_013_documentation,train,"Actions recap: Nora, you're taking the item to rewrite the account-permissions guide. Nora: Correct, by Friday.","[CURRENT]
Actions recap: Nora, you're taking the item to rewrite the account-permissions guide. Nora: Correct, by Friday.",single_item_recap,derived_reusable_speech_act_curriculum_v1,assistant_reviewed_candidate
disc_s_csa_0307,speech_act_013_documentation,train,We need someone to rewrite the account-permissions guide. Nora: Leave that with me; Friday is fine.,"[CURRENT]
We need someone to rewrite the account-permissions guide. Nora: Leave that with me; Friday is fine.",canonical_commitment,derived_reusable_speech_act_curriculum_v1,assistant_reviewed_candidate
disc_s_csa_0308,speech_act_013_documentation,train,"We need to rewrite the account-permissions guide, but nobody accepted ownership or timing.","[CURRENT]
We need to rewrite the account-permissions guide, but nobody accepted ownership or timing.",unassigned_proposal,derived_reusable_speech_act_curriculum_v1,assistant_reviewed_candidate
disc_s_csa_0309,speech_act_013_documentation,train,It would help to rewrite the account-permissions guide. The group moved on without assigning it.,"[CURRENT]
It would help to rewrite the account-permissions guide. The group moved on without assigning it.",unassigned_proposal,derived_reusable_speech_act_curriculum_v1,assistant_reviewed_candidate
disc_s_csa_0310,speech_act_013_documentation,train,"Perhaps Nora could rewrite the account-permissions guide if there is time, but this was not agreed.","[CURRENT]
Perhaps Nora could rewrite the account-permissions guide if there is time, but this was not agreed.",hypothetical,derived_reusable_speech_act_curriculum_v1,assistant_reviewed_candidate
disc_s_csa_0311,speech_act_013_documentation,train,"Nora: I might rewrite the account-permissions guide, depending on capacity. Lead: Treat that as an idea, not an action.","[CURRENT]
Nora: I might rewrite the account-permissions guide, depending on capacity. Lead: Treat that as an idea, not an action.",hypothetical,derived_reusable_speech_act_curriculum_v1,assistant_reviewed_candidate
disc_s_csa_0312,speech_act_013_documentation,train,Nora already completed the work to rewrite the account-permissions guide yesterday.,"[CURRENT]
Nora already completed the work to rewrite the account-permissions guide yesterday.",completed_history,derived_reusable_speech_act_curriculum_v1,assistant_reviewed_candidate
disc_s_csa_0313,speech_act_013_documentation,train,Lead: Nora should rewrite the account-permissions guide. Nora: That's already done; it closed yesterday.,"[CURRENT]
Lead: Nora should rewrite the account-permissions guide. Nora: That's already done; it closed yesterday.",completed_history,derived_reusable_speech_act_curriculum_v1,assistant_reviewed_candidate
disc_s_csa_0314,speech_act_013_documentation,train,Do not rewrite the account-permissions guide; that proposed action has been cancelled.,"[CURRENT]
Do not rewrite the account-permissions guide; that proposed action has been cancelled.",state_modifier,derived_reusable_speech_act_curriculum_v1,assistant_reviewed_candidate
disc_s_csa_0315,speech_act_013_documentation,train,Earlier we asked Nora to rewrite the account-permissions guide. That assignment is withdrawn and must not remain open.,"[CURRENT]
Earlier we asked Nora to rewrite the account-permissions guide. That assignment is withdrawn and must not remain open.",state_modifier,derived_reusable_speech_act_curriculum_v1,assistant_reviewed_candidate
disc_s_csa_0316,speech_act_013_documentation,train,The team agreed to publish one combined onboarding guide.,"[CURRENT]
The team agreed to publish one combined onboarding guide.",canonical_assertion,derived_reusable_speech_act_curriculum_v1,assistant_reviewed_candidate
disc_s_csa_0317,speech_act_013_documentation,train,"Option A was discussed, but the final position is to publish one combined onboarding guide.","[CURRENT]
Option A was discussed, but the final position is to publish one combined onboarding guide.",canonical_assertion,derived_reusable_speech_act_curriculum_v1,assistant_reviewed_candidate
disc_s_csa_0318,speech_act_013_documentation,train,"Lead: Shall we publish one combined onboarding guide?
Team: Agreed. That's the approach we will use.","[CURRENT]
Lead: Shall we publish one combined onboarding guide?
Team: Agreed. That's the approach we will use.",canonical_assertion,derived_reusable_speech_act_curriculum_v1,assistant_reviewed_candidate
disc_s_csa_0319,speech_act_013_documentation,train,"One option would be to publish one combined onboarding guide, although no decision was made.","[CURRENT]
One option would be to publish one combined onboarding guide, although no decision was made.",unassigned_proposal,derived_reusable_speech_act_curriculum_v1,assistant_reviewed_candidate
disc_s_csa_0320,speech_act_013_documentation,train,The team identified that ambiguous permissions guidance is increasing support demand.,"[CURRENT]
The team identified that ambiguous permissions guidance is increasing support demand.",canonical_assertion,derived_reusable_speech_act_curriculum_v1,assistant_reviewed_candidate
disc_s_csa_0321,speech_act_013_documentation,train,"If the dependency is not resolved, ambiguous permissions guidance is increasing support demand. The issue remains open.","[CURRENT]
If the dependency is not resolved, ambiguous permissions guidance is increasing support demand. The issue remains open.",canonical_assertion,derived_reusable_speech_act_curriculum_v1,assistant_reviewed_candidate
disc_s_csa_0322,speech_act_013_documentation,train,"The team checked whether ambiguous permissions guidance is increasing support demand, but evidence confirmed the exposure is closed and no monitoring is required.","[CURRENT]
The team checked whether ambiguous permissions guidance is increasing support demand, but evidence confirmed the exposure is closed and no monitoring is required.",completed_history,derived_reusable_speech_act_curriculum_v1,assistant_reviewed_candidate
disc_s_csa_0323,speech_act_013_documentation,train,The current position is that the documentation work remains in progress.,"[CURRENT]
The current position is that the documentation work remains in progress.",supporting_detail,derived_reusable_speech_act_curriculum_v1,assistant_reviewed_candidate
disc_s_csa_0324,speech_act_013_documentation,train,Can everyone see the documentation screen? We will pause for two minutes before continuing.,"[CURRENT]
Can everyone see the documentation screen? We will pause for two minutes before continuing.",administrative,derived_reusable_speech_act_curriculum_v1,assistant_reviewed_candidate
disc_s_csa_0325,speech_act_013_documentation,train,"Nora: I promise I'll bring coffee to the next documentation call. This is social chat, not project work.","[CURRENT]
Nora: I promise I'll bring coffee to the next documentation call. This is social chat, not project work.",administrative,derived_reusable_speech_act_curriculum_v1,assistant_reviewed_candidate
disc_s_csa_0326,speech_act_014_analytics,train,Omar: I'll refresh the quarterly sales forecast by Tuesday morning.,"[CURRENT]
Omar: I'll refresh the quarterly sales forecast by Tuesday morning.",canonical_commitment,derived_reusable_speech_act_curriculum_v1,assistant_reviewed_candidate
disc_s_csa_0327,speech_act_014_analytics,train,Omar: I can refresh the quarterly sales forecast. I'll have it done by Tuesday morning.,"[CURRENT]
Omar: I can refresh the quarterly sales forecast. I'll have it done by Tuesday morning.",canonical_commitment,derived_reusable_speech_act_curriculum_v1,assistant_reviewed_candidate
disc_s_csa_0328,speech_act_014_analytics,train,"Could Omar refresh the quarterly sales forecast by Tuesday morning? Omar: Yes, I'll take that.","[CURRENT]
Could Omar refresh the quarterly sales forecast by Tuesday morning? Omar: Yes, I'll take that.",canonical_commitment,derived_reusable_speech_act_curriculum_v1,assistant_reviewed_candidate
disc_s_csa_0329,speech_act_014_analytics,train,"Lead: Can you refresh the quarterly sales forecast?
Omar: Yes.
Lead: Can you finish by Tuesday morning?
Omar: That works.","[CURRENT]
Lead: Can you refresh the quarterly sales forecast?
Omar: Yes.
Lead: Can you finish by Tuesday morning?
Omar: That works.",canonical_commitment,derived_reusable_speech_act_curriculum_v1,assistant_reviewed_candidate
disc_s_csa_0330,speech_act_014_analytics,train,Omar to refresh the quarterly sales forecast; due Tuesday morning.,"[CURRENT]
Omar to refresh the quarterly sales forecast; due Tuesday morning.",canonical_commitment,derived_reusable_speech_act_curriculum_v1,assistant_reviewed_candidate
disc_s_csa_0331,speech_act_014_analytics,train,"Actions recap: Omar, you're taking the item to refresh the quarterly sales forecast. Omar: Correct, by Tuesday morning.","[CURRENT]
Actions recap: Omar, you're taking the item to refresh the quarterly sales forecast. Omar: Correct, by Tuesday morning.",single_item_recap,derived_reusable_speech_act_curriculum_v1,assistant_reviewed_candidate
disc_s_csa_0332,speech_act_014_analytics,train,We need someone to refresh the quarterly sales forecast. Omar: Leave that with me; Tuesday morning is fine.,"[CURRENT]
We need someone to refresh the quarterly sales forecast. Omar: Leave that with me; Tuesday morning is fine.",canonical_commitment,derived_reusable_speech_act_curriculum_v1,assistant_reviewed_candidate
disc_s_csa_0333,speech_act_014_analytics,train,"We need to refresh the quarterly sales forecast, but nobody accepted ownership or timing.","[CURRENT]
We need to refresh the quarterly sales forecast, but nobody accepted ownership or timing.",unassigned_proposal,derived_reusable_speech_act_curriculum_v1,assistant_reviewed_candidate
disc_s_csa_0334,speech_act_014_analytics,train,It would help to refresh the quarterly sales forecast. The group moved on without assigning it.,"[CURRENT]
It would help to refresh the quarterly sales forecast. The group moved on without assigning it.",unassigned_proposal,derived_reusable_speech_act_curriculum_v1,assistant_reviewed_candidate
disc_s_csa_0335,speech_act_014_analytics,train,"Perhaps Omar could refresh the quarterly sales forecast if there is time, but this was not agreed.","[CURRENT]
Perhaps Omar could refresh the quarterly sales forecast if there is time, but this was not agreed.",hypothetical,derived_reusable_speech_act_curriculum_v1,assistant_reviewed_candidate
disc_s_csa_0336,speech_act_014_analytics,train,"Omar: I might refresh the quarterly sales forecast, depending on capacity. Lead: Treat that as an idea, not an action.","[CURRENT]
Omar: I might refresh the quarterly sales forecast, depending on capacity. Lead: Treat that as an idea, not an action.",hypothetical,derived_reusable_speech_act_curriculum_v1,assistant_reviewed_candidate
disc_s_csa_0337,speech_act_014_analytics,train,Omar already completed the work to refresh the quarterly sales forecast yesterday.,"[CURRENT]
Omar already completed the work to refresh the quarterly sales forecast yesterday.",completed_history,derived_reusable_speech_act_curriculum_v1,assistant_reviewed_candidate
disc_s_csa_0338,speech_act_014_analytics,train,Lead: Omar should refresh the quarterly sales forecast. Omar: That's already done; it closed yesterday.,"[CURRENT]
Lead: Omar should refresh the quarterly sales forecast. Omar: That's already done; it closed yesterday.",completed_history,derived_reusable_speech_act_curriculum_v1,assistant_reviewed_candidate
disc_s_csa_0339,speech_act_014_analytics,train,Do not refresh the quarterly sales forecast; that proposed action has been cancelled.,"[CURRENT]
Do not refresh the quarterly sales forecast; that proposed action has been cancelled.",state_modifier,derived_reusable_speech_act_curriculum_v1,assistant_reviewed_candidate
disc_s_csa_0340,speech_act_014_analytics,train,Earlier we asked Omar to refresh the quarterly sales forecast. That assignment is withdrawn and must not remain open.,"[CURRENT]
Earlier we asked Omar to refresh the quarterly sales forecast. That assignment is withdrawn and must not remain open.",state_modifier,derived_reusable_speech_act_curriculum_v1,assistant_reviewed_candidate
disc_s_csa_0341,speech_act_014_analytics,train,The team agreed to focus pipeline reviews on logistics and healthcare.,"[CURRENT]
The team agreed to focus pipeline reviews on logistics and healthcare.",canonical_assertion,derived_reusable_speech_act_curriculum_v1,assistant_reviewed_candidate
disc_s_csa_0342,speech_act_014_analytics,train,"Option A was discussed, but the final position is to focus pipeline reviews on logistics and healthcare.","[CURRENT]
Option A was discussed, but the final position is to focus pipeline reviews on logistics and healthcare.",canonical_assertion,derived_reusable_speech_act_curriculum_v1,assistant_reviewed_candidate
disc_s_csa_0343,speech_act_014_analytics,train,"Lead: Shall we focus pipeline reviews on logistics and healthcare?
Team: Agreed. That's the approach we will use.","[CURRENT]
Lead: Shall we focus pipeline reviews on logistics and healthcare?
Team: Agreed. That's the approach we will use.",canonical_assertion,derived_reusable_speech_act_curriculum_v1,assistant_reviewed_candidate
disc_s_csa_0344,speech_act_014_analytics,train,"One option would be to focus pipeline reviews on logistics and healthcare, although no decision was made.","[CURRENT]
One option would be to focus pipeline reviews on logistics and healthcare, although no decision was made.",unassigned_proposal,derived_reusable_speech_act_curriculum_v1,assistant_reviewed_candidate
disc_s_csa_0345,speech_act_014_analytics,train,The team identified that two unqualified opportunities may distort the forecast.,"[CURRENT]
The team identified that two unqualified opportunities may distort the forecast.",canonical_assertion,derived_reusable_speech_act_curriculum_v1,assistant_reviewed_candidate
disc_s_csa_0346,speech_act_014_analytics,train,"If the dependency is not resolved, two unqualified opportunities may distort the forecast. The issue remains open.","[CURRENT]
If the dependency is not resolved, two unqualified opportunities may distort the forecast. The issue remains open.",canonical_assertion,derived_reusable_speech_act_curriculum_v1,assistant_reviewed_candidate
disc_s_csa_0347,speech_act_014_analytics,train,"The team checked whether two unqualified opportunities may distort the forecast, but evidence confirmed the exposure is closed and no monitoring is required.","[CURRENT]
The team checked whether two unqualified opportunities may distort the forecast, but evidence confirmed the exposure is closed and no monitoring is required.",completed_history,derived_reusable_speech_act_curriculum_v1,assistant_reviewed_candidate
disc_s_csa_0348,speech_act_014_analytics,train,The current position is that the analytics work remains in progress.,"[CURRENT]
The current position is that the analytics work remains in progress.",supporting_detail,derived_reusable_speech_act_curriculum_v1,assistant_reviewed_candidate
disc_s_csa_0349,speech_act_014_analytics,train,Can everyone see the analytics screen? We will pause for two minutes before continuing.,"[CURRENT]
Can everyone see the analytics screen? We will pause for two minutes before continuing.",administrative,derived_reusable_speech_act_curriculum_v1,assistant_reviewed_candidate
disc_s_csa_0350,speech_act_014_analytics,train,"Omar: I promise I'll bring coffee to the next analytics call. This is social chat, not project work.","[CURRENT]
Omar: I promise I'll bring coffee to the next analytics call. This is social chat, not project work.",administrative,derived_reusable_speech_act_curriculum_v1,assistant_reviewed_candidate
disc_s_csa_0351,speech_act_015_quality,train,Priya: I'll upload the signed corrective-action response by close tomorrow.,"[CURRENT]
Priya: I'll upload the signed corrective-action response by close tomorrow.",canonical_commitment,derived_reusable_speech_act_curriculum_v1,assistant_reviewed_candidate
disc_s_csa_0352,speech_act_015_quality,train,Priya: I can upload the signed corrective-action response. I'll have it done by close tomorrow.,"[CURRENT]
Priya: I can upload the signed corrective-action response. I'll have it done by close tomorrow.",canonical_commitment,derived_reusable_speech_act_curriculum_v1,assistant_reviewed_candidate
disc_s_csa_0353,speech_act_015_quality,train,"Could Priya upload the signed corrective-action response by close tomorrow? Priya: Yes, I'll take that.","[CURRENT]
Could Priya upload the signed corrective-action response by close tomorrow? Priya: Yes, I'll take that.",canonical_commitment,derived_reusable_speech_act_curriculum_v1,assistant_reviewed_candidate
disc_s_csa_0354,speech_act_015_quality,train,"Lead: Can you upload the signed corrective-action response?
Priya: Yes.
Lead: Can you finish by close tomorrow?
Priya: That works.","[CURRENT]
Lead: Can you upload the signed corrective-action response?
Priya: Yes.
Lead: Can you finish by close tomorrow?
Priya: That works.",canonical_commitment,derived_reusable_speech_act_curriculum_v1,assistant_reviewed_candidate
disc_s_csa_0355,speech_act_015_quality,train,Priya to upload the signed corrective-action response; due close tomorrow.,"[CURRENT]
Priya to upload the signed corrective-action response; due close tomorrow.",canonical_commitment,derived_reusable_speech_act_curriculum_v1,assistant_reviewed_candidate
disc_s_csa_0356,speech_act_015_quality,train,"Actions recap: Priya, you're taking the item to upload the signed corrective-action response. Priya: Correct, by close tomorrow.","[CURRENT]
Actions recap: Priya, you're taking the item to upload the signed corrective-action response. Priya: Correct, by close tomorrow.",single_item_recap,derived_reusable_speech_act_curriculum_v1,assistant_reviewed_candidate
disc_s_csa_0357,speech_act_015_quality,train,We need someone to upload the signed corrective-action response. Priya: Leave that with me; close tomorrow is fine.,"[CURRENT]
We need someone to upload the signed corrective-action response. Priya: Leave that with me; close tomorrow is fine.",canonical_commitment,derived_reusable_speech_act_curriculum_v1,assistant_reviewed_candidate
disc_s_csa_0358,speech_act_015_quality,train,"We need to upload the signed corrective-action response, but nobody accepted ownership or timing.","[CURRENT]
We need to upload the signed corrective-action response, but nobody accepted ownership or timing.",unassigned_proposal,derived_reusable_speech_act_curriculum_v1,assistant_reviewed_candidate
disc_s_csa_0359,speech_act_015_quality,train,It would help to upload the signed corrective-action response. The group moved on without assigning it.,"[CURRENT]
It would help to upload the signed corrective-action response. The group moved on without assigning it.",unassigned_proposal,derived_reusable_speech_act_curriculum_v1,assistant_reviewed_candidate
disc_s_csa_0360,speech_act_015_quality,train,"Perhaps Priya could upload the signed corrective-action response if there is time, but this was not agreed.","[CURRENT]
Perhaps Priya could upload the signed corrective-action response if there is time, but this was not agreed.",hypothetical,derived_reusable_speech_act_curriculum_v1,assistant_reviewed_candidate
disc_s_csa_0361,speech_act_015_quality,train,"Priya: I might upload the signed corrective-action response, depending on capacity. Lead: Treat that as an idea, not an action.","[CURRENT]
Priya: I might upload the signed corrective-action response, depending on capacity. Lead: Treat that as an idea, not an action.",hypothetical,derived_reusable_speech_act_curriculum_v1,assistant_reviewed_candidate
disc_s_csa_0362,speech_act_015_quality,train,Priya already completed the work to upload the signed corrective-action response yesterday.,"[CURRENT]
Priya already completed the work to upload the signed corrective-action response yesterday.",completed_history,derived_reusable_speech_act_curriculum_v1,assistant_reviewed_candidate
disc_s_csa_0363,speech_act_015_quality,train,Lead: Priya should upload the signed corrective-action response. Priya: That's already done; it closed yesterday.,"[CURRENT]
Lead: Priya should upload the signed corrective-action response. Priya: That's already done; it closed yesterday.",completed_history,derived_reusable_speech_act_curriculum_v1,assistant_reviewed_candidate
disc_s_csa_0364,speech_act_015_quality,train,Do not upload the signed corrective-action response; that proposed action has been cancelled.,"[CURRENT]
Do not upload the signed corrective-action response; that proposed action has been cancelled.",state_modifier,derived_reusable_speech_act_curriculum_v1,assistant_reviewed_candidate
disc_s_csa_0365,speech_act_015_quality,train,Earlier we asked Priya to upload the signed corrective-action response. That assignment is withdrawn and must not remain open.,"[CURRENT]
Earlier we asked Priya to upload the signed corrective-action response. That assignment is withdrawn and must not remain open.",state_modifier,derived_reusable_speech_act_curriculum_v1,assistant_reviewed_candidate
disc_s_csa_0366,speech_act_015_quality,train,The team agreed to retain the supplier on the approved list.,"[CURRENT]
The team agreed to retain the supplier on the approved list.",canonical_assertion,derived_reusable_speech_act_curriculum_v1,assistant_reviewed_candidate
disc_s_csa_0367,speech_act_015_quality,train,"Option A was discussed, but the final position is to retain the supplier on the approved list.","[CURRENT]
Option A was discussed, but the final position is to retain the supplier on the approved list.",canonical_assertion,derived_reusable_speech_act_curriculum_v1,assistant_reviewed_candidate
disc_s_csa_0368,speech_act_015_quality,train,"Lead: Shall we retain the supplier on the approved list?
Team: Agreed. That's the approach we will use.","[CURRENT]
Lead: Shall we retain the supplier on the approved list?
Team: Agreed. That's the approach we will use.",canonical_assertion,derived_reusable_speech_act_curriculum_v1,assistant_reviewed_candidate
disc_s_csa_0369,speech_act_015_quality,train,"One option would be to retain the supplier on the approved list, although no decision was made.","[CURRENT]
One option would be to retain the supplier on the approved list, although no decision was made.",unassigned_proposal,derived_reusable_speech_act_curriculum_v1,assistant_reviewed_candidate
disc_s_csa_0370,speech_act_015_quality,train,The team identified that an overdue corrective action could affect supplier approval.,"[CURRENT]
The team identified that an overdue corrective action could affect supplier approval.",canonical_assertion,derived_reusable_speech_act_curriculum_v1,assistant_reviewed_candidate
disc_s_csa_0371,speech_act_015_quality,train,"If the dependency is not resolved, an overdue corrective action could affect supplier approval. The issue remains open.","[CURRENT]
If the dependency is not resolved, an overdue corrective action could affect supplier approval. The issue remains open.",canonical_assertion,derived_reusable_speech_act_curriculum_v1,assistant_reviewed_candidate
disc_s_csa_0372,speech_act_015_quality,train,"The team checked whether an overdue corrective action could affect supplier approval, but evidence confirmed the exposure is closed and no monitoring is required.","[CURRENT]
The team checked whether an overdue corrective action could affect supplier approval, but evidence confirmed the exposure is closed and no monitoring is required.",completed_history,derived_reusable_speech_act_curriculum_v1,assistant_reviewed_candidate
disc_s_csa_0373,speech_act_015_quality,train,The current position is that the quality work remains in progress.,"[CURRENT]
The current position is that the quality work remains in progress.",supporting_detail,derived_reusable_speech_act_curriculum_v1,assistant_reviewed_candidate
disc_s_csa_0374,speech_act_015_quality,train,Can everyone see the quality screen? We will pause for two minutes before continuing.,"[CURRENT]
Can everyone see the quality screen? We will pause for two minutes before continuing.",administrative,derived_reusable_speech_act_curriculum_v1,assistant_reviewed_candidate
disc_s_csa_0375,speech_act_015_quality,train,"Priya: I promise I'll bring coffee to the next quality call. This is social chat, not project work.","[CURRENT]
Priya: I promise I'll bring coffee to the next quality call. This is social chat, not project work.",administrative,derived_reusable_speech_act_curriculum_v1,assistant_reviewed_candidate
disc_s_csa_0376,speech_act_016_planning,validation,David: I'll reschedule the programme check-in by today.,"[CURRENT]
David: I'll reschedule the programme check-in by today.",canonical_commitment,derived_reusable_speech_act_curriculum_v1,assistant_reviewed_candidate
disc_s_csa_0377,speech_act_016_planning,validation,David: I can reschedule the programme check-in. I'll have it done by today.,"[CURRENT]
David: I can reschedule the programme check-in. I'll have it done by today.",canonical_commitment,derived_reusable_speech_act_curriculum_v1,assistant_reviewed_candidate
disc_s_csa_0378,speech_act_016_planning,validation,"Could David reschedule the programme check-in by today? David: Yes, I'll take that.","[CURRENT]
Could David reschedule the programme check-in by today? David: Yes, I'll take that.",canonical_commitment,derived_reusable_speech_act_curriculum_v1,assistant_reviewed_candidate
disc_s_csa_0379,speech_act_016_planning,validation,"Lead: Can you reschedule the programme check-in?
David: Yes.
Lead: Can you finish by today?
David: That works.","[CURRENT]
Lead: Can you reschedule the programme check-in?
David: Yes.
Lead: Can you finish by today?
David: That works.",canonical_commitment,derived_reusable_speech_act_curriculum_v1,assistant_reviewed_candidate
disc_s_csa_0380,speech_act_016_planning,validation,David to reschedule the programme check-in; due today.,"[CURRENT]
David to reschedule the programme check-in; due today.",canonical_commitment,derived_reusable_speech_act_curriculum_v1,assistant_reviewed_candidate
disc_s_csa_0381,speech_act_016_planning,validation,"Actions recap: David, you're taking the item to reschedule the programme check-in. David: Correct, by today.","[CURRENT]
Actions recap: David, you're taking the item to reschedule the programme check-in. David: Correct, by today.",single_item_recap,derived_reusable_speech_act_curriculum_v1,assistant_reviewed_candidate
disc_s_csa_0382,speech_act_016_planning,validation,We need someone to reschedule the programme check-in. David: Leave that with me; today is fine.,"[CURRENT]
We need someone to reschedule the programme check-in. David: Leave that with me; today is fine.",canonical_commitment,derived_reusable_speech_act_curriculum_v1,assistant_reviewed_candidate
disc_s_csa_0383,speech_act_016_planning,validation,"We need to reschedule the programme check-in, but nobody accepted ownership or timing.","[CURRENT]
We need to reschedule the programme check-in, but nobody accepted ownership or timing.",unassigned_proposal,derived_reusable_speech_act_curriculum_v1,assistant_reviewed_candidate
disc_s_csa_0384,speech_act_016_planning,validation,It would help to reschedule the programme check-in. The group moved on without assigning it.,"[CURRENT]
It would help to reschedule the programme check-in. The group moved on without assigning it.",unassigned_proposal,derived_reusable_speech_act_curriculum_v1,assistant_reviewed_candidate
disc_s_csa_0385,speech_act_016_planning,validation,"Perhaps David could reschedule the programme check-in if there is time, but this was not agreed.","[CURRENT]
Perhaps David could reschedule the programme check-in if there is time, but this was not agreed.",hypothetical,derived_reusable_speech_act_curriculum_v1,assistant_reviewed_candidate
disc_s_csa_0386,speech_act_016_planning,validation,"David: I might reschedule the programme check-in, depending on capacity. Lead: Treat that as an idea, not an action.","[CURRENT]
David: I might reschedule the programme check-in, depending on capacity. Lead: Treat that as an idea, not an action.",hypothetical,derived_reusable_speech_act_curriculum_v1,assistant_reviewed_candidate
disc_s_csa_0387,speech_act_016_planning,validation,David already completed the work to reschedule the programme check-in yesterday.,"[CURRENT]
David already completed the work to reschedule the programme check-in yesterday.",completed_history,derived_reusable_speech_act_curriculum_v1,assistant_reviewed_candidate
disc_s_csa_0388,speech_act_016_planning,validation,Lead: David should reschedule the programme check-in. David: That's already done; it closed yesterday.,"[CURRENT]
Lead: David should reschedule the programme check-in. David: That's already done; it closed yesterday.",completed_history,derived_reusable_speech_act_curriculum_v1,assistant_reviewed_candidate
disc_s_csa_0389,speech_act_016_planning,validation,Do not reschedule the programme check-in; that proposed action has been cancelled.,"[CURRENT]
Do not reschedule the programme check-in; that proposed action has been cancelled.",state_modifier,derived_reusable_speech_act_curriculum_v1,assistant_reviewed_candidate
disc_s_csa_0390,speech_act_016_planning,validation,Earlier we asked David to reschedule the programme check-in. That assignment is withdrawn and must not remain open.,"[CURRENT]
Earlier we asked David to reschedule the programme check-in. That assignment is withdrawn and must not remain open.",state_modifier,derived_reusable_speech_act_curriculum_v1,assistant_reviewed_candidate
disc_s_csa_0391,speech_act_016_planning,validation,The team agreed to hold the check-in on Friday at noon.,"[CURRENT]
The team agreed to hold the check-in on Friday at noon.",canonical_assertion,derived_reusable_speech_act_curriculum_v1,assistant_reviewed_candidate
disc_s_csa_0392,speech_act_016_planning,validation,"Option A was discussed, but the final position is to hold the check-in on Friday at noon.","[CURRENT]
Option A was discussed, but the final position is to hold the check-in on Friday at noon.",canonical_assertion,derived_reusable_speech_act_curriculum_v1,assistant_reviewed_candidate
disc_s_csa_0393,speech_act_016_planning,validation,"Lead: Shall we hold the check-in on Friday at noon?
Team: Agreed. That's the approach we will use.","[CURRENT]
Lead: Shall we hold the check-in on Friday at noon?
Team: Agreed. That's the approach we will use.",canonical_assertion,derived_reusable_speech_act_curriculum_v1,assistant_reviewed_candidate
disc_s_csa_0394,speech_act_016_planning,validation,"One option would be to hold the check-in on Friday at noon, although no decision was made.","[CURRENT]
One option would be to hold the check-in on Friday at noon, although no decision was made.",unassigned_proposal,derived_reusable_speech_act_curriculum_v1,assistant_reviewed_candidate
disc_s_csa_0395,speech_act_016_planning,validation,The team identified that the proposed time may conflict with the client workshop.,"[CURRENT]
The team identified that the proposed time may conflict with the client workshop.",canonical_assertion,derived_reusable_speech_act_curriculum_v1,assistant_reviewed_candidate
disc_s_csa_0396,speech_act_016_planning,validation,"If the dependency is not resolved, the proposed time may conflict with the client workshop. The issue remains open.","[CURRENT]
If the dependency is not resolved, the proposed time may conflict with the client workshop. The issue remains open.",canonical_assertion,derived_reusable_speech_act_curriculum_v1,assistant_reviewed_candidate
disc_s_csa_0397,speech_act_016_planning,validation,"The team checked whether the proposed time may conflict with the client workshop, but evidence confirmed the exposure is closed and no monitoring is required.","[CURRENT]
The team checked whether the proposed time may conflict with the client workshop, but evidence confirmed the exposure is closed and no monitoring is required.",completed_history,derived_reusable_speech_act_curriculum_v1,assistant_reviewed_candidate
disc_s_csa_0398,speech_act_016_planning,validation,The current position is that the planning work remains in progress.,"[CURRENT]
The current position is that the planning work remains in progress.",supporting_detail,derived_reusable_speech_act_curriculum_v1,assistant_reviewed_candidate
disc_s_csa_0399,speech_act_016_planning,validation,Can everyone see the planning screen? We will pause for two minutes before continuing.,"[CURRENT]
Can everyone see the planning screen? We will pause for two minutes before continuing.",administrative,derived_reusable_speech_act_curriculum_v1,assistant_reviewed_candidate
disc_s_csa_0400,speech_act_016_planning,validation,"David: I promise I'll bring coffee to the next planning call. This is social chat, not project work.","[CURRENT]
David: I promise I'll bring coffee to the next planning call. This is social chat, not project work.",administrative,derived_reusable_speech_act_curriculum_v1,assistant_reviewed_candidate
disc_s_csa_0401,speech_act_017_data_migration,train,Fatima: I'll verify the customer mapping file by Thursday.,"[CURRENT]
Fatima: I'll verify the customer mapping file by Thursday.",canonical_commitment,derived_reusable_speech_act_curriculum_v1,assistant_reviewed_candidate
disc_s_csa_0402,speech_act_017_data_migration,train,Fatima: I can verify the customer mapping file. I'll have it done by Thursday.,"[CURRENT]
Fatima: I can verify the customer mapping file. I'll have it done by Thursday.",canonical_commitment,derived_reusable_speech_act_curriculum_v1,assistant_reviewed_candidate
disc_s_csa_0403,speech_act_017_data_migration,train,"Could Fatima verify the customer mapping file by Thursday? Fatima: Yes, I'll take that.","[CURRENT]
Could Fatima verify the customer mapping file by Thursday? Fatima: Yes, I'll take that.",canonical_commitment,derived_reusable_speech_act_curriculum_v1,assistant_reviewed_candidate
disc_s_csa_0404,speech_act_017_data_migration,train,"Lead: Can you verify the customer mapping file?
Fatima: Yes.
Lead: Can you finish by Thursday?
Fatima: That works.","[CURRENT]
Lead: Can you verify the customer mapping file?
Fatima: Yes.
Lead: Can you finish by Thursday?
Fatima: That works.",canonical_commitment,derived_reusable_speech_act_curriculum_v1,assistant_reviewed_candidate
disc_s_csa_0405,speech_act_017_data_migration,train,Fatima to verify the customer mapping file; due Thursday.,"[CURRENT]
Fatima to verify the customer mapping file; due Thursday.",canonical_commitment,derived_reusable_speech_act_curriculum_v1,assistant_reviewed_candidate
disc_s_csa_0406,speech_act_017_data_migration,train,"Actions recap: Fatima, you're taking the item to verify the customer mapping file. Fatima: Correct, by Thursday.","[CURRENT]
Actions recap: Fatima, you're taking the item to verify the customer mapping file. Fatima: Correct, by Thursday.",single_item_recap,derived_reusable_speech_act_curriculum_v1,assistant_reviewed_candidate
disc_s_csa_0407,speech_act_017_data_migration,train,We need someone to verify the customer mapping file. Fatima: Leave that with me; Thursday is fine.,"[CURRENT]
We need someone to verify the customer mapping file. Fatima: Leave that with me; Thursday is fine.",canonical_commitment,derived_reusable_speech_act_curriculum_v1,assistant_reviewed_candidate
disc_s_csa_0408,speech_act_017_data_migration,train,"We need to verify the customer mapping file, but nobody accepted ownership or timing.","[CURRENT]
We need to verify the customer mapping file, but nobody accepted ownership or timing.",unassigned_proposal,derived_reusable_speech_act_curriculum_v1,assistant_reviewed_candidate
disc_s_csa_0409,speech_act_017_data_migration,train,It would help to verify the customer mapping file. The group moved on without assigning it.,"[CURRENT]
It would help to verify the customer mapping file. The group moved on without assigning it.",unassigned_proposal,derived_reusable_speech_act_curriculum_v1,assistant_reviewed_candidate
disc_s_csa_0410,speech_act_017_data_migration,train,"Perhaps Fatima could verify the customer mapping file if there is time, but this was not agreed.","[CURRENT]
Perhaps Fatima could verify the customer mapping file if there is time, but this was not agreed.",hypothetical,derived_reusable_speech_act_curriculum_v1,assistant_reviewed_candidate
disc_s_csa_0411,speech_act_017_data_migration,train,"Fatima: I might verify the customer mapping file, depending on capacity. Lead: Treat that as an idea, not an action.","[CURRENT]
Fatima: I might verify the customer mapping file, depending on capacity. Lead: Treat that as an idea, not an action.",hypothetical,derived_reusable_speech_act_curriculum_v1,assistant_reviewed_candidate
disc_s_csa_0412,speech_act_017_data_migration,train,Fatima already completed the work to verify the customer mapping file yesterday.,"[CURRENT]
Fatima already completed the work to verify the customer mapping file yesterday.",completed_history,derived_reusable_speech_act_curriculum_v1,assistant_reviewed_candidate
disc_s_csa_0413,speech_act_017_data_migration,train,Lead: Fatima should verify the customer mapping file. Fatima: That's already done; it closed yesterday.,"[CURRENT]
Lead: Fatima should verify the customer mapping file. Fatima: That's already done; it closed yesterday.",completed_history,derived_reusable_speech_act_curriculum_v1,assistant_reviewed_candidate
disc_s_csa_0414,speech_act_017_data_migration,train,Do not verify the customer mapping file; that proposed action has been cancelled.,"[CURRENT]
Do not verify the customer mapping file; that proposed action has been cancelled.",state_modifier,derived_reusable_speech_act_curriculum_v1,assistant_reviewed_candidate
disc_s_csa_0415,speech_act_017_data_migration,train,Earlier we asked Fatima to verify the customer mapping file. That assignment is withdrawn and must not remain open.,"[CURRENT]
Earlier we asked Fatima to verify the customer mapping file. That assignment is withdrawn and must not remain open.",state_modifier,derived_reusable_speech_act_curriculum_v1,assistant_reviewed_candidate
disc_s_csa_0416,speech_act_017_data_migration,train,The team agreed to run a phased migration by region.,"[CURRENT]
The team agreed to run a phased migration by region.",canonical_assertion,derived_reusable_speech_act_curriculum_v1,assistant_reviewed_candidate
disc_s_csa_0417,speech_act_017_data_migration,train,"Option A was discussed, but the final position is to run a phased migration by region.","[CURRENT]
Option A was discussed, but the final position is to run a phased migration by region.",canonical_assertion,derived_reusable_speech_act_curriculum_v1,assistant_reviewed_candidate
disc_s_csa_0418,speech_act_017_data_migration,train,"Lead: Shall we run a phased migration by region?
Team: Agreed. That's the approach we will use.","[CURRENT]
Lead: Shall we run a phased migration by region?
Team: Agreed. That's the approach we will use.",canonical_assertion,derived_reusable_speech_act_curriculum_v1,assistant_reviewed_candidate
disc_s_csa_0419,speech_act_017_data_migration,train,"One option would be to run a phased migration by region, although no decision was made.","[CURRENT]
One option would be to run a phased migration by region, although no decision was made.",unassigned_proposal,derived_reusable_speech_act_curriculum_v1,assistant_reviewed_candidate
disc_s_csa_0420,speech_act_017_data_migration,train,The team identified that duplicate customer identifiers could corrupt the import.,"[CURRENT]
The team identified that duplicate customer identifiers could corrupt the import.",canonical_assertion,derived_reusable_speech_act_curriculum_v1,assistant_reviewed_candidate
disc_s_csa_0421,speech_act_017_data_migration,train,"If the dependency is not resolved, duplicate customer identifiers could corrupt the import. The issue remains open.","[CURRENT]
If the dependency is not resolved, duplicate customer identifiers could corrupt the import. The issue remains open.",canonical_assertion,derived_reusable_speech_act_curriculum_v1,assistant_reviewed_candidate
disc_s_csa_0422,speech_act_017_data_migration,train,"The team checked whether duplicate customer identifiers could corrupt the import, but evidence confirmed the exposure is closed and no monitoring is required.","[CURRENT]
The team checked whether duplicate customer identifiers could corrupt the import, but evidence confirmed the exposure is closed and no monitoring is required.",completed_history,derived_reusable_speech_act_curriculum_v1,assistant_reviewed_candidate
disc_s_csa_0423,speech_act_017_data_migration,train,The current position is that the data migration work remains in progress.,"[CURRENT]
The current position is that the data migration work remains in progress.",supporting_detail,derived_reusable_speech_act_curriculum_v1,assistant_reviewed_candidate
disc_s_csa_0424,speech_act_017_data_migration,train,Can everyone see the data migration screen? We will pause for two minutes before continuing.,"[CURRENT]
Can everyone see the data migration screen? We will pause for two minutes before continuing.",administrative,derived_reusable_speech_act_curriculum_v1,assistant_reviewed_candidate
disc_s_csa_0425,speech_act_017_data_migration,train,"Fatima: I promise I'll bring coffee to the next data migration call. This is social chat, not project work.","[CURRENT]
Fatima: I promise I'll bring coffee to the next data migration call. This is social chat, not project work.",administrative,derived_reusable_speech_act_curriculum_v1,assistant_reviewed_candidate
disc_s_csa_0426,speech_act_018_product,train,Gabriel: I'll remove two fields from the registration form by before release.,"[CURRENT]
Gabriel: I'll remove two fields from the registration form by before release.",canonical_commitment,derived_reusable_speech_act_curriculum_v1,assistant_reviewed_candidate
disc_s_csa_0427,speech_act_018_product,train,Gabriel: I can remove two fields from the registration form. I'll have it done by before release.,"[CURRENT]
Gabriel: I can remove two fields from the registration form. I'll have it done by before release.",canonical_commitment,derived_reusable_speech_act_curriculum_v1,assistant_reviewed_candidate
disc_s_csa_0428,speech_act_018_product,train,"Could Gabriel remove two fields from the registration form by before release? Gabriel: Yes, I'll take that.","[CURRENT]
Could Gabriel remove two fields from the registration form by before release? Gabriel: Yes, I'll take that.",canonical_commitment,derived_reusable_speech_act_curriculum_v1,assistant_reviewed_candidate
disc_s_csa_0429,speech_act_018_product,train,"Lead: Can you remove two fields from the registration form?
Gabriel: Yes.
Lead: Can you finish by before release?
Gabriel: That works.","[CURRENT]
Lead: Can you remove two fields from the registration form?
Gabriel: Yes.
Lead: Can you finish by before release?
Gabriel: That works.",canonical_commitment,derived_reusable_speech_act_curriculum_v1,assistant_reviewed_candidate
disc_s_csa_0430,speech_act_018_product,train,Gabriel to remove two fields from the registration form; due before release.,"[CURRENT]
Gabriel to remove two fields from the registration form; due before release.",canonical_commitment,derived_reusable_speech_act_curriculum_v1,assistant_reviewed_candidate
disc_s_csa_0431,speech_act_018_product,train,"Actions recap: Gabriel, you're taking the item to remove two fields from the registration form. Gabriel: Correct, by before release.","[CURRENT]
Actions recap: Gabriel, you're taking the item to remove two fields from the registration form. Gabriel: Correct, by before release.",single_item_recap,derived_reusable_speech_act_curriculum_v1,assistant_reviewed_candidate
disc_s_csa_0432,speech_act_018_product,train,We need someone to remove two fields from the registration form. Gabriel: Leave that with me; before release is fine.,"[CURRENT]
We need someone to remove two fields from the registration form. Gabriel: Leave that with me; before release is fine.",canonical_commitment,derived_reusable_speech_act_curriculum_v1,assistant_reviewed_candidate
disc_s_csa_0433,speech_act_018_product,train,"We need to remove two fields from the registration form, but nobody accepted ownership or timing.","[CURRENT]
We need to remove two fields from the registration form, but nobody accepted ownership or timing.",unassigned_proposal,derived_reusable_speech_act_curriculum_v1,assistant_reviewed_candidate
disc_s_csa_0434,speech_act_018_product,train,It would help to remove two fields from the registration form. The group moved on without assigning it.,"[CURRENT]
It would help to remove two fields from the registration form. The group moved on without assigning it.",unassigned_proposal,derived_reusable_speech_act_curriculum_v1,assistant_reviewed_candidate
disc_s_csa_0435,speech_act_018_product,train,"Perhaps Gabriel could remove two fields from the registration form if there is time, but this was not agreed.","[CURRENT]
Perhaps Gabriel could remove two fields from the registration form if there is time, but this was not agreed.",hypothetical,derived_reusable_speech_act_curriculum_v1,assistant_reviewed_candidate
disc_s_csa_0436,speech_act_018_product,train,"Gabriel: I might remove two fields from the registration form, depending on capacity. Lead: Treat that as an idea, not an action.","[CURRENT]
Gabriel: I might remove two fields from the registration form, depending on capacity. Lead: Treat that as an idea, not an action.",hypothetical,derived_reusable_speech_act_curriculum_v1,assistant_reviewed_candidate
disc_s_csa_0437,speech_act_018_product,train,Gabriel already completed the work to remove two fields from the registration form yesterday.,"[CURRENT]
Gabriel already completed the work to remove two fields from the registration form yesterday.",completed_history,derived_reusable_speech_act_curriculum_v1,assistant_reviewed_candidate
disc_s_csa_0438,speech_act_018_product,train,Lead: Gabriel should remove two fields from the registration form. Gabriel: That's already done; it closed yesterday.,"[CURRENT]
Lead: Gabriel should remove two fields from the registration form. Gabriel: That's already done; it closed yesterday.",completed_history,derived_reusable_speech_act_curriculum_v1,assistant_reviewed_candidate
disc_s_csa_0439,speech_act_018_product,train,Do not remove two fields from the registration form; that proposed action has been cancelled.,"[CURRENT]
Do not remove two fields from the registration form; that proposed action has been cancelled.",state_modifier,derived_reusable_speech_act_curriculum_v1,assistant_reviewed_candidate
disc_s_csa_0440,speech_act_018_product,train,Earlier we asked Gabriel to remove two fields from the registration form. That assignment is withdrawn and must not remain open.,"[CURRENT]
Earlier we asked Gabriel to remove two fields from the registration form. That assignment is withdrawn and must not remain open.",state_modifier,derived_reusable_speech_act_curriculum_v1,assistant_reviewed_candidate
disc_s_csa_0441,speech_act_018_product,train,The team agreed to use the shorter registration journey.,"[CURRENT]
The team agreed to use the shorter registration journey.",canonical_assertion,derived_reusable_speech_act_curriculum_v1,assistant_reviewed_candidate
disc_s_csa_0442,speech_act_018_product,train,"Option A was discussed, but the final position is to use the shorter registration journey.","[CURRENT]
Option A was discussed, but the final position is to use the shorter registration journey.",canonical_assertion,derived_reusable_speech_act_curriculum_v1,assistant_reviewed_candidate
disc_s_csa_0443,speech_act_018_product,train,"Lead: Shall we use the shorter registration journey?
Team: Agreed. That's the approach we will use.","[CURRENT]
Lead: Shall we use the shorter registration journey?
Team: Agreed. That's the approach we will use.",canonical_assertion,derived_reusable_speech_act_curriculum_v1,assistant_reviewed_candidate
disc_s_csa_0444,speech_act_018_product,train,"One option would be to use the shorter registration journey, although no decision was made.","[CURRENT]
One option would be to use the shorter registration journey, although no decision was made.",unassigned_proposal,derived_reusable_speech_act_curriculum_v1,assistant_reviewed_candidate
disc_s_csa_0445,speech_act_018_product,train,The team identified that removing mandatory fields could weaken reporting.,"[CURRENT]
The team identified that removing mandatory fields could weaken reporting.",canonical_assertion,derived_reusable_speech_act_curriculum_v1,assistant_reviewed_candidate
disc_s_csa_0446,speech_act_018_product,train,"If the dependency is not resolved, removing mandatory fields could weaken reporting. The issue remains open.","[CURRENT]
If the dependency is not resolved, removing mandatory fields could weaken reporting. The issue remains open.",canonical_assertion,derived_reusable_speech_act_curriculum_v1,assistant_reviewed_candidate
disc_s_csa_0447,speech_act_018_product,train,"The team checked whether removing mandatory fields could weaken reporting, but evidence confirmed the exposure is closed and no monitoring is required.","[CURRENT]
The team checked whether removing mandatory fields could weaken reporting, but evidence confirmed the exposure is closed and no monitoring is required.",completed_history,derived_reusable_speech_act_curriculum_v1,assistant_reviewed_candidate
disc_s_csa_0448,speech_act_018_product,train,The current position is that the product work remains in progress.,"[CURRENT]
The current position is that the product work remains in progress.",supporting_detail,derived_reusable_speech_act_curriculum_v1,assistant_reviewed_candidate
disc_s_csa_0449,speech_act_018_product,train,Can everyone see the product screen? We will pause for two minutes before continuing.,"[CURRENT]
Can everyone see the product screen? We will pause for two minutes before continuing.",administrative,derived_reusable_speech_act_curriculum_v1,assistant_reviewed_candidate
disc_s_csa_0450,speech_act_018_product,train,"Gabriel: I promise I'll bring coffee to the next product call. This is social chat, not project work.","[CURRENT]
Gabriel: I promise I'll bring coffee to the next product call. This is social chat, not project work.",administrative,derived_reusable_speech_act_curriculum_v1,assistant_reviewed_candidate
disc_s_csa_0451,speech_act_019_facilities,test,Anika: I'll confirm the laboratory access list by Monday.,"[CURRENT]
Anika: I'll confirm the laboratory access list by Monday.",canonical_commitment,derived_reusable_speech_act_curriculum_v1,assistant_reviewed_candidate
disc_s_csa_0452,speech_act_019_facilities,test,Anika: I can confirm the laboratory access list. I'll have it done by Monday.,"[CURRENT]
Anika: I can confirm the laboratory access list. I'll have it done by Monday.",canonical_commitment,derived_reusable_speech_act_curriculum_v1,assistant_reviewed_candidate
disc_s_csa_0453,speech_act_019_facilities,test,"Could Anika confirm the laboratory access list by Monday? Anika: Yes, I'll take that.","[CURRENT]
Could Anika confirm the laboratory access list by Monday? Anika: Yes, I'll take that.",canonical_commitment,derived_reusable_speech_act_curriculum_v1,assistant_reviewed_candidate
disc_s_csa_0454,speech_act_019_facilities,test,"Lead: Can you confirm the laboratory access list?
Anika: Yes.
Lead: Can you finish by Monday?
Anika: That works.","[CURRENT]
Lead: Can you confirm the laboratory access list?
Anika: Yes.
Lead: Can you finish by Monday?
Anika: That works.",canonical_commitment,derived_reusable_speech_act_curriculum_v1,assistant_reviewed_candidate
disc_s_csa_0455,speech_act_019_facilities,test,Anika to confirm the laboratory access list; due Monday.,"[CURRENT]
Anika to confirm the laboratory access list; due Monday.",canonical_commitment,derived_reusable_speech_act_curriculum_v1,assistant_reviewed_candidate
disc_s_csa_0456,speech_act_019_facilities,test,"Actions recap: Anika, you're taking the item to confirm the laboratory access list. Anika: Correct, by Monday.","[CURRENT]
Actions recap: Anika, you're taking the item to confirm the laboratory access list. Anika: Correct, by Monday.",single_item_recap,derived_reusable_speech_act_curriculum_v1,assistant_reviewed_candidate
disc_s_csa_0457,speech_act_019_facilities,test,We need someone to confirm the laboratory access list. Anika: Leave that with me; Monday is fine.,"[CURRENT]
We need someone to confirm the laboratory access list. Anika: Leave that with me; Monday is fine.",canonical_commitment,derived_reusable_speech_act_curriculum_v1,assistant_reviewed_candidate
disc_s_csa_0458,speech_act_019_facilities,test,"We need to confirm the laboratory access list, but nobody accepted ownership or timing.","[CURRENT]
We need to confirm the laboratory access list, but nobody accepted ownership or timing.",unassigned_proposal,derived_reusable_speech_act_curriculum_v1,assistant_reviewed_candidate
disc_s_csa_0459,speech_act_019_facilities,test,It would help to confirm the laboratory access list. The group moved on without assigning it.,"[CURRENT]
It would help to confirm the laboratory access list. The group moved on without assigning it.",unassigned_proposal,derived_reusable_speech_act_curriculum_v1,assistant_reviewed_candidate
disc_s_csa_0460,speech_act_019_facilities,test,"Perhaps Anika could confirm the laboratory access list if there is time, but this was not agreed.","[CURRENT]
Perhaps Anika could confirm the laboratory access list if there is time, but this was not agreed.",hypothetical,derived_reusable_speech_act_curriculum_v1,assistant_reviewed_candidate
disc_s_csa_0461,speech_act_019_facilities,test,"Anika: I might confirm the laboratory access list, depending on capacity. Lead: Treat that as an idea, not an action.","[CURRENT]
Anika: I might confirm the laboratory access list, depending on capacity. Lead: Treat that as an idea, not an action.",hypothetical,derived_reusable_speech_act_curriculum_v1,assistant_reviewed_candidate
disc_s_csa_0462,speech_act_019_facilities,test,Anika already completed the work to confirm the laboratory access list yesterday.,"[CURRENT]
Anika already completed the work to confirm the laboratory access list yesterday.",completed_history,derived_reusable_speech_act_curriculum_v1,assistant_reviewed_candidate
disc_s_csa_0463,speech_act_019_facilities,test,Lead: Anika should confirm the laboratory access list. Anika: That's already done; it closed yesterday.,"[CURRENT]
Lead: Anika should confirm the laboratory access list. Anika: That's already done; it closed yesterday.",completed_history,derived_reusable_speech_act_curriculum_v1,assistant_reviewed_candidate
disc_s_csa_0464,speech_act_019_facilities,test,Do not confirm the laboratory access list; that proposed action has been cancelled.,"[CURRENT]
Do not confirm the laboratory access list; that proposed action has been cancelled.",state_modifier,derived_reusable_speech_act_curriculum_v1,assistant_reviewed_candidate
disc_s_csa_0465,speech_act_019_facilities,test,Earlier we asked Anika to confirm the laboratory access list. That assignment is withdrawn and must not remain open.,"[CURRENT]
Earlier we asked Anika to confirm the laboratory access list. That assignment is withdrawn and must not remain open.",state_modifier,derived_reusable_speech_act_curriculum_v1,assistant_reviewed_candidate
disc_s_csa_0466,speech_act_019_facilities,test,The team agreed to limit after-hours access to trained staff.,"[CURRENT]
The team agreed to limit after-hours access to trained staff.",canonical_assertion,derived_reusable_speech_act_curriculum_v1,assistant_reviewed_candidate
disc_s_csa_0467,speech_act_019_facilities,test,"Option A was discussed, but the final position is to limit after-hours access to trained staff.","[CURRENT]
Option A was discussed, but the final position is to limit after-hours access to trained staff.",canonical_assertion,derived_reusable_speech_act_curriculum_v1,assistant_reviewed_candidate
disc_s_csa_0468,speech_act_019_facilities,test,"Lead: Shall we limit after-hours access to trained staff?
Team: Agreed. That's the approach we will use.","[CURRENT]
Lead: Shall we limit after-hours access to trained staff?
Team: Agreed. That's the approach we will use.",canonical_assertion,derived_reusable_speech_act_curriculum_v1,assistant_reviewed_candidate
disc_s_csa_0469,speech_act_019_facilities,test,"One option would be to limit after-hours access to trained staff, although no decision was made.","[CURRENT]
One option would be to limit after-hours access to trained staff, although no decision was made.",unassigned_proposal,derived_reusable_speech_act_curriculum_v1,assistant_reviewed_candidate
disc_s_csa_0470,speech_act_019_facilities,test,The team identified that unapproved access could breach safety controls.,"[CURRENT]
The team identified that unapproved access could breach safety controls.",canonical_assertion,derived_reusable_speech_act_curriculum_v1,assistant_reviewed_candidate
disc_s_csa_0471,speech_act_019_facilities,test,"If the dependency is not resolved, unapproved access could breach safety controls. The issue remains open.","[CURRENT]
If the dependency is not resolved, unapproved access could breach safety controls. The issue remains open.",canonical_assertion,derived_reusable_speech_act_curriculum_v1,assistant_reviewed_candidate
disc_s_csa_0472,speech_act_019_facilities,test,"The team checked whether unapproved access could breach safety controls, but evidence confirmed the exposure is closed and no monitoring is required.","[CURRENT]
The team checked whether unapproved access could breach safety controls, but evidence confirmed the exposure is closed and no monitoring is required.",completed_history,derived_reusable_speech_act_curriculum_v1,assistant_reviewed_candidate
disc_s_csa_0473,speech_act_019_facilities,test,The current position is that the facilities work remains in progress.,"[CURRENT]
The current position is that the facilities work remains in progress.",supporting_detail,derived_reusable_speech_act_curriculum_v1,assistant_reviewed_candidate
disc_s_csa_0474,speech_act_019_facilities,test,Can everyone see the facilities screen? We will pause for two minutes before continuing.,"[CURRENT]
Can everyone see the facilities screen? We will pause for two minutes before continuing.",administrative,derived_reusable_speech_act_curriculum_v1,assistant_reviewed_candidate
disc_s_csa_0475,speech_act_019_facilities,test,"Anika: I promise I'll bring coffee to the next facilities call. This is social chat, not project work.","[CURRENT]
Anika: I promise I'll bring coffee to the next facilities call. This is social chat, not project work.",administrative,derived_reusable_speech_act_curriculum_v1,assistant_reviewed_candidate
disc_s_csa_0476,speech_act_020_training,train,Marcus: I'll send the revised facilitator pack by tomorrow morning.,"[CURRENT]
Marcus: I'll send the revised facilitator pack by tomorrow morning.",canonical_commitment,derived_reusable_speech_act_curriculum_v1,assistant_reviewed_candidate
disc_s_csa_0477,speech_act_020_training,train,Marcus: I can send the revised facilitator pack. I'll have it done by tomorrow morning.,"[CURRENT]
Marcus: I can send the revised facilitator pack. I'll have it done by tomorrow morning.",canonical_commitment,derived_reusable_speech_act_curriculum_v1,assistant_reviewed_candidate
disc_s_csa_0478,speech_act_020_training,train,"Could Marcus send the revised facilitator pack by tomorrow morning? Marcus: Yes, I'll take that.","[CURRENT]
Could Marcus send the revised facilitator pack by tomorrow morning? Marcus: Yes, I'll take that.",canonical_commitment,derived_reusable_speech_act_curriculum_v1,assistant_reviewed_candidate
disc_s_csa_0479,speech_act_020_training,train,"Lead: Can you send the revised facilitator pack?
Marcus: Yes.
Lead: Can you finish by tomorrow morning?
Marcus: That works.","[CURRENT]
Lead: Can you send the revised facilitator pack?
Marcus: Yes.
Lead: Can you finish by tomorrow morning?
Marcus: That works.",canonical_commitment,derived_reusable_speech_act_curriculum_v1,assistant_reviewed_candidate
disc_s_csa_0480,speech_act_020_training,train,Marcus to send the revised facilitator pack; due tomorrow morning.,"[CURRENT]
Marcus to send the revised facilitator pack; due tomorrow morning.",canonical_commitment,derived_reusable_speech_act_curriculum_v1,assistant_reviewed_candidate
disc_s_csa_0481,speech_act_020_training,train,"Actions recap: Marcus, you're taking the item to send the revised facilitator pack. Marcus: Correct, by tomorrow morning.","[CURRENT]
Actions recap: Marcus, you're taking the item to send the revised facilitator pack. Marcus: Correct, by tomorrow morning.",single_item_recap,derived_reusable_speech_act_curriculum_v1,assistant_reviewed_candidate
disc_s_csa_0482,speech_act_020_training,train,We need someone to send the revised facilitator pack. Marcus: Leave that with me; tomorrow morning is fine.,"[CURRENT]
We need someone to send the revised facilitator pack. Marcus: Leave that with me; tomorrow morning is fine.",canonical_commitment,derived_reusable_speech_act_curriculum_v1,assistant_reviewed_candidate
disc_s_csa_0483,speech_act_020_training,train,"We need to send the revised facilitator pack, but nobody accepted ownership or timing.","[CURRENT]
We need to send the revised facilitator pack, but nobody accepted ownership or timing.",unassigned_proposal,derived_reusable_speech_act_curriculum_v1,assistant_reviewed_candidate
disc_s_csa_0484,speech_act_020_training,train,It would help to send the revised facilitator pack. The group moved on without assigning it.,"[CURRENT]
It would help to send the revised facilitator pack. The group moved on without assigning it.",unassigned_proposal,derived_reusable_speech_act_curriculum_v1,assistant_reviewed_candidate
disc_s_csa_0485,speech_act_020_training,train,"Perhaps Marcus could send the revised facilitator pack if there is time, but this was not agreed.","[CURRENT]
Perhaps Marcus could send the revised facilitator pack if there is time, but this was not agreed.",hypothetical,derived_reusable_speech_act_curriculum_v1,assistant_reviewed_candidate
disc_s_csa_0486,speech_act_020_training,train,"Marcus: I might send the revised facilitator pack, depending on capacity. Lead: Treat that as an idea, not an action.","[CURRENT]
Marcus: I might send the revised facilitator pack, depending on capacity. Lead: Treat that as an idea, not an action.",hypothetical,derived_reusable_speech_act_curriculum_v1,assistant_reviewed_candidate
disc_s_csa_0487,speech_act_020_training,train,Marcus already completed the work to send the revised facilitator pack yesterday.,"[CURRENT]
Marcus already completed the work to send the revised facilitator pack yesterday.",completed_history,derived_reusable_speech_act_curriculum_v1,assistant_reviewed_candidate
disc_s_csa_0488,speech_act_020_training,train,Lead: Marcus should send the revised facilitator pack. Marcus: That's already done; it closed yesterday.,"[CURRENT]
Lead: Marcus should send the revised facilitator pack. Marcus: That's already done; it closed yesterday.",completed_history,derived_reusable_speech_act_curriculum_v1,assistant_reviewed_candidate
disc_s_csa_0489,speech_act_020_training,train,Do not send the revised facilitator pack; that proposed action has been cancelled.,"[CURRENT]
Do not send the revised facilitator pack; that proposed action has been cancelled.",state_modifier,derived_reusable_speech_act_curriculum_v1,assistant_reviewed_candidate
disc_s_csa_0490,speech_act_020_training,train,Earlier we asked Marcus to send the revised facilitator pack. That assignment is withdrawn and must not remain open.,"[CURRENT]
Earlier we asked Marcus to send the revised facilitator pack. That assignment is withdrawn and must not remain open.",state_modifier,derived_reusable_speech_act_curriculum_v1,assistant_reviewed_candidate
disc_s_csa_0491,speech_act_020_training,train,The team agreed to replace the lecture with two practical exercises.,"[CURRENT]
The team agreed to replace the lecture with two practical exercises.",canonical_assertion,derived_reusable_speech_act_curriculum_v1,assistant_reviewed_candidate
disc_s_csa_0492,speech_act_020_training,train,"Option A was discussed, but the final position is to replace the lecture with two practical exercises.","[CURRENT]
Option A was discussed, but the final position is to replace the lecture with two practical exercises.",canonical_assertion,derived_reusable_speech_act_curriculum_v1,assistant_reviewed_candidate
disc_s_csa_0493,speech_act_020_training,train,"Lead: Shall we replace the lecture with two practical exercises?
Team: Agreed. That's the approach we will use.","[CURRENT]
Lead: Shall we replace the lecture with two practical exercises?
Team: Agreed. That's the approach we will use.",canonical_assertion,derived_reusable_speech_act_curriculum_v1,assistant_reviewed_candidate
disc_s_csa_0494,speech_act_020_training,train,"One option would be to replace the lecture with two practical exercises, although no decision was made.","[CURRENT]
One option would be to replace the lecture with two practical exercises, although no decision was made.",unassigned_proposal,derived_reusable_speech_act_curriculum_v1,assistant_reviewed_candidate
disc_s_csa_0495,speech_act_020_training,train,The team identified that late materials could leave facilitators unprepared.,"[CURRENT]
The team identified that late materials could leave facilitators unprepared.",canonical_assertion,derived_reusable_speech_act_curriculum_v1,assistant_reviewed_candidate
disc_s_csa_0496,speech_act_020_training,train,"If the dependency is not resolved, late materials could leave facilitators unprepared. The issue remains open.","[CURRENT]
If the dependency is not resolved, late materials could leave facilitators unprepared. The issue remains open.",canonical_assertion,derived_reusable_speech_act_curriculum_v1,assistant_reviewed_candidate
disc_s_csa_0497,speech_act_020_training,train,"The team checked whether late materials could leave facilitators unprepared, but evidence confirmed the exposure is closed and no monitoring is required.","[CURRENT]
The team checked whether late materials could leave facilitators unprepared, but evidence confirmed the exposure is closed and no monitoring is required.",completed_history,derived_reusable_speech_act_curriculum_v1,assistant_reviewed_candidate
disc_s_csa_0498,speech_act_020_training,train,The current position is that the training work remains in progress.,"[CURRENT]
The current position is that the training work remains in progress.",supporting_detail,derived_reusable_speech_act_curriculum_v1,assistant_reviewed_candidate
disc_s_csa_0499,speech_act_020_training,train,Can everyone see the training screen? We will pause for two minutes before continuing.,"[CURRENT]
Can everyone see the training screen? We will pause for two minutes before continuing.",administrative,derived_reusable_speech_act_curriculum_v1,assistant_reviewed_candidate
disc_s_csa_0500,speech_act_020_training,train,"Marcus: I promise I'll bring coffee to the next training call. This is social chat, not project work.","[CURRENT]
Marcus: I promise I'll bring coffee to the next training call. This is social chat, not project work.",administrative,derived_reusable_speech_act_curriculum_v1,assistant_reviewed_candidate
disc_c_ctx_001_01,context_001_inventory,train,I'll reconcile the warehouse count.,"[PREVIOUS]
We need someone to handle this.
[CURRENT]
I'll reconcile the warehouse count.
[NEXT]
Can it be done by Friday?",canonical_commitment,derived_reviewed_contextual_curriculum_v1,human_approved
disc_c_ctx_001_02,context_001_inventory,train,Before Friday.,"[PREVIOUS]
I'll reconcile the warehouse count.
[CURRENT]
Before Friday.
[NEXT]
Yes, that works.",temporal_attachment,derived_reviewed_contextual_curriculum_v1,human_approved
disc_c_ctx_001_03,context_001_inventory,train,"Yes, I'll take that.","[PREVIOUS]
Could you reconcile the warehouse count?
[CURRENT]
Yes, I'll take that.
[NEXT]
Please finish by Friday.",acceptance,derived_reviewed_contextual_curriculum_v1,human_approved
disc_c_ctx_001_04,context_001_inventory,train,Marta will reconcile the warehouse count by Friday.,"[PREVIOUS]
The work is on the list.
[CURRENT]
Marta will reconcile the warehouse count by Friday.
[NEXT]
Let's move on.",canonical_commitment,derived_reviewed_contextual_curriculum_v1,human_approved
disc_c_ctx_001_05,context_001_inventory,train,I completed the work to reconcile the warehouse count yesterday.,"[PREVIOUS]
Here is the status.
[CURRENT]
I completed the work to reconcile the warehouse count yesterday.
[NEXT]
Nothing remains open.",completed_history,derived_reviewed_contextual_curriculum_v1,human_approved
disc_c_ctx_001_06,context_001_inventory,train,I might reconcile the warehouse count if capacity allows.,"[PREVIOUS]
We may need help.
[CURRENT]
I might reconcile the warehouse count if capacity allows.
[NEXT]
No action was agreed.",hypothetical,derived_reviewed_contextual_curriculum_v1,human_approved
disc_c_ctx_001_07,context_001_inventory,train,"Actually, another owner will reconcile the warehouse count instead.","[PREVIOUS]
Marta will reconcile the warehouse count.
[CURRENT]
Actually, another owner will reconcile the warehouse count instead.
[NEXT]
Use the new owner.",state_modifier,derived_reviewed_contextual_curriculum_v1,human_approved
disc_c_ctx_001_08,context_001_inventory,train,Do not proceed with that action.,"[PREVIOUS]
Please reconcile the warehouse count.
[CURRENT]
Do not proceed with that action.
[NEXT]
It is no longer required.",state_modifier,derived_reviewed_contextual_curriculum_v1,human_approved
disc_c_ctx_001_09,context_001_inventory,train,We agreed to use barcode scanning for the next stocktake.,"[PREVIOUS]
We should choose an approach.
[CURRENT]
We agreed to use barcode scanning for the next stocktake.
[NEXT]
That is the final position.",canonical_assertion,derived_reviewed_contextual_curriculum_v1,human_approved
disc_c_ctx_001_10,context_001_inventory,train,Agreed.,"[PREVIOUS]
The proposal is to use barcode scanning for the next stocktake.
[CURRENT]
Agreed.
[NEXT]
Let's use that approach.",acceptance,derived_reviewed_contextual_curriculum_v1,human_approved
disc_c_ctx_001_11,context_001_inventory,train,"Yes, that is the decision.","[PREVIOUS]
We agreed to use barcode scanning for the next stocktake.
[CURRENT]
Yes, that is the decision.
[NEXT]
Next topic.",single_item_recap,derived_reviewed_contextual_curriculum_v1,human_approved
disc_c_ctx_001_12,context_001_inventory,train,The team identified that late supplier files could delay reconciliation.,"[PREVIOUS]
We should review delivery exposure.
[CURRENT]
The team identified that late supplier files could delay reconciliation.
[NEXT]
The exposure remains open.",canonical_assertion,derived_reviewed_contextual_curriculum_v1,human_approved
disc_c_ctx_001_13,context_001_inventory,train,"Yes, we should monitor that.","[PREVIOUS]
The risk is that late supplier files could delay reconciliation.
[CURRENT]
Yes, we should monitor that.
[NEXT]
Add it to the register.",acceptance,derived_reviewed_contextual_curriculum_v1,human_approved
disc_c_ctx_001_14,context_001_inventory,train,That exposure was closed last week.,"[PREVIOUS]
We previously worried that late supplier files could delay reconciliation.
[CURRENT]
That exposure was closed last week.
[NEXT]
No monitoring is required.",state_modifier,derived_reviewed_contextual_curriculum_v1,human_approved
disc_c_ctx_001_15,context_001_inventory,train,Can everyone see my screen?,"[PREVIOUS]
The meeting is starting.
[CURRENT]
Can everyone see my screen?
[NEXT]
We will continue in a moment.",administrative,derived_reviewed_contextual_curriculum_v1,human_approved
disc_c_ctx_001_16,context_001_inventory,train,The inventory work remains in progress.,"[PREVIOUS]
We reviewed the background.
[CURRENT]
The inventory work remains in progress.
[NEXT]
No commitment was made.",supporting_detail,derived_reviewed_contextual_curriculum_v1,human_approved
disc_c_ctx_002_01,context_002_mobile_release,train,I'll patch the mobile login redirect.,"[PREVIOUS]
We need someone to handle this.
[CURRENT]
I'll patch the mobile login redirect.
[NEXT]
Can it be done by today?",canonical_commitment,derived_reviewed_contextual_curriculum_v1,human_approved
disc_c_ctx_002_02,context_002_mobile_release,train,Before today.,"[PREVIOUS]
I'll patch the mobile login redirect.
[CURRENT]
Before today.
[NEXT]
Yes, that works.",temporal_attachment,derived_reviewed_contextual_curriculum_v1,human_approved
disc_c_ctx_002_03,context_002_mobile_release,train,"Yes, I'll take that.","[PREVIOUS]
Could you patch the mobile login redirect?
[CURRENT]
Yes, I'll take that.
[NEXT]
Please finish by today.",acceptance,derived_reviewed_contextual_curriculum_v1,human_approved
disc_c_ctx_002_04,context_002_mobile_release,train,Elliot will patch the mobile login redirect by today.,"[PREVIOUS]
The work is on the list.
[CURRENT]
Elliot will patch the mobile login redirect by today.
[NEXT]
Let's move on.",canonical_commitment,derived_reviewed_contextual_curriculum_v1,human_approved
disc_c_ctx_002_05,context_002_mobile_release,train,I completed the work to patch the mobile login redirect yesterday.,"[PREVIOUS]
Here is the status.
[CURRENT]
I completed the work to patch the mobile login redirect yesterday.
[NEXT]
Nothing remains open.",completed_history,derived_reviewed_contextual_curriculum_v1,human_approved
disc_c_ctx_002_06,context_002_mobile_release,train,I might patch the mobile login redirect if capacity allows.,"[PREVIOUS]
We may need help.
[CURRENT]
I might patch the mobile login redirect if capacity allows.
[NEXT]
No action was agreed.",hypothetical,derived_reviewed_contextual_curriculum_v1,human_approved
disc_c_ctx_002_07,context_002_mobile_release,train,"Actually, another owner will patch the mobile login redirect instead.","[PREVIOUS]
Elliot will patch the mobile login redirect.
[CURRENT]
Actually, another owner will patch the mobile login redirect instead.
[NEXT]
Use the new owner.",state_modifier,derived_reviewed_contextual_curriculum_v1,human_approved
disc_c_ctx_002_08,context_002_mobile_release,train,Do not proceed with that action.,"[PREVIOUS]
Please patch the mobile login redirect.
[CURRENT]
Do not proceed with that action.
[NEXT]
It is no longer required.",state_modifier,derived_reviewed_contextual_curriculum_v1,human_approved
disc_c_ctx_002_09,context_002_mobile_release,train,We agreed to hold the release until smoke testing passes.,"[PREVIOUS]
We should choose an approach.
[CURRENT]
We agreed to hold the release until smoke testing passes.
[NEXT]
That is the final position.",canonical_assertion,derived_reviewed_contextual_curriculum_v1,human_approved
disc_c_ctx_002_10,context_002_mobile_release,train,Agreed.,"[PREVIOUS]
The proposal is to hold the release until smoke testing passes.
[CURRENT]
Agreed.
[NEXT]
Let's use that approach.",acceptance,derived_reviewed_contextual_curriculum_v1,human_approved
disc_c_ctx_002_11,context_002_mobile_release,train,"Yes, that is the decision.","[PREVIOUS]
We agreed to hold the release until smoke testing passes.
[CURRENT]
Yes, that is the decision.
[NEXT]
Next topic.",single_item_recap,derived_reviewed_contextual_curriculum_v1,human_approved
disc_c_ctx_002_12,context_002_mobile_release,train,The team identified that the redirect defect could block customer access.,"[PREVIOUS]
We should review delivery exposure.
[CURRENT]
The team identified that the redirect defect could block customer access.
[NEXT]
The exposure remains open.",canonical_assertion,derived_reviewed_contextual_curriculum_v1,human_approved
disc_c_ctx_002_13,context_002_mobile_release,train,"Yes, we should monitor that.","[PREVIOUS]
The risk is that the redirect defect could block customer access.
[CURRENT]
Yes, we should monitor that.
[NEXT]
Add it to the register.",acceptance,derived_reviewed_contextual_curriculum_v1,human_approved
disc_c_ctx_002_14,context_002_mobile_release,train,That exposure was closed last week.,"[PREVIOUS]
We previously worried that the redirect defect could block customer access.
[CURRENT]
That exposure was closed last week.
[NEXT]
No monitoring is required.",state_modifier,derived_reviewed_contextual_curriculum_v1,human_approved
disc_c_ctx_002_15,context_002_mobile_release,train,Can everyone see my screen?,"[PREVIOUS]
The meeting is starting.
[CURRENT]
Can everyone see my screen?
[NEXT]
We will continue in a moment.",administrative,derived_reviewed_contextual_curriculum_v1,human_approved
disc_c_ctx_002_16,context_002_mobile_release,train,The mobile release work remains in progress.,"[PREVIOUS]
We reviewed the background.
[CURRENT]
The mobile release work remains in progress.
[NEXT]
No commitment was made.",supporting_detail,derived_reviewed_contextual_curriculum_v1,human_approved
disc_c_ctx_003_01,context_003_recruitment,validation,I'll invite the shortlisted engineer to a technical interview.,"[PREVIOUS]
We need someone to handle this.
[CURRENT]
I'll invite the shortlisted engineer to a technical interview.
[NEXT]
Can it be done by tomorrow?",canonical_commitment,derived_reviewed_contextual_curriculum_v1,human_approved
disc_c_ctx_003_02,context_003_recruitment,validation,Before tomorrow.,"[PREVIOUS]
I'll invite the shortlisted engineer to a technical interview.
[CURRENT]
Before tomorrow.
[NEXT]
Yes, that works.",temporal_attachment,derived_reviewed_contextual_curriculum_v1,human_approved
disc_c_ctx_003_03,context_003_recruitment,validation,"Yes, I'll take that.","[PREVIOUS]
Could you invite the shortlisted engineer to a technical interview?
[CURRENT]
Yes, I'll take that.
[NEXT]
Please finish by tomorrow.",acceptance,derived_reviewed_contextual_curriculum_v1,human_approved
disc_c_ctx_003_04,context_003_recruitment,validation,Sana will invite the shortlisted engineer to a technical interview by tomorrow.,"[PREVIOUS]
The work is on the list.
[CURRENT]
Sana will invite the shortlisted engineer to a technical interview by tomorrow.
[NEXT]
Let's move on.",canonical_commitment,derived_reviewed_contextual_curriculum_v1,human_approved
disc_c_ctx_003_05,context_003_recruitment,validation,I completed the work to invite the shortlisted engineer to a technical interview yesterday.,"[PREVIOUS]
Here is the status.
[CURRENT]
I completed the work to invite the shortlisted engineer to a technical interview yesterday.
[NEXT]
Nothing remains open.",completed_history,derived_reviewed_contextual_curriculum_v1,human_approved
disc_c_ctx_003_06,context_003_recruitment,validation,I might invite the shortlisted engineer to a technical interview if capacity allows.,"[PREVIOUS]
We may need help.
[CURRENT]
I might invite the shortlisted engineer to a technical interview if capacity allows.
[NEXT]
No action was agreed.",hypothetical,derived_reviewed_contextual_curriculum_v1,human_approved
disc_c_ctx_003_07,context_003_recruitment,validation,"Actually, another owner will invite the shortlisted engineer to a technical interview instead.","[PREVIOUS]
Sana will invite the shortlisted engineer to a technical interview.
[CURRENT]
Actually, another owner will invite the shortlisted engineer to a technical interview instead.
[NEXT]
Use the new owner.",state_modifier,derived_reviewed_contextual_curriculum_v1,human_approved
disc_c_ctx_003_08,context_003_recruitment,validation,Do not proceed with that action.,"[PREVIOUS]
Please invite the shortlisted engineer to a technical interview.
[CURRENT]
Do not proceed with that action.
[NEXT]
It is no longer required.",state_modifier,derived_reviewed_contextual_curriculum_v1,human_approved
disc_c_ctx_003_09,context_003_recruitment,validation,We agreed to progress one candidate to the final round.,"[PREVIOUS]
We should choose an approach.
[CURRENT]
We agreed to progress one candidate to the final round.
[NEXT]
That is the final position.",canonical_assertion,derived_reviewed_contextual_curriculum_v1,human_approved
disc_c_ctx_003_10,context_003_recruitment,validation,Agreed.,"[PREVIOUS]
The proposal is to progress one candidate to the final round.
[CURRENT]
Agreed.
[NEXT]
Let's use that approach.",acceptance,derived_reviewed_contextual_curriculum_v1,human_approved
disc_c_ctx_003_11,context_003_recruitment,validation,"Yes, that is the decision.","[PREVIOUS]
We agreed to progress one candidate to the final round.
[CURRENT]
Yes, that is the decision.
[NEXT]
Next topic.",single_item_recap,derived_reviewed_contextual_curriculum_v1,human_approved
disc_c_ctx_003_12,context_003_recruitment,validation,The team identified that interviewer availability may delay the final round.,"[PREVIOUS]
We should review delivery exposure.
[CURRENT]
The team identified that interviewer availability may delay the final round.
[NEXT]
The exposure remains open.",canonical_assertion,derived_reviewed_contextual_curriculum_v1,human_approved
disc_c_ctx_003_13,context_003_recruitment,validation,"Yes, we should monitor that.","[PREVIOUS]
The risk is that interviewer availability may delay the final round.
[CURRENT]
Yes, we should monitor that.
[NEXT]
Add it to the register.",acceptance,derived_reviewed_contextual_curriculum_v1,human_approved
disc_c_ctx_003_14,context_003_recruitment,validation,That exposure was closed last week.,"[PREVIOUS]
We previously worried that interviewer availability may delay the final round.
[CURRENT]
That exposure was closed last week.
[NEXT]
No monitoring is required.",state_modifier,derived_reviewed_contextual_curriculum_v1,human_approved
disc_c_ctx_003_15,context_003_recruitment,validation,Can everyone see my screen?,"[PREVIOUS]
The meeting is starting.
[CURRENT]
Can everyone see my screen?
[NEXT]
We will continue in a moment.",administrative,derived_reviewed_contextual_curriculum_v1,human_approved
disc_c_ctx_003_16,context_003_recruitment,validation,The recruitment work remains in progress.,"[PREVIOUS]
We reviewed the background.
[CURRENT]
The recruitment work remains in progress.
[NEXT]
No commitment was made.",supporting_detail,derived_reviewed_contextual_curriculum_v1,human_approved
disc_c_ctx_004_01,context_004_budget,train,I'll circulate the revised department forecast.,"[PREVIOUS]
We need someone to handle this.
[CURRENT]
I'll circulate the revised department forecast.
[NEXT]
Can it be done by before lunch?",canonical_commitment,derived_reviewed_contextual_curriculum_v1,human_approved
disc_c_ctx_004_02,context_004_budget,train,Before before lunch.,"[PREVIOUS]
I'll circulate the revised department forecast.
[CURRENT]
Before before lunch.
[NEXT]
Yes, that works.",temporal_attachment,derived_reviewed_contextual_curriculum_v1,human_approved
disc_c_ctx_004_03,context_004_budget,train,"Yes, I'll take that.","[PREVIOUS]
Could you circulate the revised department forecast?
[CURRENT]
Yes, I'll take that.
[NEXT]
Please finish by before lunch.",acceptance,derived_reviewed_contextual_curriculum_v1,human_approved
disc_c_ctx_004_04,context_004_budget,train,Theo will circulate the revised department forecast by before lunch.,"[PREVIOUS]
The work is on the list.
[CURRENT]
Theo will circulate the revised department forecast by before lunch.
[NEXT]
Let's move on.",canonical_commitment,derived_reviewed_contextual_curriculum_v1,human_approved
disc_c_ctx_004_05,context_004_budget,train,I completed the work to circulate the revised department forecast yesterday.,"[PREVIOUS]
Here is the status.
[CURRENT]
I completed the work to circulate the revised department forecast yesterday.
[NEXT]
Nothing remains open.",completed_history,derived_reviewed_contextual_curriculum_v1,human_approved
disc_c_ctx_004_06,context_004_budget,train,I might circulate the revised department forecast if capacity allows.,"[PREVIOUS]
We may need help.
[CURRENT]
I might circulate the revised department forecast if capacity allows.
[NEXT]
No action was agreed.",hypothetical,derived_reviewed_contextual_curriculum_v1,human_approved
disc_c_ctx_004_07,context_004_budget,train,"Actually, another owner will circulate the revised department forecast instead.","[PREVIOUS]
Theo will circulate the revised department forecast.
[CURRENT]
Actually, another owner will circulate the revised department forecast instead.
[NEXT]
Use the new owner.",state_modifier,derived_reviewed_contextual_curriculum_v1,human_approved
disc_c_ctx_004_08,context_004_budget,train,Do not proceed with that action.,"[PREVIOUS]
Please circulate the revised department forecast.
[CURRENT]
Do not proceed with that action.
[NEXT]
It is no longer required.",state_modifier,derived_reviewed_contextual_curriculum_v1,human_approved
disc_c_ctx_004_09,context_004_budget,train,We agreed to defer the contractor extension.,"[PREVIOUS]
We should choose an approach.
[CURRENT]
We agreed to defer the contractor extension.
[NEXT]
That is the final position.",canonical_assertion,derived_reviewed_contextual_curriculum_v1,human_approved
disc_c_ctx_004_10,context_004_budget,train,Agreed.,"[PREVIOUS]
The proposal is to defer the contractor extension.
[CURRENT]
Agreed.
[NEXT]
Let's use that approach.",acceptance,derived_reviewed_contextual_curriculum_v1,human_approved
disc_c_ctx_004_11,context_004_budget,train,"Yes, that is the decision.","[PREVIOUS]
We agreed to defer the contractor extension.
[CURRENT]
Yes, that is the decision.
[NEXT]
Next topic.",single_item_recap,derived_reviewed_contextual_curriculum_v1,human_approved
disc_c_ctx_004_12,context_004_budget,train,The team identified that exchange-rate movement could exceed the travel budget.,"[PREVIOUS]
We should review delivery exposure.
[CURRENT]
The team identified that exchange-rate movement could exceed the travel budget.
[NEXT]
The exposure remains open.",canonical_assertion,derived_reviewed_contextual_curriculum_v1,human_approved
disc_c_ctx_004_13,context_004_budget,train,"Yes, we should monitor that.","[PREVIOUS]
The risk is that exchange-rate movement could exceed the travel budget.
[CURRENT]
Yes, we should monitor that.
[NEXT]
Add it to the register.",acceptance,derived_reviewed_contextual_curriculum_v1,human_approved
disc_c_ctx_004_14,context_004_budget,train,That exposure was closed last week.,"[PREVIOUS]
We previously worried that exchange-rate movement could exceed the travel budget.
[CURRENT]
That exposure was closed last week.
[NEXT]
No monitoring is required.",state_modifier,derived_reviewed_contextual_curriculum_v1,human_approved
disc_c_ctx_004_15,context_004_budget,train,Can everyone see my screen?,"[PREVIOUS]
The meeting is starting.
[CURRENT]
Can everyone see my screen?
[NEXT]
We will continue in a moment.",administrative,derived_reviewed_contextual_curriculum_v1,human_approved
disc_c_ctx_004_16,context_004_budget,train,The budget work remains in progress.,"[PREVIOUS]
We reviewed the background.
[CURRENT]
The budget work remains in progress.
[NEXT]
No commitment was made.",supporting_detail,derived_reviewed_contextual_curriculum_v1,human_approved
disc_c_ctx_005_01,context_005_customer_support,train,I'll create separate queues for complex support cases.,"[PREVIOUS]
We need someone to handle this.
[CURRENT]
I'll create separate queues for complex support cases.
[NEXT]
Can it be done by next Tuesday?",canonical_commitment,derived_reviewed_contextual_curriculum_v1,human_approved
disc_c_ctx_005_02,context_005_customer_support,train,Before next Tuesday.,"[PREVIOUS]
I'll create separate queues for complex support cases.
[CURRENT]
Before next Tuesday.
[NEXT]
Yes, that works.",temporal_attachment,derived_reviewed_contextual_curriculum_v1,human_approved
disc_c_ctx_005_03,context_005_customer_support,train,"Yes, I'll take that.","[PREVIOUS]
Could you create separate queues for complex support cases?
[CURRENT]
Yes, I'll take that.
[NEXT]
Please finish by next Tuesday.",acceptance,derived_reviewed_contextual_curriculum_v1,human_approved
disc_c_ctx_005_04,context_005_customer_support,train,Inez will create separate queues for complex support cases by next Tuesday.,"[PREVIOUS]
The work is on the list.
[CURRENT]
Inez will create separate queues for complex support cases by next Tuesday.
[NEXT]
Let's move on.",canonical_commitment,derived_reviewed_contextual_curriculum_v1,human_approved
disc_c_ctx_005_05,context_005_customer_support,train,I completed the work to create separate queues for complex support cases yesterday.,"[PREVIOUS]
Here is the status.
[CURRENT]
I completed the work to create separate queues for complex support cases yesterday.
[NEXT]
Nothing remains open.",completed_history,derived_reviewed_contextual_curriculum_v1,human_approved
disc_c_ctx_005_06,context_005_customer_support,train,I might create separate queues for complex support cases if capacity allows.,"[PREVIOUS]
We may need help.
[CURRENT]
I might create separate queues for complex support cases if capacity allows.
[NEXT]
No action was agreed.",hypothetical,derived_reviewed_contextual_curriculum_v1,human_approved
disc_c_ctx_005_07,context_005_customer_support,train,"Actually, another owner will create separate queues for complex support cases instead.","[PREVIOUS]
Inez will create separate queues for complex support cases.
[CURRENT]
Actually, another owner will create separate queues for complex support cases instead.
[NEXT]
Use the new owner.",state_modifier,derived_reviewed_contextual_curriculum_v1,human_approved
disc_c_ctx_005_08,context_005_customer_support,train,Do not proceed with that action.,"[PREVIOUS]
Please create separate queues for complex support cases.
[CURRENT]
Do not proceed with that action.
[NEXT]
It is no longer required.",state_modifier,derived_reviewed_contextual_curriculum_v1,human_approved
disc_c_ctx_005_09,context_005_customer_support,train,We agreed to pilot specialist triage for one month.,"[PREVIOUS]
We should choose an approach.
[CURRENT]
We agreed to pilot specialist triage for one month.
[NEXT]
That is the final position.",canonical_assertion,derived_reviewed_contextual_curriculum_v1,human_approved
disc_c_ctx_005_10,context_005_customer_support,train,Agreed.,"[PREVIOUS]
The proposal is to pilot specialist triage for one month.
[CURRENT]
Agreed.
[NEXT]
Let's use that approach.",acceptance,derived_reviewed_contextual_curriculum_v1,human_approved
disc_c_ctx_005_11,context_005_customer_support,train,"Yes, that is the decision.","[PREVIOUS]
We agreed to pilot specialist triage for one month.
[CURRENT]
Yes, that is the decision.
[NEXT]
Next topic.",single_item_recap,derived_reviewed_contextual_curriculum_v1,human_approved
disc_c_ctx_005_12,context_005_customer_support,train,The team identified that urgent cases may remain hidden in the general queue.,"[PREVIOUS]
We should review delivery exposure.
[CURRENT]
The team identified that urgent cases may remain hidden in the general queue.
[NEXT]
The exposure remains open.",canonical_assertion,derived_reviewed_contextual_curriculum_v1,human_approved
disc_c_ctx_005_13,context_005_customer_support,train,"Yes, we should monitor that.","[PREVIOUS]
The risk is that urgent cases may remain hidden in the general queue.
[CURRENT]
Yes, we should monitor that.
[NEXT]
Add it to the register.",acceptance,derived_reviewed_contextual_curriculum_v1,human_approved
disc_c_ctx_005_14,context_005_customer_support,train,That exposure was closed last week.,"[PREVIOUS]
We previously worried that urgent cases may remain hidden in the general queue.
[CURRENT]
That exposure was closed last week.
[NEXT]
No monitoring is required.",state_modifier,derived_reviewed_contextual_curriculum_v1,human_approved
disc_c_ctx_005_15,context_005_customer_support,train,Can everyone see my screen?,"[PREVIOUS]
The meeting is starting.
[CURRENT]
Can everyone see my screen?
[NEXT]
We will continue in a moment.",administrative,derived_reviewed_contextual_curriculum_v1,human_approved
disc_c_ctx_005_16,context_005_customer_support,train,The customer support work remains in progress.,"[PREVIOUS]
We reviewed the background.
[CURRENT]
The customer support work remains in progress.
[NEXT]
No commitment was made.",supporting_detail,derived_reviewed_contextual_curriculum_v1,human_approved
disc_c_ctx_006_01,context_006_supplier,train,I'll request the supplier insurance certificate.,"[PREVIOUS]
We need someone to handle this.
[CURRENT]
I'll request the supplier insurance certificate.
[NEXT]
Can it be done by Thursday?",canonical_commitment,derived_reviewed_contextual_curriculum_v1,human_approved
disc_c_ctx_006_02,context_006_supplier,train,Before Thursday.,"[PREVIOUS]
I'll request the supplier insurance certificate.
[CURRENT]
Before Thursday.
[NEXT]
Yes, that works.",temporal_attachment,derived_reviewed_contextual_curriculum_v1,human_approved
disc_c_ctx_006_03,context_006_supplier,train,"Yes, I'll take that.","[PREVIOUS]
Could you request the supplier insurance certificate?
[CURRENT]
Yes, I'll take that.
[NEXT]
Please finish by Thursday.",acceptance,derived_reviewed_contextual_curriculum_v1,human_approved
disc_c_ctx_006_04,context_006_supplier,train,Ravi will request the supplier insurance certificate by Thursday.,"[PREVIOUS]
The work is on the list.
[CURRENT]
Ravi will request the supplier insurance certificate by Thursday.
[NEXT]
Let's move on.",canonical_commitment,derived_reviewed_contextual_curriculum_v1,human_approved
disc_c_ctx_006_05,context_006_supplier,train,I completed the work to request the supplier insurance certificate yesterday.,"[PREVIOUS]
Here is the status.
[CURRENT]
I completed the work to request the supplier insurance certificate yesterday.
[NEXT]
Nothing remains open.",completed_history,derived_reviewed_contextual_curriculum_v1,human_approved
disc_c_ctx_006_06,context_006_supplier,train,I might request the supplier insurance certificate if capacity allows.,"[PREVIOUS]
We may need help.
[CURRENT]
I might request the supplier insurance certificate if capacity allows.
[NEXT]
No action was agreed.",hypothetical,derived_reviewed_contextual_curriculum_v1,human_approved
disc_c_ctx_006_07,context_006_supplier,train,"Actually, another owner will request the supplier insurance certificate instead.","[PREVIOUS]
Ravi will request the supplier insurance certificate.
[CURRENT]
Actually, another owner will request the supplier insurance certificate instead.
[NEXT]
Use the new owner.",state_modifier,derived_reviewed_contextual_curriculum_v1,human_approved
disc_c_ctx_006_08,context_006_supplier,train,Do not proceed with that action.,"[PREVIOUS]
Please request the supplier insurance certificate.
[CURRENT]
Do not proceed with that action.
[NEXT]
It is no longer required.",state_modifier,derived_reviewed_contextual_curriculum_v1,human_approved
disc_c_ctx_006_09,context_006_supplier,train,We agreed to approve onboarding only after due diligence.,"[PREVIOUS]
We should choose an approach.
[CURRENT]
We agreed to approve onboarding only after due diligence.
[NEXT]
That is the final position.",canonical_assertion,derived_reviewed_contextual_curriculum_v1,human_approved
disc_c_ctx_006_10,context_006_supplier,train,Agreed.,"[PREVIOUS]
The proposal is to approve onboarding only after due diligence.
[CURRENT]
Agreed.
[NEXT]
Let's use that approach.",acceptance,derived_reviewed_contextual_curriculum_v1,human_approved
disc_c_ctx_006_11,context_006_supplier,train,"Yes, that is the decision.","[PREVIOUS]
We agreed to approve onboarding only after due diligence.
[CURRENT]
Yes, that is the decision.
[NEXT]
Next topic.",single_item_recap,derived_reviewed_contextual_curriculum_v1,human_approved
disc_c_ctx_006_12,context_006_supplier,train,The team identified that missing insurance evidence could postpone onboarding.,"[PREVIOUS]
We should review delivery exposure.
[CURRENT]
The team identified that missing insurance evidence could postpone onboarding.
[NEXT]
The exposure remains open.",canonical_assertion,derived_reviewed_contextual_curriculum_v1,human_approved
disc_c_ctx_006_13,context_006_supplier,train,"Yes, we should monitor that.","[PREVIOUS]
The risk is that missing insurance evidence could postpone onboarding.
[CURRENT]
Yes, we should monitor that.
[NEXT]
Add it to the register.",acceptance,derived_reviewed_contextual_curriculum_v1,human_approved
disc_c_ctx_006_14,context_006_supplier,train,That exposure was closed last week.,"[PREVIOUS]
We previously worried that missing insurance evidence could postpone onboarding.
[CURRENT]
That exposure was closed last week.
[NEXT]
No monitoring is required.",state_modifier,derived_reviewed_contextual_curriculum_v1,human_approved
disc_c_ctx_006_15,context_006_supplier,train,Can everyone see my screen?,"[PREVIOUS]
The meeting is starting.
[CURRENT]
Can everyone see my screen?
[NEXT]
We will continue in a moment.",administrative,derived_reviewed_contextual_curriculum_v1,human_approved
disc_c_ctx_006_16,context_006_supplier,train,The supplier work remains in progress.,"[PREVIOUS]
We reviewed the background.
[CURRENT]
The supplier work remains in progress.
[NEXT]
No commitment was made.",supporting_detail,derived_reviewed_contextual_curriculum_v1,human_approved
disc_c_ctx_007_01,context_007_webinar,test,I'll shorten the product demonstration.,"[PREVIOUS]
We need someone to handle this.
[CURRENT]
I'll shorten the product demonstration.
[NEXT]
Can it be done by Wednesday?",canonical_commitment,derived_reviewed_contextual_curriculum_v1,human_approved
disc_c_ctx_007_02,context_007_webinar,test,Before Wednesday.,"[PREVIOUS]
I'll shorten the product demonstration.
[CURRENT]
Before Wednesday.
[NEXT]
Yes, that works.",temporal_attachment,derived_reviewed_contextual_curriculum_v1,human_approved
disc_c_ctx_007_03,context_007_webinar,test,"Yes, I'll take that.","[PREVIOUS]
Could you shorten the product demonstration?
[CURRENT]
Yes, I'll take that.
[NEXT]
Please finish by Wednesday.",acceptance,derived_reviewed_contextual_curriculum_v1,human_approved
disc_c_ctx_007_04,context_007_webinar,test,Chloe will shorten the product demonstration by Wednesday.,"[PREVIOUS]
The work is on the list.
[CURRENT]
Chloe will shorten the product demonstration by Wednesday.
[NEXT]
Let's move on.",canonical_commitment,derived_reviewed_contextual_curriculum_v1,human_approved
disc_c_ctx_007_05,context_007_webinar,test,I completed the work to shorten the product demonstration yesterday.,"[PREVIOUS]
Here is the status.
[CURRENT]
I completed the work to shorten the product demonstration yesterday.
[NEXT]
Nothing remains open.",completed_history,derived_reviewed_contextual_curriculum_v1,human_approved
disc_c_ctx_007_06,context_007_webinar,test,I might shorten the product demonstration if capacity allows.,"[PREVIOUS]
We may need help.
[CURRENT]
I might shorten the product demonstration if capacity allows.
[NEXT]
No action was agreed.",hypothetical,derived_reviewed_contextual_curriculum_v1,human_approved
disc_c_ctx_007_07,context_007_webinar,test,"Actually, another owner will shorten the product demonstration instead.","[PREVIOUS]
Chloe will shorten the product demonstration.
[CURRENT]
Actually, another owner will shorten the product demonstration instead.
[NEXT]
Use the new owner.",state_modifier,derived_reviewed_contextual_curriculum_v1,human_approved
disc_c_ctx_007_08,context_007_webinar,test,Do not proceed with that action.,"[PREVIOUS]
Please shorten the product demonstration.
[CURRENT]
Do not proceed with that action.
[NEXT]
It is no longer required.",state_modifier,derived_reviewed_contextual_curriculum_v1,human_approved
disc_c_ctx_007_09,context_007_webinar,test,We agreed to reserve the final fifteen minutes for questions.,"[PREVIOUS]
We should choose an approach.
[CURRENT]
We agreed to reserve the final fifteen minutes for questions.
[NEXT]
That is the final position.",canonical_assertion,derived_reviewed_contextual_curriculum_v1,human_approved
disc_c_ctx_007_10,context_007_webinar,test,Agreed.,"[PREVIOUS]
The proposal is to reserve the final fifteen minutes for questions.
[CURRENT]
Agreed.
[NEXT]
Let's use that approach.",acceptance,derived_reviewed_contextual_curriculum_v1,human_approved
disc_c_ctx_007_11,context_007_webinar,test,"Yes, that is the decision.","[PREVIOUS]
We agreed to reserve the final fifteen minutes for questions.
[CURRENT]
Yes, that is the decision.
[NEXT]
Next topic.",single_item_recap,derived_reviewed_contextual_curriculum_v1,human_approved
disc_c_ctx_007_12,context_007_webinar,test,The team identified that a long demonstration could crowd out questions.,"[PREVIOUS]
We should review delivery exposure.
[CURRENT]
The team identified that a long demonstration could crowd out questions.
[NEXT]
The exposure remains open.",canonical_assertion,derived_reviewed_contextual_curriculum_v1,human_approved
disc_c_ctx_007_13,context_007_webinar,test,"Yes, we should monitor that.","[PREVIOUS]
The risk is that a long demonstration could crowd out questions.
[CURRENT]
Yes, we should monitor that.
[NEXT]
Add it to the register.",acceptance,derived_reviewed_contextual_curriculum_v1,human_approved
disc_c_ctx_007_14,context_007_webinar,test,That exposure was closed last week.,"[PREVIOUS]
We previously worried that a long demonstration could crowd out questions.
[CURRENT]
That exposure was closed last week.
[NEXT]
No monitoring is required.",state_modifier,derived_reviewed_contextual_curriculum_v1,human_approved
disc_c_ctx_007_15,context_007_webinar,test,Can everyone see my screen?,"[PREVIOUS]
The meeting is starting.
[CURRENT]
Can everyone see my screen?
[NEXT]
We will continue in a moment.",administrative,derived_reviewed_contextual_curriculum_v1,human_approved
disc_c_ctx_007_16,context_007_webinar,test,The webinar work remains in progress.,"[PREVIOUS]
We reviewed the background.
[CURRENT]
The webinar work remains in progress.
[NEXT]
No commitment was made.",supporting_detail,derived_reviewed_contextual_curriculum_v1,human_approved
disc_c_ctx_008_01,context_008_security,validation,I'll disable the legacy file-transfer account.,"[PREVIOUS]
We need someone to handle this.
[CURRENT]
I'll disable the legacy file-transfer account.
[NEXT]
Can it be done by end of day?",canonical_commitment,derived_reviewed_contextual_curriculum_v1,human_approved
disc_c_ctx_008_02,context_008_security,validation,Before end of day.,"[PREVIOUS]
I'll disable the legacy file-transfer account.
[CURRENT]
Before end of day.
[NEXT]
Yes, that works.",temporal_attachment,derived_reviewed_contextual_curriculum_v1,human_approved
disc_c_ctx_008_03,context_008_security,validation,"Yes, I'll take that.","[PREVIOUS]
Could you disable the legacy file-transfer account?
[CURRENT]
Yes, I'll take that.
[NEXT]
Please finish by end of day.",acceptance,derived_reviewed_contextual_curriculum_v1,human_approved
disc_c_ctx_008_04,context_008_security,validation,Jonah will disable the legacy file-transfer account by end of day.,"[PREVIOUS]
The work is on the list.
[CURRENT]
Jonah will disable the legacy file-transfer account by end of day.
[NEXT]
Let's move on.",canonical_commitment,derived_reviewed_contextual_curriculum_v1,human_approved
disc_c_ctx_008_05,context_008_security,validation,I completed the work to disable the legacy file-transfer account yesterday.,"[PREVIOUS]
Here is the status.
[CURRENT]
I completed the work to disable the legacy file-transfer account yesterday.
[NEXT]
Nothing remains open.",completed_history,derived_reviewed_contextual_curriculum_v1,human_approved
disc_c_ctx_008_06,context_008_security,validation,I might disable the legacy file-transfer account if capacity allows.,"[PREVIOUS]
We may need help.
[CURRENT]
I might disable the legacy file-transfer account if capacity allows.
[NEXT]
No action was agreed.",hypothetical,derived_reviewed_contextual_curriculum_v1,human_approved
disc_c_ctx_008_07,context_008_security,validation,"Actually, another owner will disable the legacy file-transfer account instead.","[PREVIOUS]
Jonah will disable the legacy file-transfer account.
[CURRENT]
Actually, another owner will disable the legacy file-transfer account instead.
[NEXT]
Use the new owner.",state_modifier,derived_reviewed_contextual_curriculum_v1,human_approved
disc_c_ctx_008_08,context_008_security,validation,Do not proceed with that action.,"[PREVIOUS]
Please disable the legacy file-transfer account.
[CURRENT]
Do not proceed with that action.
[NEXT]
It is no longer required.",state_modifier,derived_reviewed_contextual_curriculum_v1,human_approved
disc_c_ctx_008_09,context_008_security,validation,We agreed to require multifactor authentication for external access.,"[PREVIOUS]
We should choose an approach.
[CURRENT]
We agreed to require multifactor authentication for external access.
[NEXT]
That is the final position.",canonical_assertion,derived_reviewed_contextual_curriculum_v1,human_approved
disc_c_ctx_008_10,context_008_security,validation,Agreed.,"[PREVIOUS]
The proposal is to require multifactor authentication for external access.
[CURRENT]
Agreed.
[NEXT]
Let's use that approach.",acceptance,derived_reviewed_contextual_curriculum_v1,human_approved
disc_c_ctx_008_11,context_008_security,validation,"Yes, that is the decision.","[PREVIOUS]
We agreed to require multifactor authentication for external access.
[CURRENT]
Yes, that is the decision.
[NEXT]
Next topic.",single_item_recap,derived_reviewed_contextual_curriculum_v1,human_approved
disc_c_ctx_008_12,context_008_security,validation,The team identified that the legacy account creates an unauthorised-access risk.,"[PREVIOUS]
We should review delivery exposure.
[CURRENT]
The team identified that the legacy account creates an unauthorised-access risk.
[NEXT]
The exposure remains open.",canonical_assertion,derived_reviewed_contextual_curriculum_v1,human_approved
disc_c_ctx_008_13,context_008_security,validation,"Yes, we should monitor that.","[PREVIOUS]
The risk is that the legacy account creates an unauthorised-access risk.
[CURRENT]
Yes, we should monitor that.
[NEXT]
Add it to the register.",acceptance,derived_reviewed_contextual_curriculum_v1,human_approved
disc_c_ctx_008_14,context_008_security,validation,That exposure was closed last week.,"[PREVIOUS]
We previously worried that the legacy account creates an unauthorised-access risk.
[CURRENT]
That exposure was closed last week.
[NEXT]
No monitoring is required.",state_modifier,derived_reviewed_contextual_curriculum_v1,human_approved
disc_c_ctx_008_15,context_008_security,validation,Can everyone see my screen?,"[PREVIOUS]
The meeting is starting.
[CURRENT]
Can everyone see my screen?
[NEXT]
We will continue in a moment.",administrative,derived_reviewed_contextual_curriculum_v1,human_approved
disc_c_ctx_008_16,context_008_security,validation,The security work remains in progress.,"[PREVIOUS]
We reviewed the background.
[CURRENT]
The security work remains in progress.
[NEXT]
No commitment was made.",supporting_detail,derived_reviewed_contextual_curriculum_v1,human_approved
disc_c_ctx_009_01,context_009_contract,train,I'll redline the termination wording.,"[PREVIOUS]
We need someone to handle this.
[CURRENT]
I'll redline the termination wording.
[NEXT]
Can it be done by Monday?",canonical_commitment,derived_reviewed_contextual_curriculum_v1,human_approved
disc_c_ctx_009_02,context_009_contract,train,Before Monday.,"[PREVIOUS]
I'll redline the termination wording.
[CURRENT]
Before Monday.
[NEXT]
Yes, that works.",temporal_attachment,derived_reviewed_contextual_curriculum_v1,human_approved
disc_c_ctx_009_03,context_009_contract,train,"Yes, I'll take that.","[PREVIOUS]
Could you redline the termination wording?
[CURRENT]
Yes, I'll take that.
[NEXT]
Please finish by Monday.",acceptance,derived_reviewed_contextual_curriculum_v1,human_approved
disc_c_ctx_009_04,context_009_contract,train,Amara will redline the termination wording by Monday.,"[PREVIOUS]
The work is on the list.
[CURRENT]
Amara will redline the termination wording by Monday.
[NEXT]
Let's move on.",canonical_commitment,derived_reviewed_contextual_curriculum_v1,human_approved
disc_c_ctx_009_05,context_009_contract,train,I completed the work to redline the termination wording yesterday.,"[PREVIOUS]
Here is the status.
[CURRENT]
I completed the work to redline the termination wording yesterday.
[NEXT]
Nothing remains open.",completed_history,derived_reviewed_contextual_curriculum_v1,human_approved
disc_c_ctx_009_06,context_009_contract,train,I might redline the termination wording if capacity allows.,"[PREVIOUS]
We may need help.
[CURRENT]
I might redline the termination wording if capacity allows.
[NEXT]
No action was agreed.",hypothetical,derived_reviewed_contextual_curriculum_v1,human_approved
disc_c_ctx_009_07,context_009_contract,train,"Actually, another owner will redline the termination wording instead.","[PREVIOUS]
Amara will redline the termination wording.
[CURRENT]
Actually, another owner will redline the termination wording instead.
[NEXT]
Use the new owner.",state_modifier,derived_reviewed_contextual_curriculum_v1,human_approved
disc_c_ctx_009_08,context_009_contract,train,Do not proceed with that action.,"[PREVIOUS]
Please redline the termination wording.
[CURRENT]
Do not proceed with that action.
[NEXT]
It is no longer required.",state_modifier,derived_reviewed_contextual_curriculum_v1,human_approved
disc_c_ctx_009_09,context_009_contract,train,We agreed to offer a twelve-month renewal.,"[PREVIOUS]
We should choose an approach.
[CURRENT]
We agreed to offer a twelve-month renewal.
[NEXT]
That is the final position.",canonical_assertion,derived_reviewed_contextual_curriculum_v1,human_approved
disc_c_ctx_009_10,context_009_contract,train,Agreed.,"[PREVIOUS]
The proposal is to offer a twelve-month renewal.
[CURRENT]
Agreed.
[NEXT]
Let's use that approach.",acceptance,derived_reviewed_contextual_curriculum_v1,human_approved
disc_c_ctx_009_11,context_009_contract,train,"Yes, that is the decision.","[PREVIOUS]
We agreed to offer a twelve-month renewal.
[CURRENT]
Yes, that is the decision.
[NEXT]
Next topic.",single_item_recap,derived_reviewed_contextual_curriculum_v1,human_approved
disc_c_ctx_009_12,context_009_contract,train,The team identified that unclear termination wording could prolong negotiation.,"[PREVIOUS]
We should review delivery exposure.
[CURRENT]
The team identified that unclear termination wording could prolong negotiation.
[NEXT]
The exposure remains open.",canonical_assertion,derived_reviewed_contextual_curriculum_v1,human_approved
disc_c_ctx_009_13,context_009_contract,train,"Yes, we should monitor that.","[PREVIOUS]
The risk is that unclear termination wording could prolong negotiation.
[CURRENT]
Yes, we should monitor that.
[NEXT]
Add it to the register.",acceptance,derived_reviewed_contextual_curriculum_v1,human_approved
disc_c_ctx_009_14,context_009_contract,train,That exposure was closed last week.,"[PREVIOUS]
We previously worried that unclear termination wording could prolong negotiation.
[CURRENT]
That exposure was closed last week.
[NEXT]
No monitoring is required.",state_modifier,derived_reviewed_contextual_curriculum_v1,human_approved
disc_c_ctx_009_15,context_009_contract,train,Can everyone see my screen?,"[PREVIOUS]
The meeting is starting.
[CURRENT]
Can everyone see my screen?
[NEXT]
We will continue in a moment.",administrative,derived_reviewed_contextual_curriculum_v1,human_approved
disc_c_ctx_009_16,context_009_contract,train,The contract work remains in progress.,"[PREVIOUS]
We reviewed the background.
[CURRENT]
The contract work remains in progress.
[NEXT]
No commitment was made.",supporting_detail,derived_reviewed_contextual_curriculum_v1,human_approved
disc_c_ctx_010_01,context_010_audit,train,I'll prepare the audit evidence index.,"[PREVIOUS]
We need someone to handle this.
[CURRENT]
I'll prepare the audit evidence index.
[NEXT]
Can it be done by next week?",canonical_commitment,derived_reviewed_contextual_curriculum_v1,human_approved
disc_c_ctx_010_02,context_010_audit,train,Before next week.,"[PREVIOUS]
I'll prepare the audit evidence index.
[CURRENT]
Before next week.
[NEXT]
Yes, that works.",temporal_attachment,derived_reviewed_contextual_curriculum_v1,human_approved
disc_c_ctx_010_03,context_010_audit,train,"Yes, I'll take that.","[PREVIOUS]
Could you prepare the audit evidence index?
[CURRENT]
Yes, I'll take that.
[NEXT]
Please finish by next week.",acceptance,derived_reviewed_contextual_curriculum_v1,human_approved
disc_c_ctx_010_04,context_010_audit,train,Louis will prepare the audit evidence index by next week.,"[PREVIOUS]
The work is on the list.
[CURRENT]
Louis will prepare the audit evidence index by next week.
[NEXT]
Let's move on.",canonical_commitment,derived_reviewed_contextual_curriculum_v1,human_approved
disc_c_ctx_010_05,context_010_audit,train,I completed the work to prepare the audit evidence index yesterday.,"[PREVIOUS]
Here is the status.
[CURRENT]
I completed the work to prepare the audit evidence index yesterday.
[NEXT]
Nothing remains open.",completed_history,derived_reviewed_contextual_curriculum_v1,human_approved
disc_c_ctx_010_06,context_010_audit,train,I might prepare the audit evidence index if capacity allows.,"[PREVIOUS]
We may need help.
[CURRENT]
I might prepare the audit evidence index if capacity allows.
[NEXT]
No action was agreed.",hypothetical,derived_reviewed_contextual_curriculum_v1,human_approved
disc_c_ctx_010_07,context_010_audit,train,"Actually, another owner will prepare the audit evidence index instead.","[PREVIOUS]
Louis will prepare the audit evidence index.
[CURRENT]
Actually, another owner will prepare the audit evidence index instead.
[NEXT]
Use the new owner.",state_modifier,derived_reviewed_contextual_curriculum_v1,human_approved
disc_c_ctx_010_08,context_010_audit,train,Do not proceed with that action.,"[PREVIOUS]
Please prepare the audit evidence index.
[CURRENT]
Do not proceed with that action.
[NEXT]
It is no longer required.",state_modifier,derived_reviewed_contextual_curriculum_v1,human_approved
disc_c_ctx_010_09,context_010_audit,train,We agreed to sample two additional operational processes.,"[PREVIOUS]
We should choose an approach.
[CURRENT]
We agreed to sample two additional operational processes.
[NEXT]
That is the final position.",canonical_assertion,derived_reviewed_contextual_curriculum_v1,human_approved
disc_c_ctx_010_10,context_010_audit,train,Agreed.,"[PREVIOUS]
The proposal is to sample two additional operational processes.
[CURRENT]
Agreed.
[NEXT]
Let's use that approach.",acceptance,derived_reviewed_contextual_curriculum_v1,human_approved
disc_c_ctx_010_11,context_010_audit,train,"Yes, that is the decision.","[PREVIOUS]
We agreed to sample two additional operational processes.
[CURRENT]
Yes, that is the decision.
[NEXT]
Next topic.",single_item_recap,derived_reviewed_contextual_curriculum_v1,human_approved
disc_c_ctx_010_12,context_010_audit,train,The team identified that missing records could prevent completion of the audit plan.,"[PREVIOUS]
We should review delivery exposure.
[CURRENT]
The team identified that missing records could prevent completion of the audit plan.
[NEXT]
The exposure remains open.",canonical_assertion,derived_reviewed_contextual_curriculum_v1,human_approved
disc_c_ctx_010_13,context_010_audit,train,"Yes, we should monitor that.","[PREVIOUS]
The risk is that missing records could prevent completion of the audit plan.
[CURRENT]
Yes, we should monitor that.
[NEXT]
Add it to the register.",acceptance,derived_reviewed_contextual_curriculum_v1,human_approved
disc_c_ctx_010_14,context_010_audit,train,That exposure was closed last week.,"[PREVIOUS]
We previously worried that missing records could prevent completion of the audit plan.
[CURRENT]
That exposure was closed last week.
[NEXT]
No monitoring is required.",state_modifier,derived_reviewed_contextual_curriculum_v1,human_approved
disc_c_ctx_010_15,context_010_audit,train,Can everyone see my screen?,"[PREVIOUS]
The meeting is starting.
[CURRENT]
Can everyone see my screen?
[NEXT]
We will continue in a moment.",administrative,derived_reviewed_contextual_curriculum_v1,human_approved
disc_c_ctx_010_16,context_010_audit,train,The audit work remains in progress.,"[PREVIOUS]
We reviewed the background.
[CURRENT]
The audit work remains in progress.
[NEXT]
No commitment was made.",supporting_detail,derived_reviewed_contextual_curriculum_v1,human_approved
disc_c_ctx_011_01,context_011_marketing,train,I'll update the campaign launch schedule.,"[PREVIOUS]
We need someone to handle this.
[CURRENT]
I'll update the campaign launch schedule.
[NEXT]
Can it be done by Tuesday?",canonical_commitment,derived_reviewed_contextual_curriculum_v1,human_approved
disc_c_ctx_011_02,context_011_marketing,train,Before Tuesday.,"[PREVIOUS]
I'll update the campaign launch schedule.
[CURRENT]
Before Tuesday.
[NEXT]
Yes, that works.",temporal_attachment,derived_reviewed_contextual_curriculum_v1,human_approved
disc_c_ctx_011_03,context_011_marketing,train,"Yes, I'll take that.","[PREVIOUS]
Could you update the campaign launch schedule?
[CURRENT]
Yes, I'll take that.
[NEXT]
Please finish by Tuesday.",acceptance,derived_reviewed_contextual_curriculum_v1,human_approved
disc_c_ctx_011_04,context_011_marketing,train,Mei will update the campaign launch schedule by Tuesday.,"[PREVIOUS]
The work is on the list.
[CURRENT]
Mei will update the campaign launch schedule by Tuesday.
[NEXT]
Let's move on.",canonical_commitment,derived_reviewed_contextual_curriculum_v1,human_approved
disc_c_ctx_011_05,context_011_marketing,train,I completed the work to update the campaign launch schedule yesterday.,"[PREVIOUS]
Here is the status.
[CURRENT]
I completed the work to update the campaign launch schedule yesterday.
[NEXT]
Nothing remains open.",completed_history,derived_reviewed_contextual_curriculum_v1,human_approved
disc_c_ctx_011_06,context_011_marketing,train,I might update the campaign launch schedule if capacity allows.,"[PREVIOUS]
We may need help.
[CURRENT]
I might update the campaign launch schedule if capacity allows.
[NEXT]
No action was agreed.",hypothetical,derived_reviewed_contextual_curriculum_v1,human_approved
disc_c_ctx_011_07,context_011_marketing,train,"Actually, another owner will update the campaign launch schedule instead.","[PREVIOUS]
Mei will update the campaign launch schedule.
[CURRENT]
Actually, another owner will update the campaign launch schedule instead.
[NEXT]
Use the new owner.",state_modifier,derived_reviewed_contextual_curriculum_v1,human_approved
disc_c_ctx_011_08,context_011_marketing,train,Do not proceed with that action.,"[PREVIOUS]
Please update the campaign launch schedule.
[CURRENT]
Do not proceed with that action.
[NEXT]
It is no longer required.",state_modifier,derived_reviewed_contextual_curriculum_v1,human_approved
disc_c_ctx_011_09,context_011_marketing,train,We agreed to move the regional campaign into September.,"[PREVIOUS]
We should choose an approach.
[CURRENT]
We agreed to move the regional campaign into September.
[NEXT]
That is the final position.",canonical_assertion,derived_reviewed_contextual_curriculum_v1,human_approved
disc_c_ctx_011_10,context_011_marketing,train,Agreed.,"[PREVIOUS]
The proposal is to move the regional campaign into September.
[CURRENT]
Agreed.
[NEXT]
Let's use that approach.",acceptance,derived_reviewed_contextual_curriculum_v1,human_approved
disc_c_ctx_011_11,context_011_marketing,train,"Yes, that is the decision.","[PREVIOUS]
We agreed to move the regional campaign into September.
[CURRENT]
Yes, that is the decision.
[NEXT]
Next topic.",single_item_recap,derived_reviewed_contextual_curriculum_v1,human_approved
disc_c_ctx_011_12,context_011_marketing,train,The team identified that creative approval may slip beyond the media booking date.,"[PREVIOUS]
We should review delivery exposure.
[CURRENT]
The team identified that creative approval may slip beyond the media booking date.
[NEXT]
The exposure remains open.",canonical_assertion,derived_reviewed_contextual_curriculum_v1,human_approved
disc_c_ctx_011_13,context_011_marketing,train,"Yes, we should monitor that.","[PREVIOUS]
The risk is that creative approval may slip beyond the media booking date.
[CURRENT]
Yes, we should monitor that.
[NEXT]
Add it to the register.",acceptance,derived_reviewed_contextual_curriculum_v1,human_approved
disc_c_ctx_011_14,context_011_marketing,train,That exposure was closed last week.,"[PREVIOUS]
We previously worried that creative approval may slip beyond the media booking date.
[CURRENT]
That exposure was closed last week.
[NEXT]
No monitoring is required.",state_modifier,derived_reviewed_contextual_curriculum_v1,human_approved
disc_c_ctx_011_15,context_011_marketing,train,Can everyone see my screen?,"[PREVIOUS]
The meeting is starting.
[CURRENT]
Can everyone see my screen?
[NEXT]
We will continue in a moment.",administrative,derived_reviewed_contextual_curriculum_v1,human_approved
disc_c_ctx_011_16,context_011_marketing,train,The marketing work remains in progress.,"[PREVIOUS]
We reviewed the background.
[CURRENT]
The marketing work remains in progress.
[NEXT]
No commitment was made.",supporting_detail,derived_reviewed_contextual_curriculum_v1,human_approved
disc_c_ctx_012_01,context_012_operations,test,I'll update the weekend duty rota.,"[PREVIOUS]
We need someone to handle this.
[CURRENT]
I'll update the weekend duty rota.
[NEXT]
Can it be done by this afternoon?",canonical_commitment,derived_reviewed_contextual_curriculum_v1,human_approved
disc_c_ctx_012_02,context_012_operations,test,Before this afternoon.,"[PREVIOUS]
I'll update the weekend duty rota.
[CURRENT]
Before this afternoon.
[NEXT]
Yes, that works.",temporal_attachment,derived_reviewed_contextual_curriculum_v1,human_approved
disc_c_ctx_012_03,context_012_operations,test,"Yes, I'll take that.","[PREVIOUS]
Could you update the weekend duty rota?
[CURRENT]
Yes, I'll take that.
[NEXT]
Please finish by this afternoon.",acceptance,derived_reviewed_contextual_curriculum_v1,human_approved
disc_c_ctx_012_04,context_012_operations,test,Declan will update the weekend duty rota by this afternoon.,"[PREVIOUS]
The work is on the list.
[CURRENT]
Declan will update the weekend duty rota by this afternoon.
[NEXT]
Let's move on.",canonical_commitment,derived_reviewed_contextual_curriculum_v1,human_approved
disc_c_ctx_012_05,context_012_operations,test,I completed the work to update the weekend duty rota yesterday.,"[PREVIOUS]
Here is the status.
[CURRENT]
I completed the work to update the weekend duty rota yesterday.
[NEXT]
Nothing remains open.",completed_history,derived_reviewed_contextual_curriculum_v1,human_approved
disc_c_ctx_012_06,context_012_operations,test,I might update the weekend duty rota if capacity allows.,"[PREVIOUS]
We may need help.
[CURRENT]
I might update the weekend duty rota if capacity allows.
[NEXT]
No action was agreed.",hypothetical,derived_reviewed_contextual_curriculum_v1,human_approved
disc_c_ctx_012_07,context_012_operations,test,"Actually, another owner will update the weekend duty rota instead.","[PREVIOUS]
Declan will update the weekend duty rota.
[CURRENT]
Actually, another owner will update the weekend duty rota instead.
[NEXT]
Use the new owner.",state_modifier,derived_reviewed_contextual_curriculum_v1,human_approved
disc_c_ctx_012_08,context_012_operations,test,Do not proceed with that action.,"[PREVIOUS]
Please update the weekend duty rota.
[CURRENT]
Do not proceed with that action.
[NEXT]
It is no longer required.",state_modifier,derived_reviewed_contextual_curriculum_v1,human_approved
disc_c_ctx_012_09,context_012_operations,test,We agreed to keep weekend support within the internal team.,"[PREVIOUS]
We should choose an approach.
[CURRENT]
We agreed to keep weekend support within the internal team.
[NEXT]
That is the final position.",canonical_assertion,derived_reviewed_contextual_curriculum_v1,human_approved
disc_c_ctx_012_10,context_012_operations,test,Agreed.,"[PREVIOUS]
The proposal is to keep weekend support within the internal team.
[CURRENT]
Agreed.
[NEXT]
Let's use that approach.",acceptance,derived_reviewed_contextual_curriculum_v1,human_approved
disc_c_ctx_012_11,context_012_operations,test,"Yes, that is the decision.","[PREVIOUS]
We agreed to keep weekend support within the internal team.
[CURRENT]
Yes, that is the decision.
[NEXT]
Next topic.",single_item_recap,derived_reviewed_contextual_curriculum_v1,human_approved
disc_c_ctx_012_12,context_012_operations,test,The team identified that insufficient weekend cover could delay incident response.,"[PREVIOUS]
We should review delivery exposure.
[CURRENT]
The team identified that insufficient weekend cover could delay incident response.
[NEXT]
The exposure remains open.",canonical_assertion,derived_reviewed_contextual_curriculum_v1,human_approved
disc_c_ctx_012_13,context_012_operations,test,"Yes, we should monitor that.","[PREVIOUS]
The risk is that insufficient weekend cover could delay incident response.
[CURRENT]
Yes, we should monitor that.
[NEXT]
Add it to the register.",acceptance,derived_reviewed_contextual_curriculum_v1,human_approved
disc_c_ctx_012_14,context_012_operations,test,That exposure was closed last week.,"[PREVIOUS]
We previously worried that insufficient weekend cover could delay incident response.
[CURRENT]
That exposure was closed last week.
[NEXT]
No monitoring is required.",state_modifier,derived_reviewed_contextual_curriculum_v1,human_approved
disc_c_ctx_012_15,context_012_operations,test,Can everyone see my screen?,"[PREVIOUS]
The meeting is starting.
[CURRENT]
Can everyone see my screen?
[NEXT]
We will continue in a moment.",administrative,derived_reviewed_contextual_curriculum_v1,human_approved
disc_c_ctx_012_16,context_012_operations,test,The operations work remains in progress.,"[PREVIOUS]
We reviewed the background.
[CURRENT]
The operations work remains in progress.
[NEXT]
No commitment was made.",supporting_detail,derived_reviewed_contextual_curriculum_v1,human_approved
disc_c_ctx_013_01,context_013_documentation,train,I'll rewrite the account-permissions guide.,"[PREVIOUS]
We need someone to handle this.
[CURRENT]
I'll rewrite the account-permissions guide.
[NEXT]
Can it be done by Friday?",canonical_commitment,derived_reviewed_contextual_curriculum_v1,human_approved
disc_c_ctx_013_02,context_013_documentation,train,Before Friday.,"[PREVIOUS]
I'll rewrite the account-permissions guide.
[CURRENT]
Before Friday.
[NEXT]
Yes, that works.",temporal_attachment,derived_reviewed_contextual_curriculum_v1,human_approved
disc_c_ctx_013_03,context_013_documentation,train,"Yes, I'll take that.","[PREVIOUS]
Could you rewrite the account-permissions guide?
[CURRENT]
Yes, I'll take that.
[NEXT]
Please finish by Friday.",acceptance,derived_reviewed_contextual_curriculum_v1,human_approved
disc_c_ctx_013_04,context_013_documentation,train,Nora will rewrite the account-permissions guide by Friday.,"[PREVIOUS]
The work is on the list.
[CURRENT]
Nora will rewrite the account-permissions guide by Friday.
[NEXT]
Let's move on.",canonical_commitment,derived_reviewed_contextual_curriculum_v1,human_approved
disc_c_ctx_013_05,context_013_documentation,train,I completed the work to rewrite the account-permissions guide yesterday.,"[PREVIOUS]
Here is the status.
[CURRENT]
I completed the work to rewrite the account-permissions guide yesterday.
[NEXT]
Nothing remains open.",completed_history,derived_reviewed_contextual_curriculum_v1,human_approved
disc_c_ctx_013_06,context_013_documentation,train,I might rewrite the account-permissions guide if capacity allows.,"[PREVIOUS]
We may need help.
[CURRENT]
I might rewrite the account-permissions guide if capacity allows.
[NEXT]
No action was agreed.",hypothetical,derived_reviewed_contextual_curriculum_v1,human_approved
disc_c_ctx_013_07,context_013_documentation,train,"Actually, another owner will rewrite the account-permissions guide instead.","[PREVIOUS]
Nora will rewrite the account-permissions guide.
[CURRENT]
Actually, another owner will rewrite the account-permissions guide instead.
[NEXT]
Use the new owner.",state_modifier,derived_reviewed_contextual_curriculum_v1,human_approved
disc_c_ctx_013_08,context_013_documentation,train,Do not proceed with that action.,"[PREVIOUS]
Please rewrite the account-permissions guide.
[CURRENT]
Do not proceed with that action.
[NEXT]
It is no longer required.",state_modifier,derived_reviewed_contextual_curriculum_v1,human_approved
disc_c_ctx_013_09,context_013_documentation,train,We agreed to publish one combined onboarding guide.,"[PREVIOUS]
We should choose an approach.
[CURRENT]
We agreed to publish one combined onboarding guide.
[NEXT]
That is the final position.",canonical_assertion,derived_reviewed_contextual_curriculum_v1,human_approved
disc_c_ctx_013_10,context_013_documentation,train,Agreed.,"[PREVIOUS]
The proposal is to publish one combined onboarding guide.
[CURRENT]
Agreed.
[NEXT]
Let's use that approach.",acceptance,derived_reviewed_contextual_curriculum_v1,human_approved
disc_c_ctx_013_11,context_013_documentation,train,"Yes, that is the decision.","[PREVIOUS]
We agreed to publish one combined onboarding guide.
[CURRENT]
Yes, that is the decision.
[NEXT]
Next topic.",single_item_recap,derived_reviewed_contextual_curriculum_v1,human_approved
disc_c_ctx_013_12,context_013_documentation,train,The team identified that ambiguous permissions guidance is increasing support demand.,"[PREVIOUS]
We should review delivery exposure.
[CURRENT]
The team identified that ambiguous permissions guidance is increasing support demand.
[NEXT]
The exposure remains open.",canonical_assertion,derived_reviewed_contextual_curriculum_v1,human_approved
disc_c_ctx_013_13,context_013_documentation,train,"Yes, we should monitor that.","[PREVIOUS]
The risk is that ambiguous permissions guidance is increasing support demand.
[CURRENT]
Yes, we should monitor that.
[NEXT]
Add it to the register.",acceptance,derived_reviewed_contextual_curriculum_v1,human_approved
disc_c_ctx_013_14,context_013_documentation,train,That exposure was closed last week.,"[PREVIOUS]
We previously worried that ambiguous permissions guidance is increasing support demand.
[CURRENT]
That exposure was closed last week.
[NEXT]
No monitoring is required.",state_modifier,derived_reviewed_contextual_curriculum_v1,human_approved
disc_c_ctx_013_15,context_013_documentation,train,Can everyone see my screen?,"[PREVIOUS]
The meeting is starting.
[CURRENT]
Can everyone see my screen?
[NEXT]
We will continue in a moment.",administrative,derived_reviewed_contextual_curriculum_v1,human_approved
disc_c_ctx_013_16,context_013_documentation,train,The documentation work remains in progress.,"[PREVIOUS]
We reviewed the background.
[CURRENT]
The documentation work remains in progress.
[NEXT]
No commitment was made.",supporting_detail,derived_reviewed_contextual_curriculum_v1,human_approved
disc_c_ctx_014_01,context_014_analytics,train,I'll refresh the quarterly sales forecast.,"[PREVIOUS]
We need someone to handle this.
[CURRENT]
I'll refresh the quarterly sales forecast.
[NEXT]
Can it be done by Tuesday morning?",canonical_commitment,derived_reviewed_contextual_curriculum_v1,human_approved
disc_c_ctx_014_02,context_014_analytics,train,Before Tuesday morning.,"[PREVIOUS]
I'll refresh the quarterly sales forecast.
[CURRENT]
Before Tuesday morning.
[NEXT]
Yes, that works.",temporal_attachment,derived_reviewed_contextual_curriculum_v1,human_approved
disc_c_ctx_014_03,context_014_analytics,train,"Yes, I'll take that.","[PREVIOUS]
Could you refresh the quarterly sales forecast?
[CURRENT]
Yes, I'll take that.
[NEXT]
Please finish by Tuesday morning.",acceptance,derived_reviewed_contextual_curriculum_v1,human_approved
disc_c_ctx_014_04,context_014_analytics,train,Omar will refresh the quarterly sales forecast by Tuesday morning.,"[PREVIOUS]
The work is on the list.
[CURRENT]
Omar will refresh the quarterly sales forecast by Tuesday morning.
[NEXT]
Let's move on.",canonical_commitment,derived_reviewed_contextual_curriculum_v1,human_approved
disc_c_ctx_014_05,context_014_analytics,train,I completed the work to refresh the quarterly sales forecast yesterday.,"[PREVIOUS]
Here is the status.
[CURRENT]
I completed the work to refresh the quarterly sales forecast yesterday.
[NEXT]
Nothing remains open.",completed_history,derived_reviewed_contextual_curriculum_v1,human_approved
disc_c_ctx_014_06,context_014_analytics,train,I might refresh the quarterly sales forecast if capacity allows.,"[PREVIOUS]
We may need help.
[CURRENT]
I might refresh the quarterly sales forecast if capacity allows.
[NEXT]
No action was agreed.",hypothetical,derived_reviewed_contextual_curriculum_v1,human_approved
disc_c_ctx_014_07,context_014_analytics,train,"Actually, another owner will refresh the quarterly sales forecast instead.","[PREVIOUS]
Omar will refresh the quarterly sales forecast.
[CURRENT]
Actually, another owner will refresh the quarterly sales forecast instead.
[NEXT]
Use the new owner.",state_modifier,derived_reviewed_contextual_curriculum_v1,human_approved
disc_c_ctx_014_08,context_014_analytics,train,Do not proceed with that action.,"[PREVIOUS]
Please refresh the quarterly sales forecast.
[CURRENT]
Do not proceed with that action.
[NEXT]
It is no longer required.",state_modifier,derived_reviewed_contextual_curriculum_v1,human_approved
disc_c_ctx_014_09,context_014_analytics,train,We agreed to focus pipeline reviews on logistics and healthcare.,"[PREVIOUS]
We should choose an approach.
[CURRENT]
We agreed to focus pipeline reviews on logistics and healthcare.
[NEXT]
That is the final position.",canonical_assertion,derived_reviewed_contextual_curriculum_v1,human_approved
disc_c_ctx_014_10,context_014_analytics,train,Agreed.,"[PREVIOUS]
The proposal is to focus pipeline reviews on logistics and healthcare.
[CURRENT]
Agreed.
[NEXT]
Let's use that approach.",acceptance,derived_reviewed_contextual_curriculum_v1,human_approved
disc_c_ctx_014_11,context_014_analytics,train,"Yes, that is the decision.","[PREVIOUS]
We agreed to focus pipeline reviews on logistics and healthcare.
[CURRENT]
Yes, that is the decision.
[NEXT]
Next topic.",single_item_recap,derived_reviewed_contextual_curriculum_v1,human_approved
disc_c_ctx_014_12,context_014_analytics,train,The team identified that two unqualified opportunities may distort the forecast.,"[PREVIOUS]
We should review delivery exposure.
[CURRENT]
The team identified that two unqualified opportunities may distort the forecast.
[NEXT]
The exposure remains open.",canonical_assertion,derived_reviewed_contextual_curriculum_v1,human_approved
disc_c_ctx_014_13,context_014_analytics,train,"Yes, we should monitor that.","[PREVIOUS]
The risk is that two unqualified opportunities may distort the forecast.
[CURRENT]
Yes, we should monitor that.
[NEXT]
Add it to the register.",acceptance,derived_reviewed_contextual_curriculum_v1,human_approved
disc_c_ctx_014_14,context_014_analytics,train,That exposure was closed last week.,"[PREVIOUS]
We previously worried that two unqualified opportunities may distort the forecast.
[CURRENT]
That exposure was closed last week.
[NEXT]
No monitoring is required.",state_modifier,derived_reviewed_contextual_curriculum_v1,human_approved
disc_c_ctx_014_15,context_014_analytics,train,Can everyone see my screen?,"[PREVIOUS]
The meeting is starting.
[CURRENT]
Can everyone see my screen?
[NEXT]
We will continue in a moment.",administrative,derived_reviewed_contextual_curriculum_v1,human_approved
disc_c_ctx_014_16,context_014_analytics,train,The analytics work remains in progress.,"[PREVIOUS]
We reviewed the background.
[CURRENT]
The analytics work remains in progress.
[NEXT]
No commitment was made.",supporting_detail,derived_reviewed_contextual_curriculum_v1,human_approved
disc_c_ctx_015_01,context_015_quality,train,I'll upload the signed corrective-action response.,"[PREVIOUS]
We need someone to handle this.
[CURRENT]
I'll upload the signed corrective-action response.
[NEXT]
Can it be done by close tomorrow?",canonical_commitment,derived_reviewed_contextual_curriculum_v1,human_approved
disc_c_ctx_015_02,context_015_quality,train,Before close tomorrow.,"[PREVIOUS]
I'll upload the signed corrective-action response.
[CURRENT]
Before close tomorrow.
[NEXT]
Yes, that works.",temporal_attachment,derived_reviewed_contextual_curriculum_v1,human_approved
disc_c_ctx_015_03,context_015_quality,train,"Yes, I'll take that.","[PREVIOUS]
Could you upload the signed corrective-action response?
[CURRENT]
Yes, I'll take that.
[NEXT]
Please finish by close tomorrow.",acceptance,derived_reviewed_contextual_curriculum_v1,human_approved
disc_c_ctx_015_04,context_015_quality,train,Priya will upload the signed corrective-action response by close tomorrow.,"[PREVIOUS]
The work is on the list.
[CURRENT]
Priya will upload the signed corrective-action response by close tomorrow.
[NEXT]
Let's move on.",canonical_commitment,derived_reviewed_contextual_curriculum_v1,human_approved
disc_c_ctx_015_05,context_015_quality,train,I completed the work to upload the signed corrective-action response yesterday.,"[PREVIOUS]
Here is the status.
[CURRENT]
I completed the work to upload the signed corrective-action response yesterday.
[NEXT]
Nothing remains open.",completed_history,derived_reviewed_contextual_curriculum_v1,human_approved
disc_c_ctx_015_06,context_015_quality,train,I might upload the signed corrective-action response if capacity allows.,"[PREVIOUS]
We may need help.
[CURRENT]
I might upload the signed corrective-action response if capacity allows.
[NEXT]
No action was agreed.",hypothetical,derived_reviewed_contextual_curriculum_v1,human_approved
disc_c_ctx_015_07,context_015_quality,train,"Actually, another owner will upload the signed corrective-action response instead.","[PREVIOUS]
Priya will upload the signed corrective-action response.
[CURRENT]
Actually, another owner will upload the signed corrective-action response instead.
[NEXT]
Use the new owner.",state_modifier,derived_reviewed_contextual_curriculum_v1,human_approved
disc_c_ctx_015_08,context_015_quality,train,Do not proceed with that action.,"[PREVIOUS]
Please upload the signed corrective-action response.
[CURRENT]
Do not proceed with that action.
[NEXT]
It is no longer required.",state_modifier,derived_reviewed_contextual_curriculum_v1,human_approved
disc_c_ctx_015_09,context_015_quality,train,We agreed to retain the supplier on the approved list.,"[PREVIOUS]
We should choose an approach.
[CURRENT]
We agreed to retain the supplier on the approved list.
[NEXT]
That is the final position.",canonical_assertion,derived_reviewed_contextual_curriculum_v1,human_approved
disc_c_ctx_015_10,context_015_quality,train,Agreed.,"[PREVIOUS]
The proposal is to retain the supplier on the approved list.
[CURRENT]
Agreed.
[NEXT]
Let's use that approach.",acceptance,derived_reviewed_contextual_curriculum_v1,human_approved
disc_c_ctx_015_11,context_015_quality,train,"Yes, that is the decision.","[PREVIOUS]
We agreed to retain the supplier on the approved list.
[CURRENT]
Yes, that is the decision.
[NEXT]
Next topic.",single_item_recap,derived_reviewed_contextual_curriculum_v1,human_approved
disc_c_ctx_015_12,context_015_quality,train,The team identified that an overdue corrective action could affect supplier approval.,"[PREVIOUS]
We should review delivery exposure.
[CURRENT]
The team identified that an overdue corrective action could affect supplier approval.
[NEXT]
The exposure remains open.",canonical_assertion,derived_reviewed_contextual_curriculum_v1,human_approved
disc_c_ctx_015_13,context_015_quality,train,"Yes, we should monitor that.","[PREVIOUS]
The risk is that an overdue corrective action could affect supplier approval.
[CURRENT]
Yes, we should monitor that.
[NEXT]
Add it to the register.",acceptance,derived_reviewed_contextual_curriculum_v1,human_approved
disc_c_ctx_015_14,context_015_quality,train,That exposure was closed last week.,"[PREVIOUS]
We previously worried that an overdue corrective action could affect supplier approval.
[CURRENT]
That exposure was closed last week.
[NEXT]
No monitoring is required.",state_modifier,derived_reviewed_contextual_curriculum_v1,human_approved
disc_c_ctx_015_15,context_015_quality,train,Can everyone see my screen?,"[PREVIOUS]
The meeting is starting.
[CURRENT]
Can everyone see my screen?
[NEXT]
We will continue in a moment.",administrative,derived_reviewed_contextual_curriculum_v1,human_approved
disc_c_ctx_015_16,context_015_quality,train,The quality work remains in progress.,"[PREVIOUS]
We reviewed the background.
[CURRENT]
The quality work remains in progress.
[NEXT]
No commitment was made.",supporting_detail,derived_reviewed_contextual_curriculum_v1,human_approved
disc_c_ctx_016_01,context_016_planning,validation,I'll reschedule the programme check-in.,"[PREVIOUS]
We need someone to handle this.
[CURRENT]
I'll reschedule the programme check-in.
[NEXT]
Can it be done by today?",canonical_commitment,derived_reviewed_contextual_curriculum_v1,human_approved
disc_c_ctx_016_02,context_016_planning,validation,Before today.,"[PREVIOUS]
I'll reschedule the programme check-in.
[CURRENT]
Before today.
[NEXT]
Yes, that works.",temporal_attachment,derived_reviewed_contextual_curriculum_v1,human_approved
disc_c_ctx_016_03,context_016_planning,validation,"Yes, I'll take that.","[PREVIOUS]
Could you reschedule the programme check-in?
[CURRENT]
Yes, I'll take that.
[NEXT]
Please finish by today.",acceptance,derived_reviewed_contextual_curriculum_v1,human_approved
disc_c_ctx_016_04,context_016_planning,validation,David will reschedule the programme check-in by today.,"[PREVIOUS]
The work is on the list.
[CURRENT]
David will reschedule the programme check-in by today.
[NEXT]
Let's move on.",canonical_commitment,derived_reviewed_contextual_curriculum_v1,human_approved
disc_c_ctx_016_05,context_016_planning,validation,I completed the work to reschedule the programme check-in yesterday.,"[PREVIOUS]
Here is the status.
[CURRENT]
I completed the work to reschedule the programme check-in yesterday.
[NEXT]
Nothing remains open.",completed_history,derived_reviewed_contextual_curriculum_v1,human_approved
disc_c_ctx_016_06,context_016_planning,validation,I might reschedule the programme check-in if capacity allows.,"[PREVIOUS]
We may need help.
[CURRENT]
I might reschedule the programme check-in if capacity allows.
[NEXT]
No action was agreed.",hypothetical,derived_reviewed_contextual_curriculum_v1,human_approved
disc_c_ctx_016_07,context_016_planning,validation,"Actually, another owner will reschedule the programme check-in instead.","[PREVIOUS]
David will reschedule the programme check-in.
[CURRENT]
Actually, another owner will reschedule the programme check-in instead.
[NEXT]
Use the new owner.",state_modifier,derived_reviewed_contextual_curriculum_v1,human_approved
disc_c_ctx_016_08,context_016_planning,validation,Do not proceed with that action.,"[PREVIOUS]
Please reschedule the programme check-in.
[CURRENT]
Do not proceed with that action.
[NEXT]
It is no longer required.",state_modifier,derived_reviewed_contextual_curriculum_v1,human_approved
disc_c_ctx_016_09,context_016_planning,validation,We agreed to hold the check-in on Friday at noon.,"[PREVIOUS]
We should choose an approach.
[CURRENT]
We agreed to hold the check-in on Friday at noon.
[NEXT]
That is the final position.",canonical_assertion,derived_reviewed_contextual_curriculum_v1,human_approved
disc_c_ctx_016_10,context_016_planning,validation,Agreed.,"[PREVIOUS]
The proposal is to hold the check-in on Friday at noon.
[CURRENT]
Agreed.
[NEXT]
Let's use that approach.",acceptance,derived_reviewed_contextual_curriculum_v1,human_approved
disc_c_ctx_016_11,context_016_planning,validation,"Yes, that is the decision.","[PREVIOUS]
We agreed to hold the check-in on Friday at noon.
[CURRENT]
Yes, that is the decision.
[NEXT]
Next topic.",single_item_recap,derived_reviewed_contextual_curriculum_v1,human_approved
disc_c_ctx_016_12,context_016_planning,validation,The team identified that the proposed time may conflict with the client workshop.,"[PREVIOUS]
We should review delivery exposure.
[CURRENT]
The team identified that the proposed time may conflict with the client workshop.
[NEXT]
The exposure remains open.",canonical_assertion,derived_reviewed_contextual_curriculum_v1,human_approved
disc_c_ctx_016_13,context_016_planning,validation,"Yes, we should monitor that.","[PREVIOUS]
The risk is that the proposed time may conflict with the client workshop.
[CURRENT]
Yes, we should monitor that.
[NEXT]
Add it to the register.",acceptance,derived_reviewed_contextual_curriculum_v1,human_approved
disc_c_ctx_016_14,context_016_planning,validation,That exposure was closed last week.,"[PREVIOUS]
We previously worried that the proposed time may conflict with the client workshop.
[CURRENT]
That exposure was closed last week.
[NEXT]
No monitoring is required.",state_modifier,derived_reviewed_contextual_curriculum_v1,human_approved
disc_c_ctx_016_15,context_016_planning,validation,Can everyone see my screen?,"[PREVIOUS]
The meeting is starting.
[CURRENT]
Can everyone see my screen?
[NEXT]
We will continue in a moment.",administrative,derived_reviewed_contextual_curriculum_v1,human_approved
disc_c_ctx_016_16,context_016_planning,validation,The planning work remains in progress.,"[PREVIOUS]
We reviewed the background.
[CURRENT]
The planning work remains in progress.
[NEXT]
No commitment was made.",supporting_detail,derived_reviewed_contextual_curriculum_v1,human_approved
disc_c_ctx_017_01,context_017_data_migration,train,I'll verify the customer mapping file.,"[PREVIOUS]
We need someone to handle this.
[CURRENT]
I'll verify the customer mapping file.
[NEXT]
Can it be done by Thursday?",canonical_commitment,derived_reviewed_contextual_curriculum_v1,human_approved
disc_c_ctx_017_02,context_017_data_migration,train,Before Thursday.,"[PREVIOUS]
I'll verify the customer mapping file.
[CURRENT]
Before Thursday.
[NEXT]
Yes, that works.",temporal_attachment,derived_reviewed_contextual_curriculum_v1,human_approved
disc_c_ctx_017_03,context_017_data_migration,train,"Yes, I'll take that.","[PREVIOUS]
Could you verify the customer mapping file?
[CURRENT]
Yes, I'll take that.
[NEXT]
Please finish by Thursday.",acceptance,derived_reviewed_contextual_curriculum_v1,human_approved
disc_c_ctx_017_04,context_017_data_migration,train,Fatima will verify the customer mapping file by Thursday.,"[PREVIOUS]
The work is on the list.
[CURRENT]
Fatima will verify the customer mapping file by Thursday.
[NEXT]
Let's move on.",canonical_commitment,derived_reviewed_contextual_curriculum_v1,human_approved
disc_c_ctx_017_05,context_017_data_migration,train,I completed the work to verify the customer mapping file yesterday.,"[PREVIOUS]
Here is the status.
[CURRENT]
I completed the work to verify the customer mapping file yesterday.
[NEXT]
Nothing remains open.",completed_history,derived_reviewed_contextual_curriculum_v1,human_approved
disc_c_ctx_017_06,context_017_data_migration,train,I might verify the customer mapping file if capacity allows.,"[PREVIOUS]
We may need help.
[CURRENT]
I might verify the customer mapping file if capacity allows.
[NEXT]
No action was agreed.",hypothetical,derived_reviewed_contextual_curriculum_v1,human_approved
disc_c_ctx_017_07,context_017_data_migration,train,"Actually, another owner will verify the customer mapping file instead.","[PREVIOUS]
Fatima will verify the customer mapping file.
[CURRENT]
Actually, another owner will verify the customer mapping file instead.
[NEXT]
Use the new owner.",state_modifier,derived_reviewed_contextual_curriculum_v1,human_approved
disc_c_ctx_017_08,context_017_data_migration,train,Do not proceed with that action.,"[PREVIOUS]
Please verify the customer mapping file.
[CURRENT]
Do not proceed with that action.
[NEXT]
It is no longer required.",state_modifier,derived_reviewed_contextual_curriculum_v1,human_approved
disc_c_ctx_017_09,context_017_data_migration,train,We agreed to run a phased migration by region.,"[PREVIOUS]
We should choose an approach.
[CURRENT]
We agreed to run a phased migration by region.
[NEXT]
That is the final position.",canonical_assertion,derived_reviewed_contextual_curriculum_v1,human_approved
disc_c_ctx_017_10,context_017_data_migration,train,Agreed.,"[PREVIOUS]
The proposal is to run a phased migration by region.
[CURRENT]
Agreed.
[NEXT]
Let's use that approach.",acceptance,derived_reviewed_contextual_curriculum_v1,human_approved
disc_c_ctx_017_11,context_017_data_migration,train,"Yes, that is the decision.","[PREVIOUS]
We agreed to run a phased migration by region.
[CURRENT]
Yes, that is the decision.
[NEXT]
Next topic.",single_item_recap,derived_reviewed_contextual_curriculum_v1,human_approved
disc_c_ctx_017_12,context_017_data_migration,train,The team identified that duplicate customer identifiers could corrupt the import.,"[PREVIOUS]
We should review delivery exposure.
[CURRENT]
The team identified that duplicate customer identifiers could corrupt the import.
[NEXT]
The exposure remains open.",canonical_assertion,derived_reviewed_contextual_curriculum_v1,human_approved
disc_c_ctx_017_13,context_017_data_migration,train,"Yes, we should monitor that.","[PREVIOUS]
The risk is that duplicate customer identifiers could corrupt the import.
[CURRENT]
Yes, we should monitor that.
[NEXT]
Add it to the register.",acceptance,derived_reviewed_contextual_curriculum_v1,human_approved
disc_c_ctx_017_14,context_017_data_migration,train,That exposure was closed last week.,"[PREVIOUS]
We previously worried that duplicate customer identifiers could corrupt the import.
[CURRENT]
That exposure was closed last week.
[NEXT]
No monitoring is required.",state_modifier,derived_reviewed_contextual_curriculum_v1,human_approved
disc_c_ctx_017_15,context_017_data_migration,train,Can everyone see my screen?,"[PREVIOUS]
The meeting is starting.
[CURRENT]
Can everyone see my screen?
[NEXT]
We will continue in a moment.",administrative,derived_reviewed_contextual_curriculum_v1,human_approved
disc_c_ctx_017_16,context_017_data_migration,train,The data migration work remains in progress.,"[PREVIOUS]
We reviewed the background.
[CURRENT]
The data migration work remains in progress.
[NEXT]
No commitment was made.",supporting_detail,derived_reviewed_contextual_curriculum_v1,human_approved
disc_c_ctx_018_01,context_018_product,train,I'll remove two fields from the registration form.,"[PREVIOUS]
We need someone to handle this.
[CURRENT]
I'll remove two fields from the registration form.
[NEXT]
Can it be done by before release?",canonical_commitment,derived_reviewed_contextual_curriculum_v1,human_approved
disc_c_ctx_018_02,context_018_product,train,Before before release.,"[PREVIOUS]
I'll remove two fields from the registration form.
[CURRENT]
Before before release.
[NEXT]
Yes, that works.",temporal_attachment,derived_reviewed_contextual_curriculum_v1,human_approved
disc_c_ctx_018_03,context_018_product,train,"Yes, I'll take that.","[PREVIOUS]
Could you remove two fields from the registration form?
[CURRENT]
Yes, I'll take that.
[NEXT]
Please finish by before release.",acceptance,derived_reviewed_contextual_curriculum_v1,human_approved
disc_c_ctx_018_04,context_018_product,train,Gabriel will remove two fields from the registration form by before release.,"[PREVIOUS]
The work is on the list.
[CURRENT]
Gabriel will remove two fields from the registration form by before release.
[NEXT]
Let's move on.",canonical_commitment,derived_reviewed_contextual_curriculum_v1,human_approved
disc_c_ctx_018_05,context_018_product,train,I completed the work to remove two fields from the registration form yesterday.,"[PREVIOUS]
Here is the status.
[CURRENT]
I completed the work to remove two fields from the registration form yesterday.
[NEXT]
Nothing remains open.",completed_history,derived_reviewed_contextual_curriculum_v1,human_approved
disc_c_ctx_018_06,context_018_product,train,I might remove two fields from the registration form if capacity allows.,"[PREVIOUS]
We may need help.
[CURRENT]
I might remove two fields from the registration form if capacity allows.
[NEXT]
No action was agreed.",hypothetical,derived_reviewed_contextual_curriculum_v1,human_approved
disc_c_ctx_018_07,context_018_product,train,"Actually, another owner will remove two fields from the registration form instead.","[PREVIOUS]
Gabriel will remove two fields from the registration form.
[CURRENT]
Actually, another owner will remove two fields from the registration form instead.
[NEXT]
Use the new owner.",state_modifier,derived_reviewed_contextual_curriculum_v1,human_approved
disc_c_ctx_018_08,context_018_product,train,Do not proceed with that action.,"[PREVIOUS]
Please remove two fields from the registration form.
[CURRENT]
Do not proceed with that action.
[NEXT]
It is no longer required.",state_modifier,derived_reviewed_contextual_curriculum_v1,human_approved
disc_c_ctx_018_09,context_018_product,train,We agreed to use the shorter registration journey.,"[PREVIOUS]
We should choose an approach.
[CURRENT]
We agreed to use the shorter registration journey.
[NEXT]
That is the final position.",canonical_assertion,derived_reviewed_contextual_curriculum_v1,human_approved
disc_c_ctx_018_10,context_018_product,train,Agreed.,"[PREVIOUS]
The proposal is to use the shorter registration journey.
[CURRENT]
Agreed.
[NEXT]
Let's use that approach.",acceptance,derived_reviewed_contextual_curriculum_v1,human_approved
disc_c_ctx_018_11,context_018_product,train,"Yes, that is the decision.","[PREVIOUS]
We agreed to use the shorter registration journey.
[CURRENT]
Yes, that is the decision.
[NEXT]
Next topic.",single_item_recap,derived_reviewed_contextual_curriculum_v1,human_approved
disc_c_ctx_018_12,context_018_product,train,The team identified that removing mandatory fields could weaken reporting.,"[PREVIOUS]
We should review delivery exposure.
[CURRENT]
The team identified that removing mandatory fields could weaken reporting.
[NEXT]
The exposure remains open.",canonical_assertion,derived_reviewed_contextual_curriculum_v1,human_approved
disc_c_ctx_018_13,context_018_product,train,"Yes, we should monitor that.","[PREVIOUS]
The risk is that removing mandatory fields could weaken reporting.
[CURRENT]
Yes, we should monitor that.
[NEXT]
Add it to the register.",acceptance,derived_reviewed_contextual_curriculum_v1,human_approved
disc_c_ctx_018_14,context_018_product,train,That exposure was closed last week.,"[PREVIOUS]
We previously worried that removing mandatory fields could weaken reporting.
[CURRENT]
That exposure was closed last week.
[NEXT]
No monitoring is required.",state_modifier,derived_reviewed_contextual_curriculum_v1,human_approved
disc_c_ctx_018_15,context_018_product,train,Can everyone see my screen?,"[PREVIOUS]
The meeting is starting.
[CURRENT]
Can everyone see my screen?
[NEXT]
We will continue in a moment.",administrative,derived_reviewed_contextual_curriculum_v1,human_approved
disc_c_ctx_018_16,context_018_product,train,The product work remains in progress.,"[PREVIOUS]
We reviewed the background.
[CURRENT]
The product work remains in progress.
[NEXT]
No commitment was made.",supporting_detail,derived_reviewed_contextual_curriculum_v1,human_approved
disc_c_ctx_019_01,context_019_facilities,test,I'll confirm the laboratory access list.,"[PREVIOUS]
We need someone to handle this.
[CURRENT]
I'll confirm the laboratory access list.
[NEXT]
Can it be done by Monday?",canonical_commitment,derived_reviewed_contextual_curriculum_v1,human_approved
disc_c_ctx_019_02,context_019_facilities,test,Before Monday.,"[PREVIOUS]
I'll confirm the laboratory access list.
[CURRENT]
Before Monday.
[NEXT]
Yes, that works.",temporal_attachment,derived_reviewed_contextual_curriculum_v1,human_approved
disc_c_ctx_019_03,context_019_facilities,test,"Yes, I'll take that.","[PREVIOUS]
Could you confirm the laboratory access list?
[CURRENT]
Yes, I'll take that.
[NEXT]
Please finish by Monday.",acceptance,derived_reviewed_contextual_curriculum_v1,human_approved
disc_c_ctx_019_04,context_019_facilities,test,Anika will confirm the laboratory access list by Monday.,"[PREVIOUS]
The work is on the list.
[CURRENT]
Anika will confirm the laboratory access list by Monday.
[NEXT]
Let's move on.",canonical_commitment,derived_reviewed_contextual_curriculum_v1,human_approved
disc_c_ctx_019_05,context_019_facilities,test,I completed the work to confirm the laboratory access list yesterday.,"[PREVIOUS]
Here is the status.
[CURRENT]
I completed the work to confirm the laboratory access list yesterday.
[NEXT]
Nothing remains open.",completed_history,derived_reviewed_contextual_curriculum_v1,human_approved
disc_c_ctx_019_06,context_019_facilities,test,I might confirm the laboratory access list if capacity allows.,"[PREVIOUS]
We may need help.
[CURRENT]
I might confirm the laboratory access list if capacity allows.
[NEXT]
No action was agreed.",hypothetical,derived_reviewed_contextual_curriculum_v1,human_approved
disc_c_ctx_019_07,context_019_facilities,test,"Actually, another owner will confirm the laboratory access list instead.","[PREVIOUS]
Anika will confirm the laboratory access list.
[CURRENT]
Actually, another owner will confirm the laboratory access list instead.
[NEXT]
Use the new owner.",state_modifier,derived_reviewed_contextual_curriculum_v1,human_approved
disc_c_ctx_019_08,context_019_facilities,test,Do not proceed with that action.,"[PREVIOUS]
Please confirm the laboratory access list.
[CURRENT]
Do not proceed with that action.
[NEXT]
It is no longer required.",state_modifier,derived_reviewed_contextual_curriculum_v1,human_approved
disc_c_ctx_019_09,context_019_facilities,test,We agreed to limit after-hours access to trained staff.,"[PREVIOUS]
We should choose an approach.
[CURRENT]
We agreed to limit after-hours access to trained staff.
[NEXT]
That is the final position.",canonical_assertion,derived_reviewed_contextual_curriculum_v1,human_approved
disc_c_ctx_019_10,context_019_facilities,test,Agreed.,"[PREVIOUS]
The proposal is to limit after-hours access to trained staff.
[CURRENT]
Agreed.
[NEXT]
Let's use that approach.",acceptance,derived_reviewed_contextual_curriculum_v1,human_approved
disc_c_ctx_019_11,context_019_facilities,test,"Yes, that is the decision.","[PREVIOUS]
We agreed to limit after-hours access to trained staff.
[CURRENT]
Yes, that is the decision.
[NEXT]
Next topic.",single_item_recap,derived_reviewed_contextual_curriculum_v1,human_approved
disc_c_ctx_019_12,context_019_facilities,test,The team identified that unapproved access could breach safety controls.,"[PREVIOUS]
We should review delivery exposure.
[CURRENT]
The team identified that unapproved access could breach safety controls.
[NEXT]
The exposure remains open.",canonical_assertion,derived_reviewed_contextual_curriculum_v1,human_approved
disc_c_ctx_019_13,context_019_facilities,test,"Yes, we should monitor that.","[PREVIOUS]
The risk is that unapproved access could breach safety controls.
[CURRENT]
Yes, we should monitor that.
[NEXT]
Add it to the register.",acceptance,derived_reviewed_contextual_curriculum_v1,human_approved
disc_c_ctx_019_14,context_019_facilities,test,That exposure was closed last week.,"[PREVIOUS]
We previously worried that unapproved access could breach safety controls.
[CURRENT]
That exposure was closed last week.
[NEXT]
No monitoring is required.",state_modifier,derived_reviewed_contextual_curriculum_v1,human_approved
disc_c_ctx_019_15,context_019_facilities,test,Can everyone see my screen?,"[PREVIOUS]
The meeting is starting.
[CURRENT]
Can everyone see my screen?
[NEXT]
We will continue in a moment.",administrative,derived_reviewed_contextual_curriculum_v1,human_approved
disc_c_ctx_019_16,context_019_facilities,test,The facilities work remains in progress.,"[PREVIOUS]
We reviewed the background.
[CURRENT]
The facilities work remains in progress.
[NEXT]
No commitment was made.",supporting_detail,derived_reviewed_contextual_curriculum_v1,human_approved
disc_c_ctx_020_01,context_020_training,train,I'll send the revised facilitator pack.,"[PREVIOUS]
We need someone to handle this.
[CURRENT]
I'll send the revised facilitator pack.
[NEXT]
Can it be done by tomorrow morning?",canonical_commitment,derived_reviewed_contextual_curriculum_v1,human_approved
disc_c_ctx_020_02,context_020_training,train,Before tomorrow morning.,"[PREVIOUS]
I'll send the revised facilitator pack.
[CURRENT]
Before tomorrow morning.
[NEXT]
Yes, that works.",temporal_attachment,derived_reviewed_contextual_curriculum_v1,human_approved
disc_c_ctx_020_03,context_020_training,train,"Yes, I'll take that.","[PREVIOUS]
Could you send the revised facilitator pack?
[CURRENT]
Yes, I'll take that.
[NEXT]
Please finish by tomorrow morning.",acceptance,derived_reviewed_contextual_curriculum_v1,human_approved
disc_c_ctx_020_04,context_020_training,train,Marcus will send the revised facilitator pack by tomorrow morning.,"[PREVIOUS]
The work is on the list.
[CURRENT]
Marcus will send the revised facilitator pack by tomorrow morning.
[NEXT]
Let's move on.",canonical_commitment,derived_reviewed_contextual_curriculum_v1,human_approved
disc_c_ctx_020_05,context_020_training,train,I completed the work to send the revised facilitator pack yesterday.,"[PREVIOUS]
Here is the status.
[CURRENT]
I completed the work to send the revised facilitator pack yesterday.
[NEXT]
Nothing remains open.",completed_history,derived_reviewed_contextual_curriculum_v1,human_approved
disc_c_ctx_020_06,context_020_training,train,I might send the revised facilitator pack if capacity allows.,"[PREVIOUS]
We may need help.
[CURRENT]
I might send the revised facilitator pack if capacity allows.
[NEXT]
No action was agreed.",hypothetical,derived_reviewed_contextual_curriculum_v1,human_approved
disc_c_ctx_020_07,context_020_training,train,"Actually, another owner will send the revised facilitator pack instead.","[PREVIOUS]
Marcus will send the revised facilitator pack.
[CURRENT]
Actually, another owner will send the revised facilitator pack instead.
[NEXT]
Use the new owner.",state_modifier,derived_reviewed_contextual_curriculum_v1,human_approved
disc_c_ctx_020_08,context_020_training,train,Do not proceed with that action.,"[PREVIOUS]
Please send the revised facilitator pack.
[CURRENT]
Do not proceed with that action.
[NEXT]
It is no longer required.",state_modifier,derived_reviewed_contextual_curriculum_v1,human_approved
disc_c_ctx_020_09,context_020_training,train,We agreed to replace the lecture with two practical exercises.,"[PREVIOUS]
We should choose an approach.
[CURRENT]
We agreed to replace the lecture with two practical exercises.
[NEXT]
That is the final position.",canonical_assertion,derived_reviewed_contextual_curriculum_v1,human_approved
disc_c_ctx_020_10,context_020_training,train,Agreed.,"[PREVIOUS]
The proposal is to replace the lecture with two practical exercises.
[CURRENT]
Agreed.
[NEXT]
Let's use that approach.",acceptance,derived_reviewed_contextual_curriculum_v1,human_approved
disc_c_ctx_020_11,context_020_training,train,"Yes, that is the decision.","[PREVIOUS]
We agreed to replace the lecture with two practical exercises.
[CURRENT]
Yes, that is the decision.
[NEXT]
Next topic.",single_item_recap,derived_reviewed_contextual_curriculum_v1,human_approved
disc_c_ctx_020_12,context_020_training,train,The team identified that late materials could leave facilitators unprepared.,"[PREVIOUS]
We should review delivery exposure.
[CURRENT]
The team identified that late materials could leave facilitators unprepared.
[NEXT]
The exposure remains open.",canonical_assertion,derived_reviewed_contextual_curriculum_v1,human_approved
disc_c_ctx_020_13,context_020_training,train,"Yes, we should monitor that.","[PREVIOUS]
The risk is that late materials could leave facilitators unprepared.
[CURRENT]
Yes, we should monitor that.
[NEXT]
Add it to the register.",acceptance,derived_reviewed_contextual_curriculum_v1,human_approved
disc_c_ctx_020_14,context_020_training,train,That exposure was closed last week.,"[PREVIOUS]
We previously worried that late materials could leave facilitators unprepared.
[CURRENT]
That exposure was closed last week.
[NEXT]
No monitoring is required.",state_modifier,derived_reviewed_contextual_curriculum_v1,human_approved
disc_c_ctx_020_15,context_020_training,train,Can everyone see my screen?,"[PREVIOUS]
The meeting is starting.
[CURRENT]
Can everyone see my screen?
[NEXT]
We will continue in a moment.",administrative,derived_reviewed_contextual_curriculum_v1,human_approved
disc_c_ctx_020_16,context_020_training,train,The training work remains in progress.,"[PREVIOUS]
We reviewed the background.
[CURRENT]
The training work remains in progress.
[NEXT]
No commitment was made.",supporting_detail,derived_reviewed_contextual_curriculum_v1,human_approved
disc_h_001_01,discourse_hard_001_inventory,test,Marta: I'll reconcile the warehouse count.,"[PREVIOUS]
We need an owner.
[CURRENT]
Marta: I'll reconcile the warehouse count.
[NEXT]
Can you finish by Friday?",canonical_commitment,ai_generated_event_level_hard_contrasts_v1,assistant_reviewed_candidate
disc_h_001_02,discourse_hard_001_inventory,test,"Yes, I'll take it.","[PREVIOUS]
Could you reconcile the warehouse count?
[CURRENT]
Yes, I'll take it.
[NEXT]
By Friday, please.",canonical_commitment,ai_generated_event_level_hard_contrasts_v1,assistant_reviewed_candidate
disc_h_001_03,discourse_hard_001_inventory,test,Action: Marta will reconcile the warehouse count by Friday.,"[PREVIOUS]
Marta accepted the work.
[CURRENT]
Action: Marta will reconcile the warehouse count by Friday.
[NEXT]
Next item.",single_item_recap,ai_generated_event_level_hard_contrasts_v1,assistant_reviewed_candidate
disc_h_001_04,discourse_hard_001_inventory,test,Agreed.,"[PREVIOUS]
The proposal is to use barcode scanning for the next stocktake.
[CURRENT]
Agreed.
[NEXT]
That settles the approach.",acceptance,ai_generated_event_level_hard_contrasts_v1,assistant_reviewed_candidate
disc_h_001_05,discourse_hard_001_inventory,test,Decision: we will use barcode scanning for the next stocktake.,"[PREVIOUS]
We need a final position.
[CURRENT]
Decision: we will use barcode scanning for the next stocktake.
[NEXT]
The matter is closed.",canonical_assertion,ai_generated_event_level_hard_contrasts_v1,assistant_reviewed_candidate
disc_h_001_06,discourse_hard_001_inventory,test,Decision: no additional inventory testing is required.,"[PREVIOUS]
Should we commission another review cycle?
[CURRENT]
Decision: no additional inventory testing is required.
[NEXT]
The existing evidence is sufficient.",canonical_assertion,ai_generated_event_level_hard_contrasts_v1,assistant_reviewed_candidate
disc_h_001_07,discourse_hard_001_inventory,test,We will not carry out another round of testing.,"[PREVIOUS]
A further verification round was proposed.
[CURRENT]
We will not carry out another round of testing.
[NEXT]
The group agreed that it would add no value.",canonical_assertion,ai_generated_event_level_hard_contrasts_v1,assistant_reviewed_candidate
disc_h_001_08,discourse_hard_001_inventory,test,No further testing is required.,"[PREVIOUS]
The team asked whether more checking was needed.
[CURRENT]
No further testing is required.
[NEXT]
That is the settled decision.",canonical_assertion,ai_generated_event_level_hard_contrasts_v1,assistant_reviewed_candidate
disc_h_001_09,discourse_hard_001_inventory,test,The group formally approved the decision to use barcode scanning for the next stocktake.,"[PREVIOUS]
We discussed whether to use barcode scanning for the next stocktake.
[CURRENT]
The group formally approved the decision to use barcode scanning for the next stocktake.
[NEXT]
Record that in the minutes.",canonical_assertion,ai_generated_event_level_hard_contrasts_v1,assistant_reviewed_candidate
disc_h_001_10,discourse_hard_001_inventory,test,"To recap, we agreed to use barcode scanning for the next stocktake, noted that late supplier files could delay reconciliation, and assigned Marta to reconcile the warehouse count.","[PREVIOUS]
Several items were resolved.
[CURRENT]
To recap, we agreed to use barcode scanning for the next stocktake, noted that late supplier files could delay reconciliation, and assigned Marta to reconcile the warehouse count.
[NEXT]
There is nothing else to add.",multi_item_recap,ai_generated_event_level_hard_contrasts_v1,assistant_reviewed_candidate
disc_h_001_11,discourse_hard_001_inventory,test,"We approved the inventory approach, accepted the delivery exposure, and confirmed the supplier choice.","[PREVIOUS]
Let's summarise everything.
[CURRENT]
We approved the inventory approach, accepted the delivery exposure, and confirmed the supplier choice.
[NEXT]
No new decision is being made in this recap.",multi_item_recap,ai_generated_event_level_hard_contrasts_v1,assistant_reviewed_candidate
disc_h_001_12,discourse_hard_001_inventory,test,"Yes, that's the decision.","[PREVIOUS]
The decision was to use barcode scanning for the next stocktake.
[CURRENT]
Yes, that's the decision.
[NEXT]
Next topic.",single_item_recap,ai_generated_event_level_hard_contrasts_v1,assistant_reviewed_candidate
disc_h_001_13,discourse_hard_001_inventory,test,We approved the choice to use barcode scanning for the next stocktake last month.,"[PREVIOUS]
This was resolved before today's meeting.
[CURRENT]
We approved the choice to use barcode scanning for the next stocktake last month.
[NEXT]
The paperwork is already complete.",completed_history,ai_generated_event_level_hard_contrasts_v1,assistant_reviewed_candidate
disc_h_001_14,discourse_hard_001_inventory,test,The work to reconcile the warehouse count was completed yesterday.,"[PREVIOUS]
Here is the latest status.
[CURRENT]
The work to reconcile the warehouse count was completed yesterday.
[NEXT]
No outstanding task remains.",completed_history,ai_generated_event_level_hard_contrasts_v1,assistant_reviewed_candidate
disc_h_001_15,discourse_hard_001_inventory,test,That assignment has been withdrawn.,"[PREVIOUS]
Marta was going to reconcile the warehouse count.
[CURRENT]
That assignment has been withdrawn.
[NEXT]
Do not keep it as an open action.",state_modifier,ai_generated_event_level_hard_contrasts_v1,assistant_reviewed_candidate
disc_h_001_16,discourse_hard_001_inventory,test,"Actually, Lee will reconcile the warehouse count instead.","[PREVIOUS]
Marta owns the task.
[CURRENT]
Actually, Lee will reconcile the warehouse count instead.
[NEXT]
Use Lee as the new owner.",state_modifier,ai_generated_event_level_hard_contrasts_v1,assistant_reviewed_candidate
disc_h_001_17,discourse_hard_001_inventory,test,Should we use barcode scanning for the next stocktake?,"[PREVIOUS]
We are exploring options.
[CURRENT]
Should we use barcode scanning for the next stocktake?
[NEXT]
No decision was made.",unassigned_proposal,ai_generated_event_level_hard_contrasts_v1,assistant_reviewed_candidate
disc_h_001_18,discourse_hard_001_inventory,test,Could late supplier files could delay reconciliation?,"[PREVIOUS]
A concern was raised.
[CURRENT]
Could late supplier files could delay reconciliation?
[NEXT]
The team did not confirm that exposure.",unassigned_proposal,ai_generated_event_level_hard_contrasts_v1,assistant_reviewed_candidate
disc_h_001_19,discourse_hard_001_inventory,test,I might reconcile the warehouse count if I have time.,"[PREVIOUS]
Capacity is uncertain.
[CURRENT]
I might reconcile the warehouse count if I have time.
[NEXT]
Treat that as an idea, not an action.",hypothetical,ai_generated_event_level_hard_contrasts_v1,assistant_reviewed_candidate
disc_h_001_20,discourse_hard_001_inventory,test,Can everyone see the small control in the corner?,"[PREVIOUS]
The screen is shared.
[CURRENT]
Can everyone see the small control in the corner?
[NEXT]
There it is.",administrative,ai_generated_event_level_hard_contrasts_v1,assistant_reviewed_candidate
disc_h_001_21,discourse_hard_001_inventory,test,Good.,"[PREVIOUS]
The meeting is starting.
[CURRENT]
Good.
[NEXT]
Let's continue.",administrative,ai_generated_event_level_hard_contrasts_v1,assistant_reviewed_candidate
disc_h_001_22,discourse_hard_001_inventory,test,Mm-hmm.,"[PREVIOUS]
The speaker finished.
[CURRENT]
Mm-hmm.
[NEXT]
Next point.",acceptance,ai_generated_event_level_hard_contrasts_v1,assistant_reviewed_candidate
disc_h_001_23,discourse_hard_001_inventory,test,Before Friday.,"[PREVIOUS]
Marta accepted the task.
[CURRENT]
Before Friday.
[NEXT]
That timing works.",temporal_attachment,ai_generated_event_level_hard_contrasts_v1,assistant_reviewed_candidate
disc_h_001_24,discourse_hard_001_inventory,test,And I'll still send you a reminder at five minutes.,"[PREVIOUS]
Marta is already responsible for reconcile the warehouse count and for cueing the lead.
[CURRENT]
And I'll still send you a reminder at five minutes.
[NEXT]
That reminder is part of the same responsibility.",supporting_detail,ai_generated_event_level_hard_contrasts_v1,assistant_reviewed_candidate
disc_h_001_25,discourse_hard_001_inventory,test,I'll also give you a private timing cue.,"[PREVIOUS]
The main action is for Marta to reconcile the warehouse count.
[CURRENT]
I'll also give you a private timing cue.
[NEXT]
Keep it within the existing action rather than creating another item.",supporting_detail,ai_generated_event_level_hard_contrasts_v1,assistant_reviewed_candidate
disc_h_001_26,discourse_hard_001_inventory,test,Keep an eye on that exposure.,"[PREVIOUS]
The risk is that late supplier files could delay reconciliation.
[CURRENT]
Keep an eye on that exposure.
[NEXT]
Add it to the risk register.",supporting_detail,ai_generated_event_level_hard_contrasts_v1,assistant_reviewed_candidate
disc_h_001_27,discourse_hard_001_inventory,test,Risk: late supplier files could delay reconciliation.,"[PREVIOUS]
We reviewed current exposure.
[CURRENT]
Risk: late supplier files could delay reconciliation.
[NEXT]
It remains open and should be recorded.",canonical_assertion,ai_generated_event_level_hard_contrasts_v1,assistant_reviewed_candidate
disc_h_001_28,discourse_hard_001_inventory,test,"The inventory variation is a watch item, with nothing to do today.","[PREVIOUS]
This is not a task.
[CURRENT]
The inventory variation is a watch item, with nothing to do today.
[NEXT]
Continue normal monitoring.",canonical_assertion,ai_generated_event_level_hard_contrasts_v1,assistant_reviewed_candidate
disc_h_001_29,discourse_hard_001_inventory,test,"It is worth noting, but there is no separate action.","[PREVIOUS]
The exposure remains within tolerance.
[CURRENT]
It is worth noting, but there is no separate action.
[NEXT]
Monitoring continues.",supporting_detail,ai_generated_event_level_hard_contrasts_v1,assistant_reviewed_candidate
disc_h_001_30,discourse_hard_001_inventory,test,It's documented and justified.,"[PREVIOUS]
The evidence is complete.
[CURRENT]
It's documented and justified.
[NEXT]
Move to the next topic.",supporting_detail,ai_generated_event_level_hard_contrasts_v1,assistant_reviewed_candidate
disc_h_001_31,discourse_hard_001_inventory,test,That's confirmed; the paperwork is signed.,"[PREVIOUS]
The group already agreed.
[CURRENT]
That's confirmed; the paperwork is signed.
[NEXT]
Nothing remains open.",single_item_recap,ai_generated_event_level_hard_contrasts_v1,assistant_reviewed_candidate
disc_h_001_32,discourse_hard_001_inventory,test,"No, that was not assigned.","[PREVIOUS]
Someone suggested that Marta might reconcile the warehouse count.
[CURRENT]
No, that was not assigned.
[NEXT]
Do not record an action.",state_modifier,ai_generated_event_level_hard_contrasts_v1,assistant_reviewed_candidate
disc_h_001_33,discourse_hard_001_inventory,test,The inventory work remains in progress.,"[PREVIOUS]
The current topic is background only.
[CURRENT]
The inventory work remains in progress.
[NEXT]
No commitment was made.",context_only,ai_generated_event_level_hard_contrasts_v1,assistant_reviewed_candidate
disc_h_002_01,discourse_hard_002_mobile_release,validation,Elliot: I'll patch the mobile login redirect.,"[PREVIOUS]
We need an owner.
[CURRENT]
Elliot: I'll patch the mobile login redirect.
[NEXT]
Can you finish by today?",canonical_commitment,ai_generated_event_level_hard_contrasts_v1,assistant_reviewed_candidate
disc_h_002_02,discourse_hard_002_mobile_release,validation,"Yes, I'll take it.","[PREVIOUS]
Could you patch the mobile login redirect?
[CURRENT]
Yes, I'll take it.
[NEXT]
By today, please.",canonical_commitment,ai_generated_event_level_hard_contrasts_v1,assistant_reviewed_candidate
disc_h_002_03,discourse_hard_002_mobile_release,validation,Action: Elliot will patch the mobile login redirect by today.,"[PREVIOUS]
Elliot accepted the work.
[CURRENT]
Action: Elliot will patch the mobile login redirect by today.
[NEXT]
Next item.",single_item_recap,ai_generated_event_level_hard_contrasts_v1,assistant_reviewed_candidate
disc_h_002_04,discourse_hard_002_mobile_release,validation,Agreed.,"[PREVIOUS]
The proposal is to hold the release until smoke testing passes.
[CURRENT]
Agreed.
[NEXT]
That settles the approach.",acceptance,ai_generated_event_level_hard_contrasts_v1,assistant_reviewed_candidate
disc_h_002_05,discourse_hard_002_mobile_release,validation,Decision: we will hold the release until smoke testing passes.,"[PREVIOUS]
We need a final position.
[CURRENT]
Decision: we will hold the release until smoke testing passes.
[NEXT]
The matter is closed.",canonical_assertion,ai_generated_event_level_hard_contrasts_v1,assistant_reviewed_candidate
disc_h_002_06,discourse_hard_002_mobile_release,validation,Decision: no additional mobile release testing is required.,"[PREVIOUS]
Should we commission another review cycle?
[CURRENT]
Decision: no additional mobile release testing is required.
[NEXT]
The existing evidence is sufficient.",canonical_assertion,ai_generated_event_level_hard_contrasts_v1,assistant_reviewed_candidate
disc_h_002_07,discourse_hard_002_mobile_release,validation,We will not carry out another round of testing.,"[PREVIOUS]
A further verification round was proposed.
[CURRENT]
We will not carry out another round of testing.
[NEXT]
The group agreed that it would add no value.",canonical_assertion,ai_generated_event_level_hard_contrasts_v1,assistant_reviewed_candidate
disc_h_002_08,discourse_hard_002_mobile_release,validation,No further testing is required.,"[PREVIOUS]
The team asked whether more checking was needed.
[CURRENT]
No further testing is required.
[NEXT]
That is the settled decision.",canonical_assertion,ai_generated_event_level_hard_contrasts_v1,assistant_reviewed_candidate
disc_h_002_09,discourse_hard_002_mobile_release,validation,The group formally approved the decision to hold the release until smoke testing passes.,"[PREVIOUS]
We discussed whether to hold the release until smoke testing passes.
[CURRENT]
The group formally approved the decision to hold the release until smoke testing passes.
[NEXT]
Record that in the minutes.",canonical_assertion,ai_generated_event_level_hard_contrasts_v1,assistant_reviewed_candidate
disc_h_002_10,discourse_hard_002_mobile_release,validation,"To recap, we agreed to hold the release until smoke testing passes, noted that the redirect defect could block customer access, and assigned Elliot to patch the mobile login redirect.","[PREVIOUS]
Several items were resolved.
[CURRENT]
To recap, we agreed to hold the release until smoke testing passes, noted that the redirect defect could block customer access, and assigned Elliot to patch the mobile login redirect.
[NEXT]
There is nothing else to add.",multi_item_recap,ai_generated_event_level_hard_contrasts_v1,assistant_reviewed_candidate
disc_h_002_11,discourse_hard_002_mobile_release,validation,"We approved the mobile release approach, accepted the delivery exposure, and confirmed the supplier choice.","[PREVIOUS]
Let's summarise everything.
[CURRENT]
We approved the mobile release approach, accepted the delivery exposure, and confirmed the supplier choice.
[NEXT]
No new decision is being made in this recap.",multi_item_recap,ai_generated_event_level_hard_contrasts_v1,assistant_reviewed_candidate
disc_h_002_12,discourse_hard_002_mobile_release,validation,"Yes, that's the decision.","[PREVIOUS]
The decision was to hold the release until smoke testing passes.
[CURRENT]
Yes, that's the decision.
[NEXT]
Next topic.",single_item_recap,ai_generated_event_level_hard_contrasts_v1,assistant_reviewed_candidate
disc_h_002_13,discourse_hard_002_mobile_release,validation,We approved the choice to hold the release until smoke testing passes last month.,"[PREVIOUS]
This was resolved before today's meeting.
[CURRENT]
We approved the choice to hold the release until smoke testing passes last month.
[NEXT]
The paperwork is already complete.",completed_history,ai_generated_event_level_hard_contrasts_v1,assistant_reviewed_candidate
disc_h_002_14,discourse_hard_002_mobile_release,validation,The work to patch the mobile login redirect was completed yesterday.,"[PREVIOUS]
Here is the latest status.
[CURRENT]
The work to patch the mobile login redirect was completed yesterday.
[NEXT]
No outstanding task remains.",completed_history,ai_generated_event_level_hard_contrasts_v1,assistant_reviewed_candidate
disc_h_002_15,discourse_hard_002_mobile_release,validation,That assignment has been withdrawn.,"[PREVIOUS]
Elliot was going to patch the mobile login redirect.
[CURRENT]
That assignment has been withdrawn.
[NEXT]
Do not keep it as an open action.",state_modifier,ai_generated_event_level_hard_contrasts_v1,assistant_reviewed_candidate
disc_h_002_16,discourse_hard_002_mobile_release,validation,"Actually, Lee will patch the mobile login redirect instead.","[PREVIOUS]
Elliot owns the task.
[CURRENT]
Actually, Lee will patch the mobile login redirect instead.
[NEXT]
Use Lee as the new owner.",state_modifier,ai_generated_event_level_hard_contrasts_v1,assistant_reviewed_candidate
disc_h_002_17,discourse_hard_002_mobile_release,validation,Should we hold the release until smoke testing passes?,"[PREVIOUS]
We are exploring options.
[CURRENT]
Should we hold the release until smoke testing passes?
[NEXT]
No decision was made.",unassigned_proposal,ai_generated_event_level_hard_contrasts_v1,assistant_reviewed_candidate
disc_h_002_18,discourse_hard_002_mobile_release,validation,Could the redirect defect could block customer access?,"[PREVIOUS]
A concern was raised.
[CURRENT]
Could the redirect defect could block customer access?
[NEXT]
The team did not confirm that exposure.",unassigned_proposal,ai_generated_event_level_hard_contrasts_v1,assistant_reviewed_candidate
disc_h_002_19,discourse_hard_002_mobile_release,validation,I might patch the mobile login redirect if I have time.,"[PREVIOUS]
Capacity is uncertain.
[CURRENT]
I might patch the mobile login redirect if I have time.
[NEXT]
Treat that as an idea, not an action.",hypothetical,ai_generated_event_level_hard_contrasts_v1,assistant_reviewed_candidate
disc_h_002_20,discourse_hard_002_mobile_release,validation,Can everyone see the small control in the corner?,"[PREVIOUS]
The screen is shared.
[CURRENT]
Can everyone see the small control in the corner?
[NEXT]
There it is.",administrative,ai_generated_event_level_hard_contrasts_v1,assistant_reviewed_candidate
disc_h_002_21,discourse_hard_002_mobile_release,validation,Good.,"[PREVIOUS]
The meeting is starting.
[CURRENT]
Good.
[NEXT]
Let's continue.",administrative,ai_generated_event_level_hard_contrasts_v1,assistant_reviewed_candidate
disc_h_002_22,discourse_hard_002_mobile_release,validation,Mm-hmm.,"[PREVIOUS]
The speaker finished.
[CURRENT]
Mm-hmm.
[NEXT]
Next point.",acceptance,ai_generated_event_level_hard_contrasts_v1,assistant_reviewed_candidate
disc_h_002_23,discourse_hard_002_mobile_release,validation,Before today.,"[PREVIOUS]
Elliot accepted the task.
[CURRENT]
Before today.
[NEXT]
That timing works.",temporal_attachment,ai_generated_event_level_hard_contrasts_v1,assistant_reviewed_candidate
disc_h_002_24,discourse_hard_002_mobile_release,validation,And I'll still send you a reminder at five minutes.,"[PREVIOUS]
Elliot is already responsible for patch the mobile login redirect and for cueing the lead.
[CURRENT]
And I'll still send you a reminder at five minutes.
[NEXT]
That reminder is part of the same responsibility.",supporting_detail,ai_generated_event_level_hard_contrasts_v1,assistant_reviewed_candidate
disc_h_002_25,discourse_hard_002_mobile_release,validation,I'll also give you a private timing cue.,"[PREVIOUS]
The main action is for Elliot to patch the mobile login redirect.
[CURRENT]
I'll also give you a private timing cue.
[NEXT]
Keep it within the existing action rather than creating another item.",supporting_detail,ai_generated_event_level_hard_contrasts_v1,assistant_reviewed_candidate
disc_h_002_26,discourse_hard_002_mobile_release,validation,Keep an eye on that exposure.,"[PREVIOUS]
The risk is that the redirect defect could block customer access.
[CURRENT]
Keep an eye on that exposure.
[NEXT]
Add it to the risk register.",supporting_detail,ai_generated_event_level_hard_contrasts_v1,assistant_reviewed_candidate
disc_h_002_27,discourse_hard_002_mobile_release,validation,Risk: the redirect defect could block customer access.,"[PREVIOUS]
We reviewed current exposure.
[CURRENT]
Risk: the redirect defect could block customer access.
[NEXT]
It remains open and should be recorded.",canonical_assertion,ai_generated_event_level_hard_contrasts_v1,assistant_reviewed_candidate
disc_h_002_28,discourse_hard_002_mobile_release,validation,"The mobile release variation is a watch item, with nothing to do today.","[PREVIOUS]
This is not a task.
[CURRENT]
The mobile release variation is a watch item, with nothing to do today.
[NEXT]
Continue normal monitoring.",canonical_assertion,ai_generated_event_level_hard_contrasts_v1,assistant_reviewed_candidate
disc_h_002_29,discourse_hard_002_mobile_release,validation,"It is worth noting, but there is no separate action.","[PREVIOUS]
The exposure remains within tolerance.
[CURRENT]
It is worth noting, but there is no separate action.
[NEXT]
Monitoring continues.",supporting_detail,ai_generated_event_level_hard_contrasts_v1,assistant_reviewed_candidate
disc_h_002_30,discourse_hard_002_mobile_release,validation,It's documented and justified.,"[PREVIOUS]
The evidence is complete.
[CURRENT]
It's documented and justified.
[NEXT]
Move to the next topic.",supporting_detail,ai_generated_event_level_hard_contrasts_v1,assistant_reviewed_candidate
disc_h_002_31,discourse_hard_002_mobile_release,validation,That's confirmed; the paperwork is signed.,"[PREVIOUS]
The group already agreed.
[CURRENT]
That's confirmed; the paperwork is signed.
[NEXT]
Nothing remains open.",single_item_recap,ai_generated_event_level_hard_contrasts_v1,assistant_reviewed_candidate
disc_h_002_32,discourse_hard_002_mobile_release,validation,"No, that was not assigned.","[PREVIOUS]
Someone suggested that Elliot might patch the mobile login redirect.
[CURRENT]
No, that was not assigned.
[NEXT]
Do not record an action.",state_modifier,ai_generated_event_level_hard_contrasts_v1,assistant_reviewed_candidate
disc_h_002_33,discourse_hard_002_mobile_release,validation,The mobile release work remains in progress.,"[PREVIOUS]
The current topic is background only.
[CURRENT]
The mobile release work remains in progress.
[NEXT]
No commitment was made.",context_only,ai_generated_event_level_hard_contrasts_v1,assistant_reviewed_candidate
disc_h_003_01,discourse_hard_003_recruitment,validation,Sana: I'll invite the shortlisted engineer to a technical interview.,"[PREVIOUS]
We need an owner.
[CURRENT]
Sana: I'll invite the shortlisted engineer to a technical interview.
[NEXT]
Can you finish by tomorrow?",canonical_commitment,ai_generated_event_level_hard_contrasts_v1,assistant_reviewed_candidate
disc_h_003_02,discourse_hard_003_recruitment,validation,"Yes, I'll take it.","[PREVIOUS]
Could you invite the shortlisted engineer to a technical interview?
[CURRENT]
Yes, I'll take it.
[NEXT]
By tomorrow, please.",canonical_commitment,ai_generated_event_level_hard_contrasts_v1,assistant_reviewed_candidate
disc_h_003_03,discourse_hard_003_recruitment,validation,Action: Sana will invite the shortlisted engineer to a technical interview by tomorrow.,"[PREVIOUS]
Sana accepted the work.
[CURRENT]
Action: Sana will invite the shortlisted engineer to a technical interview by tomorrow.
[NEXT]
Next item.",single_item_recap,ai_generated_event_level_hard_contrasts_v1,assistant_reviewed_candidate
disc_h_003_04,discourse_hard_003_recruitment,validation,Agreed.,"[PREVIOUS]
The proposal is to progress one candidate to the final round.
[CURRENT]
Agreed.
[NEXT]
That settles the approach.",acceptance,ai_generated_event_level_hard_contrasts_v1,assistant_reviewed_candidate
disc_h_003_05,discourse_hard_003_recruitment,validation,Decision: we will progress one candidate to the final round.,"[PREVIOUS]
We need a final position.
[CURRENT]
Decision: we will progress one candidate to the final round.
[NEXT]
The matter is closed.",canonical_assertion,ai_generated_event_level_hard_contrasts_v1,assistant_reviewed_candidate
disc_h_003_06,discourse_hard_003_recruitment,validation,Decision: no additional recruitment testing is required.,"[PREVIOUS]
Should we commission another review cycle?
[CURRENT]
Decision: no additional recruitment testing is required.
[NEXT]
The existing evidence is sufficient.",canonical_assertion,ai_generated_event_level_hard_contrasts_v1,assistant_reviewed_candidate
disc_h_003_07,discourse_hard_003_recruitment,validation,We will not carry out another round of testing.,"[PREVIOUS]
A further verification round was proposed.
[CURRENT]
We will not carry out another round of testing.
[NEXT]
The group agreed that it would add no value.",canonical_assertion,ai_generated_event_level_hard_contrasts_v1,assistant_reviewed_candidate
disc_h_003_08,discourse_hard_003_recruitment,validation,No further testing is required.,"[PREVIOUS]
The team asked whether more checking was needed.
[CURRENT]
No further testing is required.
[NEXT]
That is the settled decision.",canonical_assertion,ai_generated_event_level_hard_contrasts_v1,assistant_reviewed_candidate
disc_h_003_09,discourse_hard_003_recruitment,validation,The group formally approved the decision to progress one candidate to the final round.,"[PREVIOUS]
We discussed whether to progress one candidate to the final round.
[CURRENT]
The group formally approved the decision to progress one candidate to the final round.
[NEXT]
Record that in the minutes.",canonical_assertion,ai_generated_event_level_hard_contrasts_v1,assistant_reviewed_candidate
disc_h_003_10,discourse_hard_003_recruitment,validation,"To recap, we agreed to progress one candidate to the final round, noted that interviewer availability may delay the final round, and assigned Sana to invite the shortlisted engineer to a technical interview.","[PREVIOUS]
Several items were resolved.
[CURRENT]
To recap, we agreed to progress one candidate to the final round, noted that interviewer availability may delay the final round, and assigned Sana to invite the shortlisted engineer to a technical interview.
[NEXT]
There is nothing else to add.",multi_item_recap,ai_generated_event_level_hard_contrasts_v1,assistant_reviewed_candidate
disc_h_003_11,discourse_hard_003_recruitment,validation,"We approved the recruitment approach, accepted the delivery exposure, and confirmed the supplier choice.","[PREVIOUS]
Let's summarise everything.
[CURRENT]
We approved the recruitment approach, accepted the delivery exposure, and confirmed the supplier choice.
[NEXT]
No new decision is being made in this recap.",multi_item_recap,ai_generated_event_level_hard_contrasts_v1,assistant_reviewed_candidate
disc_h_003_12,discourse_hard_003_recruitment,validation,"Yes, that's the decision.","[PREVIOUS]
The decision was to progress one candidate to the final round.
[CURRENT]
Yes, that's the decision.
[NEXT]
Next topic.",single_item_recap,ai_generated_event_level_hard_contrasts_v1,assistant_reviewed_candidate
disc_h_003_13,discourse_hard_003_recruitment,validation,We approved the choice to progress one candidate to the final round last month.,"[PREVIOUS]
This was resolved before today's meeting.
[CURRENT]
We approved the choice to progress one candidate to the final round last month.
[NEXT]
The paperwork is already complete.",completed_history,ai_generated_event_level_hard_contrasts_v1,assistant_reviewed_candidate
disc_h_003_14,discourse_hard_003_recruitment,validation,The work to invite the shortlisted engineer to a technical interview was completed yesterday.,"[PREVIOUS]
Here is the latest status.
[CURRENT]
The work to invite the shortlisted engineer to a technical interview was completed yesterday.
[NEXT]
No outstanding task remains.",completed_history,ai_generated_event_level_hard_contrasts_v1,assistant_reviewed_candidate
disc_h_003_15,discourse_hard_003_recruitment,validation,That assignment has been withdrawn.,"[PREVIOUS]
Sana was going to invite the shortlisted engineer to a technical interview.
[CURRENT]
That assignment has been withdrawn.
[NEXT]
Do not keep it as an open action.",state_modifier,ai_generated_event_level_hard_contrasts_v1,assistant_reviewed_candidate
disc_h_003_16,discourse_hard_003_recruitment,validation,"Actually, Lee will invite the shortlisted engineer to a technical interview instead.","[PREVIOUS]
Sana owns the task.
[CURRENT]
Actually, Lee will invite the shortlisted engineer to a technical interview instead.
[NEXT]
Use Lee as the new owner.",state_modifier,ai_generated_event_level_hard_contrasts_v1,assistant_reviewed_candidate
disc_h_003_17,discourse_hard_003_recruitment,validation,Should we progress one candidate to the final round?,"[PREVIOUS]
We are exploring options.
[CURRENT]
Should we progress one candidate to the final round?
[NEXT]
No decision was made.",unassigned_proposal,ai_generated_event_level_hard_contrasts_v1,assistant_reviewed_candidate
disc_h_003_18,discourse_hard_003_recruitment,validation,Could interviewer availability may delay the final round?,"[PREVIOUS]
A concern was raised.
[CURRENT]
Could interviewer availability may delay the final round?
[NEXT]
The team did not confirm that exposure.",unassigned_proposal,ai_generated_event_level_hard_contrasts_v1,assistant_reviewed_candidate
disc_h_003_19,discourse_hard_003_recruitment,validation,I might invite the shortlisted engineer to a technical interview if I have time.,"[PREVIOUS]
Capacity is uncertain.
[CURRENT]
I might invite the shortlisted engineer to a technical interview if I have time.
[NEXT]
Treat that as an idea, not an action.",hypothetical,ai_generated_event_level_hard_contrasts_v1,assistant_reviewed_candidate
disc_h_003_20,discourse_hard_003_recruitment,validation,Can everyone see the small control in the corner?,"[PREVIOUS]
The screen is shared.
[CURRENT]
Can everyone see the small control in the corner?
[NEXT]
There it is.",administrative,ai_generated_event_level_hard_contrasts_v1,assistant_reviewed_candidate
disc_h_003_21,discourse_hard_003_recruitment,validation,Good.,"[PREVIOUS]
The meeting is starting.
[CURRENT]
Good.
[NEXT]
Let's continue.",administrative,ai_generated_event_level_hard_contrasts_v1,assistant_reviewed_candidate
disc_h_003_22,discourse_hard_003_recruitment,validation,Mm-hmm.,"[PREVIOUS]
The speaker finished.
[CURRENT]
Mm-hmm.
[NEXT]
Next point.",acceptance,ai_generated_event_level_hard_contrasts_v1,assistant_reviewed_candidate
disc_h_003_23,discourse_hard_003_recruitment,validation,Before tomorrow.,"[PREVIOUS]
Sana accepted the task.
[CURRENT]
Before tomorrow.
[NEXT]
That timing works.",temporal_attachment,ai_generated_event_level_hard_contrasts_v1,assistant_reviewed_candidate
disc_h_003_24,discourse_hard_003_recruitment,validation,And I'll still send you a reminder at five minutes.,"[PREVIOUS]
Sana is already responsible for invite the shortlisted engineer to a technical interview and for cueing the lead.
[CURRENT]
And I'll still send you a reminder at five minutes.
[NEXT]
That reminder is part of the same responsibility.",supporting_detail,ai_generated_event_level_hard_contrasts_v1,assistant_reviewed_candidate
disc_h_003_25,discourse_hard_003_recruitment,validation,I'll also give you a private timing cue.,"[PREVIOUS]
The main action is for Sana to invite the shortlisted engineer to a technical interview.
[CURRENT]
I'll also give you a private timing cue.
[NEXT]
Keep it within the existing action rather than creating another item.",supporting_detail,ai_generated_event_level_hard_contrasts_v1,assistant_reviewed_candidate
disc_h_003_26,discourse_hard_003_recruitment,validation,Keep an eye on that exposure.,"[PREVIOUS]
The risk is that interviewer availability may delay the final round.
[CURRENT]
Keep an eye on that exposure.
[NEXT]
Add it to the risk register.",supporting_detail,ai_generated_event_level_hard_contrasts_v1,assistant_reviewed_candidate
disc_h_003_27,discourse_hard_003_recruitment,validation,Risk: interviewer availability may delay the final round.,"[PREVIOUS]
We reviewed current exposure.
[CURRENT]
Risk: interviewer availability may delay the final round.
[NEXT]
It remains open and should be recorded.",canonical_assertion,ai_generated_event_level_hard_contrasts_v1,assistant_reviewed_candidate
disc_h_003_28,discourse_hard_003_recruitment,validation,"The recruitment variation is a watch item, with nothing to do today.","[PREVIOUS]
This is not a task.
[CURRENT]
The recruitment variation is a watch item, with nothing to do today.
[NEXT]
Continue normal monitoring.",canonical_assertion,ai_generated_event_level_hard_contrasts_v1,assistant_reviewed_candidate
disc_h_003_29,discourse_hard_003_recruitment,validation,"It is worth noting, but there is no separate action.","[PREVIOUS]
The exposure remains within tolerance.
[CURRENT]
It is worth noting, but there is no separate action.
[NEXT]
Monitoring continues.",supporting_detail,ai_generated_event_level_hard_contrasts_v1,assistant_reviewed_candidate
disc_h_003_30,discourse_hard_003_recruitment,validation,It's documented and justified.,"[PREVIOUS]
The evidence is complete.
[CURRENT]
It's documented and justified.
[NEXT]
Move to the next topic.",supporting_detail,ai_generated_event_level_hard_contrasts_v1,assistant_reviewed_candidate
disc_h_003_31,discourse_hard_003_recruitment,validation,That's confirmed; the paperwork is signed.,"[PREVIOUS]
The group already agreed.
[CURRENT]
That's confirmed; the paperwork is signed.
[NEXT]
Nothing remains open.",single_item_recap,ai_generated_event_level_hard_contrasts_v1,assistant_reviewed_candidate
disc_h_003_32,discourse_hard_003_recruitment,validation,"No, that was not assigned.","[PREVIOUS]
Someone suggested that Sana might invite the shortlisted engineer to a technical interview.
[CURRENT]
No, that was not assigned.
[NEXT]
Do not record an action.",state_modifier,ai_generated_event_level_hard_contrasts_v1,assistant_reviewed_candidate
disc_h_003_33,discourse_hard_003_recruitment,validation,The recruitment work remains in progress.,"[PREVIOUS]
The current topic is background only.
[CURRENT]
The recruitment work remains in progress.
[NEXT]
No commitment was made.",context_only,ai_generated_event_level_hard_contrasts_v1,assistant_reviewed_candidate
disc_h_004_01,discourse_hard_004_budget,train,Theo: I'll circulate the revised department forecast.,"[PREVIOUS]
We need an owner.
[CURRENT]
Theo: I'll circulate the revised department forecast.
[NEXT]
Can you finish by before lunch?",canonical_commitment,ai_generated_event_level_hard_contrasts_v1,assistant_reviewed_candidate
disc_h_004_02,discourse_hard_004_budget,train,"Yes, I'll take it.","[PREVIOUS]
Could you circulate the revised department forecast?
[CURRENT]
Yes, I'll take it.
[NEXT]
By before lunch, please.",canonical_commitment,ai_generated_event_level_hard_contrasts_v1,assistant_reviewed_candidate
disc_h_004_03,discourse_hard_004_budget,train,Action: Theo will circulate the revised department forecast by before lunch.,"[PREVIOUS]
Theo accepted the work.
[CURRENT]
Action: Theo will circulate the revised department forecast by before lunch.
[NEXT]
Next item.",single_item_recap,ai_generated_event_level_hard_contrasts_v1,assistant_reviewed_candidate
disc_h_004_04,discourse_hard_004_budget,train,Agreed.,"[PREVIOUS]
The proposal is to defer the contractor extension.
[CURRENT]
Agreed.
[NEXT]
That settles the approach.",acceptance,ai_generated_event_level_hard_contrasts_v1,assistant_reviewed_candidate
disc_h_004_05,discourse_hard_004_budget,train,Decision: we will defer the contractor extension.,"[PREVIOUS]
We need a final position.
[CURRENT]
Decision: we will defer the contractor extension.
[NEXT]
The matter is closed.",canonical_assertion,ai_generated_event_level_hard_contrasts_v1,assistant_reviewed_candidate
disc_h_004_06,discourse_hard_004_budget,train,Decision: no additional budget testing is required.,"[PREVIOUS]
Should we commission another review cycle?
[CURRENT]
Decision: no additional budget testing is required.
[NEXT]
The existing evidence is sufficient.",canonical_assertion,ai_generated_event_level_hard_contrasts_v1,assistant_reviewed_candidate
disc_h_004_07,discourse_hard_004_budget,train,We will not carry out another round of testing.,"[PREVIOUS]
A further verification round was proposed.
[CURRENT]
We will not carry out another round of testing.
[NEXT]
The group agreed that it would add no value.",canonical_assertion,ai_generated_event_level_hard_contrasts_v1,assistant_reviewed_candidate
disc_h_004_08,discourse_hard_004_budget,train,No further testing is required.,"[PREVIOUS]
The team asked whether more checking was needed.
[CURRENT]
No further testing is required.
[NEXT]
That is the settled decision.",canonical_assertion,ai_generated_event_level_hard_contrasts_v1,assistant_reviewed_candidate
disc_h_004_09,discourse_hard_004_budget,train,The group formally approved the decision to defer the contractor extension.,"[PREVIOUS]
We discussed whether to defer the contractor extension.
[CURRENT]
The group formally approved the decision to defer the contractor extension.
[NEXT]
Record that in the minutes.",canonical_assertion,ai_generated_event_level_hard_contrasts_v1,assistant_reviewed_candidate
disc_h_004_10,discourse_hard_004_budget,train,"To recap, we agreed to defer the contractor extension, noted that exchange-rate movement could exceed the travel budget, and assigned Theo to circulate the revised department forecast.","[PREVIOUS]
Several items were resolved.
[CURRENT]
To recap, we agreed to defer the contractor extension, noted that exchange-rate movement could exceed the travel budget, and assigned Theo to circulate the revised department forecast.
[NEXT]
There is nothing else to add.",multi_item_recap,ai_generated_event_level_hard_contrasts_v1,assistant_reviewed_candidate
disc_h_004_11,discourse_hard_004_budget,train,"We approved the budget approach, accepted the delivery exposure, and confirmed the supplier choice.","[PREVIOUS]
Let's summarise everything.
[CURRENT]
We approved the budget approach, accepted the delivery exposure, and confirmed the supplier choice.
[NEXT]
No new decision is being made in this recap.",multi_item_recap,ai_generated_event_level_hard_contrasts_v1,assistant_reviewed_candidate
disc_h_004_12,discourse_hard_004_budget,train,"Yes, that's the decision.","[PREVIOUS]
The decision was to defer the contractor extension.
[CURRENT]
Yes, that's the decision.
[NEXT]
Next topic.",single_item_recap,ai_generated_event_level_hard_contrasts_v1,assistant_reviewed_candidate
disc_h_004_13,discourse_hard_004_budget,train,We approved the choice to defer the contractor extension last month.,"[PREVIOUS]
This was resolved before today's meeting.
[CURRENT]
We approved the choice to defer the contractor extension last month.
[NEXT]
The paperwork is already complete.",completed_history,ai_generated_event_level_hard_contrasts_v1,assistant_reviewed_candidate
disc_h_004_14,discourse_hard_004_budget,train,The work to circulate the revised department forecast was completed yesterday.,"[PREVIOUS]
Here is the latest status.
[CURRENT]
The work to circulate the revised department forecast was completed yesterday.
[NEXT]
No outstanding task remains.",completed_history,ai_generated_event_level_hard_contrasts_v1,assistant_reviewed_candidate
disc_h_004_15,discourse_hard_004_budget,train,That assignment has been withdrawn.,"[PREVIOUS]
Theo was going to circulate the revised department forecast.
[CURRENT]
That assignment has been withdrawn.
[NEXT]
Do not keep it as an open action.",state_modifier,ai_generated_event_level_hard_contrasts_v1,assistant_reviewed_candidate
disc_h_004_16,discourse_hard_004_budget,train,"Actually, Lee will circulate the revised department forecast instead.","[PREVIOUS]
Theo owns the task.
[CURRENT]
Actually, Lee will circulate the revised department forecast instead.
[NEXT]
Use Lee as the new owner.",state_modifier,ai_generated_event_level_hard_contrasts_v1,assistant_reviewed_candidate
disc_h_004_17,discourse_hard_004_budget,train,Should we defer the contractor extension?,"[PREVIOUS]
We are exploring options.
[CURRENT]
Should we defer the contractor extension?
[NEXT]
No decision was made.",unassigned_proposal,ai_generated_event_level_hard_contrasts_v1,assistant_reviewed_candidate
disc_h_004_18,discourse_hard_004_budget,train,Could exchange-rate movement could exceed the travel budget?,"[PREVIOUS]
A concern was raised.
[CURRENT]
Could exchange-rate movement could exceed the travel budget?
[NEXT]
The team did not confirm that exposure.",unassigned_proposal,ai_generated_event_level_hard_contrasts_v1,assistant_reviewed_candidate
disc_h_004_19,discourse_hard_004_budget,train,I might circulate the revised department forecast if I have time.,"[PREVIOUS]
Capacity is uncertain.
[CURRENT]
I might circulate the revised department forecast if I have time.
[NEXT]
Treat that as an idea, not an action.",hypothetical,ai_generated_event_level_hard_contrasts_v1,assistant_reviewed_candidate
disc_h_004_20,discourse_hard_004_budget,train,Can everyone see the small control in the corner?,"[PREVIOUS]
The screen is shared.
[CURRENT]
Can everyone see the small control in the corner?
[NEXT]
There it is.",administrative,ai_generated_event_level_hard_contrasts_v1,assistant_reviewed_candidate
disc_h_004_21,discourse_hard_004_budget,train,Good.,"[PREVIOUS]
The meeting is starting.
[CURRENT]
Good.
[NEXT]
Let's continue.",administrative,ai_generated_event_level_hard_contrasts_v1,assistant_reviewed_candidate
disc_h_004_22,discourse_hard_004_budget,train,Mm-hmm.,"[PREVIOUS]
The speaker finished.
[CURRENT]
Mm-hmm.
[NEXT]
Next point.",acceptance,ai_generated_event_level_hard_contrasts_v1,assistant_reviewed_candidate
disc_h_004_23,discourse_hard_004_budget,train,Before before lunch.,"[PREVIOUS]
Theo accepted the task.
[CURRENT]
Before before lunch.
[NEXT]
That timing works.",temporal_attachment,ai_generated_event_level_hard_contrasts_v1,assistant_reviewed_candidate
disc_h_004_24,discourse_hard_004_budget,train,And I'll still send you a reminder at five minutes.,"[PREVIOUS]
Theo is already responsible for circulate the revised department forecast and for cueing the lead.
[CURRENT]
And I'll still send you a reminder at five minutes.
[NEXT]
That reminder is part of the same responsibility.",supporting_detail,ai_generated_event_level_hard_contrasts_v1,assistant_reviewed_candidate
disc_h_004_25,discourse_hard_004_budget,train,I'll also give you a private timing cue.,"[PREVIOUS]
The main action is for Theo to circulate the revised department forecast.
[CURRENT]
I'll also give you a private timing cue.
[NEXT]
Keep it within the existing action rather than creating another item.",supporting_detail,ai_generated_event_level_hard_contrasts_v1,assistant_reviewed_candidate
disc_h_004_26,discourse_hard_004_budget,train,Keep an eye on that exposure.,"[PREVIOUS]
The risk is that exchange-rate movement could exceed the travel budget.
[CURRENT]
Keep an eye on that exposure.
[NEXT]
Add it to the risk register.",supporting_detail,ai_generated_event_level_hard_contrasts_v1,assistant_reviewed_candidate
disc_h_004_27,discourse_hard_004_budget,train,Risk: exchange-rate movement could exceed the travel budget.,"[PREVIOUS]
We reviewed current exposure.
[CURRENT]
Risk: exchange-rate movement could exceed the travel budget.
[NEXT]
It remains open and should be recorded.",canonical_assertion,ai_generated_event_level_hard_contrasts_v1,assistant_reviewed_candidate
disc_h_004_28,discourse_hard_004_budget,train,"The budget variation is a watch item, with nothing to do today.","[PREVIOUS]
This is not a task.
[CURRENT]
The budget variation is a watch item, with nothing to do today.
[NEXT]
Continue normal monitoring.",canonical_assertion,ai_generated_event_level_hard_contrasts_v1,assistant_reviewed_candidate
disc_h_004_29,discourse_hard_004_budget,train,"It is worth noting, but there is no separate action.","[PREVIOUS]
The exposure remains within tolerance.
[CURRENT]
It is worth noting, but there is no separate action.
[NEXT]
Monitoring continues.",supporting_detail,ai_generated_event_level_hard_contrasts_v1,assistant_reviewed_candidate
disc_h_004_30,discourse_hard_004_budget,train,It's documented and justified.,"[PREVIOUS]
The evidence is complete.
[CURRENT]
It's documented and justified.
[NEXT]
Move to the next topic.",supporting_detail,ai_generated_event_level_hard_contrasts_v1,assistant_reviewed_candidate
disc_h_004_31,discourse_hard_004_budget,train,That's confirmed; the paperwork is signed.,"[PREVIOUS]
The group already agreed.
[CURRENT]
That's confirmed; the paperwork is signed.
[NEXT]
Nothing remains open.",single_item_recap,ai_generated_event_level_hard_contrasts_v1,assistant_reviewed_candidate
disc_h_004_32,discourse_hard_004_budget,train,"No, that was not assigned.","[PREVIOUS]
Someone suggested that Theo might circulate the revised department forecast.
[CURRENT]
No, that was not assigned.
[NEXT]
Do not record an action.",state_modifier,ai_generated_event_level_hard_contrasts_v1,assistant_reviewed_candidate
disc_h_004_33,discourse_hard_004_budget,train,The budget work remains in progress.,"[PREVIOUS]
The current topic is background only.
[CURRENT]
The budget work remains in progress.
[NEXT]
No commitment was made.",context_only,ai_generated_event_level_hard_contrasts_v1,assistant_reviewed_candidate
disc_h_005_01,discourse_hard_005_customer_support,train,Inez: I'll create separate queues for complex support cases.,"[PREVIOUS]
We need an owner.
[CURRENT]
Inez: I'll create separate queues for complex support cases.
[NEXT]
Can you finish by next Tuesday?",canonical_commitment,ai_generated_event_level_hard_contrasts_v1,assistant_reviewed_candidate
disc_h_005_02,discourse_hard_005_customer_support,train,"Yes, I'll take it.","[PREVIOUS]
Could you create separate queues for complex support cases?
[CURRENT]
Yes, I'll take it.
[NEXT]
By next Tuesday, please.",canonical_commitment,ai_generated_event_level_hard_contrasts_v1,assistant_reviewed_candidate
disc_h_005_03,discourse_hard_005_customer_support,train,Action: Inez will create separate queues for complex support cases by next Tuesday.,"[PREVIOUS]
Inez accepted the work.
[CURRENT]
Action: Inez will create separate queues for complex support cases by next Tuesday.
[NEXT]
Next item.",single_item_recap,ai_generated_event_level_hard_contrasts_v1,assistant_reviewed_candidate
disc_h_005_04,discourse_hard_005_customer_support,train,Agreed.,"[PREVIOUS]
The proposal is to pilot specialist triage for one month.
[CURRENT]
Agreed.
[NEXT]
That settles the approach.",acceptance,ai_generated_event_level_hard_contrasts_v1,assistant_reviewed_candidate
disc_h_005_05,discourse_hard_005_customer_support,train,Decision: we will pilot specialist triage for one month.,"[PREVIOUS]
We need a final position.
[CURRENT]
Decision: we will pilot specialist triage for one month.
[NEXT]
The matter is closed.",canonical_assertion,ai_generated_event_level_hard_contrasts_v1,assistant_reviewed_candidate
disc_h_005_06,discourse_hard_005_customer_support,train,Decision: no additional customer support testing is required.,"[PREVIOUS]
Should we commission another review cycle?
[CURRENT]
Decision: no additional customer support testing is required.
[NEXT]
The existing evidence is sufficient.",canonical_assertion,ai_generated_event_level_hard_contrasts_v1,assistant_reviewed_candidate
disc_h_005_07,discourse_hard_005_customer_support,train,We will not carry out another round of testing.,"[PREVIOUS]
A further verification round was proposed.
[CURRENT]
We will not carry out another round of testing.
[NEXT]
The group agreed that it would add no value.",canonical_assertion,ai_generated_event_level_hard_contrasts_v1,assistant_reviewed_candidate
disc_h_005_08,discourse_hard_005_customer_support,train,No further testing is required.,"[PREVIOUS]
The team asked whether more checking was needed.
[CURRENT]
No further testing is required.
[NEXT]
That is the settled decision.",canonical_assertion,ai_generated_event_level_hard_contrasts_v1,assistant_reviewed_candidate
disc_h_005_09,discourse_hard_005_customer_support,train,The group formally approved the decision to pilot specialist triage for one month.,"[PREVIOUS]
We discussed whether to pilot specialist triage for one month.
[CURRENT]
The group formally approved the decision to pilot specialist triage for one month.
[NEXT]
Record that in the minutes.",canonical_assertion,ai_generated_event_level_hard_contrasts_v1,assistant_reviewed_candidate
disc_h_005_10,discourse_hard_005_customer_support,train,"To recap, we agreed to pilot specialist triage for one month, noted that urgent cases may remain hidden in the general queue, and assigned Inez to create separate queues for complex support cases.","[PREVIOUS]
Several items were resolved.
[CURRENT]
To recap, we agreed to pilot specialist triage for one month, noted that urgent cases may remain hidden in the general queue, and assigned Inez to create separate queues for complex support cases.
[NEXT]
There is nothing else to add.",multi_item_recap,ai_generated_event_level_hard_contrasts_v1,assistant_reviewed_candidate
disc_h_005_11,discourse_hard_005_customer_support,train,"We approved the customer support approach, accepted the delivery exposure, and confirmed the supplier choice.","[PREVIOUS]
Let's summarise everything.
[CURRENT]
We approved the customer support approach, accepted the delivery exposure, and confirmed the supplier choice.
[NEXT]
No new decision is being made in this recap.",multi_item_recap,ai_generated_event_level_hard_contrasts_v1,assistant_reviewed_candidate
disc_h_005_12,discourse_hard_005_customer_support,train,"Yes, that's the decision.","[PREVIOUS]
The decision was to pilot specialist triage for one month.
[CURRENT]
Yes, that's the decision.
[NEXT]
Next topic.",single_item_recap,ai_generated_event_level_hard_contrasts_v1,assistant_reviewed_candidate
disc_h_005_13,discourse_hard_005_customer_support,train,We approved the choice to pilot specialist triage for one month last month.,"[PREVIOUS]
This was resolved before today's meeting.
[CURRENT]
We approved the choice to pilot specialist triage for one month last month.
[NEXT]
The paperwork is already complete.",completed_history,ai_generated_event_level_hard_contrasts_v1,assistant_reviewed_candidate
disc_h_005_14,discourse_hard_005_customer_support,train,The work to create separate queues for complex support cases was completed yesterday.,"[PREVIOUS]
Here is the latest status.
[CURRENT]
The work to create separate queues for complex support cases was completed yesterday.
[NEXT]
No outstanding task remains.",completed_history,ai_generated_event_level_hard_contrasts_v1,assistant_reviewed_candidate
disc_h_005_15,discourse_hard_005_customer_support,train,That assignment has been withdrawn.,"[PREVIOUS]
Inez was going to create separate queues for complex support cases.
[CURRENT]
That assignment has been withdrawn.
[NEXT]
Do not keep it as an open action.",state_modifier,ai_generated_event_level_hard_contrasts_v1,assistant_reviewed_candidate
disc_h_005_16,discourse_hard_005_customer_support,train,"Actually, Lee will create separate queues for complex support cases instead.","[PREVIOUS]
Inez owns the task.
[CURRENT]
Actually, Lee will create separate queues for complex support cases instead.
[NEXT]
Use Lee as the new owner.",state_modifier,ai_generated_event_level_hard_contrasts_v1,assistant_reviewed_candidate
disc_h_005_17,discourse_hard_005_customer_support,train,Should we pilot specialist triage for one month?,"[PREVIOUS]
We are exploring options.
[CURRENT]
Should we pilot specialist triage for one month?
[NEXT]
No decision was made.",unassigned_proposal,ai_generated_event_level_hard_contrasts_v1,assistant_reviewed_candidate
disc_h_005_18,discourse_hard_005_customer_support,train,Could urgent cases may remain hidden in the general queue?,"[PREVIOUS]
A concern was raised.
[CURRENT]
Could urgent cases may remain hidden in the general queue?
[NEXT]
The team did not confirm that exposure.",unassigned_proposal,ai_generated_event_level_hard_contrasts_v1,assistant_reviewed_candidate
disc_h_005_19,discourse_hard_005_customer_support,train,I might create separate queues for complex support cases if I have time.,"[PREVIOUS]
Capacity is uncertain.
[CURRENT]
I might create separate queues for complex support cases if I have time.
[NEXT]
Treat that as an idea, not an action.",hypothetical,ai_generated_event_level_hard_contrasts_v1,assistant_reviewed_candidate
disc_h_005_20,discourse_hard_005_customer_support,train,Can everyone see the small control in the corner?,"[PREVIOUS]
The screen is shared.
[CURRENT]
Can everyone see the small control in the corner?
[NEXT]
There it is.",administrative,ai_generated_event_level_hard_contrasts_v1,assistant_reviewed_candidate
disc_h_005_21,discourse_hard_005_customer_support,train,Good.,"[PREVIOUS]
The meeting is starting.
[CURRENT]
Good.
[NEXT]
Let's continue.",administrative,ai_generated_event_level_hard_contrasts_v1,assistant_reviewed_candidate
disc_h_005_22,discourse_hard_005_customer_support,train,Mm-hmm.,"[PREVIOUS]
The speaker finished.
[CURRENT]
Mm-hmm.
[NEXT]
Next point.",acceptance,ai_generated_event_level_hard_contrasts_v1,assistant_reviewed_candidate
disc_h_005_23,discourse_hard_005_customer_support,train,Before next Tuesday.,"[PREVIOUS]
Inez accepted the task.
[CURRENT]
Before next Tuesday.
[NEXT]
That timing works.",temporal_attachment,ai_generated_event_level_hard_contrasts_v1,assistant_reviewed_candidate
disc_h_005_24,discourse_hard_005_customer_support,train,And I'll still send you a reminder at five minutes.,"[PREVIOUS]
Inez is already responsible for create separate queues for complex support cases and for cueing the lead.
[CURRENT]
And I'll still send you a reminder at five minutes.
[NEXT]
That reminder is part of the same responsibility.",supporting_detail,ai_generated_event_level_hard_contrasts_v1,assistant_reviewed_candidate
disc_h_005_25,discourse_hard_005_customer_support,train,I'll also give you a private timing cue.,"[PREVIOUS]
The main action is for Inez to create separate queues for complex support cases.
[CURRENT]
I'll also give you a private timing cue.
[NEXT]
Keep it within the existing action rather than creating another item.",supporting_detail,ai_generated_event_level_hard_contrasts_v1,assistant_reviewed_candidate
disc_h_005_26,discourse_hard_005_customer_support,train,Keep an eye on that exposure.,"[PREVIOUS]
The risk is that urgent cases may remain hidden in the general queue.
[CURRENT]
Keep an eye on that exposure.
[NEXT]
Add it to the risk register.",supporting_detail,ai_generated_event_level_hard_contrasts_v1,assistant_reviewed_candidate
disc_h_005_27,discourse_hard_005_customer_support,train,Risk: urgent cases may remain hidden in the general queue.,"[PREVIOUS]
We reviewed current exposure.
[CURRENT]
Risk: urgent cases may remain hidden in the general queue.
[NEXT]
It remains open and should be recorded.",canonical_assertion,ai_generated_event_level_hard_contrasts_v1,assistant_reviewed_candidate
disc_h_005_28,discourse_hard_005_customer_support,train,"The customer support variation is a watch item, with nothing to do today.","[PREVIOUS]
This is not a task.
[CURRENT]
The customer support variation is a watch item, with nothing to do today.
[NEXT]
Continue normal monitoring.",canonical_assertion,ai_generated_event_level_hard_contrasts_v1,assistant_reviewed_candidate
disc_h_005_29,discourse_hard_005_customer_support,train,"It is worth noting, but there is no separate action.","[PREVIOUS]
The exposure remains within tolerance.
[CURRENT]
It is worth noting, but there is no separate action.
[NEXT]
Monitoring continues.",supporting_detail,ai_generated_event_level_hard_contrasts_v1,assistant_reviewed_candidate
disc_h_005_30,discourse_hard_005_customer_support,train,It's documented and justified.,"[PREVIOUS]
The evidence is complete.
[CURRENT]
It's documented and justified.
[NEXT]
Move to the next topic.",supporting_detail,ai_generated_event_level_hard_contrasts_v1,assistant_reviewed_candidate
disc_h_005_31,discourse_hard_005_customer_support,train,That's confirmed; the paperwork is signed.,"[PREVIOUS]
The group already agreed.
[CURRENT]
That's confirmed; the paperwork is signed.
[NEXT]
Nothing remains open.",single_item_recap,ai_generated_event_level_hard_contrasts_v1,assistant_reviewed_candidate
disc_h_005_32,discourse_hard_005_customer_support,train,"No, that was not assigned.","[PREVIOUS]
Someone suggested that Inez might create separate queues for complex support cases.
[CURRENT]
No, that was not assigned.
[NEXT]
Do not record an action.",state_modifier,ai_generated_event_level_hard_contrasts_v1,assistant_reviewed_candidate
disc_h_005_33,discourse_hard_005_customer_support,train,The customer support work remains in progress.,"[PREVIOUS]
The current topic is background only.
[CURRENT]
The customer support work remains in progress.
[NEXT]
No commitment was made.",context_only,ai_generated_event_level_hard_contrasts_v1,assistant_reviewed_candidate
disc_h_006_01,discourse_hard_006_supplier,train,Ravi: I'll request the supplier insurance certificate.,"[PREVIOUS]
We need an owner.
[CURRENT]
Ravi: I'll request the supplier insurance certificate.
[NEXT]
Can you finish by Thursday?",canonical_commitment,ai_generated_event_level_hard_contrasts_v1,assistant_reviewed_candidate
disc_h_006_02,discourse_hard_006_supplier,train,"Yes, I'll take it.","[PREVIOUS]
Could you request the supplier insurance certificate?
[CURRENT]
Yes, I'll take it.
[NEXT]
By Thursday, please.",canonical_commitment,ai_generated_event_level_hard_contrasts_v1,assistant_reviewed_candidate
disc_h_006_03,discourse_hard_006_supplier,train,Action: Ravi will request the supplier insurance certificate by Thursday.,"[PREVIOUS]
Ravi accepted the work.
[CURRENT]
Action: Ravi will request the supplier insurance certificate by Thursday.
[NEXT]
Next item.",single_item_recap,ai_generated_event_level_hard_contrasts_v1,assistant_reviewed_candidate
disc_h_006_04,discourse_hard_006_supplier,train,Agreed.,"[PREVIOUS]
The proposal is to approve onboarding only after due diligence.
[CURRENT]
Agreed.
[NEXT]
That settles the approach.",acceptance,ai_generated_event_level_hard_contrasts_v1,assistant_reviewed_candidate
disc_h_006_05,discourse_hard_006_supplier,train,Decision: we will approve onboarding only after due diligence.,"[PREVIOUS]
We need a final position.
[CURRENT]
Decision: we will approve onboarding only after due diligence.
[NEXT]
The matter is closed.",canonical_assertion,ai_generated_event_level_hard_contrasts_v1,assistant_reviewed_candidate
disc_h_006_06,discourse_hard_006_supplier,train,Decision: no additional supplier testing is required.,"[PREVIOUS]
Should we commission another review cycle?
[CURRENT]
Decision: no additional supplier testing is required.
[NEXT]
The existing evidence is sufficient.",canonical_assertion,ai_generated_event_level_hard_contrasts_v1,assistant_reviewed_candidate
disc_h_006_07,discourse_hard_006_supplier,train,We will not carry out another round of testing.,"[PREVIOUS]
A further verification round was proposed.
[CURRENT]
We will not carry out another round of testing.
[NEXT]
The group agreed that it would add no value.",canonical_assertion,ai_generated_event_level_hard_contrasts_v1,assistant_reviewed_candidate
disc_h_006_08,discourse_hard_006_supplier,train,No further testing is required.,"[PREVIOUS]
The team asked whether more checking was needed.
[CURRENT]
No further testing is required.
[NEXT]
That is the settled decision.",canonical_assertion,ai_generated_event_level_hard_contrasts_v1,assistant_reviewed_candidate
disc_h_006_09,discourse_hard_006_supplier,train,The group formally approved the decision to approve onboarding only after due diligence.,"[PREVIOUS]
We discussed whether to approve onboarding only after due diligence.
[CURRENT]
The group formally approved the decision to approve onboarding only after due diligence.
[NEXT]
Record that in the minutes.",canonical_assertion,ai_generated_event_level_hard_contrasts_v1,assistant_reviewed_candidate
disc_h_006_10,discourse_hard_006_supplier,train,"To recap, we agreed to approve onboarding only after due diligence, noted that missing insurance evidence could postpone onboarding, and assigned Ravi to request the supplier insurance certificate.","[PREVIOUS]
Several items were resolved.
[CURRENT]
To recap, we agreed to approve onboarding only after due diligence, noted that missing insurance evidence could postpone onboarding, and assigned Ravi to request the supplier insurance certificate.
[NEXT]
There is nothing else to add.",multi_item_recap,ai_generated_event_level_hard_contrasts_v1,assistant_reviewed_candidate
disc_h_006_11,discourse_hard_006_supplier,train,"We approved the supplier approach, accepted the delivery exposure, and confirmed the supplier choice.","[PREVIOUS]
Let's summarise everything.
[CURRENT]
We approved the supplier approach, accepted the delivery exposure, and confirmed the supplier choice.
[NEXT]
No new decision is being made in this recap.",multi_item_recap,ai_generated_event_level_hard_contrasts_v1,assistant_reviewed_candidate
disc_h_006_12,discourse_hard_006_supplier,train,"Yes, that's the decision.","[PREVIOUS]
The decision was to approve onboarding only after due diligence.
[CURRENT]
Yes, that's the decision.
[NEXT]
Next topic.",single_item_recap,ai_generated_event_level_hard_contrasts_v1,assistant_reviewed_candidate
disc_h_006_13,discourse_hard_006_supplier,train,We approved the choice to approve onboarding only after due diligence last month.,"[PREVIOUS]
This was resolved before today's meeting.
[CURRENT]
We approved the choice to approve onboarding only after due diligence last month.
[NEXT]
The paperwork is already complete.",completed_history,ai_generated_event_level_hard_contrasts_v1,assistant_reviewed_candidate
disc_h_006_14,discourse_hard_006_supplier,train,The work to request the supplier insurance certificate was completed yesterday.,"[PREVIOUS]
Here is the latest status.
[CURRENT]
The work to request the supplier insurance certificate was completed yesterday.
[NEXT]
No outstanding task remains.",completed_history,ai_generated_event_level_hard_contrasts_v1,assistant_reviewed_candidate
disc_h_006_15,discourse_hard_006_supplier,train,That assignment has been withdrawn.,"[PREVIOUS]
Ravi was going to request the supplier insurance certificate.
[CURRENT]
That assignment has been withdrawn.
[NEXT]
Do not keep it as an open action.",state_modifier,ai_generated_event_level_hard_contrasts_v1,assistant_reviewed_candidate
disc_h_006_16,discourse_hard_006_supplier,train,"Actually, Lee will request the supplier insurance certificate instead.","[PREVIOUS]
Ravi owns the task.
[CURRENT]
Actually, Lee will request the supplier insurance certificate instead.
[NEXT]
Use Lee as the new owner.",state_modifier,ai_generated_event_level_hard_contrasts_v1,assistant_reviewed_candidate
disc_h_006_17,discourse_hard_006_supplier,train,Should we approve onboarding only after due diligence?,"[PREVIOUS]
We are exploring options.
[CURRENT]
Should we approve onboarding only after due diligence?
[NEXT]
No decision was made.",unassigned_proposal,ai_generated_event_level_hard_contrasts_v1,assistant_reviewed_candidate
disc_h_006_18,discourse_hard_006_supplier,train,Could missing insurance evidence could postpone onboarding?,"[PREVIOUS]
A concern was raised.
[CURRENT]
Could missing insurance evidence could postpone onboarding?
[NEXT]
The team did not confirm that exposure.",unassigned_proposal,ai_generated_event_level_hard_contrasts_v1,assistant_reviewed_candidate
disc_h_006_19,discourse_hard_006_supplier,train,I might request the supplier insurance certificate if I have time.,"[PREVIOUS]
Capacity is uncertain.
[CURRENT]
I might request the supplier insurance certificate if I have time.
[NEXT]
Treat that as an idea, not an action.",hypothetical,ai_generated_event_level_hard_contrasts_v1,assistant_reviewed_candidate
disc_h_006_20,discourse_hard_006_supplier,train,Can everyone see the small control in the corner?,"[PREVIOUS]
The screen is shared.
[CURRENT]
Can everyone see the small control in the corner?
[NEXT]
There it is.",administrative,ai_generated_event_level_hard_contrasts_v1,assistant_reviewed_candidate
disc_h_006_21,discourse_hard_006_supplier,train,Good.,"[PREVIOUS]
The meeting is starting.
[CURRENT]
Good.
[NEXT]
Let's continue.",administrative,ai_generated_event_level_hard_contrasts_v1,assistant_reviewed_candidate
disc_h_006_22,discourse_hard_006_supplier,train,Mm-hmm.,"[PREVIOUS]
The speaker finished.
[CURRENT]
Mm-hmm.
[NEXT]
Next point.",acceptance,ai_generated_event_level_hard_contrasts_v1,assistant_reviewed_candidate
disc_h_006_23,discourse_hard_006_supplier,train,Before Thursday.,"[PREVIOUS]
Ravi accepted the task.
[CURRENT]
Before Thursday.
[NEXT]
That timing works.",temporal_attachment,ai_generated_event_level_hard_contrasts_v1,assistant_reviewed_candidate
disc_h_006_24,discourse_hard_006_supplier,train,And I'll still send you a reminder at five minutes.,"[PREVIOUS]
Ravi is already responsible for request the supplier insurance certificate and for cueing the lead.
[CURRENT]
And I'll still send you a reminder at five minutes.
[NEXT]
That reminder is part of the same responsibility.",supporting_detail,ai_generated_event_level_hard_contrasts_v1,assistant_reviewed_candidate
disc_h_006_25,discourse_hard_006_supplier,train,I'll also give you a private timing cue.,"[PREVIOUS]
The main action is for Ravi to request the supplier insurance certificate.
[CURRENT]
I'll also give you a private timing cue.
[NEXT]
Keep it within the existing action rather than creating another item.",supporting_detail,ai_generated_event_level_hard_contrasts_v1,assistant_reviewed_candidate
disc_h_006_26,discourse_hard_006_supplier,train,Keep an eye on that exposure.,"[PREVIOUS]
The risk is that missing insurance evidence could postpone onboarding.
[CURRENT]
Keep an eye on that exposure.
[NEXT]
Add it to the risk register.",supporting_detail,ai_generated_event_level_hard_contrasts_v1,assistant_reviewed_candidate
disc_h_006_27,discourse_hard_006_supplier,train,Risk: missing insurance evidence could postpone onboarding.,"[PREVIOUS]
We reviewed current exposure.
[CURRENT]
Risk: missing insurance evidence could postpone onboarding.
[NEXT]
It remains open and should be recorded.",canonical_assertion,ai_generated_event_level_hard_contrasts_v1,assistant_reviewed_candidate
disc_h_006_28,discourse_hard_006_supplier,train,"The supplier variation is a watch item, with nothing to do today.","[PREVIOUS]
This is not a task.
[CURRENT]
The supplier variation is a watch item, with nothing to do today.
[NEXT]
Continue normal monitoring.",canonical_assertion,ai_generated_event_level_hard_contrasts_v1,assistant_reviewed_candidate
disc_h_006_29,discourse_hard_006_supplier,train,"It is worth noting, but there is no separate action.","[PREVIOUS]
The exposure remains within tolerance.
[CURRENT]
It is worth noting, but there is no separate action.
[NEXT]
Monitoring continues.",supporting_detail,ai_generated_event_level_hard_contrasts_v1,assistant_reviewed_candidate
disc_h_006_30,discourse_hard_006_supplier,train,It's documented and justified.,"[PREVIOUS]
The evidence is complete.
[CURRENT]
It's documented and justified.
[NEXT]
Move to the next topic.",supporting_detail,ai_generated_event_level_hard_contrasts_v1,assistant_reviewed_candidate
disc_h_006_31,discourse_hard_006_supplier,train,That's confirmed; the paperwork is signed.,"[PREVIOUS]
The group already agreed.
[CURRENT]
That's confirmed; the paperwork is signed.
[NEXT]
Nothing remains open.",single_item_recap,ai_generated_event_level_hard_contrasts_v1,assistant_reviewed_candidate
disc_h_006_32,discourse_hard_006_supplier,train,"No, that was not assigned.","[PREVIOUS]
Someone suggested that Ravi might request the supplier insurance certificate.
[CURRENT]
No, that was not assigned.
[NEXT]
Do not record an action.",state_modifier,ai_generated_event_level_hard_contrasts_v1,assistant_reviewed_candidate
disc_h_006_33,discourse_hard_006_supplier,train,The supplier work remains in progress.,"[PREVIOUS]
The current topic is background only.
[CURRENT]
The supplier work remains in progress.
[NEXT]
No commitment was made.",context_only,ai_generated_event_level_hard_contrasts_v1,assistant_reviewed_candidate
disc_h_007_01,discourse_hard_007_webinar,train,Chloe: I'll shorten the product demonstration.,"[PREVIOUS]
We need an owner.
[CURRENT]
Chloe: I'll shorten the product demonstration.
[NEXT]
Can you finish by Wednesday?",canonical_commitment,ai_generated_event_level_hard_contrasts_v1,assistant_reviewed_candidate
disc_h_007_02,discourse_hard_007_webinar,train,"Yes, I'll take it.","[PREVIOUS]
Could you shorten the product demonstration?
[CURRENT]
Yes, I'll take it.
[NEXT]
By Wednesday, please.",canonical_commitment,ai_generated_event_level_hard_contrasts_v1,assistant_reviewed_candidate
disc_h_007_03,discourse_hard_007_webinar,train,Action: Chloe will shorten the product demonstration by Wednesday.,"[PREVIOUS]
Chloe accepted the work.
[CURRENT]
Action: Chloe will shorten the product demonstration by Wednesday.
[NEXT]
Next item.",single_item_recap,ai_generated_event_level_hard_contrasts_v1,assistant_reviewed_candidate
disc_h_007_04,discourse_hard_007_webinar,train,Agreed.,"[PREVIOUS]
The proposal is to reserve the final fifteen minutes for questions.
[CURRENT]
Agreed.
[NEXT]
That settles the approach.",acceptance,ai_generated_event_level_hard_contrasts_v1,assistant_reviewed_candidate
disc_h_007_05,discourse_hard_007_webinar,train,Decision: we will reserve the final fifteen minutes for questions.,"[PREVIOUS]
We need a final position.
[CURRENT]
Decision: we will reserve the final fifteen minutes for questions.
[NEXT]
The matter is closed.",canonical_assertion,ai_generated_event_level_hard_contrasts_v1,assistant_reviewed_candidate
disc_h_007_06,discourse_hard_007_webinar,train,Decision: no additional webinar testing is required.,"[PREVIOUS]
Should we commission another review cycle?
[CURRENT]
Decision: no additional webinar testing is required.
[NEXT]
The existing evidence is sufficient.",canonical_assertion,ai_generated_event_level_hard_contrasts_v1,assistant_reviewed_candidate
disc_h_007_07,discourse_hard_007_webinar,train,We will not carry out another round of testing.,"[PREVIOUS]
A further verification round was proposed.
[CURRENT]
We will not carry out another round of testing.
[NEXT]
The group agreed that it would add no value.",canonical_assertion,ai_generated_event_level_hard_contrasts_v1,assistant_reviewed_candidate
disc_h_007_08,discourse_hard_007_webinar,train,No further testing is required.,"[PREVIOUS]
The team asked whether more checking was needed.
[CURRENT]
No further testing is required.
[NEXT]
That is the settled decision.",canonical_assertion,ai_generated_event_level_hard_contrasts_v1,assistant_reviewed_candidate
disc_h_007_09,discourse_hard_007_webinar,train,The group formally approved the decision to reserve the final fifteen minutes for questions.,"[PREVIOUS]
We discussed whether to reserve the final fifteen minutes for questions.
[CURRENT]
The group formally approved the decision to reserve the final fifteen minutes for questions.
[NEXT]
Record that in the minutes.",canonical_assertion,ai_generated_event_level_hard_contrasts_v1,assistant_reviewed_candidate
disc_h_007_10,discourse_hard_007_webinar,train,"To recap, we agreed to reserve the final fifteen minutes for questions, noted that a long demonstration could crowd out questions, and assigned Chloe to shorten the product demonstration.","[PREVIOUS]
Several items were resolved.
[CURRENT]
To recap, we agreed to reserve the final fifteen minutes for questions, noted that a long demonstration could crowd out questions, and assigned Chloe to shorten the product demonstration.
[NEXT]
There is nothing else to add.",multi_item_recap,ai_generated_event_level_hard_contrasts_v1,assistant_reviewed_candidate
disc_h_007_11,discourse_hard_007_webinar,train,"We approved the webinar approach, accepted the delivery exposure, and confirmed the supplier choice.","[PREVIOUS]
Let's summarise everything.
[CURRENT]
We approved the webinar approach, accepted the delivery exposure, and confirmed the supplier choice.
[NEXT]
No new decision is being made in this recap.",multi_item_recap,ai_generated_event_level_hard_contrasts_v1,assistant_reviewed_candidate
disc_h_007_12,discourse_hard_007_webinar,train,"Yes, that's the decision.","[PREVIOUS]
The decision was to reserve the final fifteen minutes for questions.
[CURRENT]
Yes, that's the decision.
[NEXT]
Next topic.",single_item_recap,ai_generated_event_level_hard_contrasts_v1,assistant_reviewed_candidate
disc_h_007_13,discourse_hard_007_webinar,train,We approved the choice to reserve the final fifteen minutes for questions last month.,"[PREVIOUS]
This was resolved before today's meeting.
[CURRENT]
We approved the choice to reserve the final fifteen minutes for questions last month.
[NEXT]
The paperwork is already complete.",completed_history,ai_generated_event_level_hard_contrasts_v1,assistant_reviewed_candidate
disc_h_007_14,discourse_hard_007_webinar,train,The work to shorten the product demonstration was completed yesterday.,"[PREVIOUS]
Here is the latest status.
[CURRENT]
The work to shorten the product demonstration was completed yesterday.
[NEXT]
No outstanding task remains.",completed_history,ai_generated_event_level_hard_contrasts_v1,assistant_reviewed_candidate
disc_h_007_15,discourse_hard_007_webinar,train,That assignment has been withdrawn.,"[PREVIOUS]
Chloe was going to shorten the product demonstration.
[CURRENT]
That assignment has been withdrawn.
[NEXT]
Do not keep it as an open action.",state_modifier,ai_generated_event_level_hard_contrasts_v1,assistant_reviewed_candidate
disc_h_007_16,discourse_hard_007_webinar,train,"Actually, Lee will shorten the product demonstration instead.","[PREVIOUS]
Chloe owns the task.
[CURRENT]
Actually, Lee will shorten the product demonstration instead.
[NEXT]
Use Lee as the new owner.",state_modifier,ai_generated_event_level_hard_contrasts_v1,assistant_reviewed_candidate
disc_h_007_17,discourse_hard_007_webinar,train,Should we reserve the final fifteen minutes for questions?,"[PREVIOUS]
We are exploring options.
[CURRENT]
Should we reserve the final fifteen minutes for questions?
[NEXT]
No decision was made.",unassigned_proposal,ai_generated_event_level_hard_contrasts_v1,assistant_reviewed_candidate
disc_h_007_18,discourse_hard_007_webinar,train,Could a long demonstration could crowd out questions?,"[PREVIOUS]
A concern was raised.
[CURRENT]
Could a long demonstration could crowd out questions?
[NEXT]
The team did not confirm that exposure.",unassigned_proposal,ai_generated_event_level_hard_contrasts_v1,assistant_reviewed_candidate
disc_h_007_19,discourse_hard_007_webinar,train,I might shorten the product demonstration if I have time.,"[PREVIOUS]
Capacity is uncertain.
[CURRENT]
I might shorten the product demonstration if I have time.
[NEXT]
Treat that as an idea, not an action.",hypothetical,ai_generated_event_level_hard_contrasts_v1,assistant_reviewed_candidate
disc_h_007_20,discourse_hard_007_webinar,train,Can everyone see the small control in the corner?,"[PREVIOUS]
The screen is shared.
[CURRENT]
Can everyone see the small control in the corner?
[NEXT]
There it is.",administrative,ai_generated_event_level_hard_contrasts_v1,assistant_reviewed_candidate
disc_h_007_21,discourse_hard_007_webinar,train,Good.,"[PREVIOUS]
The meeting is starting.
[CURRENT]
Good.
[NEXT]
Let's continue.",administrative,ai_generated_event_level_hard_contrasts_v1,assistant_reviewed_candidate
disc_h_007_22,discourse_hard_007_webinar,train,Mm-hmm.,"[PREVIOUS]
The speaker finished.
[CURRENT]
Mm-hmm.
[NEXT]
Next point.",acceptance,ai_generated_event_level_hard_contrasts_v1,assistant_reviewed_candidate
disc_h_007_23,discourse_hard_007_webinar,train,Before Wednesday.,"[PREVIOUS]
Chloe accepted the task.
[CURRENT]
Before Wednesday.
[NEXT]
That timing works.",temporal_attachment,ai_generated_event_level_hard_contrasts_v1,assistant_reviewed_candidate
disc_h_007_24,discourse_hard_007_webinar,train,And I'll still send you a reminder at five minutes.,"[PREVIOUS]
Chloe is already responsible for shorten the product demonstration and for cueing the lead.
[CURRENT]
And I'll still send you a reminder at five minutes.
[NEXT]
That reminder is part of the same responsibility.",supporting_detail,ai_generated_event_level_hard_contrasts_v1,assistant_reviewed_candidate
disc_h_007_25,discourse_hard_007_webinar,train,I'll also give you a private timing cue.,"[PREVIOUS]
The main action is for Chloe to shorten the product demonstration.
[CURRENT]
I'll also give you a private timing cue.
[NEXT]
Keep it within the existing action rather than creating another item.",supporting_detail,ai_generated_event_level_hard_contrasts_v1,assistant_reviewed_candidate
disc_h_007_26,discourse_hard_007_webinar,train,Keep an eye on that exposure.,"[PREVIOUS]
The risk is that a long demonstration could crowd out questions.
[CURRENT]
Keep an eye on that exposure.
[NEXT]
Add it to the risk register.",supporting_detail,ai_generated_event_level_hard_contrasts_v1,assistant_reviewed_candidate
disc_h_007_27,discourse_hard_007_webinar,train,Risk: a long demonstration could crowd out questions.,"[PREVIOUS]
We reviewed current exposure.
[CURRENT]
Risk: a long demonstration could crowd out questions.
[NEXT]
It remains open and should be recorded.",canonical_assertion,ai_generated_event_level_hard_contrasts_v1,assistant_reviewed_candidate
disc_h_007_28,discourse_hard_007_webinar,train,"The webinar variation is a watch item, with nothing to do today.","[PREVIOUS]
This is not a task.
[CURRENT]
The webinar variation is a watch item, with nothing to do today.
[NEXT]
Continue normal monitoring.",canonical_assertion,ai_generated_event_level_hard_contrasts_v1,assistant_reviewed_candidate
disc_h_007_29,discourse_hard_007_webinar,train,"It is worth noting, but there is no separate action.","[PREVIOUS]
The exposure remains within tolerance.
[CURRENT]
It is worth noting, but there is no separate action.
[NEXT]
Monitoring continues.",supporting_detail,ai_generated_event_level_hard_contrasts_v1,assistant_reviewed_candidate
disc_h_007_30,discourse_hard_007_webinar,train,It's documented and justified.,"[PREVIOUS]
The evidence is complete.
[CURRENT]
It's documented and justified.
[NEXT]
Move to the next topic.",supporting_detail,ai_generated_event_level_hard_contrasts_v1,assistant_reviewed_candidate
disc_h_007_31,discourse_hard_007_webinar,train,That's confirmed; the paperwork is signed.,"[PREVIOUS]
The group already agreed.
[CURRENT]
That's confirmed; the paperwork is signed.
[NEXT]
Nothing remains open.",single_item_recap,ai_generated_event_level_hard_contrasts_v1,assistant_reviewed_candidate
disc_h_007_32,discourse_hard_007_webinar,train,"No, that was not assigned.","[PREVIOUS]
Someone suggested that Chloe might shorten the product demonstration.
[CURRENT]
No, that was not assigned.
[NEXT]
Do not record an action.",state_modifier,ai_generated_event_level_hard_contrasts_v1,assistant_reviewed_candidate
disc_h_007_33,discourse_hard_007_webinar,train,The webinar work remains in progress.,"[PREVIOUS]
The current topic is background only.
[CURRENT]
The webinar work remains in progress.
[NEXT]
No commitment was made.",context_only,ai_generated_event_level_hard_contrasts_v1,assistant_reviewed_candidate
disc_h_008_01,discourse_hard_008_security,train,Jonah: I'll disable the legacy file-transfer account.,"[PREVIOUS]
We need an owner.
[CURRENT]
Jonah: I'll disable the legacy file-transfer account.
[NEXT]
Can you finish by end of day?",canonical_commitment,ai_generated_event_level_hard_contrasts_v1,assistant_reviewed_candidate
disc_h_008_02,discourse_hard_008_security,train,"Yes, I'll take it.","[PREVIOUS]
Could you disable the legacy file-transfer account?
[CURRENT]
Yes, I'll take it.
[NEXT]
By end of day, please.",canonical_commitment,ai_generated_event_level_hard_contrasts_v1,assistant_reviewed_candidate
disc_h_008_03,discourse_hard_008_security,train,Action: Jonah will disable the legacy file-transfer account by end of day.,"[PREVIOUS]
Jonah accepted the work.
[CURRENT]
Action: Jonah will disable the legacy file-transfer account by end of day.
[NEXT]
Next item.",single_item_recap,ai_generated_event_level_hard_contrasts_v1,assistant_reviewed_candidate
disc_h_008_04,discourse_hard_008_security,train,Agreed.,"[PREVIOUS]
The proposal is to require multifactor authentication for external access.
[CURRENT]
Agreed.
[NEXT]
That settles the approach.",acceptance,ai_generated_event_level_hard_contrasts_v1,assistant_reviewed_candidate
disc_h_008_05,discourse_hard_008_security,train,Decision: we will require multifactor authentication for external access.,"[PREVIOUS]
We need a final position.
[CURRENT]
Decision: we will require multifactor authentication for external access.
[NEXT]
The matter is closed.",canonical_assertion,ai_generated_event_level_hard_contrasts_v1,assistant_reviewed_candidate
disc_h_008_06,discourse_hard_008_security,train,Decision: no additional security testing is required.,"[PREVIOUS]
Should we commission another review cycle?
[CURRENT]
Decision: no additional security testing is required.
[NEXT]
The existing evidence is sufficient.",canonical_assertion,ai_generated_event_level_hard_contrasts_v1,assistant_reviewed_candidate
disc_h_008_07,discourse_hard_008_security,train,We will not carry out another round of testing.,"[PREVIOUS]
A further verification round was proposed.
[CURRENT]
We will not carry out another round of testing.
[NEXT]
The group agreed that it would add no value.",canonical_assertion,ai_generated_event_level_hard_contrasts_v1,assistant_reviewed_candidate
disc_h_008_08,discourse_hard_008_security,train,No further testing is required.,"[PREVIOUS]
The team asked whether more checking was needed.
[CURRENT]
No further testing is required.
[NEXT]
That is the settled decision.",canonical_assertion,ai_generated_event_level_hard_contrasts_v1,assistant_reviewed_candidate
disc_h_008_09,discourse_hard_008_security,train,The group formally approved the decision to require multifactor authentication for external access.,"[PREVIOUS]
We discussed whether to require multifactor authentication for external access.
[CURRENT]
The group formally approved the decision to require multifactor authentication for external access.
[NEXT]
Record that in the minutes.",canonical_assertion,ai_generated_event_level_hard_contrasts_v1,assistant_reviewed_candidate
disc_h_008_10,discourse_hard_008_security,train,"To recap, we agreed to require multifactor authentication for external access, noted that the legacy account creates an unauthorised-access risk, and assigned Jonah to disable the legacy file-transfer account.","[PREVIOUS]
Several items were resolved.
[CURRENT]
To recap, we agreed to require multifactor authentication for external access, noted that the legacy account creates an unauthorised-access risk, and assigned Jonah to disable the legacy file-transfer account.
[NEXT]
There is nothing else to add.",multi_item_recap,ai_generated_event_level_hard_contrasts_v1,assistant_reviewed_candidate
disc_h_008_11,discourse_hard_008_security,train,"We approved the security approach, accepted the delivery exposure, and confirmed the supplier choice.","[PREVIOUS]
Let's summarise everything.
[CURRENT]
We approved the security approach, accepted the delivery exposure, and confirmed the supplier choice.
[NEXT]
No new decision is being made in this recap.",multi_item_recap,ai_generated_event_level_hard_contrasts_v1,assistant_reviewed_candidate
disc_h_008_12,discourse_hard_008_security,train,"Yes, that's the decision.","[PREVIOUS]
The decision was to require multifactor authentication for external access.
[CURRENT]
Yes, that's the decision.
[NEXT]
Next topic.",single_item_recap,ai_generated_event_level_hard_contrasts_v1,assistant_reviewed_candidate
disc_h_008_13,discourse_hard_008_security,train,We approved the choice to require multifactor authentication for external access last month.,"[PREVIOUS]
This was resolved before today's meeting.
[CURRENT]
We approved the choice to require multifactor authentication for external access last month.
[NEXT]
The paperwork is already complete.",completed_history,ai_generated_event_level_hard_contrasts_v1,assistant_reviewed_candidate
disc_h_008_14,discourse_hard_008_security,train,The work to disable the legacy file-transfer account was completed yesterday.,"[PREVIOUS]
Here is the latest status.
[CURRENT]
The work to disable the legacy file-transfer account was completed yesterday.
[NEXT]
No outstanding task remains.",completed_history,ai_generated_event_level_hard_contrasts_v1,assistant_reviewed_candidate
disc_h_008_15,discourse_hard_008_security,train,That assignment has been withdrawn.,"[PREVIOUS]
Jonah was going to disable the legacy file-transfer account.
[CURRENT]
That assignment has been withdrawn.
[NEXT]
Do not keep it as an open action.",state_modifier,ai_generated_event_level_hard_contrasts_v1,assistant_reviewed_candidate
disc_h_008_16,discourse_hard_008_security,train,"Actually, Lee will disable the legacy file-transfer account instead.","[PREVIOUS]
Jonah owns the task.
[CURRENT]
Actually, Lee will disable the legacy file-transfer account instead.
[NEXT]
Use Lee as the new owner.",state_modifier,ai_generated_event_level_hard_contrasts_v1,assistant_reviewed_candidate
disc_h_008_17,discourse_hard_008_security,train,Should we require multifactor authentication for external access?,"[PREVIOUS]
We are exploring options.
[CURRENT]
Should we require multifactor authentication for external access?
[NEXT]
No decision was made.",unassigned_proposal,ai_generated_event_level_hard_contrasts_v1,assistant_reviewed_candidate
disc_h_008_18,discourse_hard_008_security,train,Could the legacy account creates an unauthorised-access risk?,"[PREVIOUS]
A concern was raised.
[CURRENT]
Could the legacy account creates an unauthorised-access risk?
[NEXT]
The team did not confirm that exposure.",unassigned_proposal,ai_generated_event_level_hard_contrasts_v1,assistant_reviewed_candidate
disc_h_008_19,discourse_hard_008_security,train,I might disable the legacy file-transfer account if I have time.,"[PREVIOUS]
Capacity is uncertain.
[CURRENT]
I might disable the legacy file-transfer account if I have time.
[NEXT]
Treat that as an idea, not an action.",hypothetical,ai_generated_event_level_hard_contrasts_v1,assistant_reviewed_candidate
disc_h_008_20,discourse_hard_008_security,train,Can everyone see the small control in the corner?,"[PREVIOUS]
The screen is shared.
[CURRENT]
Can everyone see the small control in the corner?
[NEXT]
There it is.",administrative,ai_generated_event_level_hard_contrasts_v1,assistant_reviewed_candidate
disc_h_008_21,discourse_hard_008_security,train,Good.,"[PREVIOUS]
The meeting is starting.
[CURRENT]
Good.
[NEXT]
Let's continue.",administrative,ai_generated_event_level_hard_contrasts_v1,assistant_reviewed_candidate
disc_h_008_22,discourse_hard_008_security,train,Mm-hmm.,"[PREVIOUS]
The speaker finished.
[CURRENT]
Mm-hmm.
[NEXT]
Next point.",acceptance,ai_generated_event_level_hard_contrasts_v1,assistant_reviewed_candidate
disc_h_008_23,discourse_hard_008_security,train,Before end of day.,"[PREVIOUS]
Jonah accepted the task.
[CURRENT]
Before end of day.
[NEXT]
That timing works.",temporal_attachment,ai_generated_event_level_hard_contrasts_v1,assistant_reviewed_candidate
disc_h_008_24,discourse_hard_008_security,train,And I'll still send you a reminder at five minutes.,"[PREVIOUS]
Jonah is already responsible for disable the legacy file-transfer account and for cueing the lead.
[CURRENT]
And I'll still send you a reminder at five minutes.
[NEXT]
That reminder is part of the same responsibility.",supporting_detail,ai_generated_event_level_hard_contrasts_v1,assistant_reviewed_candidate
disc_h_008_25,discourse_hard_008_security,train,I'll also give you a private timing cue.,"[PREVIOUS]
The main action is for Jonah to disable the legacy file-transfer account.
[CURRENT]
I'll also give you a private timing cue.
[NEXT]
Keep it within the existing action rather than creating another item.",supporting_detail,ai_generated_event_level_hard_contrasts_v1,assistant_reviewed_candidate
disc_h_008_26,discourse_hard_008_security,train,Keep an eye on that exposure.,"[PREVIOUS]
The risk is that the legacy account creates an unauthorised-access risk.
[CURRENT]
Keep an eye on that exposure.
[NEXT]
Add it to the risk register.",supporting_detail,ai_generated_event_level_hard_contrasts_v1,assistant_reviewed_candidate
disc_h_008_27,discourse_hard_008_security,train,Risk: the legacy account creates an unauthorised-access risk.,"[PREVIOUS]
We reviewed current exposure.
[CURRENT]
Risk: the legacy account creates an unauthorised-access risk.
[NEXT]
It remains open and should be recorded.",canonical_assertion,ai_generated_event_level_hard_contrasts_v1,assistant_reviewed_candidate
disc_h_008_28,discourse_hard_008_security,train,"The security variation is a watch item, with nothing to do today.","[PREVIOUS]
This is not a task.
[CURRENT]
The security variation is a watch item, with nothing to do today.
[NEXT]
Continue normal monitoring.",canonical_assertion,ai_generated_event_level_hard_contrasts_v1,assistant_reviewed_candidate
disc_h_008_29,discourse_hard_008_security,train,"It is worth noting, but there is no separate action.","[PREVIOUS]
The exposure remains within tolerance.
[CURRENT]
It is worth noting, but there is no separate action.
[NEXT]
Monitoring continues.",supporting_detail,ai_generated_event_level_hard_contrasts_v1,assistant_reviewed_candidate
disc_h_008_30,discourse_hard_008_security,train,It's documented and justified.,"[PREVIOUS]
The evidence is complete.
[CURRENT]
It's documented and justified.
[NEXT]
Move to the next topic.",supporting_detail,ai_generated_event_level_hard_contrasts_v1,assistant_reviewed_candidate
disc_h_008_31,discourse_hard_008_security,train,That's confirmed; the paperwork is signed.,"[PREVIOUS]
The group already agreed.
[CURRENT]
That's confirmed; the paperwork is signed.
[NEXT]
Nothing remains open.",single_item_recap,ai_generated_event_level_hard_contrasts_v1,assistant_reviewed_candidate
disc_h_008_32,discourse_hard_008_security,train,"No, that was not assigned.","[PREVIOUS]
Someone suggested that Jonah might disable the legacy file-transfer account.
[CURRENT]
No, that was not assigned.
[NEXT]
Do not record an action.",state_modifier,ai_generated_event_level_hard_contrasts_v1,assistant_reviewed_candidate
disc_h_008_33,discourse_hard_008_security,train,The security work remains in progress.,"[PREVIOUS]
The current topic is background only.
[CURRENT]
The security work remains in progress.
[NEXT]
No commitment was made.",context_only,ai_generated_event_level_hard_contrasts_v1,assistant_reviewed_candidate
disc_h_009_01,discourse_hard_009_contract,train,Amara: I'll redline the termination wording.,"[PREVIOUS]
We need an owner.
[CURRENT]
Amara: I'll redline the termination wording.
[NEXT]
Can you finish by Monday?",canonical_commitment,ai_generated_event_level_hard_contrasts_v1,assistant_reviewed_candidate
disc_h_009_02,discourse_hard_009_contract,train,"Yes, I'll take it.","[PREVIOUS]
Could you redline the termination wording?
[CURRENT]
Yes, I'll take it.
[NEXT]
By Monday, please.",canonical_commitment,ai_generated_event_level_hard_contrasts_v1,assistant_reviewed_candidate
disc_h_009_03,discourse_hard_009_contract,train,Action: Amara will redline the termination wording by Monday.,"[PREVIOUS]
Amara accepted the work.
[CURRENT]
Action: Amara will redline the termination wording by Monday.
[NEXT]
Next item.",single_item_recap,ai_generated_event_level_hard_contrasts_v1,assistant_reviewed_candidate
disc_h_009_04,discourse_hard_009_contract,train,Agreed.,"[PREVIOUS]
The proposal is to offer a twelve-month renewal.
[CURRENT]
Agreed.
[NEXT]
That settles the approach.",acceptance,ai_generated_event_level_hard_contrasts_v1,assistant_reviewed_candidate
disc_h_009_05,discourse_hard_009_contract,train,Decision: we will offer a twelve-month renewal.,"[PREVIOUS]
We need a final position.
[CURRENT]
Decision: we will offer a twelve-month renewal.
[NEXT]
The matter is closed.",canonical_assertion,ai_generated_event_level_hard_contrasts_v1,assistant_reviewed_candidate
disc_h_009_06,discourse_hard_009_contract,train,Decision: no additional contract testing is required.,"[PREVIOUS]
Should we commission another review cycle?
[CURRENT]
Decision: no additional contract testing is required.
[NEXT]
The existing evidence is sufficient.",canonical_assertion,ai_generated_event_level_hard_contrasts_v1,assistant_reviewed_candidate
disc_h_009_07,discourse_hard_009_contract,train,We will not carry out another round of testing.,"[PREVIOUS]
A further verification round was proposed.
[CURRENT]
We will not carry out another round of testing.
[NEXT]
The group agreed that it would add no value.",canonical_assertion,ai_generated_event_level_hard_contrasts_v1,assistant_reviewed_candidate
disc_h_009_08,discourse_hard_009_contract,train,No further testing is required.,"[PREVIOUS]
The team asked whether more checking was needed.
[CURRENT]
No further testing is required.
[NEXT]
That is the settled decision.",canonical_assertion,ai_generated_event_level_hard_contrasts_v1,assistant_reviewed_candidate
disc_h_009_09,discourse_hard_009_contract,train,The group formally approved the decision to offer a twelve-month renewal.,"[PREVIOUS]
We discussed whether to offer a twelve-month renewal.
[CURRENT]
The group formally approved the decision to offer a twelve-month renewal.
[NEXT]
Record that in the minutes.",canonical_assertion,ai_generated_event_level_hard_contrasts_v1,assistant_reviewed_candidate
disc_h_009_10,discourse_hard_009_contract,train,"To recap, we agreed to offer a twelve-month renewal, noted that unclear termination wording could prolong negotiation, and assigned Amara to redline the termination wording.","[PREVIOUS]
Several items were resolved.
[CURRENT]
To recap, we agreed to offer a twelve-month renewal, noted that unclear termination wording could prolong negotiation, and assigned Amara to redline the termination wording.
[NEXT]
There is nothing else to add.",multi_item_recap,ai_generated_event_level_hard_contrasts_v1,assistant_reviewed_candidate
disc_h_009_11,discourse_hard_009_contract,train,"We approved the contract approach, accepted the delivery exposure, and confirmed the supplier choice.","[PREVIOUS]
Let's summarise everything.
[CURRENT]
We approved the contract approach, accepted the delivery exposure, and confirmed the supplier choice.
[NEXT]
No new decision is being made in this recap.",multi_item_recap,ai_generated_event_level_hard_contrasts_v1,assistant_reviewed_candidate
disc_h_009_12,discourse_hard_009_contract,train,"Yes, that's the decision.","[PREVIOUS]
The decision was to offer a twelve-month renewal.
[CURRENT]
Yes, that's the decision.
[NEXT]
Next topic.",single_item_recap,ai_generated_event_level_hard_contrasts_v1,assistant_reviewed_candidate
disc_h_009_13,discourse_hard_009_contract,train,We approved the choice to offer a twelve-month renewal last month.,"[PREVIOUS]
This was resolved before today's meeting.
[CURRENT]
We approved the choice to offer a twelve-month renewal last month.
[NEXT]
The paperwork is already complete.",completed_history,ai_generated_event_level_hard_contrasts_v1,assistant_reviewed_candidate
disc_h_009_14,discourse_hard_009_contract,train,The work to redline the termination wording was completed yesterday.,"[PREVIOUS]
Here is the latest status.
[CURRENT]
The work to redline the termination wording was completed yesterday.
[NEXT]
No outstanding task remains.",completed_history,ai_generated_event_level_hard_contrasts_v1,assistant_reviewed_candidate
disc_h_009_15,discourse_hard_009_contract,train,That assignment has been withdrawn.,"[PREVIOUS]
Amara was going to redline the termination wording.
[CURRENT]
That assignment has been withdrawn.
[NEXT]
Do not keep it as an open action.",state_modifier,ai_generated_event_level_hard_contrasts_v1,assistant_reviewed_candidate
disc_h_009_16,discourse_hard_009_contract,train,"Actually, Lee will redline the termination wording instead.","[PREVIOUS]
Amara owns the task.
[CURRENT]
Actually, Lee will redline the termination wording instead.
[NEXT]
Use Lee as the new owner.",state_modifier,ai_generated_event_level_hard_contrasts_v1,assistant_reviewed_candidate
disc_h_009_17,discourse_hard_009_contract,train,Should we offer a twelve-month renewal?,"[PREVIOUS]
We are exploring options.
[CURRENT]
Should we offer a twelve-month renewal?
[NEXT]
No decision was made.",unassigned_proposal,ai_generated_event_level_hard_contrasts_v1,assistant_reviewed_candidate
disc_h_009_18,discourse_hard_009_contract,train,Could unclear termination wording could prolong negotiation?,"[PREVIOUS]
A concern was raised.
[CURRENT]
Could unclear termination wording could prolong negotiation?
[NEXT]
The team did not confirm that exposure.",unassigned_proposal,ai_generated_event_level_hard_contrasts_v1,assistant_reviewed_candidate
disc_h_009_19,discourse_hard_009_contract,train,I might redline the termination wording if I have time.,"[PREVIOUS]
Capacity is uncertain.
[CURRENT]
I might redline the termination wording if I have time.
[NEXT]
Treat that as an idea, not an action.",hypothetical,ai_generated_event_level_hard_contrasts_v1,assistant_reviewed_candidate
disc_h_009_20,discourse_hard_009_contract,train,Can everyone see the small control in the corner?,"[PREVIOUS]
The screen is shared.
[CURRENT]
Can everyone see the small control in the corner?
[NEXT]
There it is.",administrative,ai_generated_event_level_hard_contrasts_v1,assistant_reviewed_candidate
disc_h_009_21,discourse_hard_009_contract,train,Good.,"[PREVIOUS]
The meeting is starting.
[CURRENT]
Good.
[NEXT]
Let's continue.",administrative,ai_generated_event_level_hard_contrasts_v1,assistant_reviewed_candidate
disc_h_009_22,discourse_hard_009_contract,train,Mm-hmm.,"[PREVIOUS]
The speaker finished.
[CURRENT]
Mm-hmm.
[NEXT]
Next point.",acceptance,ai_generated_event_level_hard_contrasts_v1,assistant_reviewed_candidate
disc_h_009_23,discourse_hard_009_contract,train,Before Monday.,"[PREVIOUS]
Amara accepted the task.
[CURRENT]
Before Monday.
[NEXT]
That timing works.",temporal_attachment,ai_generated_event_level_hard_contrasts_v1,assistant_reviewed_candidate
disc_h_009_24,discourse_hard_009_contract,train,And I'll still send you a reminder at five minutes.,"[PREVIOUS]
Amara is already responsible for redline the termination wording and for cueing the lead.
[CURRENT]
And I'll still send you a reminder at five minutes.
[NEXT]
That reminder is part of the same responsibility.",supporting_detail,ai_generated_event_level_hard_contrasts_v1,assistant_reviewed_candidate
disc_h_009_25,discourse_hard_009_contract,train,I'll also give you a private timing cue.,"[PREVIOUS]
The main action is for Amara to redline the termination wording.
[CURRENT]
I'll also give you a private timing cue.
[NEXT]
Keep it within the existing action rather than creating another item.",supporting_detail,ai_generated_event_level_hard_contrasts_v1,assistant_reviewed_candidate
disc_h_009_26,discourse_hard_009_contract,train,Keep an eye on that exposure.,"[PREVIOUS]
The risk is that unclear termination wording could prolong negotiation.
[CURRENT]
Keep an eye on that exposure.
[NEXT]
Add it to the risk register.",supporting_detail,ai_generated_event_level_hard_contrasts_v1,assistant_reviewed_candidate
disc_h_009_27,discourse_hard_009_contract,train,Risk: unclear termination wording could prolong negotiation.,"[PREVIOUS]
We reviewed current exposure.
[CURRENT]
Risk: unclear termination wording could prolong negotiation.
[NEXT]
It remains open and should be recorded.",canonical_assertion,ai_generated_event_level_hard_contrasts_v1,assistant_reviewed_candidate
disc_h_009_28,discourse_hard_009_contract,train,"The contract variation is a watch item, with nothing to do today.","[PREVIOUS]
This is not a task.
[CURRENT]
The contract variation is a watch item, with nothing to do today.
[NEXT]
Continue normal monitoring.",canonical_assertion,ai_generated_event_level_hard_contrasts_v1,assistant_reviewed_candidate
disc_h_009_29,discourse_hard_009_contract,train,"It is worth noting, but there is no separate action.","[PREVIOUS]
The exposure remains within tolerance.
[CURRENT]
It is worth noting, but there is no separate action.
[NEXT]
Monitoring continues.",supporting_detail,ai_generated_event_level_hard_contrasts_v1,assistant_reviewed_candidate
disc_h_009_30,discourse_hard_009_contract,train,It's documented and justified.,"[PREVIOUS]
The evidence is complete.
[CURRENT]
It's documented and justified.
[NEXT]
Move to the next topic.",supporting_detail,ai_generated_event_level_hard_contrasts_v1,assistant_reviewed_candidate
disc_h_009_31,discourse_hard_009_contract,train,That's confirmed; the paperwork is signed.,"[PREVIOUS]
The group already agreed.
[CURRENT]
That's confirmed; the paperwork is signed.
[NEXT]
Nothing remains open.",single_item_recap,ai_generated_event_level_hard_contrasts_v1,assistant_reviewed_candidate
disc_h_009_32,discourse_hard_009_contract,train,"No, that was not assigned.","[PREVIOUS]
Someone suggested that Amara might redline the termination wording.
[CURRENT]
No, that was not assigned.
[NEXT]
Do not record an action.",state_modifier,ai_generated_event_level_hard_contrasts_v1,assistant_reviewed_candidate
disc_h_009_33,discourse_hard_009_contract,train,The contract work remains in progress.,"[PREVIOUS]
The current topic is background only.
[CURRENT]
The contract work remains in progress.
[NEXT]
No commitment was made.",context_only,ai_generated_event_level_hard_contrasts_v1,assistant_reviewed_candidate
disc_h_010_01,discourse_hard_010_audit,train,Louis: I'll prepare the audit evidence index.,"[PREVIOUS]
We need an owner.
[CURRENT]
Louis: I'll prepare the audit evidence index.
[NEXT]
Can you finish by next week?",canonical_commitment,ai_generated_event_level_hard_contrasts_v1,assistant_reviewed_candidate
disc_h_010_02,discourse_hard_010_audit,train,"Yes, I'll take it.","[PREVIOUS]
Could you prepare the audit evidence index?
[CURRENT]
Yes, I'll take it.
[NEXT]
By next week, please.",canonical_commitment,ai_generated_event_level_hard_contrasts_v1,assistant_reviewed_candidate
disc_h_010_03,discourse_hard_010_audit,train,Action: Louis will prepare the audit evidence index by next week.,"[PREVIOUS]
Louis accepted the work.
[CURRENT]
Action: Louis will prepare the audit evidence index by next week.
[NEXT]
Next item.",single_item_recap,ai_generated_event_level_hard_contrasts_v1,assistant_reviewed_candidate
disc_h_010_04,discourse_hard_010_audit,train,Agreed.,"[PREVIOUS]
The proposal is to sample two additional operational processes.
[CURRENT]
Agreed.
[NEXT]
That settles the approach.",acceptance,ai_generated_event_level_hard_contrasts_v1,assistant_reviewed_candidate
disc_h_010_05,discourse_hard_010_audit,train,Decision: we will sample two additional operational processes.,"[PREVIOUS]
We need a final position.
[CURRENT]
Decision: we will sample two additional operational processes.
[NEXT]
The matter is closed.",canonical_assertion,ai_generated_event_level_hard_contrasts_v1,assistant_reviewed_candidate
disc_h_010_06,discourse_hard_010_audit,train,Decision: no additional audit testing is required.,"[PREVIOUS]
Should we commission another review cycle?
[CURRENT]
Decision: no additional audit testing is required.
[NEXT]
The existing evidence is sufficient.",canonical_assertion,ai_generated_event_level_hard_contrasts_v1,assistant_reviewed_candidate
disc_h_010_07,discourse_hard_010_audit,train,We will not carry out another round of testing.,"[PREVIOUS]
A further verification round was proposed.
[CURRENT]
We will not carry out another round of testing.
[NEXT]
The group agreed that it would add no value.",canonical_assertion,ai_generated_event_level_hard_contrasts_v1,assistant_reviewed_candidate
disc_h_010_08,discourse_hard_010_audit,train,No further testing is required.,"[PREVIOUS]
The team asked whether more checking was needed.
[CURRENT]
No further testing is required.
[NEXT]
That is the settled decision.",canonical_assertion,ai_generated_event_level_hard_contrasts_v1,assistant_reviewed_candidate
disc_h_010_09,discourse_hard_010_audit,train,The group formally approved the decision to sample two additional operational processes.,"[PREVIOUS]
We discussed whether to sample two additional operational processes.
[CURRENT]
The group formally approved the decision to sample two additional operational processes.
[NEXT]
Record that in the minutes.",canonical_assertion,ai_generated_event_level_hard_contrasts_v1,assistant_reviewed_candidate
disc_h_010_10,discourse_hard_010_audit,train,"To recap, we agreed to sample two additional operational processes, noted that missing records could prevent completion of the audit plan, and assigned Louis to prepare the audit evidence index.","[PREVIOUS]
Several items were resolved.
[CURRENT]
To recap, we agreed to sample two additional operational processes, noted that missing records could prevent completion of the audit plan, and assigned Louis to prepare the audit evidence index.
[NEXT]
There is nothing else to add.",multi_item_recap,ai_generated_event_level_hard_contrasts_v1,assistant_reviewed_candidate
disc_h_010_11,discourse_hard_010_audit,train,"We approved the audit approach, accepted the delivery exposure, and confirmed the supplier choice.","[PREVIOUS]
Let's summarise everything.
[CURRENT]
We approved the audit approach, accepted the delivery exposure, and confirmed the supplier choice.
[NEXT]
No new decision is being made in this recap.",multi_item_recap,ai_generated_event_level_hard_contrasts_v1,assistant_reviewed_candidate
disc_h_010_12,discourse_hard_010_audit,train,"Yes, that's the decision.","[PREVIOUS]
The decision was to sample two additional operational processes.
[CURRENT]
Yes, that's the decision.
[NEXT]
Next topic.",single_item_recap,ai_generated_event_level_hard_contrasts_v1,assistant_reviewed_candidate
disc_h_010_13,discourse_hard_010_audit,train,We approved the choice to sample two additional operational processes last month.,"[PREVIOUS]
This was resolved before today's meeting.
[CURRENT]
We approved the choice to sample two additional operational processes last month.
[NEXT]
The paperwork is already complete.",completed_history,ai_generated_event_level_hard_contrasts_v1,assistant_reviewed_candidate
disc_h_010_14,discourse_hard_010_audit,train,The work to prepare the audit evidence index was completed yesterday.,"[PREVIOUS]
Here is the latest status.
[CURRENT]
The work to prepare the audit evidence index was completed yesterday.
[NEXT]
No outstanding task remains.",completed_history,ai_generated_event_level_hard_contrasts_v1,assistant_reviewed_candidate
disc_h_010_15,discourse_hard_010_audit,train,That assignment has been withdrawn.,"[PREVIOUS]
Louis was going to prepare the audit evidence index.
[CURRENT]
That assignment has been withdrawn.
[NEXT]
Do not keep it as an open action.",state_modifier,ai_generated_event_level_hard_contrasts_v1,assistant_reviewed_candidate
disc_h_010_16,discourse_hard_010_audit,train,"Actually, Lee will prepare the audit evidence index instead.","[PREVIOUS]
Louis owns the task.
[CURRENT]
Actually, Lee will prepare the audit evidence index instead.
[NEXT]
Use Lee as the new owner.",state_modifier,ai_generated_event_level_hard_contrasts_v1,assistant_reviewed_candidate
disc_h_010_17,discourse_hard_010_audit,train,Should we sample two additional operational processes?,"[PREVIOUS]
We are exploring options.
[CURRENT]
Should we sample two additional operational processes?
[NEXT]
No decision was made.",unassigned_proposal,ai_generated_event_level_hard_contrasts_v1,assistant_reviewed_candidate
disc_h_010_18,discourse_hard_010_audit,train,Could missing records could prevent completion of the audit plan?,"[PREVIOUS]
A concern was raised.
[CURRENT]
Could missing records could prevent completion of the audit plan?
[NEXT]
The team did not confirm that exposure.",unassigned_proposal,ai_generated_event_level_hard_contrasts_v1,assistant_reviewed_candidate
disc_h_010_19,discourse_hard_010_audit,train,I might prepare the audit evidence index if I have time.,"[PREVIOUS]
Capacity is uncertain.
[CURRENT]
I might prepare the audit evidence index if I have time.
[NEXT]
Treat that as an idea, not an action.",hypothetical,ai_generated_event_level_hard_contrasts_v1,assistant_reviewed_candidate
disc_h_010_20,discourse_hard_010_audit,train,Can everyone see the small control in the corner?,"[PREVIOUS]
The screen is shared.
[CURRENT]
Can everyone see the small control in the corner?
[NEXT]
There it is.",administrative,ai_generated_event_level_hard_contrasts_v1,assistant_reviewed_candidate
disc_h_010_21,discourse_hard_010_audit,train,Good.,"[PREVIOUS]
The meeting is starting.
[CURRENT]
Good.
[NEXT]
Let's continue.",administrative,ai_generated_event_level_hard_contrasts_v1,assistant_reviewed_candidate
disc_h_010_22,discourse_hard_010_audit,train,Mm-hmm.,"[PREVIOUS]
The speaker finished.
[CURRENT]
Mm-hmm.
[NEXT]
Next point.",acceptance,ai_generated_event_level_hard_contrasts_v1,assistant_reviewed_candidate
disc_h_010_23,discourse_hard_010_audit,train,Before next week.,"[PREVIOUS]
Louis accepted the task.
[CURRENT]
Before next week.
[NEXT]
That timing works.",temporal_attachment,ai_generated_event_level_hard_contrasts_v1,assistant_reviewed_candidate
disc_h_010_24,discourse_hard_010_audit,train,And I'll still send you a reminder at five minutes.,"[PREVIOUS]
Louis is already responsible for prepare the audit evidence index and for cueing the lead.
[CURRENT]
And I'll still send you a reminder at five minutes.
[NEXT]
That reminder is part of the same responsibility.",supporting_detail,ai_generated_event_level_hard_contrasts_v1,assistant_reviewed_candidate
disc_h_010_25,discourse_hard_010_audit,train,I'll also give you a private timing cue.,"[PREVIOUS]
The main action is for Louis to prepare the audit evidence index.
[CURRENT]
I'll also give you a private timing cue.
[NEXT]
Keep it within the existing action rather than creating another item.",supporting_detail,ai_generated_event_level_hard_contrasts_v1,assistant_reviewed_candidate
disc_h_010_26,discourse_hard_010_audit,train,Keep an eye on that exposure.,"[PREVIOUS]
The risk is that missing records could prevent completion of the audit plan.
[CURRENT]
Keep an eye on that exposure.
[NEXT]
Add it to the risk register.",supporting_detail,ai_generated_event_level_hard_contrasts_v1,assistant_reviewed_candidate
disc_h_010_27,discourse_hard_010_audit,train,Risk: missing records could prevent completion of the audit plan.,"[PREVIOUS]
We reviewed current exposure.
[CURRENT]
Risk: missing records could prevent completion of the audit plan.
[NEXT]
It remains open and should be recorded.",canonical_assertion,ai_generated_event_level_hard_contrasts_v1,assistant_reviewed_candidate
disc_h_010_28,discourse_hard_010_audit,train,"The audit variation is a watch item, with nothing to do today.","[PREVIOUS]
This is not a task.
[CURRENT]
The audit variation is a watch item, with nothing to do today.
[NEXT]
Continue normal monitoring.",canonical_assertion,ai_generated_event_level_hard_contrasts_v1,assistant_reviewed_candidate
disc_h_010_29,discourse_hard_010_audit,train,"It is worth noting, but there is no separate action.","[PREVIOUS]
The exposure remains within tolerance.
[CURRENT]
It is worth noting, but there is no separate action.
[NEXT]
Monitoring continues.",supporting_detail,ai_generated_event_level_hard_contrasts_v1,assistant_reviewed_candidate
disc_h_010_30,discourse_hard_010_audit,train,It's documented and justified.,"[PREVIOUS]
The evidence is complete.
[CURRENT]
It's documented and justified.
[NEXT]
Move to the next topic.",supporting_detail,ai_generated_event_level_hard_contrasts_v1,assistant_reviewed_candidate
disc_h_010_31,discourse_hard_010_audit,train,That's confirmed; the paperwork is signed.,"[PREVIOUS]
The group already agreed.
[CURRENT]
That's confirmed; the paperwork is signed.
[NEXT]
Nothing remains open.",single_item_recap,ai_generated_event_level_hard_contrasts_v1,assistant_reviewed_candidate
disc_h_010_32,discourse_hard_010_audit,train,"No, that was not assigned.","[PREVIOUS]
Someone suggested that Louis might prepare the audit evidence index.
[CURRENT]
No, that was not assigned.
[NEXT]
Do not record an action.",state_modifier,ai_generated_event_level_hard_contrasts_v1,assistant_reviewed_candidate
disc_h_010_33,discourse_hard_010_audit,train,The audit work remains in progress.,"[PREVIOUS]
The current topic is background only.
[CURRENT]
The audit work remains in progress.
[NEXT]
No commitment was made.",context_only,ai_generated_event_level_hard_contrasts_v1,assistant_reviewed_candidate
disc_h_011_01,discourse_hard_011_marketing,train,Mei: I'll update the campaign launch schedule.,"[PREVIOUS]
We need an owner.
[CURRENT]
Mei: I'll update the campaign launch schedule.
[NEXT]
Can you finish by Tuesday?",canonical_commitment,ai_generated_event_level_hard_contrasts_v1,assistant_reviewed_candidate
disc_h_011_02,discourse_hard_011_marketing,train,"Yes, I'll take it.","[PREVIOUS]
Could you update the campaign launch schedule?
[CURRENT]
Yes, I'll take it.
[NEXT]
By Tuesday, please.",canonical_commitment,ai_generated_event_level_hard_contrasts_v1,assistant_reviewed_candidate
disc_h_011_03,discourse_hard_011_marketing,train,Action: Mei will update the campaign launch schedule by Tuesday.,"[PREVIOUS]
Mei accepted the work.
[CURRENT]
Action: Mei will update the campaign launch schedule by Tuesday.
[NEXT]
Next item.",single_item_recap,ai_generated_event_level_hard_contrasts_v1,assistant_reviewed_candidate
disc_h_011_04,discourse_hard_011_marketing,train,Agreed.,"[PREVIOUS]
The proposal is to move the regional campaign into September.
[CURRENT]
Agreed.
[NEXT]
That settles the approach.",acceptance,ai_generated_event_level_hard_contrasts_v1,assistant_reviewed_candidate
disc_h_011_05,discourse_hard_011_marketing,train,Decision: we will move the regional campaign into September.,"[PREVIOUS]
We need a final position.
[CURRENT]
Decision: we will move the regional campaign into September.
[NEXT]
The matter is closed.",canonical_assertion,ai_generated_event_level_hard_contrasts_v1,assistant_reviewed_candidate
disc_h_011_06,discourse_hard_011_marketing,train,Decision: no additional marketing testing is required.,"[PREVIOUS]
Should we commission another review cycle?
[CURRENT]
Decision: no additional marketing testing is required.
[NEXT]
The existing evidence is sufficient.",canonical_assertion,ai_generated_event_level_hard_contrasts_v1,assistant_reviewed_candidate
disc_h_011_07,discourse_hard_011_marketing,train,We will not carry out another round of testing.,"[PREVIOUS]
A further verification round was proposed.
[CURRENT]
We will not carry out another round of testing.
[NEXT]
The group agreed that it would add no value.",canonical_assertion,ai_generated_event_level_hard_contrasts_v1,assistant_reviewed_candidate
disc_h_011_08,discourse_hard_011_marketing,train,No further testing is required.,"[PREVIOUS]
The team asked whether more checking was needed.
[CURRENT]
No further testing is required.
[NEXT]
That is the settled decision.",canonical_assertion,ai_generated_event_level_hard_contrasts_v1,assistant_reviewed_candidate
disc_h_011_09,discourse_hard_011_marketing,train,The group formally approved the decision to move the regional campaign into September.,"[PREVIOUS]
We discussed whether to move the regional campaign into September.
[CURRENT]
The group formally approved the decision to move the regional campaign into September.
[NEXT]
Record that in the minutes.",canonical_assertion,ai_generated_event_level_hard_contrasts_v1,assistant_reviewed_candidate
disc_h_011_10,discourse_hard_011_marketing,train,"To recap, we agreed to move the regional campaign into September, noted that creative approval may slip beyond the media booking date, and assigned Mei to update the campaign launch schedule.","[PREVIOUS]
Several items were resolved.
[CURRENT]
To recap, we agreed to move the regional campaign into September, noted that creative approval may slip beyond the media booking date, and assigned Mei to update the campaign launch schedule.
[NEXT]
There is nothing else to add.",multi_item_recap,ai_generated_event_level_hard_contrasts_v1,assistant_reviewed_candidate
disc_h_011_11,discourse_hard_011_marketing,train,"We approved the marketing approach, accepted the delivery exposure, and confirmed the supplier choice.","[PREVIOUS]
Let's summarise everything.
[CURRENT]
We approved the marketing approach, accepted the delivery exposure, and confirmed the supplier choice.
[NEXT]
No new decision is being made in this recap.",multi_item_recap,ai_generated_event_level_hard_contrasts_v1,assistant_reviewed_candidate
disc_h_011_12,discourse_hard_011_marketing,train,"Yes, that's the decision.","[PREVIOUS]
The decision was to move the regional campaign into September.
[CURRENT]
Yes, that's the decision.
[NEXT]
Next topic.",single_item_recap,ai_generated_event_level_hard_contrasts_v1,assistant_reviewed_candidate
disc_h_011_13,discourse_hard_011_marketing,train,We approved the choice to move the regional campaign into September last month.,"[PREVIOUS]
This was resolved before today's meeting.
[CURRENT]
We approved the choice to move the regional campaign into September last month.
[NEXT]
The paperwork is already complete.",completed_history,ai_generated_event_level_hard_contrasts_v1,assistant_reviewed_candidate
disc_h_011_14,discourse_hard_011_marketing,train,The work to update the campaign launch schedule was completed yesterday.,"[PREVIOUS]
Here is the latest status.
[CURRENT]
The work to update the campaign launch schedule was completed yesterday.
[NEXT]
No outstanding task remains.",completed_history,ai_generated_event_level_hard_contrasts_v1,assistant_reviewed_candidate
disc_h_011_15,discourse_hard_011_marketing,train,That assignment has been withdrawn.,"[PREVIOUS]
Mei was going to update the campaign launch schedule.
[CURRENT]
That assignment has been withdrawn.
[NEXT]
Do not keep it as an open action.",state_modifier,ai_generated_event_level_hard_contrasts_v1,assistant_reviewed_candidate
disc_h_011_16,discourse_hard_011_marketing,train,"Actually, Lee will update the campaign launch schedule instead.","[PREVIOUS]
Mei owns the task.
[CURRENT]
Actually, Lee will update the campaign launch schedule instead.
[NEXT]
Use Lee as the new owner.",state_modifier,ai_generated_event_level_hard_contrasts_v1,assistant_reviewed_candidate
disc_h_011_17,discourse_hard_011_marketing,train,Should we move the regional campaign into September?,"[PREVIOUS]
We are exploring options.
[CURRENT]
Should we move the regional campaign into September?
[NEXT]
No decision was made.",unassigned_proposal,ai_generated_event_level_hard_contrasts_v1,assistant_reviewed_candidate
disc_h_011_18,discourse_hard_011_marketing,train,Could creative approval may slip beyond the media booking date?,"[PREVIOUS]
A concern was raised.
[CURRENT]
Could creative approval may slip beyond the media booking date?
[NEXT]
The team did not confirm that exposure.",unassigned_proposal,ai_generated_event_level_hard_contrasts_v1,assistant_reviewed_candidate
disc_h_011_19,discourse_hard_011_marketing,train,I might update the campaign launch schedule if I have time.,"[PREVIOUS]
Capacity is uncertain.
[CURRENT]
I might update the campaign launch schedule if I have time.
[NEXT]
Treat that as an idea, not an action.",hypothetical,ai_generated_event_level_hard_contrasts_v1,assistant_reviewed_candidate
disc_h_011_20,discourse_hard_011_marketing,train,Can everyone see the small control in the corner?,"[PREVIOUS]
The screen is shared.
[CURRENT]
Can everyone see the small control in the corner?
[NEXT]
There it is.",administrative,ai_generated_event_level_hard_contrasts_v1,assistant_reviewed_candidate
disc_h_011_21,discourse_hard_011_marketing,train,Good.,"[PREVIOUS]
The meeting is starting.
[CURRENT]
Good.
[NEXT]
Let's continue.",administrative,ai_generated_event_level_hard_contrasts_v1,assistant_reviewed_candidate
disc_h_011_22,discourse_hard_011_marketing,train,Mm-hmm.,"[PREVIOUS]
The speaker finished.
[CURRENT]
Mm-hmm.
[NEXT]
Next point.",acceptance,ai_generated_event_level_hard_contrasts_v1,assistant_reviewed_candidate
disc_h_011_23,discourse_hard_011_marketing,train,Before Tuesday.,"[PREVIOUS]
Mei accepted the task.
[CURRENT]
Before Tuesday.
[NEXT]
That timing works.",temporal_attachment,ai_generated_event_level_hard_contrasts_v1,assistant_reviewed_candidate
disc_h_011_24,discourse_hard_011_marketing,train,And I'll still send you a reminder at five minutes.,"[PREVIOUS]
Mei is already responsible for update the campaign launch schedule and for cueing the lead.
[CURRENT]
And I'll still send you a reminder at five minutes.
[NEXT]
That reminder is part of the same responsibility.",supporting_detail,ai_generated_event_level_hard_contrasts_v1,assistant_reviewed_candidate
disc_h_011_25,discourse_hard_011_marketing,train,I'll also give you a private timing cue.,"[PREVIOUS]
The main action is for Mei to update the campaign launch schedule.
[CURRENT]
I'll also give you a private timing cue.
[NEXT]
Keep it within the existing action rather than creating another item.",supporting_detail,ai_generated_event_level_hard_contrasts_v1,assistant_reviewed_candidate
disc_h_011_26,discourse_hard_011_marketing,train,Keep an eye on that exposure.,"[PREVIOUS]
The risk is that creative approval may slip beyond the media booking date.
[CURRENT]
Keep an eye on that exposure.
[NEXT]
Add it to the risk register.",supporting_detail,ai_generated_event_level_hard_contrasts_v1,assistant_reviewed_candidate
disc_h_011_27,discourse_hard_011_marketing,train,Risk: creative approval may slip beyond the media booking date.,"[PREVIOUS]
We reviewed current exposure.
[CURRENT]
Risk: creative approval may slip beyond the media booking date.
[NEXT]
It remains open and should be recorded.",canonical_assertion,ai_generated_event_level_hard_contrasts_v1,assistant_reviewed_candidate
disc_h_011_28,discourse_hard_011_marketing,train,"The marketing variation is a watch item, with nothing to do today.","[PREVIOUS]
This is not a task.
[CURRENT]
The marketing variation is a watch item, with nothing to do today.
[NEXT]
Continue normal monitoring.",canonical_assertion,ai_generated_event_level_hard_contrasts_v1,assistant_reviewed_candidate
disc_h_011_29,discourse_hard_011_marketing,train,"It is worth noting, but there is no separate action.","[PREVIOUS]
The exposure remains within tolerance.
[CURRENT]
It is worth noting, but there is no separate action.
[NEXT]
Monitoring continues.",supporting_detail,ai_generated_event_level_hard_contrasts_v1,assistant_reviewed_candidate
disc_h_011_30,discourse_hard_011_marketing,train,It's documented and justified.,"[PREVIOUS]
The evidence is complete.
[CURRENT]
It's documented and justified.
[NEXT]
Move to the next topic.",supporting_detail,ai_generated_event_level_hard_contrasts_v1,assistant_reviewed_candidate
disc_h_011_31,discourse_hard_011_marketing,train,That's confirmed; the paperwork is signed.,"[PREVIOUS]
The group already agreed.
[CURRENT]
That's confirmed; the paperwork is signed.
[NEXT]
Nothing remains open.",single_item_recap,ai_generated_event_level_hard_contrasts_v1,assistant_reviewed_candidate
disc_h_011_32,discourse_hard_011_marketing,train,"No, that was not assigned.","[PREVIOUS]
Someone suggested that Mei might update the campaign launch schedule.
[CURRENT]
No, that was not assigned.
[NEXT]
Do not record an action.",state_modifier,ai_generated_event_level_hard_contrasts_v1,assistant_reviewed_candidate
disc_h_011_33,discourse_hard_011_marketing,train,The marketing work remains in progress.,"[PREVIOUS]
The current topic is background only.
[CURRENT]
The marketing work remains in progress.
[NEXT]
No commitment was made.",context_only,ai_generated_event_level_hard_contrasts_v1,assistant_reviewed_candidate
disc_h_012_01,discourse_hard_012_operations,train,Declan: I'll update the weekend duty rota.,"[PREVIOUS]
We need an owner.
[CURRENT]
Declan: I'll update the weekend duty rota.
[NEXT]
Can you finish by this afternoon?",canonical_commitment,ai_generated_event_level_hard_contrasts_v1,assistant_reviewed_candidate
disc_h_012_02,discourse_hard_012_operations,train,"Yes, I'll take it.","[PREVIOUS]
Could you update the weekend duty rota?
[CURRENT]
Yes, I'll take it.
[NEXT]
By this afternoon, please.",canonical_commitment,ai_generated_event_level_hard_contrasts_v1,assistant_reviewed_candidate
disc_h_012_03,discourse_hard_012_operations,train,Action: Declan will update the weekend duty rota by this afternoon.,"[PREVIOUS]
Declan accepted the work.
[CURRENT]
Action: Declan will update the weekend duty rota by this afternoon.
[NEXT]
Next item.",single_item_recap,ai_generated_event_level_hard_contrasts_v1,assistant_reviewed_candidate
disc_h_012_04,discourse_hard_012_operations,train,Agreed.,"[PREVIOUS]
The proposal is to keep weekend support within the internal team.
[CURRENT]
Agreed.
[NEXT]
That settles the approach.",acceptance,ai_generated_event_level_hard_contrasts_v1,assistant_reviewed_candidate
disc_h_012_05,discourse_hard_012_operations,train,Decision: we will keep weekend support within the internal team.,"[PREVIOUS]
We need a final position.
[CURRENT]
Decision: we will keep weekend support within the internal team.
[NEXT]
The matter is closed.",canonical_assertion,ai_generated_event_level_hard_contrasts_v1,assistant_reviewed_candidate
disc_h_012_06,discourse_hard_012_operations,train,Decision: no additional operations testing is required.,"[PREVIOUS]
Should we commission another review cycle?
[CURRENT]
Decision: no additional operations testing is required.
[NEXT]
The existing evidence is sufficient.",canonical_assertion,ai_generated_event_level_hard_contrasts_v1,assistant_reviewed_candidate
disc_h_012_07,discourse_hard_012_operations,train,We will not carry out another round of testing.,"[PREVIOUS]
A further verification round was proposed.
[CURRENT]
We will not carry out another round of testing.
[NEXT]
The group agreed that it would add no value.",canonical_assertion,ai_generated_event_level_hard_contrasts_v1,assistant_reviewed_candidate
disc_h_012_08,discourse_hard_012_operations,train,No further testing is required.,"[PREVIOUS]
The team asked whether more checking was needed.
[CURRENT]
No further testing is required.
[NEXT]
That is the settled decision.",canonical_assertion,ai_generated_event_level_hard_contrasts_v1,assistant_reviewed_candidate
disc_h_012_09,discourse_hard_012_operations,train,The group formally approved the decision to keep weekend support within the internal team.,"[PREVIOUS]
We discussed whether to keep weekend support within the internal team.
[CURRENT]
The group formally approved the decision to keep weekend support within the internal team.
[NEXT]
Record that in the minutes.",canonical_assertion,ai_generated_event_level_hard_contrasts_v1,assistant_reviewed_candidate
disc_h_012_10,discourse_hard_012_operations,train,"To recap, we agreed to keep weekend support within the internal team, noted that insufficient weekend cover could delay incident response, and assigned Declan to update the weekend duty rota.","[PREVIOUS]
Several items were resolved.
[CURRENT]
To recap, we agreed to keep weekend support within the internal team, noted that insufficient weekend cover could delay incident response, and assigned Declan to update the weekend duty rota.
[NEXT]
There is nothing else to add.",multi_item_recap,ai_generated_event_level_hard_contrasts_v1,assistant_reviewed_candidate
disc_h_012_11,discourse_hard_012_operations,train,"We approved the operations approach, accepted the delivery exposure, and confirmed the supplier choice.","[PREVIOUS]
Let's summarise everything.
[CURRENT]
We approved the operations approach, accepted the delivery exposure, and confirmed the supplier choice.
[NEXT]
No new decision is being made in this recap.",multi_item_recap,ai_generated_event_level_hard_contrasts_v1,assistant_reviewed_candidate
disc_h_012_12,discourse_hard_012_operations,train,"Yes, that's the decision.","[PREVIOUS]
The decision was to keep weekend support within the internal team.
[CURRENT]
Yes, that's the decision.
[NEXT]
Next topic.",single_item_recap,ai_generated_event_level_hard_contrasts_v1,assistant_reviewed_candidate
disc_h_012_13,discourse_hard_012_operations,train,We approved the choice to keep weekend support within the internal team last month.,"[PREVIOUS]
This was resolved before today's meeting.
[CURRENT]
We approved the choice to keep weekend support within the internal team last month.
[NEXT]
The paperwork is already complete.",completed_history,ai_generated_event_level_hard_contrasts_v1,assistant_reviewed_candidate
disc_h_012_14,discourse_hard_012_operations,train,The work to update the weekend duty rota was completed yesterday.,"[PREVIOUS]
Here is the latest status.
[CURRENT]
The work to update the weekend duty rota was completed yesterday.
[NEXT]
No outstanding task remains.",completed_history,ai_generated_event_level_hard_contrasts_v1,assistant_reviewed_candidate
disc_h_012_15,discourse_hard_012_operations,train,That assignment has been withdrawn.,"[PREVIOUS]
Declan was going to update the weekend duty rota.
[CURRENT]
That assignment has been withdrawn.
[NEXT]
Do not keep it as an open action.",state_modifier,ai_generated_event_level_hard_contrasts_v1,assistant_reviewed_candidate
disc_h_012_16,discourse_hard_012_operations,train,"Actually, Lee will update the weekend duty rota instead.","[PREVIOUS]
Declan owns the task.
[CURRENT]
Actually, Lee will update the weekend duty rota instead.
[NEXT]
Use Lee as the new owner.",state_modifier,ai_generated_event_level_hard_contrasts_v1,assistant_reviewed_candidate
disc_h_012_17,discourse_hard_012_operations,train,Should we keep weekend support within the internal team?,"[PREVIOUS]
We are exploring options.
[CURRENT]
Should we keep weekend support within the internal team?
[NEXT]
No decision was made.",unassigned_proposal,ai_generated_event_level_hard_contrasts_v1,assistant_reviewed_candidate
disc_h_012_18,discourse_hard_012_operations,train,Could insufficient weekend cover could delay incident response?,"[PREVIOUS]
A concern was raised.
[CURRENT]
Could insufficient weekend cover could delay incident response?
[NEXT]
The team did not confirm that exposure.",unassigned_proposal,ai_generated_event_level_hard_contrasts_v1,assistant_reviewed_candidate
disc_h_012_19,discourse_hard_012_operations,train,I might update the weekend duty rota if I have time.,"[PREVIOUS]
Capacity is uncertain.
[CURRENT]
I might update the weekend duty rota if I have time.
[NEXT]
Treat that as an idea, not an action.",hypothetical,ai_generated_event_level_hard_contrasts_v1,assistant_reviewed_candidate
disc_h_012_20,discourse_hard_012_operations,train,Can everyone see the small control in the corner?,"[PREVIOUS]
The screen is shared.
[CURRENT]
Can everyone see the small control in the corner?
[NEXT]
There it is.",administrative,ai_generated_event_level_hard_contrasts_v1,assistant_reviewed_candidate
disc_h_012_21,discourse_hard_012_operations,train,Good.,"[PREVIOUS]
The meeting is starting.
[CURRENT]
Good.
[NEXT]
Let's continue.",administrative,ai_generated_event_level_hard_contrasts_v1,assistant_reviewed_candidate
disc_h_012_22,discourse_hard_012_operations,train,Mm-hmm.,"[PREVIOUS]
The speaker finished.
[CURRENT]
Mm-hmm.
[NEXT]
Next point.",acceptance,ai_generated_event_level_hard_contrasts_v1,assistant_reviewed_candidate
disc_h_012_23,discourse_hard_012_operations,train,Before this afternoon.,"[PREVIOUS]
Declan accepted the task.
[CURRENT]
Before this afternoon.
[NEXT]
That timing works.",temporal_attachment,ai_generated_event_level_hard_contrasts_v1,assistant_reviewed_candidate
disc_h_012_24,discourse_hard_012_operations,train,And I'll still send you a reminder at five minutes.,"[PREVIOUS]
Declan is already responsible for update the weekend duty rota and for cueing the lead.
[CURRENT]
And I'll still send you a reminder at five minutes.
[NEXT]
That reminder is part of the same responsibility.",supporting_detail,ai_generated_event_level_hard_contrasts_v1,assistant_reviewed_candidate
disc_h_012_25,discourse_hard_012_operations,train,I'll also give you a private timing cue.,"[PREVIOUS]
The main action is for Declan to update the weekend duty rota.
[CURRENT]
I'll also give you a private timing cue.
[NEXT]
Keep it within the existing action rather than creating another item.",supporting_detail,ai_generated_event_level_hard_contrasts_v1,assistant_reviewed_candidate
disc_h_012_26,discourse_hard_012_operations,train,Keep an eye on that exposure.,"[PREVIOUS]
The risk is that insufficient weekend cover could delay incident response.
[CURRENT]
Keep an eye on that exposure.
[NEXT]
Add it to the risk register.",supporting_detail,ai_generated_event_level_hard_contrasts_v1,assistant_reviewed_candidate
disc_h_012_27,discourse_hard_012_operations,train,Risk: insufficient weekend cover could delay incident response.,"[PREVIOUS]
We reviewed current exposure.
[CURRENT]
Risk: insufficient weekend cover could delay incident response.
[NEXT]
It remains open and should be recorded.",canonical_assertion,ai_generated_event_level_hard_contrasts_v1,assistant_reviewed_candidate
disc_h_012_28,discourse_hard_012_operations,train,"The operations variation is a watch item, with nothing to do today.","[PREVIOUS]
This is not a task.
[CURRENT]
The operations variation is a watch item, with nothing to do today.
[NEXT]
Continue normal monitoring.",canonical_assertion,ai_generated_event_level_hard_contrasts_v1,assistant_reviewed_candidate
disc_h_012_29,discourse_hard_012_operations,train,"It is worth noting, but there is no separate action.","[PREVIOUS]
The exposure remains within tolerance.
[CURRENT]
It is worth noting, but there is no separate action.
[NEXT]
Monitoring continues.",supporting_detail,ai_generated_event_level_hard_contrasts_v1,assistant_reviewed_candidate
disc_h_012_30,discourse_hard_012_operations,train,It's documented and justified.,"[PREVIOUS]
The evidence is complete.
[CURRENT]
It's documented and justified.
[NEXT]
Move to the next topic.",supporting_detail,ai_generated_event_level_hard_contrasts_v1,assistant_reviewed_candidate
disc_h_012_31,discourse_hard_012_operations,train,That's confirmed; the paperwork is signed.,"[PREVIOUS]
The group already agreed.
[CURRENT]
That's confirmed; the paperwork is signed.
[NEXT]
Nothing remains open.",single_item_recap,ai_generated_event_level_hard_contrasts_v1,assistant_reviewed_candidate
disc_h_012_32,discourse_hard_012_operations,train,"No, that was not assigned.","[PREVIOUS]
Someone suggested that Declan might update the weekend duty rota.
[CURRENT]
No, that was not assigned.
[NEXT]
Do not record an action.",state_modifier,ai_generated_event_level_hard_contrasts_v1,assistant_reviewed_candidate
disc_h_012_33,discourse_hard_012_operations,train,The operations work remains in progress.,"[PREVIOUS]
The current topic is background only.
[CURRENT]
The operations work remains in progress.
[NEXT]
No commitment was made.",context_only,ai_generated_event_level_hard_contrasts_v1,assistant_reviewed_candidate
disc_h_013_01,discourse_hard_013_documentation,train,Nora: I'll rewrite the account-permissions guide.,"[PREVIOUS]
We need an owner.
[CURRENT]
Nora: I'll rewrite the account-permissions guide.
[NEXT]
Can you finish by Friday?",canonical_commitment,ai_generated_event_level_hard_contrasts_v1,assistant_reviewed_candidate
disc_h_013_02,discourse_hard_013_documentation,train,"Yes, I'll take it.","[PREVIOUS]
Could you rewrite the account-permissions guide?
[CURRENT]
Yes, I'll take it.
[NEXT]
By Friday, please.",canonical_commitment,ai_generated_event_level_hard_contrasts_v1,assistant_reviewed_candidate
disc_h_013_03,discourse_hard_013_documentation,train,Action: Nora will rewrite the account-permissions guide by Friday.,"[PREVIOUS]
Nora accepted the work.
[CURRENT]
Action: Nora will rewrite the account-permissions guide by Friday.
[NEXT]
Next item.",single_item_recap,ai_generated_event_level_hard_contrasts_v1,assistant_reviewed_candidate
disc_h_013_04,discourse_hard_013_documentation,train,Agreed.,"[PREVIOUS]
The proposal is to publish one combined onboarding guide.
[CURRENT]
Agreed.
[NEXT]
That settles the approach.",acceptance,ai_generated_event_level_hard_contrasts_v1,assistant_reviewed_candidate
disc_h_013_05,discourse_hard_013_documentation,train,Decision: we will publish one combined onboarding guide.,"[PREVIOUS]
We need a final position.
[CURRENT]
Decision: we will publish one combined onboarding guide.
[NEXT]
The matter is closed.",canonical_assertion,ai_generated_event_level_hard_contrasts_v1,assistant_reviewed_candidate
disc_h_013_06,discourse_hard_013_documentation,train,Decision: no additional documentation testing is required.,"[PREVIOUS]
Should we commission another review cycle?
[CURRENT]
Decision: no additional documentation testing is required.
[NEXT]
The existing evidence is sufficient.",canonical_assertion,ai_generated_event_level_hard_contrasts_v1,assistant_reviewed_candidate
disc_h_013_07,discourse_hard_013_documentation,train,We will not carry out another round of testing.,"[PREVIOUS]
A further verification round was proposed.
[CURRENT]
We will not carry out another round of testing.
[NEXT]
The group agreed that it would add no value.",canonical_assertion,ai_generated_event_level_hard_contrasts_v1,assistant_reviewed_candidate
disc_h_013_08,discourse_hard_013_documentation,train,No further testing is required.,"[PREVIOUS]
The team asked whether more checking was needed.
[CURRENT]
No further testing is required.
[NEXT]
That is the settled decision.",canonical_assertion,ai_generated_event_level_hard_contrasts_v1,assistant_reviewed_candidate
disc_h_013_09,discourse_hard_013_documentation,train,The group formally approved the decision to publish one combined onboarding guide.,"[PREVIOUS]
We discussed whether to publish one combined onboarding guide.
[CURRENT]
The group formally approved the decision to publish one combined onboarding guide.
[NEXT]
Record that in the minutes.",canonical_assertion,ai_generated_event_level_hard_contrasts_v1,assistant_reviewed_candidate
disc_h_013_10,discourse_hard_013_documentation,train,"To recap, we agreed to publish one combined onboarding guide, noted that ambiguous permissions guidance is increasing support demand, and assigned Nora to rewrite the account-permissions guide.","[PREVIOUS]
Several items were resolved.
[CURRENT]
To recap, we agreed to publish one combined onboarding guide, noted that ambiguous permissions guidance is increasing support demand, and assigned Nora to rewrite the account-permissions guide.
[NEXT]
There is nothing else to add.",multi_item_recap,ai_generated_event_level_hard_contrasts_v1,assistant_reviewed_candidate
disc_h_013_11,discourse_hard_013_documentation,train,"We approved the documentation approach, accepted the delivery exposure, and confirmed the supplier choice.","[PREVIOUS]
Let's summarise everything.
[CURRENT]
We approved the documentation approach, accepted the delivery exposure, and confirmed the supplier choice.
[NEXT]
No new decision is being made in this recap.",multi_item_recap,ai_generated_event_level_hard_contrasts_v1,assistant_reviewed_candidate
disc_h_013_12,discourse_hard_013_documentation,train,"Yes, that's the decision.","[PREVIOUS]
The decision was to publish one combined onboarding guide.
[CURRENT]
Yes, that's the decision.
[NEXT]
Next topic.",single_item_recap,ai_generated_event_level_hard_contrasts_v1,assistant_reviewed_candidate
disc_h_013_13,discourse_hard_013_documentation,train,We approved the choice to publish one combined onboarding guide last month.,"[PREVIOUS]
This was resolved before today's meeting.
[CURRENT]
We approved the choice to publish one combined onboarding guide last month.
[NEXT]
The paperwork is already complete.",completed_history,ai_generated_event_level_hard_contrasts_v1,assistant_reviewed_candidate
disc_h_013_14,discourse_hard_013_documentation,train,The work to rewrite the account-permissions guide was completed yesterday.,"[PREVIOUS]
Here is the latest status.
[CURRENT]
The work to rewrite the account-permissions guide was completed yesterday.
[NEXT]
No outstanding task remains.",completed_history,ai_generated_event_level_hard_contrasts_v1,assistant_reviewed_candidate
disc_h_013_15,discourse_hard_013_documentation,train,That assignment has been withdrawn.,"[PREVIOUS]
Nora was going to rewrite the account-permissions guide.
[CURRENT]
That assignment has been withdrawn.
[NEXT]
Do not keep it as an open action.",state_modifier,ai_generated_event_level_hard_contrasts_v1,assistant_reviewed_candidate
disc_h_013_16,discourse_hard_013_documentation,train,"Actually, Lee will rewrite the account-permissions guide instead.","[PREVIOUS]
Nora owns the task.
[CURRENT]
Actually, Lee will rewrite the account-permissions guide instead.
[NEXT]
Use Lee as the new owner.",state_modifier,ai_generated_event_level_hard_contrasts_v1,assistant_reviewed_candidate
disc_h_013_17,discourse_hard_013_documentation,train,Should we publish one combined onboarding guide?,"[PREVIOUS]
We are exploring options.
[CURRENT]
Should we publish one combined onboarding guide?
[NEXT]
No decision was made.",unassigned_proposal,ai_generated_event_level_hard_contrasts_v1,assistant_reviewed_candidate
disc_h_013_18,discourse_hard_013_documentation,train,Could ambiguous permissions guidance is increasing support demand?,"[PREVIOUS]
A concern was raised.
[CURRENT]
Could ambiguous permissions guidance is increasing support demand?
[NEXT]
The team did not confirm that exposure.",unassigned_proposal,ai_generated_event_level_hard_contrasts_v1,assistant_reviewed_candidate
disc_h_013_19,discourse_hard_013_documentation,train,I might rewrite the account-permissions guide if I have time.,"[PREVIOUS]
Capacity is uncertain.
[CURRENT]
I might rewrite the account-permissions guide if I have time.
[NEXT]
Treat that as an idea, not an action.",hypothetical,ai_generated_event_level_hard_contrasts_v1,assistant_reviewed_candidate
disc_h_013_20,discourse_hard_013_documentation,train,Can everyone see the small control in the corner?,"[PREVIOUS]
The screen is shared.
[CURRENT]
Can everyone see the small control in the corner?
[NEXT]
There it is.",administrative,ai_generated_event_level_hard_contrasts_v1,assistant_reviewed_candidate
disc_h_013_21,discourse_hard_013_documentation,train,Good.,"[PREVIOUS]
The meeting is starting.
[CURRENT]
Good.
[NEXT]
Let's continue.",administrative,ai_generated_event_level_hard_contrasts_v1,assistant_reviewed_candidate
disc_h_013_22,discourse_hard_013_documentation,train,Mm-hmm.,"[PREVIOUS]
The speaker finished.
[CURRENT]
Mm-hmm.
[NEXT]
Next point.",acceptance,ai_generated_event_level_hard_contrasts_v1,assistant_reviewed_candidate
disc_h_013_23,discourse_hard_013_documentation,train,Before Friday.,"[PREVIOUS]
Nora accepted the task.
[CURRENT]
Before Friday.
[NEXT]
That timing works.",temporal_attachment,ai_generated_event_level_hard_contrasts_v1,assistant_reviewed_candidate
disc_h_013_24,discourse_hard_013_documentation,train,And I'll still send you a reminder at five minutes.,"[PREVIOUS]
Nora is already responsible for rewrite the account-permissions guide and for cueing the lead.
[CURRENT]
And I'll still send you a reminder at five minutes.
[NEXT]
That reminder is part of the same responsibility.",supporting_detail,ai_generated_event_level_hard_contrasts_v1,assistant_reviewed_candidate
disc_h_013_25,discourse_hard_013_documentation,train,I'll also give you a private timing cue.,"[PREVIOUS]
The main action is for Nora to rewrite the account-permissions guide.
[CURRENT]
I'll also give you a private timing cue.
[NEXT]
Keep it within the existing action rather than creating another item.",supporting_detail,ai_generated_event_level_hard_contrasts_v1,assistant_reviewed_candidate
disc_h_013_26,discourse_hard_013_documentation,train,Keep an eye on that exposure.,"[PREVIOUS]
The risk is that ambiguous permissions guidance is increasing support demand.
[CURRENT]
Keep an eye on that exposure.
[NEXT]
Add it to the risk register.",supporting_detail,ai_generated_event_level_hard_contrasts_v1,assistant_reviewed_candidate
disc_h_013_27,discourse_hard_013_documentation,train,Risk: ambiguous permissions guidance is increasing support demand.,"[PREVIOUS]
We reviewed current exposure.
[CURRENT]
Risk: ambiguous permissions guidance is increasing support demand.
[NEXT]
It remains open and should be recorded.",canonical_assertion,ai_generated_event_level_hard_contrasts_v1,assistant_reviewed_candidate
disc_h_013_28,discourse_hard_013_documentation,train,"The documentation variation is a watch item, with nothing to do today.","[PREVIOUS]
This is not a task.
[CURRENT]
The documentation variation is a watch item, with nothing to do today.
[NEXT]
Continue normal monitoring.",canonical_assertion,ai_generated_event_level_hard_contrasts_v1,assistant_reviewed_candidate
disc_h_013_29,discourse_hard_013_documentation,train,"It is worth noting, but there is no separate action.","[PREVIOUS]
The exposure remains within tolerance.
[CURRENT]
It is worth noting, but there is no separate action.
[NEXT]
Monitoring continues.",supporting_detail,ai_generated_event_level_hard_contrasts_v1,assistant_reviewed_candidate
disc_h_013_30,discourse_hard_013_documentation,train,It's documented and justified.,"[PREVIOUS]
The evidence is complete.
[CURRENT]
It's documented and justified.
[NEXT]
Move to the next topic.",supporting_detail,ai_generated_event_level_hard_contrasts_v1,assistant_reviewed_candidate
disc_h_013_31,discourse_hard_013_documentation,train,That's confirmed; the paperwork is signed.,"[PREVIOUS]
The group already agreed.
[CURRENT]
That's confirmed; the paperwork is signed.
[NEXT]
Nothing remains open.",single_item_recap,ai_generated_event_level_hard_contrasts_v1,assistant_reviewed_candidate
disc_h_013_32,discourse_hard_013_documentation,train,"No, that was not assigned.","[PREVIOUS]
Someone suggested that Nora might rewrite the account-permissions guide.
[CURRENT]
No, that was not assigned.
[NEXT]
Do not record an action.",state_modifier,ai_generated_event_level_hard_contrasts_v1,assistant_reviewed_candidate
disc_h_013_33,discourse_hard_013_documentation,train,The documentation work remains in progress.,"[PREVIOUS]
The current topic is background only.
[CURRENT]
The documentation work remains in progress.
[NEXT]
No commitment was made.",context_only,ai_generated_event_level_hard_contrasts_v1,assistant_reviewed_candidate
disc_h_014_01,discourse_hard_014_analytics,train,Omar: I'll refresh the quarterly sales forecast.,"[PREVIOUS]
We need an owner.
[CURRENT]
Omar: I'll refresh the quarterly sales forecast.
[NEXT]
Can you finish by Tuesday morning?",canonical_commitment,ai_generated_event_level_hard_contrasts_v1,assistant_reviewed_candidate
disc_h_014_02,discourse_hard_014_analytics,train,"Yes, I'll take it.","[PREVIOUS]
Could you refresh the quarterly sales forecast?
[CURRENT]
Yes, I'll take it.
[NEXT]
By Tuesday morning, please.",canonical_commitment,ai_generated_event_level_hard_contrasts_v1,assistant_reviewed_candidate
disc_h_014_03,discourse_hard_014_analytics,train,Action: Omar will refresh the quarterly sales forecast by Tuesday morning.,"[PREVIOUS]
Omar accepted the work.
[CURRENT]
Action: Omar will refresh the quarterly sales forecast by Tuesday morning.
[NEXT]
Next item.",single_item_recap,ai_generated_event_level_hard_contrasts_v1,assistant_reviewed_candidate
disc_h_014_04,discourse_hard_014_analytics,train,Agreed.,"[PREVIOUS]
The proposal is to focus pipeline reviews on logistics and healthcare.
[CURRENT]
Agreed.
[NEXT]
That settles the approach.",acceptance,ai_generated_event_level_hard_contrasts_v1,assistant_reviewed_candidate
disc_h_014_05,discourse_hard_014_analytics,train,Decision: we will focus pipeline reviews on logistics and healthcare.,"[PREVIOUS]
We need a final position.
[CURRENT]
Decision: we will focus pipeline reviews on logistics and healthcare.
[NEXT]
The matter is closed.",canonical_assertion,ai_generated_event_level_hard_contrasts_v1,assistant_reviewed_candidate
disc_h_014_06,discourse_hard_014_analytics,train,Decision: no additional analytics testing is required.,"[PREVIOUS]
Should we commission another review cycle?
[CURRENT]
Decision: no additional analytics testing is required.
[NEXT]
The existing evidence is sufficient.",canonical_assertion,ai_generated_event_level_hard_contrasts_v1,assistant_reviewed_candidate
disc_h_014_07,discourse_hard_014_analytics,train,We will not carry out another round of testing.,"[PREVIOUS]
A further verification round was proposed.
[CURRENT]
We will not carry out another round of testing.
[NEXT]
The group agreed that it would add no value.",canonical_assertion,ai_generated_event_level_hard_contrasts_v1,assistant_reviewed_candidate
disc_h_014_08,discourse_hard_014_analytics,train,No further testing is required.,"[PREVIOUS]
The team asked whether more checking was needed.
[CURRENT]
No further testing is required.
[NEXT]
That is the settled decision.",canonical_assertion,ai_generated_event_level_hard_contrasts_v1,assistant_reviewed_candidate
disc_h_014_09,discourse_hard_014_analytics,train,The group formally approved the decision to focus pipeline reviews on logistics and healthcare.,"[PREVIOUS]
We discussed whether to focus pipeline reviews on logistics and healthcare.
[CURRENT]
The group formally approved the decision to focus pipeline reviews on logistics and healthcare.
[NEXT]
Record that in the minutes.",canonical_assertion,ai_generated_event_level_hard_contrasts_v1,assistant_reviewed_candidate
disc_h_014_10,discourse_hard_014_analytics,train,"To recap, we agreed to focus pipeline reviews on logistics and healthcare, noted that two unqualified opportunities may distort the forecast, and assigned Omar to refresh the quarterly sales forecast.","[PREVIOUS]
Several items were resolved.
[CURRENT]
To recap, we agreed to focus pipeline reviews on logistics and healthcare, noted that two unqualified opportunities may distort the forecast, and assigned Omar to refresh the quarterly sales forecast.
[NEXT]
There is nothing else to add.",multi_item_recap,ai_generated_event_level_hard_contrasts_v1,assistant_reviewed_candidate
disc_h_014_11,discourse_hard_014_analytics,train,"We approved the analytics approach, accepted the delivery exposure, and confirmed the supplier choice.","[PREVIOUS]
Let's summarise everything.
[CURRENT]
We approved the analytics approach, accepted the delivery exposure, and confirmed the supplier choice.
[NEXT]
No new decision is being made in this recap.",multi_item_recap,ai_generated_event_level_hard_contrasts_v1,assistant_reviewed_candidate
disc_h_014_12,discourse_hard_014_analytics,train,"Yes, that's the decision.","[PREVIOUS]
The decision was to focus pipeline reviews on logistics and healthcare.
[CURRENT]
Yes, that's the decision.
[NEXT]
Next topic.",single_item_recap,ai_generated_event_level_hard_contrasts_v1,assistant_reviewed_candidate
disc_h_014_13,discourse_hard_014_analytics,train,We approved the choice to focus pipeline reviews on logistics and healthcare last month.,"[PREVIOUS]
This was resolved before today's meeting.
[CURRENT]
We approved the choice to focus pipeline reviews on logistics and healthcare last month.
[NEXT]
The paperwork is already complete.",completed_history,ai_generated_event_level_hard_contrasts_v1,assistant_reviewed_candidate
disc_h_014_14,discourse_hard_014_analytics,train,The work to refresh the quarterly sales forecast was completed yesterday.,"[PREVIOUS]
Here is the latest status.
[CURRENT]
The work to refresh the quarterly sales forecast was completed yesterday.
[NEXT]
No outstanding task remains.",completed_history,ai_generated_event_level_hard_contrasts_v1,assistant_reviewed_candidate
disc_h_014_15,discourse_hard_014_analytics,train,That assignment has been withdrawn.,"[PREVIOUS]
Omar was going to refresh the quarterly sales forecast.
[CURRENT]
That assignment has been withdrawn.
[NEXT]
Do not keep it as an open action.",state_modifier,ai_generated_event_level_hard_contrasts_v1,assistant_reviewed_candidate
disc_h_014_16,discourse_hard_014_analytics,train,"Actually, Lee will refresh the quarterly sales forecast instead.","[PREVIOUS]
Omar owns the task.
[CURRENT]
Actually, Lee will refresh the quarterly sales forecast instead.
[NEXT]
Use Lee as the new owner.",state_modifier,ai_generated_event_level_hard_contrasts_v1,assistant_reviewed_candidate
disc_h_014_17,discourse_hard_014_analytics,train,Should we focus pipeline reviews on logistics and healthcare?,"[PREVIOUS]
We are exploring options.
[CURRENT]
Should we focus pipeline reviews on logistics and healthcare?
[NEXT]
No decision was made.",unassigned_proposal,ai_generated_event_level_hard_contrasts_v1,assistant_reviewed_candidate
disc_h_014_18,discourse_hard_014_analytics,train,Could two unqualified opportunities may distort the forecast?,"[PREVIOUS]
A concern was raised.
[CURRENT]
Could two unqualified opportunities may distort the forecast?
[NEXT]
The team did not confirm that exposure.",unassigned_proposal,ai_generated_event_level_hard_contrasts_v1,assistant_reviewed_candidate
disc_h_014_19,discourse_hard_014_analytics,train,I might refresh the quarterly sales forecast if I have time.,"[PREVIOUS]
Capacity is uncertain.
[CURRENT]
I might refresh the quarterly sales forecast if I have time.
[NEXT]
Treat that as an idea, not an action.",hypothetical,ai_generated_event_level_hard_contrasts_v1,assistant_reviewed_candidate
disc_h_014_20,discourse_hard_014_analytics,train,Can everyone see the small control in the corner?,"[PREVIOUS]
The screen is shared.
[CURRENT]
Can everyone see the small control in the corner?
[NEXT]
There it is.",administrative,ai_generated_event_level_hard_contrasts_v1,assistant_reviewed_candidate
disc_h_014_21,discourse_hard_014_analytics,train,Good.,"[PREVIOUS]
The meeting is starting.
[CURRENT]
Good.
[NEXT]
Let's continue.",administrative,ai_generated_event_level_hard_contrasts_v1,assistant_reviewed_candidate
disc_h_014_22,discourse_hard_014_analytics,train,Mm-hmm.,"[PREVIOUS]
The speaker finished.
[CURRENT]
Mm-hmm.
[NEXT]
Next point.",acceptance,ai_generated_event_level_hard_contrasts_v1,assistant_reviewed_candidate
disc_h_014_23,discourse_hard_014_analytics,train,Before Tuesday morning.,"[PREVIOUS]
Omar accepted the task.
[CURRENT]
Before Tuesday morning.
[NEXT]
That timing works.",temporal_attachment,ai_generated_event_level_hard_contrasts_v1,assistant_reviewed_candidate
disc_h_014_24,discourse_hard_014_analytics,train,And I'll still send you a reminder at five minutes.,"[PREVIOUS]
Omar is already responsible for refresh the quarterly sales forecast and for cueing the lead.
[CURRENT]
And I'll still send you a reminder at five minutes.
[NEXT]
That reminder is part of the same responsibility.",supporting_detail,ai_generated_event_level_hard_contrasts_v1,assistant_reviewed_candidate
disc_h_014_25,discourse_hard_014_analytics,train,I'll also give you a private timing cue.,"[PREVIOUS]
The main action is for Omar to refresh the quarterly sales forecast.
[CURRENT]
I'll also give you a private timing cue.
[NEXT]
Keep it within the existing action rather than creating another item.",supporting_detail,ai_generated_event_level_hard_contrasts_v1,assistant_reviewed_candidate
disc_h_014_26,discourse_hard_014_analytics,train,Keep an eye on that exposure.,"[PREVIOUS]
The risk is that two unqualified opportunities may distort the forecast.
[CURRENT]
Keep an eye on that exposure.
[NEXT]
Add it to the risk register.",supporting_detail,ai_generated_event_level_hard_contrasts_v1,assistant_reviewed_candidate
disc_h_014_27,discourse_hard_014_analytics,train,Risk: two unqualified opportunities may distort the forecast.,"[PREVIOUS]
We reviewed current exposure.
[CURRENT]
Risk: two unqualified opportunities may distort the forecast.
[NEXT]
It remains open and should be recorded.",canonical_assertion,ai_generated_event_level_hard_contrasts_v1,assistant_reviewed_candidate
disc_h_014_28,discourse_hard_014_analytics,train,"The analytics variation is a watch item, with nothing to do today.","[PREVIOUS]
This is not a task.
[CURRENT]
The analytics variation is a watch item, with nothing to do today.
[NEXT]
Continue normal monitoring.",canonical_assertion,ai_generated_event_level_hard_contrasts_v1,assistant_reviewed_candidate
disc_h_014_29,discourse_hard_014_analytics,train,"It is worth noting, but there is no separate action.","[PREVIOUS]
The exposure remains within tolerance.
[CURRENT]
It is worth noting, but there is no separate action.
[NEXT]
Monitoring continues.",supporting_detail,ai_generated_event_level_hard_contrasts_v1,assistant_reviewed_candidate
disc_h_014_30,discourse_hard_014_analytics,train,It's documented and justified.,"[PREVIOUS]
The evidence is complete.
[CURRENT]
It's documented and justified.
[NEXT]
Move to the next topic.",supporting_detail,ai_generated_event_level_hard_contrasts_v1,assistant_reviewed_candidate
disc_h_014_31,discourse_hard_014_analytics,train,That's confirmed; the paperwork is signed.,"[PREVIOUS]
The group already agreed.
[CURRENT]
That's confirmed; the paperwork is signed.
[NEXT]
Nothing remains open.",single_item_recap,ai_generated_event_level_hard_contrasts_v1,assistant_reviewed_candidate
disc_h_014_32,discourse_hard_014_analytics,train,"No, that was not assigned.","[PREVIOUS]
Someone suggested that Omar might refresh the quarterly sales forecast.
[CURRENT]
No, that was not assigned.
[NEXT]
Do not record an action.",state_modifier,ai_generated_event_level_hard_contrasts_v1,assistant_reviewed_candidate
disc_h_014_33,discourse_hard_014_analytics,train,The analytics work remains in progress.,"[PREVIOUS]
The current topic is background only.
[CURRENT]
The analytics work remains in progress.
[NEXT]
No commitment was made.",context_only,ai_generated_event_level_hard_contrasts_v1,assistant_reviewed_candidate
disc_h_015_01,discourse_hard_015_quality,train,Priya: I'll upload the signed corrective-action response.,"[PREVIOUS]
We need an owner.
[CURRENT]
Priya: I'll upload the signed corrective-action response.
[NEXT]
Can you finish by close tomorrow?",canonical_commitment,ai_generated_event_level_hard_contrasts_v1,assistant_reviewed_candidate
disc_h_015_02,discourse_hard_015_quality,train,"Yes, I'll take it.","[PREVIOUS]
Could you upload the signed corrective-action response?
[CURRENT]
Yes, I'll take it.
[NEXT]
By close tomorrow, please.",canonical_commitment,ai_generated_event_level_hard_contrasts_v1,assistant_reviewed_candidate
disc_h_015_03,discourse_hard_015_quality,train,Action: Priya will upload the signed corrective-action response by close tomorrow.,"[PREVIOUS]
Priya accepted the work.
[CURRENT]
Action: Priya will upload the signed corrective-action response by close tomorrow.
[NEXT]
Next item.",single_item_recap,ai_generated_event_level_hard_contrasts_v1,assistant_reviewed_candidate
disc_h_015_04,discourse_hard_015_quality,train,Agreed.,"[PREVIOUS]
The proposal is to retain the supplier on the approved list.
[CURRENT]
Agreed.
[NEXT]
That settles the approach.",acceptance,ai_generated_event_level_hard_contrasts_v1,assistant_reviewed_candidate
disc_h_015_05,discourse_hard_015_quality,train,Decision: we will retain the supplier on the approved list.,"[PREVIOUS]
We need a final position.
[CURRENT]
Decision: we will retain the supplier on the approved list.
[NEXT]
The matter is closed.",canonical_assertion,ai_generated_event_level_hard_contrasts_v1,assistant_reviewed_candidate
disc_h_015_06,discourse_hard_015_quality,train,Decision: no additional quality testing is required.,"[PREVIOUS]
Should we commission another review cycle?
[CURRENT]
Decision: no additional quality testing is required.
[NEXT]
The existing evidence is sufficient.",canonical_assertion,ai_generated_event_level_hard_contrasts_v1,assistant_reviewed_candidate
disc_h_015_07,discourse_hard_015_quality,train,We will not carry out another round of testing.,"[PREVIOUS]
A further verification round was proposed.
[CURRENT]
We will not carry out another round of testing.
[NEXT]
The group agreed that it would add no value.",canonical_assertion,ai_generated_event_level_hard_contrasts_v1,assistant_reviewed_candidate
disc_h_015_08,discourse_hard_015_quality,train,No further testing is required.,"[PREVIOUS]
The team asked whether more checking was needed.
[CURRENT]
No further testing is required.
[NEXT]
That is the settled decision.",canonical_assertion,ai_generated_event_level_hard_contrasts_v1,assistant_reviewed_candidate
disc_h_015_09,discourse_hard_015_quality,train,The group formally approved the decision to retain the supplier on the approved list.,"[PREVIOUS]
We discussed whether to retain the supplier on the approved list.
[CURRENT]
The group formally approved the decision to retain the supplier on the approved list.
[NEXT]
Record that in the minutes.",canonical_assertion,ai_generated_event_level_hard_contrasts_v1,assistant_reviewed_candidate
disc_h_015_10,discourse_hard_015_quality,train,"To recap, we agreed to retain the supplier on the approved list, noted that an overdue corrective action could affect supplier approval, and assigned Priya to upload the signed corrective-action response.","[PREVIOUS]
Several items were resolved.
[CURRENT]
To recap, we agreed to retain the supplier on the approved list, noted that an overdue corrective action could affect supplier approval, and assigned Priya to upload the signed corrective-action response.
[NEXT]
There is nothing else to add.",multi_item_recap,ai_generated_event_level_hard_contrasts_v1,assistant_reviewed_candidate
disc_h_015_11,discourse_hard_015_quality,train,"We approved the quality approach, accepted the delivery exposure, and confirmed the supplier choice.","[PREVIOUS]
Let's summarise everything.
[CURRENT]
We approved the quality approach, accepted the delivery exposure, and confirmed the supplier choice.
[NEXT]
No new decision is being made in this recap.",multi_item_recap,ai_generated_event_level_hard_contrasts_v1,assistant_reviewed_candidate
disc_h_015_12,discourse_hard_015_quality,train,"Yes, that's the decision.","[PREVIOUS]
The decision was to retain the supplier on the approved list.
[CURRENT]
Yes, that's the decision.
[NEXT]
Next topic.",single_item_recap,ai_generated_event_level_hard_contrasts_v1,assistant_reviewed_candidate
disc_h_015_13,discourse_hard_015_quality,train,We approved the choice to retain the supplier on the approved list last month.,"[PREVIOUS]
This was resolved before today's meeting.
[CURRENT]
We approved the choice to retain the supplier on the approved list last month.
[NEXT]
The paperwork is already complete.",completed_history,ai_generated_event_level_hard_contrasts_v1,assistant_reviewed_candidate
disc_h_015_14,discourse_hard_015_quality,train,The work to upload the signed corrective-action response was completed yesterday.,"[PREVIOUS]
Here is the latest status.
[CURRENT]
The work to upload the signed corrective-action response was completed yesterday.
[NEXT]
No outstanding task remains.",completed_history,ai_generated_event_level_hard_contrasts_v1,assistant_reviewed_candidate
disc_h_015_15,discourse_hard_015_quality,train,That assignment has been withdrawn.,"[PREVIOUS]
Priya was going to upload the signed corrective-action response.
[CURRENT]
That assignment has been withdrawn.
[NEXT]
Do not keep it as an open action.",state_modifier,ai_generated_event_level_hard_contrasts_v1,assistant_reviewed_candidate
disc_h_015_16,discourse_hard_015_quality,train,"Actually, Lee will upload the signed corrective-action response instead.","[PREVIOUS]
Priya owns the task.
[CURRENT]
Actually, Lee will upload the signed corrective-action response instead.
[NEXT]
Use Lee as the new owner.",state_modifier,ai_generated_event_level_hard_contrasts_v1,assistant_reviewed_candidate
disc_h_015_17,discourse_hard_015_quality,train,Should we retain the supplier on the approved list?,"[PREVIOUS]
We are exploring options.
[CURRENT]
Should we retain the supplier on the approved list?
[NEXT]
No decision was made.",unassigned_proposal,ai_generated_event_level_hard_contrasts_v1,assistant_reviewed_candidate
disc_h_015_18,discourse_hard_015_quality,train,Could an overdue corrective action could affect supplier approval?,"[PREVIOUS]
A concern was raised.
[CURRENT]
Could an overdue corrective action could affect supplier approval?
[NEXT]
The team did not confirm that exposure.",unassigned_proposal,ai_generated_event_level_hard_contrasts_v1,assistant_reviewed_candidate
disc_h_015_19,discourse_hard_015_quality,train,I might upload the signed corrective-action response if I have time.,"[PREVIOUS]
Capacity is uncertain.
[CURRENT]
I might upload the signed corrective-action response if I have time.
[NEXT]
Treat that as an idea, not an action.",hypothetical,ai_generated_event_level_hard_contrasts_v1,assistant_reviewed_candidate
disc_h_015_20,discourse_hard_015_quality,train,Can everyone see the small control in the corner?,"[PREVIOUS]
The screen is shared.
[CURRENT]
Can everyone see the small control in the corner?
[NEXT]
There it is.",administrative,ai_generated_event_level_hard_contrasts_v1,assistant_reviewed_candidate
disc_h_015_21,discourse_hard_015_quality,train,Good.,"[PREVIOUS]
The meeting is starting.
[CURRENT]
Good.
[NEXT]
Let's continue.",administrative,ai_generated_event_level_hard_contrasts_v1,assistant_reviewed_candidate
disc_h_015_22,discourse_hard_015_quality,train,Mm-hmm.,"[PREVIOUS]
The speaker finished.
[CURRENT]
Mm-hmm.
[NEXT]
Next point.",acceptance,ai_generated_event_level_hard_contrasts_v1,assistant_reviewed_candidate
disc_h_015_23,discourse_hard_015_quality,train,Before close tomorrow.,"[PREVIOUS]
Priya accepted the task.
[CURRENT]
Before close tomorrow.
[NEXT]
That timing works.",temporal_attachment,ai_generated_event_level_hard_contrasts_v1,assistant_reviewed_candidate
disc_h_015_24,discourse_hard_015_quality,train,And I'll still send you a reminder at five minutes.,"[PREVIOUS]
Priya is already responsible for upload the signed corrective-action response and for cueing the lead.
[CURRENT]
And I'll still send you a reminder at five minutes.
[NEXT]
That reminder is part of the same responsibility.",supporting_detail,ai_generated_event_level_hard_contrasts_v1,assistant_reviewed_candidate
disc_h_015_25,discourse_hard_015_quality,train,I'll also give you a private timing cue.,"[PREVIOUS]
The main action is for Priya to upload the signed corrective-action response.
[CURRENT]
I'll also give you a private timing cue.
[NEXT]
Keep it within the existing action rather than creating another item.",supporting_detail,ai_generated_event_level_hard_contrasts_v1,assistant_reviewed_candidate
disc_h_015_26,discourse_hard_015_quality,train,Keep an eye on that exposure.,"[PREVIOUS]
The risk is that an overdue corrective action could affect supplier approval.
[CURRENT]
Keep an eye on that exposure.
[NEXT]
Add it to the risk register.",supporting_detail,ai_generated_event_level_hard_contrasts_v1,assistant_reviewed_candidate
disc_h_015_27,discourse_hard_015_quality,train,Risk: an overdue corrective action could affect supplier approval.,"[PREVIOUS]
We reviewed current exposure.
[CURRENT]
Risk: an overdue corrective action could affect supplier approval.
[NEXT]
It remains open and should be recorded.",canonical_assertion,ai_generated_event_level_hard_contrasts_v1,assistant_reviewed_candidate
disc_h_015_28,discourse_hard_015_quality,train,"The quality variation is a watch item, with nothing to do today.","[PREVIOUS]
This is not a task.
[CURRENT]
The quality variation is a watch item, with nothing to do today.
[NEXT]
Continue normal monitoring.",canonical_assertion,ai_generated_event_level_hard_contrasts_v1,assistant_reviewed_candidate
disc_h_015_29,discourse_hard_015_quality,train,"It is worth noting, but there is no separate action.","[PREVIOUS]
The exposure remains within tolerance.
[CURRENT]
It is worth noting, but there is no separate action.
[NEXT]
Monitoring continues.",supporting_detail,ai_generated_event_level_hard_contrasts_v1,assistant_reviewed_candidate
disc_h_015_30,discourse_hard_015_quality,train,It's documented and justified.,"[PREVIOUS]
The evidence is complete.
[CURRENT]
It's documented and justified.
[NEXT]
Move to the next topic.",supporting_detail,ai_generated_event_level_hard_contrasts_v1,assistant_reviewed_candidate
disc_h_015_31,discourse_hard_015_quality,train,That's confirmed; the paperwork is signed.,"[PREVIOUS]
The group already agreed.
[CURRENT]
That's confirmed; the paperwork is signed.
[NEXT]
Nothing remains open.",single_item_recap,ai_generated_event_level_hard_contrasts_v1,assistant_reviewed_candidate
disc_h_015_32,discourse_hard_015_quality,train,"No, that was not assigned.","[PREVIOUS]
Someone suggested that Priya might upload the signed corrective-action response.
[CURRENT]
No, that was not assigned.
[NEXT]
Do not record an action.",state_modifier,ai_generated_event_level_hard_contrasts_v1,assistant_reviewed_candidate
disc_h_015_33,discourse_hard_015_quality,train,The quality work remains in progress.,"[PREVIOUS]
The current topic is background only.
[CURRENT]
The quality work remains in progress.
[NEXT]
No commitment was made.",context_only,ai_generated_event_level_hard_contrasts_v1,assistant_reviewed_candidate
disc_h_016_01,discourse_hard_016_planning,train,David: I'll reschedule the programme check-in.,"[PREVIOUS]
We need an owner.
[CURRENT]
David: I'll reschedule the programme check-in.
[NEXT]
Can you finish by today?",canonical_commitment,ai_generated_event_level_hard_contrasts_v1,assistant_reviewed_candidate
disc_h_016_02,discourse_hard_016_planning,train,"Yes, I'll take it.","[PREVIOUS]
Could you reschedule the programme check-in?
[CURRENT]
Yes, I'll take it.
[NEXT]
By today, please.",canonical_commitment,ai_generated_event_level_hard_contrasts_v1,assistant_reviewed_candidate
disc_h_016_03,discourse_hard_016_planning,train,Action: David will reschedule the programme check-in by today.,"[PREVIOUS]
David accepted the work.
[CURRENT]
Action: David will reschedule the programme check-in by today.
[NEXT]
Next item.",single_item_recap,ai_generated_event_level_hard_contrasts_v1,assistant_reviewed_candidate
disc_h_016_04,discourse_hard_016_planning,train,Agreed.,"[PREVIOUS]
The proposal is to hold the check-in on Friday at noon.
[CURRENT]
Agreed.
[NEXT]
That settles the approach.",acceptance,ai_generated_event_level_hard_contrasts_v1,assistant_reviewed_candidate
disc_h_016_05,discourse_hard_016_planning,train,Decision: we will hold the check-in on Friday at noon.,"[PREVIOUS]
We need a final position.
[CURRENT]
Decision: we will hold the check-in on Friday at noon.
[NEXT]
The matter is closed.",canonical_assertion,ai_generated_event_level_hard_contrasts_v1,assistant_reviewed_candidate
disc_h_016_06,discourse_hard_016_planning,train,Decision: no additional planning testing is required.,"[PREVIOUS]
Should we commission another review cycle?
[CURRENT]
Decision: no additional planning testing is required.
[NEXT]
The existing evidence is sufficient.",canonical_assertion,ai_generated_event_level_hard_contrasts_v1,assistant_reviewed_candidate
disc_h_016_07,discourse_hard_016_planning,train,We will not carry out another round of testing.,"[PREVIOUS]
A further verification round was proposed.
[CURRENT]
We will not carry out another round of testing.
[NEXT]
The group agreed that it would add no value.",canonical_assertion,ai_generated_event_level_hard_contrasts_v1,assistant_reviewed_candidate
disc_h_016_08,discourse_hard_016_planning,train,No further testing is required.,"[PREVIOUS]
The team asked whether more checking was needed.
[CURRENT]
No further testing is required.
[NEXT]
That is the settled decision.",canonical_assertion,ai_generated_event_level_hard_contrasts_v1,assistant_reviewed_candidate
disc_h_016_09,discourse_hard_016_planning,train,The group formally approved the decision to hold the check-in on Friday at noon.,"[PREVIOUS]
We discussed whether to hold the check-in on Friday at noon.
[CURRENT]
The group formally approved the decision to hold the check-in on Friday at noon.
[NEXT]
Record that in the minutes.",canonical_assertion,ai_generated_event_level_hard_contrasts_v1,assistant_reviewed_candidate
disc_h_016_10,discourse_hard_016_planning,train,"To recap, we agreed to hold the check-in on Friday at noon, noted that the proposed time may conflict with the client workshop, and assigned David to reschedule the programme check-in.","[PREVIOUS]
Several items were resolved.
[CURRENT]
To recap, we agreed to hold the check-in on Friday at noon, noted that the proposed time may conflict with the client workshop, and assigned David to reschedule the programme check-in.
[NEXT]
There is nothing else to add.",multi_item_recap,ai_generated_event_level_hard_contrasts_v1,assistant_reviewed_candidate
disc_h_016_11,discourse_hard_016_planning,train,"We approved the planning approach, accepted the delivery exposure, and confirmed the supplier choice.","[PREVIOUS]
Let's summarise everything.
[CURRENT]
We approved the planning approach, accepted the delivery exposure, and confirmed the supplier choice.
[NEXT]
No new decision is being made in this recap.",multi_item_recap,ai_generated_event_level_hard_contrasts_v1,assistant_reviewed_candidate
disc_h_016_12,discourse_hard_016_planning,train,"Yes, that's the decision.","[PREVIOUS]
The decision was to hold the check-in on Friday at noon.
[CURRENT]
Yes, that's the decision.
[NEXT]
Next topic.",single_item_recap,ai_generated_event_level_hard_contrasts_v1,assistant_reviewed_candidate
disc_h_016_13,discourse_hard_016_planning,train,We approved the choice to hold the check-in on Friday at noon last month.,"[PREVIOUS]
This was resolved before today's meeting.
[CURRENT]
We approved the choice to hold the check-in on Friday at noon last month.
[NEXT]
The paperwork is already complete.",completed_history,ai_generated_event_level_hard_contrasts_v1,assistant_reviewed_candidate
disc_h_016_14,discourse_hard_016_planning,train,The work to reschedule the programme check-in was completed yesterday.,"[PREVIOUS]
Here is the latest status.
[CURRENT]
The work to reschedule the programme check-in was completed yesterday.
[NEXT]
No outstanding task remains.",completed_history,ai_generated_event_level_hard_contrasts_v1,assistant_reviewed_candidate
disc_h_016_15,discourse_hard_016_planning,train,That assignment has been withdrawn.,"[PREVIOUS]
David was going to reschedule the programme check-in.
[CURRENT]
That assignment has been withdrawn.
[NEXT]
Do not keep it as an open action.",state_modifier,ai_generated_event_level_hard_contrasts_v1,assistant_reviewed_candidate
disc_h_016_16,discourse_hard_016_planning,train,"Actually, Lee will reschedule the programme check-in instead.","[PREVIOUS]
David owns the task.
[CURRENT]
Actually, Lee will reschedule the programme check-in instead.
[NEXT]
Use Lee as the new owner.",state_modifier,ai_generated_event_level_hard_contrasts_v1,assistant_reviewed_candidate
disc_h_016_17,discourse_hard_016_planning,train,Should we hold the check-in on Friday at noon?,"[PREVIOUS]
We are exploring options.
[CURRENT]
Should we hold the check-in on Friday at noon?
[NEXT]
No decision was made.",unassigned_proposal,ai_generated_event_level_hard_contrasts_v1,assistant_reviewed_candidate
disc_h_016_18,discourse_hard_016_planning,train,Could the proposed time may conflict with the client workshop?,"[PREVIOUS]
A concern was raised.
[CURRENT]
Could the proposed time may conflict with the client workshop?
[NEXT]
The team did not confirm that exposure.",unassigned_proposal,ai_generated_event_level_hard_contrasts_v1,assistant_reviewed_candidate
disc_h_016_19,discourse_hard_016_planning,train,I might reschedule the programme check-in if I have time.,"[PREVIOUS]
Capacity is uncertain.
[CURRENT]
I might reschedule the programme check-in if I have time.
[NEXT]
Treat that as an idea, not an action.",hypothetical,ai_generated_event_level_hard_contrasts_v1,assistant_reviewed_candidate
disc_h_016_20,discourse_hard_016_planning,train,Can everyone see the small control in the corner?,"[PREVIOUS]
The screen is shared.
[CURRENT]
Can everyone see the small control in the corner?
[NEXT]
There it is.",administrative,ai_generated_event_level_hard_contrasts_v1,assistant_reviewed_candidate
disc_h_016_21,discourse_hard_016_planning,train,Good.,"[PREVIOUS]
The meeting is starting.
[CURRENT]
Good.
[NEXT]
Let's continue.",administrative,ai_generated_event_level_hard_contrasts_v1,assistant_reviewed_candidate
disc_h_016_22,discourse_hard_016_planning,train,Mm-hmm.,"[PREVIOUS]
The speaker finished.
[CURRENT]
Mm-hmm.
[NEXT]
Next point.",acceptance,ai_generated_event_level_hard_contrasts_v1,assistant_reviewed_candidate
disc_h_016_23,discourse_hard_016_planning,train,Before today.,"[PREVIOUS]
David accepted the task.
[CURRENT]
Before today.
[NEXT]
That timing works.",temporal_attachment,ai_generated_event_level_hard_contrasts_v1,assistant_reviewed_candidate
disc_h_016_24,discourse_hard_016_planning,train,And I'll still send you a reminder at five minutes.,"[PREVIOUS]
David is already responsible for reschedule the programme check-in and for cueing the lead.
[CURRENT]
And I'll still send you a reminder at five minutes.
[NEXT]
That reminder is part of the same responsibility.",supporting_detail,ai_generated_event_level_hard_contrasts_v1,assistant_reviewed_candidate
disc_h_016_25,discourse_hard_016_planning,train,I'll also give you a private timing cue.,"[PREVIOUS]
The main action is for David to reschedule the programme check-in.
[CURRENT]
I'll also give you a private timing cue.
[NEXT]
Keep it within the existing action rather than creating another item.",supporting_detail,ai_generated_event_level_hard_contrasts_v1,assistant_reviewed_candidate
disc_h_016_26,discourse_hard_016_planning,train,Keep an eye on that exposure.,"[PREVIOUS]
The risk is that the proposed time may conflict with the client workshop.
[CURRENT]
Keep an eye on that exposure.
[NEXT]
Add it to the risk register.",supporting_detail,ai_generated_event_level_hard_contrasts_v1,assistant_reviewed_candidate
disc_h_016_27,discourse_hard_016_planning,train,Risk: the proposed time may conflict with the client workshop.,"[PREVIOUS]
We reviewed current exposure.
[CURRENT]
Risk: the proposed time may conflict with the client workshop.
[NEXT]
It remains open and should be recorded.",canonical_assertion,ai_generated_event_level_hard_contrasts_v1,assistant_reviewed_candidate
disc_h_016_28,discourse_hard_016_planning,train,"The planning variation is a watch item, with nothing to do today.","[PREVIOUS]
This is not a task.
[CURRENT]
The planning variation is a watch item, with nothing to do today.
[NEXT]
Continue normal monitoring.",canonical_assertion,ai_generated_event_level_hard_contrasts_v1,assistant_reviewed_candidate
disc_h_016_29,discourse_hard_016_planning,train,"It is worth noting, but there is no separate action.","[PREVIOUS]
The exposure remains within tolerance.
[CURRENT]
It is worth noting, but there is no separate action.
[NEXT]
Monitoring continues.",supporting_detail,ai_generated_event_level_hard_contrasts_v1,assistant_reviewed_candidate
disc_h_016_30,discourse_hard_016_planning,train,It's documented and justified.,"[PREVIOUS]
The evidence is complete.
[CURRENT]
It's documented and justified.
[NEXT]
Move to the next topic.",supporting_detail,ai_generated_event_level_hard_contrasts_v1,assistant_reviewed_candidate
disc_h_016_31,discourse_hard_016_planning,train,That's confirmed; the paperwork is signed.,"[PREVIOUS]
The group already agreed.
[CURRENT]
That's confirmed; the paperwork is signed.
[NEXT]
Nothing remains open.",single_item_recap,ai_generated_event_level_hard_contrasts_v1,assistant_reviewed_candidate
disc_h_016_32,discourse_hard_016_planning,train,"No, that was not assigned.","[PREVIOUS]
Someone suggested that David might reschedule the programme check-in.
[CURRENT]
No, that was not assigned.
[NEXT]
Do not record an action.",state_modifier,ai_generated_event_level_hard_contrasts_v1,assistant_reviewed_candidate
disc_h_016_33,discourse_hard_016_planning,train,The planning work remains in progress.,"[PREVIOUS]
The current topic is background only.
[CURRENT]
The planning work remains in progress.
[NEXT]
No commitment was made.",context_only,ai_generated_event_level_hard_contrasts_v1,assistant_reviewed_candidate
disc_h_017_01,discourse_hard_017_data_migration,test,Fatima: I'll verify the customer mapping file.,"[PREVIOUS]
We need an owner.
[CURRENT]
Fatima: I'll verify the customer mapping file.
[NEXT]
Can you finish by Thursday?",canonical_commitment,ai_generated_event_level_hard_contrasts_v1,assistant_reviewed_candidate
disc_h_017_02,discourse_hard_017_data_migration,test,"Yes, I'll take it.","[PREVIOUS]
Could you verify the customer mapping file?
[CURRENT]
Yes, I'll take it.
[NEXT]
By Thursday, please.",canonical_commitment,ai_generated_event_level_hard_contrasts_v1,assistant_reviewed_candidate
disc_h_017_03,discourse_hard_017_data_migration,test,Action: Fatima will verify the customer mapping file by Thursday.,"[PREVIOUS]
Fatima accepted the work.
[CURRENT]
Action: Fatima will verify the customer mapping file by Thursday.
[NEXT]
Next item.",single_item_recap,ai_generated_event_level_hard_contrasts_v1,assistant_reviewed_candidate
disc_h_017_04,discourse_hard_017_data_migration,test,Agreed.,"[PREVIOUS]
The proposal is to run a phased migration by region.
[CURRENT]
Agreed.
[NEXT]
That settles the approach.",acceptance,ai_generated_event_level_hard_contrasts_v1,assistant_reviewed_candidate
disc_h_017_05,discourse_hard_017_data_migration,test,Decision: we will run a phased migration by region.,"[PREVIOUS]
We need a final position.
[CURRENT]
Decision: we will run a phased migration by region.
[NEXT]
The matter is closed.",canonical_assertion,ai_generated_event_level_hard_contrasts_v1,assistant_reviewed_candidate
disc_h_017_06,discourse_hard_017_data_migration,test,Decision: no additional data migration testing is required.,"[PREVIOUS]
Should we commission another review cycle?
[CURRENT]
Decision: no additional data migration testing is required.
[NEXT]
The existing evidence is sufficient.",canonical_assertion,ai_generated_event_level_hard_contrasts_v1,assistant_reviewed_candidate
disc_h_017_07,discourse_hard_017_data_migration,test,We will not carry out another round of testing.,"[PREVIOUS]
A further verification round was proposed.
[CURRENT]
We will not carry out another round of testing.
[NEXT]
The group agreed that it would add no value.",canonical_assertion,ai_generated_event_level_hard_contrasts_v1,assistant_reviewed_candidate
disc_h_017_08,discourse_hard_017_data_migration,test,No further testing is required.,"[PREVIOUS]
The team asked whether more checking was needed.
[CURRENT]
No further testing is required.
[NEXT]
That is the settled decision.",canonical_assertion,ai_generated_event_level_hard_contrasts_v1,assistant_reviewed_candidate
disc_h_017_09,discourse_hard_017_data_migration,test,The group formally approved the decision to run a phased migration by region.,"[PREVIOUS]
We discussed whether to run a phased migration by region.
[CURRENT]
The group formally approved the decision to run a phased migration by region.
[NEXT]
Record that in the minutes.",canonical_assertion,ai_generated_event_level_hard_contrasts_v1,assistant_reviewed_candidate
disc_h_017_10,discourse_hard_017_data_migration,test,"To recap, we agreed to run a phased migration by region, noted that duplicate customer identifiers could corrupt the import, and assigned Fatima to verify the customer mapping file.","[PREVIOUS]
Several items were resolved.
[CURRENT]
To recap, we agreed to run a phased migration by region, noted that duplicate customer identifiers could corrupt the import, and assigned Fatima to verify the customer mapping file.
[NEXT]
There is nothing else to add.",multi_item_recap,ai_generated_event_level_hard_contrasts_v1,assistant_reviewed_candidate
disc_h_017_11,discourse_hard_017_data_migration,test,"We approved the data migration approach, accepted the delivery exposure, and confirmed the supplier choice.","[PREVIOUS]
Let's summarise everything.
[CURRENT]
We approved the data migration approach, accepted the delivery exposure, and confirmed the supplier choice.
[NEXT]
No new decision is being made in this recap.",multi_item_recap,ai_generated_event_level_hard_contrasts_v1,assistant_reviewed_candidate
disc_h_017_12,discourse_hard_017_data_migration,test,"Yes, that's the decision.","[PREVIOUS]
The decision was to run a phased migration by region.
[CURRENT]
Yes, that's the decision.
[NEXT]
Next topic.",single_item_recap,ai_generated_event_level_hard_contrasts_v1,assistant_reviewed_candidate
disc_h_017_13,discourse_hard_017_data_migration,test,We approved the choice to run a phased migration by region last month.,"[PREVIOUS]
This was resolved before today's meeting.
[CURRENT]
We approved the choice to run a phased migration by region last month.
[NEXT]
The paperwork is already complete.",completed_history,ai_generated_event_level_hard_contrasts_v1,assistant_reviewed_candidate
disc_h_017_14,discourse_hard_017_data_migration,test,The work to verify the customer mapping file was completed yesterday.,"[PREVIOUS]
Here is the latest status.
[CURRENT]
The work to verify the customer mapping file was completed yesterday.
[NEXT]
No outstanding task remains.",completed_history,ai_generated_event_level_hard_contrasts_v1,assistant_reviewed_candidate
disc_h_017_15,discourse_hard_017_data_migration,test,That assignment has been withdrawn.,"[PREVIOUS]
Fatima was going to verify the customer mapping file.
[CURRENT]
That assignment has been withdrawn.
[NEXT]
Do not keep it as an open action.",state_modifier,ai_generated_event_level_hard_contrasts_v1,assistant_reviewed_candidate
disc_h_017_16,discourse_hard_017_data_migration,test,"Actually, Lee will verify the customer mapping file instead.","[PREVIOUS]
Fatima owns the task.
[CURRENT]
Actually, Lee will verify the customer mapping file instead.
[NEXT]
Use Lee as the new owner.",state_modifier,ai_generated_event_level_hard_contrasts_v1,assistant_reviewed_candidate
disc_h_017_17,discourse_hard_017_data_migration,test,Should we run a phased migration by region?,"[PREVIOUS]
We are exploring options.
[CURRENT]
Should we run a phased migration by region?
[NEXT]
No decision was made.",unassigned_proposal,ai_generated_event_level_hard_contrasts_v1,assistant_reviewed_candidate
disc_h_017_18,discourse_hard_017_data_migration,test,Could duplicate customer identifiers could corrupt the import?,"[PREVIOUS]
A concern was raised.
[CURRENT]
Could duplicate customer identifiers could corrupt the import?
[NEXT]
The team did not confirm that exposure.",unassigned_proposal,ai_generated_event_level_hard_contrasts_v1,assistant_reviewed_candidate
disc_h_017_19,discourse_hard_017_data_migration,test,I might verify the customer mapping file if I have time.,"[PREVIOUS]
Capacity is uncertain.
[CURRENT]
I might verify the customer mapping file if I have time.
[NEXT]
Treat that as an idea, not an action.",hypothetical,ai_generated_event_level_hard_contrasts_v1,assistant_reviewed_candidate
disc_h_017_20,discourse_hard_017_data_migration,test,Can everyone see the small control in the corner?,"[PREVIOUS]
The screen is shared.
[CURRENT]
Can everyone see the small control in the corner?
[NEXT]
There it is.",administrative,ai_generated_event_level_hard_contrasts_v1,assistant_reviewed_candidate
disc_h_017_21,discourse_hard_017_data_migration,test,Good.,"[PREVIOUS]
The meeting is starting.
[CURRENT]
Good.
[NEXT]
Let's continue.",administrative,ai_generated_event_level_hard_contrasts_v1,assistant_reviewed_candidate
disc_h_017_22,discourse_hard_017_data_migration,test,Mm-hmm.,"[PREVIOUS]
The speaker finished.
[CURRENT]
Mm-hmm.
[NEXT]
Next point.",acceptance,ai_generated_event_level_hard_contrasts_v1,assistant_reviewed_candidate
disc_h_017_23,discourse_hard_017_data_migration,test,Before Thursday.,"[PREVIOUS]
Fatima accepted the task.
[CURRENT]
Before Thursday.
[NEXT]
That timing works.",temporal_attachment,ai_generated_event_level_hard_contrasts_v1,assistant_reviewed_candidate
disc_h_017_24,discourse_hard_017_data_migration,test,And I'll still send you a reminder at five minutes.,"[PREVIOUS]
Fatima is already responsible for verify the customer mapping file and for cueing the lead.
[CURRENT]
And I'll still send you a reminder at five minutes.
[NEXT]
That reminder is part of the same responsibility.",supporting_detail,ai_generated_event_level_hard_contrasts_v1,assistant_reviewed_candidate
disc_h_017_25,discourse_hard_017_data_migration,test,I'll also give you a private timing cue.,"[PREVIOUS]
The main action is for Fatima to verify the customer mapping file.
[CURRENT]
I'll also give you a private timing cue.
[NEXT]
Keep it within the existing action rather than creating another item.",supporting_detail,ai_generated_event_level_hard_contrasts_v1,assistant_reviewed_candidate
disc_h_017_26,discourse_hard_017_data_migration,test,Keep an eye on that exposure.,"[PREVIOUS]
The risk is that duplicate customer identifiers could corrupt the import.
[CURRENT]
Keep an eye on that exposure.
[NEXT]
Add it to the risk register.",supporting_detail,ai_generated_event_level_hard_contrasts_v1,assistant_reviewed_candidate
disc_h_017_27,discourse_hard_017_data_migration,test,Risk: duplicate customer identifiers could corrupt the import.,"[PREVIOUS]
We reviewed current exposure.
[CURRENT]
Risk: duplicate customer identifiers could corrupt the import.
[NEXT]
It remains open and should be recorded.",canonical_assertion,ai_generated_event_level_hard_contrasts_v1,assistant_reviewed_candidate
disc_h_017_28,discourse_hard_017_data_migration,test,"The data migration variation is a watch item, with nothing to do today.","[PREVIOUS]
This is not a task.
[CURRENT]
The data migration variation is a watch item, with nothing to do today.
[NEXT]
Continue normal monitoring.",canonical_assertion,ai_generated_event_level_hard_contrasts_v1,assistant_reviewed_candidate
disc_h_017_29,discourse_hard_017_data_migration,test,"It is worth noting, but there is no separate action.","[PREVIOUS]
The exposure remains within tolerance.
[CURRENT]
It is worth noting, but there is no separate action.
[NEXT]
Monitoring continues.",supporting_detail,ai_generated_event_level_hard_contrasts_v1,assistant_reviewed_candidate
disc_h_017_30,discourse_hard_017_data_migration,test,It's documented and justified.,"[PREVIOUS]
The evidence is complete.
[CURRENT]
It's documented and justified.
[NEXT]
Move to the next topic.",supporting_detail,ai_generated_event_level_hard_contrasts_v1,assistant_reviewed_candidate
disc_h_017_31,discourse_hard_017_data_migration,test,That's confirmed; the paperwork is signed.,"[PREVIOUS]
The group already agreed.
[CURRENT]
That's confirmed; the paperwork is signed.
[NEXT]
Nothing remains open.",single_item_recap,ai_generated_event_level_hard_contrasts_v1,assistant_reviewed_candidate
disc_h_017_32,discourse_hard_017_data_migration,test,"No, that was not assigned.","[PREVIOUS]
Someone suggested that Fatima might verify the customer mapping file.
[CURRENT]
No, that was not assigned.
[NEXT]
Do not record an action.",state_modifier,ai_generated_event_level_hard_contrasts_v1,assistant_reviewed_candidate
disc_h_017_33,discourse_hard_017_data_migration,test,The data migration work remains in progress.,"[PREVIOUS]
The current topic is background only.
[CURRENT]
The data migration work remains in progress.
[NEXT]
No commitment was made.",context_only,ai_generated_event_level_hard_contrasts_v1,assistant_reviewed_candidate
disc_h_018_01,discourse_hard_018_product,validation,Gabriel: I'll remove two fields from the registration form.,"[PREVIOUS]
We need an owner.
[CURRENT]
Gabriel: I'll remove two fields from the registration form.
[NEXT]
Can you finish by before release?",canonical_commitment,ai_generated_event_level_hard_contrasts_v1,assistant_reviewed_candidate
disc_h_018_02,discourse_hard_018_product,validation,"Yes, I'll take it.","[PREVIOUS]
Could you remove two fields from the registration form?
[CURRENT]
Yes, I'll take it.
[NEXT]
By before release, please.",canonical_commitment,ai_generated_event_level_hard_contrasts_v1,assistant_reviewed_candidate
disc_h_018_03,discourse_hard_018_product,validation,Action: Gabriel will remove two fields from the registration form by before release.,"[PREVIOUS]
Gabriel accepted the work.
[CURRENT]
Action: Gabriel will remove two fields from the registration form by before release.
[NEXT]
Next item.",single_item_recap,ai_generated_event_level_hard_contrasts_v1,assistant_reviewed_candidate
disc_h_018_04,discourse_hard_018_product,validation,Agreed.,"[PREVIOUS]
The proposal is to use the shorter registration journey.
[CURRENT]
Agreed.
[NEXT]
That settles the approach.",acceptance,ai_generated_event_level_hard_contrasts_v1,assistant_reviewed_candidate
disc_h_018_05,discourse_hard_018_product,validation,Decision: we will use the shorter registration journey.,"[PREVIOUS]
We need a final position.
[CURRENT]
Decision: we will use the shorter registration journey.
[NEXT]
The matter is closed.",canonical_assertion,ai_generated_event_level_hard_contrasts_v1,assistant_reviewed_candidate
disc_h_018_06,discourse_hard_018_product,validation,Decision: no additional product testing is required.,"[PREVIOUS]
Should we commission another review cycle?
[CURRENT]
Decision: no additional product testing is required.
[NEXT]
The existing evidence is sufficient.",canonical_assertion,ai_generated_event_level_hard_contrasts_v1,assistant_reviewed_candidate
disc_h_018_07,discourse_hard_018_product,validation,We will not carry out another round of testing.,"[PREVIOUS]
A further verification round was proposed.
[CURRENT]
We will not carry out another round of testing.
[NEXT]
The group agreed that it would add no value.",canonical_assertion,ai_generated_event_level_hard_contrasts_v1,assistant_reviewed_candidate
disc_h_018_08,discourse_hard_018_product,validation,No further testing is required.,"[PREVIOUS]
The team asked whether more checking was needed.
[CURRENT]
No further testing is required.
[NEXT]
That is the settled decision.",canonical_assertion,ai_generated_event_level_hard_contrasts_v1,assistant_reviewed_candidate
disc_h_018_09,discourse_hard_018_product,validation,The group formally approved the decision to use the shorter registration journey.,"[PREVIOUS]
We discussed whether to use the shorter registration journey.
[CURRENT]
The group formally approved the decision to use the shorter registration journey.
[NEXT]
Record that in the minutes.",canonical_assertion,ai_generated_event_level_hard_contrasts_v1,assistant_reviewed_candidate
disc_h_018_10,discourse_hard_018_product,validation,"To recap, we agreed to use the shorter registration journey, noted that removing mandatory fields could weaken reporting, and assigned Gabriel to remove two fields from the registration form.","[PREVIOUS]
Several items were resolved.
[CURRENT]
To recap, we agreed to use the shorter registration journey, noted that removing mandatory fields could weaken reporting, and assigned Gabriel to remove two fields from the registration form.
[NEXT]
There is nothing else to add.",multi_item_recap,ai_generated_event_level_hard_contrasts_v1,assistant_reviewed_candidate
disc_h_018_11,discourse_hard_018_product,validation,"We approved the product approach, accepted the delivery exposure, and confirmed the supplier choice.","[PREVIOUS]
Let's summarise everything.
[CURRENT]
We approved the product approach, accepted the delivery exposure, and confirmed the supplier choice.
[NEXT]
No new decision is being made in this recap.",multi_item_recap,ai_generated_event_level_hard_contrasts_v1,assistant_reviewed_candidate
disc_h_018_12,discourse_hard_018_product,validation,"Yes, that's the decision.","[PREVIOUS]
The decision was to use the shorter registration journey.
[CURRENT]
Yes, that's the decision.
[NEXT]
Next topic.",single_item_recap,ai_generated_event_level_hard_contrasts_v1,assistant_reviewed_candidate
disc_h_018_13,discourse_hard_018_product,validation,We approved the choice to use the shorter registration journey last month.,"[PREVIOUS]
This was resolved before today's meeting.
[CURRENT]
We approved the choice to use the shorter registration journey last month.
[NEXT]
The paperwork is already complete.",completed_history,ai_generated_event_level_hard_contrasts_v1,assistant_reviewed_candidate
disc_h_018_14,discourse_hard_018_product,validation,The work to remove two fields from the registration form was completed yesterday.,"[PREVIOUS]
Here is the latest status.
[CURRENT]
The work to remove two fields from the registration form was completed yesterday.
[NEXT]
No outstanding task remains.",completed_history,ai_generated_event_level_hard_contrasts_v1,assistant_reviewed_candidate
disc_h_018_15,discourse_hard_018_product,validation,That assignment has been withdrawn.,"[PREVIOUS]
Gabriel was going to remove two fields from the registration form.
[CURRENT]
That assignment has been withdrawn.
[NEXT]
Do not keep it as an open action.",state_modifier,ai_generated_event_level_hard_contrasts_v1,assistant_reviewed_candidate
disc_h_018_16,discourse_hard_018_product,validation,"Actually, Lee will remove two fields from the registration form instead.","[PREVIOUS]
Gabriel owns the task.
[CURRENT]
Actually, Lee will remove two fields from the registration form instead.
[NEXT]
Use Lee as the new owner.",state_modifier,ai_generated_event_level_hard_contrasts_v1,assistant_reviewed_candidate
disc_h_018_17,discourse_hard_018_product,validation,Should we use the shorter registration journey?,"[PREVIOUS]
We are exploring options.
[CURRENT]
Should we use the shorter registration journey?
[NEXT]
No decision was made.",unassigned_proposal,ai_generated_event_level_hard_contrasts_v1,assistant_reviewed_candidate
disc_h_018_18,discourse_hard_018_product,validation,Could removing mandatory fields could weaken reporting?,"[PREVIOUS]
A concern was raised.
[CURRENT]
Could removing mandatory fields could weaken reporting?
[NEXT]
The team did not confirm that exposure.",unassigned_proposal,ai_generated_event_level_hard_contrasts_v1,assistant_reviewed_candidate
disc_h_018_19,discourse_hard_018_product,validation,I might remove two fields from the registration form if I have time.,"[PREVIOUS]
Capacity is uncertain.
[CURRENT]
I might remove two fields from the registration form if I have time.
[NEXT]
Treat that as an idea, not an action.",hypothetical,ai_generated_event_level_hard_contrasts_v1,assistant_reviewed_candidate
disc_h_018_20,discourse_hard_018_product,validation,Can everyone see the small control in the corner?,"[PREVIOUS]
The screen is shared.
[CURRENT]
Can everyone see the small control in the corner?
[NEXT]
There it is.",administrative,ai_generated_event_level_hard_contrasts_v1,assistant_reviewed_candidate
disc_h_018_21,discourse_hard_018_product,validation,Good.,"[PREVIOUS]
The meeting is starting.
[CURRENT]
Good.
[NEXT]
Let's continue.",administrative,ai_generated_event_level_hard_contrasts_v1,assistant_reviewed_candidate
disc_h_018_22,discourse_hard_018_product,validation,Mm-hmm.,"[PREVIOUS]
The speaker finished.
[CURRENT]
Mm-hmm.
[NEXT]
Next point.",acceptance,ai_generated_event_level_hard_contrasts_v1,assistant_reviewed_candidate
disc_h_018_23,discourse_hard_018_product,validation,Before before release.,"[PREVIOUS]
Gabriel accepted the task.
[CURRENT]
Before before release.
[NEXT]
That timing works.",temporal_attachment,ai_generated_event_level_hard_contrasts_v1,assistant_reviewed_candidate
disc_h_018_24,discourse_hard_018_product,validation,And I'll still send you a reminder at five minutes.,"[PREVIOUS]
Gabriel is already responsible for remove two fields from the registration form and for cueing the lead.
[CURRENT]
And I'll still send you a reminder at five minutes.
[NEXT]
That reminder is part of the same responsibility.",supporting_detail,ai_generated_event_level_hard_contrasts_v1,assistant_reviewed_candidate
disc_h_018_25,discourse_hard_018_product,validation,I'll also give you a private timing cue.,"[PREVIOUS]
The main action is for Gabriel to remove two fields from the registration form.
[CURRENT]
I'll also give you a private timing cue.
[NEXT]
Keep it within the existing action rather than creating another item.",supporting_detail,ai_generated_event_level_hard_contrasts_v1,assistant_reviewed_candidate
disc_h_018_26,discourse_hard_018_product,validation,Keep an eye on that exposure.,"[PREVIOUS]
The risk is that removing mandatory fields could weaken reporting.
[CURRENT]
Keep an eye on that exposure.
[NEXT]
Add it to the risk register.",supporting_detail,ai_generated_event_level_hard_contrasts_v1,assistant_reviewed_candidate
disc_h_018_27,discourse_hard_018_product,validation,Risk: removing mandatory fields could weaken reporting.,"[PREVIOUS]
We reviewed current exposure.
[CURRENT]
Risk: removing mandatory fields could weaken reporting.
[NEXT]
It remains open and should be recorded.",canonical_assertion,ai_generated_event_level_hard_contrasts_v1,assistant_reviewed_candidate
disc_h_018_28,discourse_hard_018_product,validation,"The product variation is a watch item, with nothing to do today.","[PREVIOUS]
This is not a task.
[CURRENT]
The product variation is a watch item, with nothing to do today.
[NEXT]
Continue normal monitoring.",canonical_assertion,ai_generated_event_level_hard_contrasts_v1,assistant_reviewed_candidate
disc_h_018_29,discourse_hard_018_product,validation,"It is worth noting, but there is no separate action.","[PREVIOUS]
The exposure remains within tolerance.
[CURRENT]
It is worth noting, but there is no separate action.
[NEXT]
Monitoring continues.",supporting_detail,ai_generated_event_level_hard_contrasts_v1,assistant_reviewed_candidate
disc_h_018_30,discourse_hard_018_product,validation,It's documented and justified.,"[PREVIOUS]
The evidence is complete.
[CURRENT]
It's documented and justified.
[NEXT]
Move to the next topic.",supporting_detail,ai_generated_event_level_hard_contrasts_v1,assistant_reviewed_candidate
disc_h_018_31,discourse_hard_018_product,validation,That's confirmed; the paperwork is signed.,"[PREVIOUS]
The group already agreed.
[CURRENT]
That's confirmed; the paperwork is signed.
[NEXT]
Nothing remains open.",single_item_recap,ai_generated_event_level_hard_contrasts_v1,assistant_reviewed_candidate
disc_h_018_32,discourse_hard_018_product,validation,"No, that was not assigned.","[PREVIOUS]
Someone suggested that Gabriel might remove two fields from the registration form.
[CURRENT]
No, that was not assigned.
[NEXT]
Do not record an action.",state_modifier,ai_generated_event_level_hard_contrasts_v1,assistant_reviewed_candidate
disc_h_018_33,discourse_hard_018_product,validation,The product work remains in progress.,"[PREVIOUS]
The current topic is background only.
[CURRENT]
The product work remains in progress.
[NEXT]
No commitment was made.",context_only,ai_generated_event_level_hard_contrasts_v1,assistant_reviewed_candidate
disc_h_019_01,discourse_hard_019_facilities,train,Anika: I'll confirm the laboratory access list.,"[PREVIOUS]
We need an owner.
[CURRENT]
Anika: I'll confirm the laboratory access list.
[NEXT]
Can you finish by Monday?",canonical_commitment,ai_generated_event_level_hard_contrasts_v1,assistant_reviewed_candidate
disc_h_019_02,discourse_hard_019_facilities,train,"Yes, I'll take it.","[PREVIOUS]
Could you confirm the laboratory access list?
[CURRENT]
Yes, I'll take it.
[NEXT]
By Monday, please.",canonical_commitment,ai_generated_event_level_hard_contrasts_v1,assistant_reviewed_candidate
disc_h_019_03,discourse_hard_019_facilities,train,Action: Anika will confirm the laboratory access list by Monday.,"[PREVIOUS]
Anika accepted the work.
[CURRENT]
Action: Anika will confirm the laboratory access list by Monday.
[NEXT]
Next item.",single_item_recap,ai_generated_event_level_hard_contrasts_v1,assistant_reviewed_candidate
disc_h_019_04,discourse_hard_019_facilities,train,Agreed.,"[PREVIOUS]
The proposal is to limit after-hours access to trained staff.
[CURRENT]
Agreed.
[NEXT]
That settles the approach.",acceptance,ai_generated_event_level_hard_contrasts_v1,assistant_reviewed_candidate
disc_h_019_05,discourse_hard_019_facilities,train,Decision: we will limit after-hours access to trained staff.,"[PREVIOUS]
We need a final position.
[CURRENT]
Decision: we will limit after-hours access to trained staff.
[NEXT]
The matter is closed.",canonical_assertion,ai_generated_event_level_hard_contrasts_v1,assistant_reviewed_candidate
disc_h_019_06,discourse_hard_019_facilities,train,Decision: no additional facilities testing is required.,"[PREVIOUS]
Should we commission another review cycle?
[CURRENT]
Decision: no additional facilities testing is required.
[NEXT]
The existing evidence is sufficient.",canonical_assertion,ai_generated_event_level_hard_contrasts_v1,assistant_reviewed_candidate
disc_h_019_07,discourse_hard_019_facilities,train,We will not carry out another round of testing.,"[PREVIOUS]
A further verification round was proposed.
[CURRENT]
We will not carry out another round of testing.
[NEXT]
The group agreed that it would add no value.",canonical_assertion,ai_generated_event_level_hard_contrasts_v1,assistant_reviewed_candidate
disc_h_019_08,discourse_hard_019_facilities,train,No further testing is required.,"[PREVIOUS]
The team asked whether more checking was needed.
[CURRENT]
No further testing is required.
[NEXT]
That is the settled decision.",canonical_assertion,ai_generated_event_level_hard_contrasts_v1,assistant_reviewed_candidate
disc_h_019_09,discourse_hard_019_facilities,train,The group formally approved the decision to limit after-hours access to trained staff.,"[PREVIOUS]
We discussed whether to limit after-hours access to trained staff.
[CURRENT]
The group formally approved the decision to limit after-hours access to trained staff.
[NEXT]
Record that in the minutes.",canonical_assertion,ai_generated_event_level_hard_contrasts_v1,assistant_reviewed_candidate
disc_h_019_10,discourse_hard_019_facilities,train,"To recap, we agreed to limit after-hours access to trained staff, noted that unapproved access could breach safety controls, and assigned Anika to confirm the laboratory access list.","[PREVIOUS]
Several items were resolved.
[CURRENT]
To recap, we agreed to limit after-hours access to trained staff, noted that unapproved access could breach safety controls, and assigned Anika to confirm the laboratory access list.
[NEXT]
There is nothing else to add.",multi_item_recap,ai_generated_event_level_hard_contrasts_v1,assistant_reviewed_candidate
disc_h_019_11,discourse_hard_019_facilities,train,"We approved the facilities approach, accepted the delivery exposure, and confirmed the supplier choice.","[PREVIOUS]
Let's summarise everything.
[CURRENT]
We approved the facilities approach, accepted the delivery exposure, and confirmed the supplier choice.
[NEXT]
No new decision is being made in this recap.",multi_item_recap,ai_generated_event_level_hard_contrasts_v1,assistant_reviewed_candidate
disc_h_019_12,discourse_hard_019_facilities,train,"Yes, that's the decision.","[PREVIOUS]
The decision was to limit after-hours access to trained staff.
[CURRENT]
Yes, that's the decision.
[NEXT]
Next topic.",single_item_recap,ai_generated_event_level_hard_contrasts_v1,assistant_reviewed_candidate
disc_h_019_13,discourse_hard_019_facilities,train,We approved the choice to limit after-hours access to trained staff last month.,"[PREVIOUS]
This was resolved before today's meeting.
[CURRENT]
We approved the choice to limit after-hours access to trained staff last month.
[NEXT]
The paperwork is already complete.",completed_history,ai_generated_event_level_hard_contrasts_v1,assistant_reviewed_candidate
disc_h_019_14,discourse_hard_019_facilities,train,The work to confirm the laboratory access list was completed yesterday.,"[PREVIOUS]
Here is the latest status.
[CURRENT]
The work to confirm the laboratory access list was completed yesterday.
[NEXT]
No outstanding task remains.",completed_history,ai_generated_event_level_hard_contrasts_v1,assistant_reviewed_candidate
disc_h_019_15,discourse_hard_019_facilities,train,That assignment has been withdrawn.,"[PREVIOUS]
Anika was going to confirm the laboratory access list.
[CURRENT]
That assignment has been withdrawn.
[NEXT]
Do not keep it as an open action.",state_modifier,ai_generated_event_level_hard_contrasts_v1,assistant_reviewed_candidate
disc_h_019_16,discourse_hard_019_facilities,train,"Actually, Lee will confirm the laboratory access list instead.","[PREVIOUS]
Anika owns the task.
[CURRENT]
Actually, Lee will confirm the laboratory access list instead.
[NEXT]
Use Lee as the new owner.",state_modifier,ai_generated_event_level_hard_contrasts_v1,assistant_reviewed_candidate
disc_h_019_17,discourse_hard_019_facilities,train,Should we limit after-hours access to trained staff?,"[PREVIOUS]
We are exploring options.
[CURRENT]
Should we limit after-hours access to trained staff?
[NEXT]
No decision was made.",unassigned_proposal,ai_generated_event_level_hard_contrasts_v1,assistant_reviewed_candidate
disc_h_019_18,discourse_hard_019_facilities,train,Could unapproved access could breach safety controls?,"[PREVIOUS]
A concern was raised.
[CURRENT]
Could unapproved access could breach safety controls?
[NEXT]
The team did not confirm that exposure.",unassigned_proposal,ai_generated_event_level_hard_contrasts_v1,assistant_reviewed_candidate
disc_h_019_19,discourse_hard_019_facilities,train,I might confirm the laboratory access list if I have time.,"[PREVIOUS]
Capacity is uncertain.
[CURRENT]
I might confirm the laboratory access list if I have time.
[NEXT]
Treat that as an idea, not an action.",hypothetical,ai_generated_event_level_hard_contrasts_v1,assistant_reviewed_candidate
disc_h_019_20,discourse_hard_019_facilities,train,Can everyone see the small control in the corner?,"[PREVIOUS]
The screen is shared.
[CURRENT]
Can everyone see the small control in the corner?
[NEXT]
There it is.",administrative,ai_generated_event_level_hard_contrasts_v1,assistant_reviewed_candidate
disc_h_019_21,discourse_hard_019_facilities,train,Good.,"[PREVIOUS]
The meeting is starting.
[CURRENT]
Good.
[NEXT]
Let's continue.",administrative,ai_generated_event_level_hard_contrasts_v1,assistant_reviewed_candidate
disc_h_019_22,discourse_hard_019_facilities,train,Mm-hmm.,"[PREVIOUS]
The speaker finished.
[CURRENT]
Mm-hmm.
[NEXT]
Next point.",acceptance,ai_generated_event_level_hard_contrasts_v1,assistant_reviewed_candidate
disc_h_019_23,discourse_hard_019_facilities,train,Before Monday.,"[PREVIOUS]
Anika accepted the task.
[CURRENT]
Before Monday.
[NEXT]
That timing works.",temporal_attachment,ai_generated_event_level_hard_contrasts_v1,assistant_reviewed_candidate
disc_h_019_24,discourse_hard_019_facilities,train,And I'll still send you a reminder at five minutes.,"[PREVIOUS]
Anika is already responsible for confirm the laboratory access list and for cueing the lead.
[CURRENT]
And I'll still send you a reminder at five minutes.
[NEXT]
That reminder is part of the same responsibility.",supporting_detail,ai_generated_event_level_hard_contrasts_v1,assistant_reviewed_candidate
disc_h_019_25,discourse_hard_019_facilities,train,I'll also give you a private timing cue.,"[PREVIOUS]
The main action is for Anika to confirm the laboratory access list.
[CURRENT]
I'll also give you a private timing cue.
[NEXT]
Keep it within the existing action rather than creating another item.",supporting_detail,ai_generated_event_level_hard_contrasts_v1,assistant_reviewed_candidate
disc_h_019_26,discourse_hard_019_facilities,train,Keep an eye on that exposure.,"[PREVIOUS]
The risk is that unapproved access could breach safety controls.
[CURRENT]
Keep an eye on that exposure.
[NEXT]
Add it to the risk register.",supporting_detail,ai_generated_event_level_hard_contrasts_v1,assistant_reviewed_candidate
disc_h_019_27,discourse_hard_019_facilities,train,Risk: unapproved access could breach safety controls.,"[PREVIOUS]
We reviewed current exposure.
[CURRENT]
Risk: unapproved access could breach safety controls.
[NEXT]
It remains open and should be recorded.",canonical_assertion,ai_generated_event_level_hard_contrasts_v1,assistant_reviewed_candidate
disc_h_019_28,discourse_hard_019_facilities,train,"The facilities variation is a watch item, with nothing to do today.","[PREVIOUS]
This is not a task.
[CURRENT]
The facilities variation is a watch item, with nothing to do today.
[NEXT]
Continue normal monitoring.",canonical_assertion,ai_generated_event_level_hard_contrasts_v1,assistant_reviewed_candidate
disc_h_019_29,discourse_hard_019_facilities,train,"It is worth noting, but there is no separate action.","[PREVIOUS]
The exposure remains within tolerance.
[CURRENT]
It is worth noting, but there is no separate action.
[NEXT]
Monitoring continues.",supporting_detail,ai_generated_event_level_hard_contrasts_v1,assistant_reviewed_candidate
disc_h_019_30,discourse_hard_019_facilities,train,It's documented and justified.,"[PREVIOUS]
The evidence is complete.
[CURRENT]
It's documented and justified.
[NEXT]
Move to the next topic.",supporting_detail,ai_generated_event_level_hard_contrasts_v1,assistant_reviewed_candidate
disc_h_019_31,discourse_hard_019_facilities,train,That's confirmed; the paperwork is signed.,"[PREVIOUS]
The group already agreed.
[CURRENT]
That's confirmed; the paperwork is signed.
[NEXT]
Nothing remains open.",single_item_recap,ai_generated_event_level_hard_contrasts_v1,assistant_reviewed_candidate
disc_h_019_32,discourse_hard_019_facilities,train,"No, that was not assigned.","[PREVIOUS]
Someone suggested that Anika might confirm the laboratory access list.
[CURRENT]
No, that was not assigned.
[NEXT]
Do not record an action.",state_modifier,ai_generated_event_level_hard_contrasts_v1,assistant_reviewed_candidate
disc_h_019_33,discourse_hard_019_facilities,train,The facilities work remains in progress.,"[PREVIOUS]
The current topic is background only.
[CURRENT]
The facilities work remains in progress.
[NEXT]
No commitment was made.",context_only,ai_generated_event_level_hard_contrasts_v1,assistant_reviewed_candidate
disc_h_020_01,discourse_hard_020_training,test,Marcus: I'll send the revised facilitator pack.,"[PREVIOUS]
We need an owner.
[CURRENT]
Marcus: I'll send the revised facilitator pack.
[NEXT]
Can you finish by tomorrow morning?",canonical_commitment,ai_generated_event_level_hard_contrasts_v1,assistant_reviewed_candidate
disc_h_020_02,discourse_hard_020_training,test,"Yes, I'll take it.","[PREVIOUS]
Could you send the revised facilitator pack?
[CURRENT]
Yes, I'll take it.
[NEXT]
By tomorrow morning, please.",canonical_commitment,ai_generated_event_level_hard_contrasts_v1,assistant_reviewed_candidate
disc_h_020_03,discourse_hard_020_training,test,Action: Marcus will send the revised facilitator pack by tomorrow morning.,"[PREVIOUS]
Marcus accepted the work.
[CURRENT]
Action: Marcus will send the revised facilitator pack by tomorrow morning.
[NEXT]
Next item.",single_item_recap,ai_generated_event_level_hard_contrasts_v1,assistant_reviewed_candidate
disc_h_020_04,discourse_hard_020_training,test,Agreed.,"[PREVIOUS]
The proposal is to replace the lecture with two practical exercises.
[CURRENT]
Agreed.
[NEXT]
That settles the approach.",acceptance,ai_generated_event_level_hard_contrasts_v1,assistant_reviewed_candidate
disc_h_020_05,discourse_hard_020_training,test,Decision: we will replace the lecture with two practical exercises.,"[PREVIOUS]
We need a final position.
[CURRENT]
Decision: we will replace the lecture with two practical exercises.
[NEXT]
The matter is closed.",canonical_assertion,ai_generated_event_level_hard_contrasts_v1,assistant_reviewed_candidate
disc_h_020_06,discourse_hard_020_training,test,Decision: no additional training testing is required.,"[PREVIOUS]
Should we commission another review cycle?
[CURRENT]
Decision: no additional training testing is required.
[NEXT]
The existing evidence is sufficient.",canonical_assertion,ai_generated_event_level_hard_contrasts_v1,assistant_reviewed_candidate
disc_h_020_07,discourse_hard_020_training,test,We will not carry out another round of testing.,"[PREVIOUS]
A further verification round was proposed.
[CURRENT]
We will not carry out another round of testing.
[NEXT]
The group agreed that it would add no value.",canonical_assertion,ai_generated_event_level_hard_contrasts_v1,assistant_reviewed_candidate
disc_h_020_08,discourse_hard_020_training,test,No further testing is required.,"[PREVIOUS]
The team asked whether more checking was needed.
[CURRENT]
No further testing is required.
[NEXT]
That is the settled decision.",canonical_assertion,ai_generated_event_level_hard_contrasts_v1,assistant_reviewed_candidate
disc_h_020_09,discourse_hard_020_training,test,The group formally approved the decision to replace the lecture with two practical exercises.,"[PREVIOUS]
We discussed whether to replace the lecture with two practical exercises.
[CURRENT]
The group formally approved the decision to replace the lecture with two practical exercises.
[NEXT]
Record that in the minutes.",canonical_assertion,ai_generated_event_level_hard_contrasts_v1,assistant_reviewed_candidate
disc_h_020_10,discourse_hard_020_training,test,"To recap, we agreed to replace the lecture with two practical exercises, noted that late materials could leave facilitators unprepared, and assigned Marcus to send the revised facilitator pack.","[PREVIOUS]
Several items were resolved.
[CURRENT]
To recap, we agreed to replace the lecture with two practical exercises, noted that late materials could leave facilitators unprepared, and assigned Marcus to send the revised facilitator pack.
[NEXT]
There is nothing else to add.",multi_item_recap,ai_generated_event_level_hard_contrasts_v1,assistant_reviewed_candidate
disc_h_020_11,discourse_hard_020_training,test,"We approved the training approach, accepted the delivery exposure, and confirmed the supplier choice.","[PREVIOUS]
Let's summarise everything.
[CURRENT]
We approved the training approach, accepted the delivery exposure, and confirmed the supplier choice.
[NEXT]
No new decision is being made in this recap.",multi_item_recap,ai_generated_event_level_hard_contrasts_v1,assistant_reviewed_candidate
disc_h_020_12,discourse_hard_020_training,test,"Yes, that's the decision.","[PREVIOUS]
The decision was to replace the lecture with two practical exercises.
[CURRENT]
Yes, that's the decision.
[NEXT]
Next topic.",single_item_recap,ai_generated_event_level_hard_contrasts_v1,assistant_reviewed_candidate
disc_h_020_13,discourse_hard_020_training,test,We approved the choice to replace the lecture with two practical exercises last month.,"[PREVIOUS]
This was resolved before today's meeting.
[CURRENT]
We approved the choice to replace the lecture with two practical exercises last month.
[NEXT]
The paperwork is already complete.",completed_history,ai_generated_event_level_hard_contrasts_v1,assistant_reviewed_candidate
disc_h_020_14,discourse_hard_020_training,test,The work to send the revised facilitator pack was completed yesterday.,"[PREVIOUS]
Here is the latest status.
[CURRENT]
The work to send the revised facilitator pack was completed yesterday.
[NEXT]
No outstanding task remains.",completed_history,ai_generated_event_level_hard_contrasts_v1,assistant_reviewed_candidate
disc_h_020_15,discourse_hard_020_training,test,That assignment has been withdrawn.,"[PREVIOUS]
Marcus was going to send the revised facilitator pack.
[CURRENT]
That assignment has been withdrawn.
[NEXT]
Do not keep it as an open action.",state_modifier,ai_generated_event_level_hard_contrasts_v1,assistant_reviewed_candidate
disc_h_020_16,discourse_hard_020_training,test,"Actually, Lee will send the revised facilitator pack instead.","[PREVIOUS]
Marcus owns the task.
[CURRENT]
Actually, Lee will send the revised facilitator pack instead.
[NEXT]
Use Lee as the new owner.",state_modifier,ai_generated_event_level_hard_contrasts_v1,assistant_reviewed_candidate
disc_h_020_17,discourse_hard_020_training,test,Should we replace the lecture with two practical exercises?,"[PREVIOUS]
We are exploring options.
[CURRENT]
Should we replace the lecture with two practical exercises?
[NEXT]
No decision was made.",unassigned_proposal,ai_generated_event_level_hard_contrasts_v1,assistant_reviewed_candidate
disc_h_020_18,discourse_hard_020_training,test,Could late materials could leave facilitators unprepared?,"[PREVIOUS]
A concern was raised.
[CURRENT]
Could late materials could leave facilitators unprepared?
[NEXT]
The team did not confirm that exposure.",unassigned_proposal,ai_generated_event_level_hard_contrasts_v1,assistant_reviewed_candidate
disc_h_020_19,discourse_hard_020_training,test,I might send the revised facilitator pack if I have time.,"[PREVIOUS]
Capacity is uncertain.
[CURRENT]
I might send the revised facilitator pack if I have time.
[NEXT]
Treat that as an idea, not an action.",hypothetical,ai_generated_event_level_hard_contrasts_v1,assistant_reviewed_candidate
disc_h_020_20,discourse_hard_020_training,test,Can everyone see the small control in the corner?,"[PREVIOUS]
The screen is shared.
[CURRENT]
Can everyone see the small control in the corner?
[NEXT]
There it is.",administrative,ai_generated_event_level_hard_contrasts_v1,assistant_reviewed_candidate
disc_h_020_21,discourse_hard_020_training,test,Good.,"[PREVIOUS]
The meeting is starting.
[CURRENT]
Good.
[NEXT]
Let's continue.",administrative,ai_generated_event_level_hard_contrasts_v1,assistant_reviewed_candidate
disc_h_020_22,discourse_hard_020_training,test,Mm-hmm.,"[PREVIOUS]
The speaker finished.
[CURRENT]
Mm-hmm.
[NEXT]
Next point.",acceptance,ai_generated_event_level_hard_contrasts_v1,assistant_reviewed_candidate
disc_h_020_23,discourse_hard_020_training,test,Before tomorrow morning.,"[PREVIOUS]
Marcus accepted the task.
[CURRENT]
Before tomorrow morning.
[NEXT]
That timing works.",temporal_attachment,ai_generated_event_level_hard_contrasts_v1,assistant_reviewed_candidate
disc_h_020_24,discourse_hard_020_training,test,And I'll still send you a reminder at five minutes.,"[PREVIOUS]
Marcus is already responsible for send the revised facilitator pack and for cueing the lead.
[CURRENT]
And I'll still send you a reminder at five minutes.
[NEXT]
That reminder is part of the same responsibility.",supporting_detail,ai_generated_event_level_hard_contrasts_v1,assistant_reviewed_candidate
disc_h_020_25,discourse_hard_020_training,test,I'll also give you a private timing cue.,"[PREVIOUS]
The main action is for Marcus to send the revised facilitator pack.
[CURRENT]
I'll also give you a private timing cue.
[NEXT]
Keep it within the existing action rather than creating another item.",supporting_detail,ai_generated_event_level_hard_contrasts_v1,assistant_reviewed_candidate
disc_h_020_26,discourse_hard_020_training,test,Keep an eye on that exposure.,"[PREVIOUS]
The risk is that late materials could leave facilitators unprepared.
[CURRENT]
Keep an eye on that exposure.
[NEXT]
Add it to the risk register.",supporting_detail,ai_generated_event_level_hard_contrasts_v1,assistant_reviewed_candidate
disc_h_020_27,discourse_hard_020_training,test,Risk: late materials could leave facilitators unprepared.,"[PREVIOUS]
We reviewed current exposure.
[CURRENT]
Risk: late materials could leave facilitators unprepared.
[NEXT]
It remains open and should be recorded.",canonical_assertion,ai_generated_event_level_hard_contrasts_v1,assistant_reviewed_candidate
disc_h_020_28,discourse_hard_020_training,test,"The training variation is a watch item, with nothing to do today.","[PREVIOUS]
This is not a task.
[CURRENT]
The training variation is a watch item, with nothing to do today.
[NEXT]
Continue normal monitoring.",canonical_assertion,ai_generated_event_level_hard_contrasts_v1,assistant_reviewed_candidate
disc_h_020_29,discourse_hard_020_training,test,"It is worth noting, but there is no separate action.","[PREVIOUS]
The exposure remains within tolerance.
[CURRENT]
It is worth noting, but there is no separate action.
[NEXT]
Monitoring continues.",supporting_detail,ai_generated_event_level_hard_contrasts_v1,assistant_reviewed_candidate
disc_h_020_30,discourse_hard_020_training,test,It's documented and justified.,"[PREVIOUS]
The evidence is complete.
[CURRENT]
It's documented and justified.
[NEXT]
Move to the next topic.",supporting_detail,ai_generated_event_level_hard_contrasts_v1,assistant_reviewed_candidate
disc_h_020_31,discourse_hard_020_training,test,That's confirmed; the paperwork is signed.,"[PREVIOUS]
The group already agreed.
[CURRENT]
That's confirmed; the paperwork is signed.
[NEXT]
Nothing remains open.",single_item_recap,ai_generated_event_level_hard_contrasts_v1,assistant_reviewed_candidate
disc_h_020_32,discourse_hard_020_training,test,"No, that was not assigned.","[PREVIOUS]
Someone suggested that Marcus might send the revised facilitator pack.
[CURRENT]
No, that was not assigned.
[NEXT]
Do not record an action.",state_modifier,ai_generated_event_level_hard_contrasts_v1,assistant_reviewed_candidate
disc_h_020_33,discourse_hard_020_training,test,The training work remains in progress.,"[PREVIOUS]
The current topic is background only.
[CURRENT]
The training work remains in progress.
[NEXT]
No commitment was made.",context_only,ai_generated_event_level_hard_contrasts_v1,assistant_reviewed_candidate
