row_id,text,speech_act,evidence_type,action_state,signals,domain,group_id,recommended_split,source,review_status,review_confidence,review_notes
csa_0001,Marta: I'll reconcile the warehouse count by Friday.,commitment,action_commitment,confirmed_action,named_owner|explicit_commitment_verb|deliverable_object|deadline_or_sequence,inventory,speech_act_001_inventory,train,ai_authored_speech_act_contrast_v1,assistant_reviewed_candidate,high,Label and negative-state relationship checked against canonical staged semantics.
csa_0002,Marta: I can reconcile the warehouse count. I'll have it done by Friday.,volunteer_commitment,action_commitment,confirmed_action,named_owner|explicit_commitment_verb|deliverable_object|deadline_or_sequence,inventory,speech_act_001_inventory,train,ai_authored_speech_act_contrast_v1,assistant_reviewed_candidate,high,Label and negative-state relationship checked against canonical staged semantics.
csa_0003,"Could Marta reconcile the warehouse count by Friday? Marta: Yes, I'll take that.",request_acceptance_thread,action_commitment,confirmed_action,named_owner|explicit_commitment_verb|deliverable_object|deadline_or_sequence,inventory,speech_act_001_inventory,train,ai_authored_speech_act_contrast_v1,assistant_reviewed_candidate,high,Label and negative-state relationship checked against canonical staged semantics.
csa_0004,"Lead: Can you reconcile the warehouse count?
Marta: Yes.
Lead: Can you finish by Friday?
Marta: That works.",distributed_request_acceptance,action_commitment,confirmed_action,named_owner|explicit_commitment_verb|deliverable_object|deadline_or_sequence,inventory,speech_act_001_inventory,train,ai_authored_speech_act_contrast_v1,assistant_reviewed_candidate,high,Label and negative-state relationship checked against canonical staged semantics.
csa_0005,Marta to reconcile the warehouse count; due Friday.,minutes_assignment,action_commitment,confirmed_action,named_owner|explicit_commitment_verb|deliverable_object|deadline_or_sequence,inventory,speech_act_001_inventory,train,ai_authored_speech_act_contrast_v1,assistant_reviewed_candidate,high,Label and negative-state relationship checked against canonical staged semantics.
csa_0006,"Actions recap: Marta, you're taking the item to reconcile the warehouse count. Marta: Correct, by Friday.",recap_assignment,action_commitment,confirmed_action,named_owner|explicit_commitment_verb|deliverable_object|deadline_or_sequence,inventory,speech_act_001_inventory,train,ai_authored_speech_act_contrast_v1,assistant_reviewed_candidate,high,Label and negative-state relationship checked against canonical staged semantics.
csa_0007,We need someone to reconcile the warehouse count. Marta: Leave that with me; Friday is fine.,contextual_volunteer,action_commitment,confirmed_action,named_owner|explicit_commitment_verb|deliverable_object|deadline_or_sequence,inventory,speech_act_001_inventory,train,ai_authored_speech_act_contrast_v1,assistant_reviewed_candidate,high,Label and negative-state relationship checked against canonical staged semantics.
csa_0008,"We need to reconcile the warehouse count, but nobody accepted ownership or timing.",ownerless_need,discussion_topic,possible_action,explicit_commitment_verb|deliverable_object,inventory,speech_act_001_inventory,train,ai_authored_speech_act_contrast_v1,assistant_reviewed_candidate,medium,Label and negative-state relationship checked against canonical staged semantics.
csa_0009,It would help to reconcile the warehouse count. The group moved on without assigning it.,unassigned_suggestion,discussion_topic,possible_action,deliverable_object,inventory,speech_act_001_inventory,train,ai_authored_speech_act_contrast_v1,assistant_reviewed_candidate,medium,Label and negative-state relationship checked against canonical staged semantics.
csa_0010,"Perhaps Marta could reconcile the warehouse count if there is time, but this was not agreed.",hypothetical,discussion_topic,not_action,named_owner|deliverable_object|hypothetical_language,inventory,speech_act_001_inventory,train,ai_authored_speech_act_contrast_v1,assistant_reviewed_candidate,high,Label and negative-state relationship checked against canonical staged semantics.
csa_0011,"Marta: I might reconcile the warehouse count, depending on capacity. Lead: Treat that as an idea, not an action.",explicitly_uncommitted,discussion_topic,not_action,named_owner|deliverable_object|hypothetical_language,inventory,speech_act_001_inventory,train,ai_authored_speech_act_contrast_v1,assistant_reviewed_candidate,high,Label and negative-state relationship checked against canonical staged semantics.
csa_0012,Marta already completed the work to reconcile the warehouse count yesterday.,completed_history,background_context,completed_history,named_owner|deliverable_object|completed_tense,inventory,speech_act_001_inventory,train,ai_authored_speech_act_contrast_v1,assistant_reviewed_candidate,high,Label and negative-state relationship checked against canonical staged semantics.
csa_0013,Lead: Marta should reconcile the warehouse count. Marta: That's already done; it closed yesterday.,completed_correction,background_context,completed_history,named_owner|deliverable_object|completed_tense,inventory,speech_act_001_inventory,train,ai_authored_speech_act_contrast_v1,assistant_reviewed_candidate,high,Label and negative-state relationship checked against canonical staged semantics.
csa_0014,Do not reconcile the warehouse count; that proposed action has been cancelled.,rejection,decision_agreement,not_action,deliverable_object|decision_language,inventory,speech_act_001_inventory,train,ai_authored_speech_act_contrast_v1,assistant_reviewed_candidate,high,Label and negative-state relationship checked against canonical staged semantics.
csa_0015,Earlier we asked Marta to reconcile the warehouse count. That assignment is withdrawn and must not remain open.,superseded_action,decision_agreement,not_action,named_owner|deliverable_object|decision_language,inventory,speech_act_001_inventory,train,ai_authored_speech_act_contrast_v1,assistant_reviewed_candidate,high,Label and negative-state relationship checked against canonical staged semantics.
csa_0016,The team agreed to use barcode scanning for the next stocktake.,decision,decision_agreement,not_action,decision_language|deliverable_object,inventory,speech_act_001_inventory,train,ai_authored_speech_act_contrast_v1,assistant_reviewed_candidate,high,Label and negative-state relationship checked against canonical staged semantics.
csa_0017,"Option A was discussed, but the final position is to use barcode scanning for the next stocktake.",decision_after_alternative,decision_agreement,not_action,decision_language|deliverable_object,inventory,speech_act_001_inventory,train,ai_authored_speech_act_contrast_v1,assistant_reviewed_candidate,high,Label and negative-state relationship checked against canonical staged semantics.
csa_0018,"Lead: Shall we use barcode scanning for the next stocktake?
Team: Agreed. That's the approach we will use.",proposal_acceptance_decision,decision_agreement,not_action,decision_language|deliverable_object,inventory,speech_act_001_inventory,train,ai_authored_speech_act_contrast_v1,assistant_reviewed_candidate,high,Label and negative-state relationship checked against canonical staged semantics.
csa_0019,"One option would be to use barcode scanning for the next stocktake, although no decision was made.",unconfirmed_option,discussion_topic,not_action,hypothetical_language|deliverable_object,inventory,speech_act_001_inventory,train,ai_authored_speech_act_contrast_v1,assistant_reviewed_candidate,high,Label and negative-state relationship checked against canonical staged semantics.
csa_0020,The team identified that late supplier files could delay reconciliation.,risk,risk_dependency,not_action,risk_language|deliverable_object,inventory,speech_act_001_inventory,train,ai_authored_speech_act_contrast_v1,assistant_reviewed_candidate,high,Label and negative-state relationship checked against canonical staged semantics.
csa_0021,"If the dependency is not resolved, late supplier files could delay reconciliation. The issue remains open.",conditional_risk,risk_dependency,not_action,risk_language|deliverable_object,inventory,speech_act_001_inventory,train,ai_authored_speech_act_contrast_v1,assistant_reviewed_candidate,high,Label and negative-state relationship checked against canonical staged semantics.
csa_0022,"The team checked whether late supplier files could delay reconciliation, but evidence confirmed the exposure is closed and no monitoring is required.",closed_risk_negative,background_context,not_action,deliverable_object|completed_tense,inventory,speech_act_001_inventory,train,ai_authored_speech_act_contrast_v1,assistant_reviewed_candidate,medium,Label and negative-state relationship checked against canonical staged semantics.
csa_0023,The current position is that the inventory work remains in progress.,informational,background_context,not_action,,inventory,speech_act_001_inventory,train,ai_authored_speech_act_contrast_v1,assistant_reviewed_candidate,high,Label and negative-state relationship checked against canonical staged semantics.
csa_0024,Can everyone see the inventory screen? We will pause for two minutes before continuing.,administrative,low_value_noise,not_action,,inventory,speech_act_001_inventory,train,ai_authored_speech_act_contrast_v1,assistant_reviewed_candidate,high,Label and negative-state relationship checked against canonical staged semantics.
csa_0025,"Marta: I promise I'll bring coffee to the next inventory call. This is social chat, not project work.",social_false_commitment,low_value_noise,not_action,named_owner,inventory,speech_act_001_inventory,train,ai_authored_speech_act_contrast_v1,assistant_reviewed_candidate,high,Label and negative-state relationship checked against canonical staged semantics.
csa_0026,Elliot: I'll patch the mobile login redirect by today.,commitment,action_commitment,confirmed_action,named_owner|explicit_commitment_verb|deliverable_object|deadline_or_sequence,mobile_release,speech_act_002_mobile_release,train,ai_authored_speech_act_contrast_v1,assistant_reviewed_candidate,high,Label and negative-state relationship checked against canonical staged semantics.
csa_0027,Elliot: I can patch the mobile login redirect. I'll have it done by today.,volunteer_commitment,action_commitment,confirmed_action,named_owner|explicit_commitment_verb|deliverable_object|deadline_or_sequence,mobile_release,speech_act_002_mobile_release,train,ai_authored_speech_act_contrast_v1,assistant_reviewed_candidate,high,Label and negative-state relationship checked against canonical staged semantics.
csa_0028,"Could Elliot patch the mobile login redirect by today? Elliot: Yes, I'll take that.",request_acceptance_thread,action_commitment,confirmed_action,named_owner|explicit_commitment_verb|deliverable_object|deadline_or_sequence,mobile_release,speech_act_002_mobile_release,train,ai_authored_speech_act_contrast_v1,assistant_reviewed_candidate,high,Label and negative-state relationship checked against canonical staged semantics.
csa_0029,"Lead: Can you patch the mobile login redirect?
Elliot: Yes.
Lead: Can you finish by today?
Elliot: That works.",distributed_request_acceptance,action_commitment,confirmed_action,named_owner|explicit_commitment_verb|deliverable_object|deadline_or_sequence,mobile_release,speech_act_002_mobile_release,train,ai_authored_speech_act_contrast_v1,assistant_reviewed_candidate,high,Label and negative-state relationship checked against canonical staged semantics.
csa_0030,Elliot to patch the mobile login redirect; due today.,minutes_assignment,action_commitment,confirmed_action,named_owner|explicit_commitment_verb|deliverable_object|deadline_or_sequence,mobile_release,speech_act_002_mobile_release,train,ai_authored_speech_act_contrast_v1,assistant_reviewed_candidate,high,Label and negative-state relationship checked against canonical staged semantics.
csa_0031,"Actions recap: Elliot, you're taking the item to patch the mobile login redirect. Elliot: Correct, by today.",recap_assignment,action_commitment,confirmed_action,named_owner|explicit_commitment_verb|deliverable_object|deadline_or_sequence,mobile_release,speech_act_002_mobile_release,train,ai_authored_speech_act_contrast_v1,assistant_reviewed_candidate,high,Label and negative-state relationship checked against canonical staged semantics.
csa_0032,We need someone to patch the mobile login redirect. Elliot: Leave that with me; today is fine.,contextual_volunteer,action_commitment,confirmed_action,named_owner|explicit_commitment_verb|deliverable_object|deadline_or_sequence,mobile_release,speech_act_002_mobile_release,train,ai_authored_speech_act_contrast_v1,assistant_reviewed_candidate,high,Label and negative-state relationship checked against canonical staged semantics.
csa_0033,"We need to patch the mobile login redirect, but nobody accepted ownership or timing.",ownerless_need,discussion_topic,possible_action,explicit_commitment_verb|deliverable_object,mobile_release,speech_act_002_mobile_release,train,ai_authored_speech_act_contrast_v1,assistant_reviewed_candidate,medium,Label and negative-state relationship checked against canonical staged semantics.
csa_0034,It would help to patch the mobile login redirect. The group moved on without assigning it.,unassigned_suggestion,discussion_topic,possible_action,deliverable_object,mobile_release,speech_act_002_mobile_release,train,ai_authored_speech_act_contrast_v1,assistant_reviewed_candidate,medium,Label and negative-state relationship checked against canonical staged semantics.
csa_0035,"Perhaps Elliot could patch the mobile login redirect if there is time, but this was not agreed.",hypothetical,discussion_topic,not_action,named_owner|deliverable_object|hypothetical_language,mobile_release,speech_act_002_mobile_release,train,ai_authored_speech_act_contrast_v1,assistant_reviewed_candidate,high,Label and negative-state relationship checked against canonical staged semantics.
csa_0036,"Elliot: I might patch the mobile login redirect, depending on capacity. Lead: Treat that as an idea, not an action.",explicitly_uncommitted,discussion_topic,not_action,named_owner|deliverable_object|hypothetical_language,mobile_release,speech_act_002_mobile_release,train,ai_authored_speech_act_contrast_v1,assistant_reviewed_candidate,high,Label and negative-state relationship checked against canonical staged semantics.
csa_0037,Elliot already completed the work to patch the mobile login redirect yesterday.,completed_history,background_context,completed_history,named_owner|deliverable_object|completed_tense,mobile_release,speech_act_002_mobile_release,train,ai_authored_speech_act_contrast_v1,assistant_reviewed_candidate,high,Label and negative-state relationship checked against canonical staged semantics.
csa_0038,Lead: Elliot should patch the mobile login redirect. Elliot: That's already done; it closed yesterday.,completed_correction,background_context,completed_history,named_owner|deliverable_object|completed_tense,mobile_release,speech_act_002_mobile_release,train,ai_authored_speech_act_contrast_v1,assistant_reviewed_candidate,high,Label and negative-state relationship checked against canonical staged semantics.
csa_0039,Do not patch the mobile login redirect; that proposed action has been cancelled.,rejection,decision_agreement,not_action,deliverable_object|decision_language,mobile_release,speech_act_002_mobile_release,train,ai_authored_speech_act_contrast_v1,assistant_reviewed_candidate,high,Label and negative-state relationship checked against canonical staged semantics.
csa_0040,Earlier we asked Elliot to patch the mobile login redirect. That assignment is withdrawn and must not remain open.,superseded_action,decision_agreement,not_action,named_owner|deliverable_object|decision_language,mobile_release,speech_act_002_mobile_release,train,ai_authored_speech_act_contrast_v1,assistant_reviewed_candidate,high,Label and negative-state relationship checked against canonical staged semantics.
csa_0041,The team agreed to hold the release until smoke testing passes.,decision,decision_agreement,not_action,decision_language|deliverable_object,mobile_release,speech_act_002_mobile_release,train,ai_authored_speech_act_contrast_v1,assistant_reviewed_candidate,high,Label and negative-state relationship checked against canonical staged semantics.
csa_0042,"Option A was discussed, but the final position is to hold the release until smoke testing passes.",decision_after_alternative,decision_agreement,not_action,decision_language|deliverable_object,mobile_release,speech_act_002_mobile_release,train,ai_authored_speech_act_contrast_v1,assistant_reviewed_candidate,high,Label and negative-state relationship checked against canonical staged semantics.
csa_0043,"Lead: Shall we hold the release until smoke testing passes?
Team: Agreed. That's the approach we will use.",proposal_acceptance_decision,decision_agreement,not_action,decision_language|deliverable_object,mobile_release,speech_act_002_mobile_release,train,ai_authored_speech_act_contrast_v1,assistant_reviewed_candidate,high,Label and negative-state relationship checked against canonical staged semantics.
csa_0044,"One option would be to hold the release until smoke testing passes, although no decision was made.",unconfirmed_option,discussion_topic,not_action,hypothetical_language|deliverable_object,mobile_release,speech_act_002_mobile_release,train,ai_authored_speech_act_contrast_v1,assistant_reviewed_candidate,high,Label and negative-state relationship checked against canonical staged semantics.
csa_0045,The team identified that the redirect defect could block customer access.,risk,risk_dependency,not_action,risk_language|deliverable_object,mobile_release,speech_act_002_mobile_release,train,ai_authored_speech_act_contrast_v1,assistant_reviewed_candidate,high,Label and negative-state relationship checked against canonical staged semantics.
csa_0046,"If the dependency is not resolved, the redirect defect could block customer access. The issue remains open.",conditional_risk,risk_dependency,not_action,risk_language|deliverable_object,mobile_release,speech_act_002_mobile_release,train,ai_authored_speech_act_contrast_v1,assistant_reviewed_candidate,high,Label and negative-state relationship checked against canonical staged semantics.
csa_0047,"The team checked whether the redirect defect could block customer access, but evidence confirmed the exposure is closed and no monitoring is required.",closed_risk_negative,background_context,not_action,deliverable_object|completed_tense,mobile_release,speech_act_002_mobile_release,train,ai_authored_speech_act_contrast_v1,assistant_reviewed_candidate,medium,Label and negative-state relationship checked against canonical staged semantics.
csa_0048,The current position is that the mobile release work remains in progress.,informational,background_context,not_action,,mobile_release,speech_act_002_mobile_release,train,ai_authored_speech_act_contrast_v1,assistant_reviewed_candidate,high,Label and negative-state relationship checked against canonical staged semantics.
csa_0049,Can everyone see the mobile release screen? We will pause for two minutes before continuing.,administrative,low_value_noise,not_action,,mobile_release,speech_act_002_mobile_release,train,ai_authored_speech_act_contrast_v1,assistant_reviewed_candidate,high,Label and negative-state relationship checked against canonical staged semantics.
csa_0050,"Elliot: I promise I'll bring coffee to the next mobile release call. This is social chat, not project work.",social_false_commitment,low_value_noise,not_action,named_owner,mobile_release,speech_act_002_mobile_release,train,ai_authored_speech_act_contrast_v1,assistant_reviewed_candidate,high,Label and negative-state relationship checked against canonical staged semantics.
csa_0051,Sana: I'll invite the shortlisted engineer to a technical interview by tomorrow.,commitment,action_commitment,confirmed_action,named_owner|explicit_commitment_verb|deliverable_object|deadline_or_sequence,recruitment,speech_act_003_recruitment,validation,ai_authored_speech_act_contrast_v1,assistant_reviewed_candidate,high,Label and negative-state relationship checked against canonical staged semantics.
csa_0052,Sana: I can invite the shortlisted engineer to a technical interview. I'll have it done by tomorrow.,volunteer_commitment,action_commitment,confirmed_action,named_owner|explicit_commitment_verb|deliverable_object|deadline_or_sequence,recruitment,speech_act_003_recruitment,validation,ai_authored_speech_act_contrast_v1,assistant_reviewed_candidate,high,Label and negative-state relationship checked against canonical staged semantics.
csa_0053,"Could Sana invite the shortlisted engineer to a technical interview by tomorrow? Sana: Yes, I'll take that.",request_acceptance_thread,action_commitment,confirmed_action,named_owner|explicit_commitment_verb|deliverable_object|deadline_or_sequence,recruitment,speech_act_003_recruitment,validation,ai_authored_speech_act_contrast_v1,assistant_reviewed_candidate,high,Label and negative-state relationship checked against canonical staged semantics.
csa_0054,"Lead: Can you invite the shortlisted engineer to a technical interview?
Sana: Yes.
Lead: Can you finish by tomorrow?
Sana: That works.",distributed_request_acceptance,action_commitment,confirmed_action,named_owner|explicit_commitment_verb|deliverable_object|deadline_or_sequence,recruitment,speech_act_003_recruitment,validation,ai_authored_speech_act_contrast_v1,assistant_reviewed_candidate,high,Label and negative-state relationship checked against canonical staged semantics.
csa_0055,Sana to invite the shortlisted engineer to a technical interview; due tomorrow.,minutes_assignment,action_commitment,confirmed_action,named_owner|explicit_commitment_verb|deliverable_object|deadline_or_sequence,recruitment,speech_act_003_recruitment,validation,ai_authored_speech_act_contrast_v1,assistant_reviewed_candidate,high,Label and negative-state relationship checked against canonical staged semantics.
csa_0056,"Actions recap: Sana, you're taking the item to invite the shortlisted engineer to a technical interview. Sana: Correct, by tomorrow.",recap_assignment,action_commitment,confirmed_action,named_owner|explicit_commitment_verb|deliverable_object|deadline_or_sequence,recruitment,speech_act_003_recruitment,validation,ai_authored_speech_act_contrast_v1,assistant_reviewed_candidate,high,Label and negative-state relationship checked against canonical staged semantics.
csa_0057,We need someone to invite the shortlisted engineer to a technical interview. Sana: Leave that with me; tomorrow is fine.,contextual_volunteer,action_commitment,confirmed_action,named_owner|explicit_commitment_verb|deliverable_object|deadline_or_sequence,recruitment,speech_act_003_recruitment,validation,ai_authored_speech_act_contrast_v1,assistant_reviewed_candidate,high,Label and negative-state relationship checked against canonical staged semantics.
csa_0058,"We need to invite the shortlisted engineer to a technical interview, but nobody accepted ownership or timing.",ownerless_need,discussion_topic,possible_action,explicit_commitment_verb|deliverable_object,recruitment,speech_act_003_recruitment,validation,ai_authored_speech_act_contrast_v1,assistant_reviewed_candidate,medium,Label and negative-state relationship checked against canonical staged semantics.
csa_0059,It would help to invite the shortlisted engineer to a technical interview. The group moved on without assigning it.,unassigned_suggestion,discussion_topic,possible_action,deliverable_object,recruitment,speech_act_003_recruitment,validation,ai_authored_speech_act_contrast_v1,assistant_reviewed_candidate,medium,Label and negative-state relationship checked against canonical staged semantics.
csa_0060,"Perhaps Sana could invite the shortlisted engineer to a technical interview if there is time, but this was not agreed.",hypothetical,discussion_topic,not_action,named_owner|deliverable_object|hypothetical_language,recruitment,speech_act_003_recruitment,validation,ai_authored_speech_act_contrast_v1,assistant_reviewed_candidate,high,Label and negative-state relationship checked against canonical staged semantics.
csa_0061,"Sana: I might invite the shortlisted engineer to a technical interview, depending on capacity. Lead: Treat that as an idea, not an action.",explicitly_uncommitted,discussion_topic,not_action,named_owner|deliverable_object|hypothetical_language,recruitment,speech_act_003_recruitment,validation,ai_authored_speech_act_contrast_v1,assistant_reviewed_candidate,high,Label and negative-state relationship checked against canonical staged semantics.
csa_0062,Sana already completed the work to invite the shortlisted engineer to a technical interview yesterday.,completed_history,background_context,completed_history,named_owner|deliverable_object|completed_tense,recruitment,speech_act_003_recruitment,validation,ai_authored_speech_act_contrast_v1,assistant_reviewed_candidate,high,Label and negative-state relationship checked against canonical staged semantics.
csa_0063,Lead: Sana should invite the shortlisted engineer to a technical interview. Sana: That's already done; it closed yesterday.,completed_correction,background_context,completed_history,named_owner|deliverable_object|completed_tense,recruitment,speech_act_003_recruitment,validation,ai_authored_speech_act_contrast_v1,assistant_reviewed_candidate,high,Label and negative-state relationship checked against canonical staged semantics.
csa_0064,Do not invite the shortlisted engineer to a technical interview; that proposed action has been cancelled.,rejection,decision_agreement,not_action,deliverable_object|decision_language,recruitment,speech_act_003_recruitment,validation,ai_authored_speech_act_contrast_v1,assistant_reviewed_candidate,high,Label and negative-state relationship checked against canonical staged semantics.
csa_0065,Earlier we asked Sana to invite the shortlisted engineer to a technical interview. That assignment is withdrawn and must not remain open.,superseded_action,decision_agreement,not_action,named_owner|deliverable_object|decision_language,recruitment,speech_act_003_recruitment,validation,ai_authored_speech_act_contrast_v1,assistant_reviewed_candidate,high,Label and negative-state relationship checked against canonical staged semantics.
csa_0066,The team agreed to progress one candidate to the final round.,decision,decision_agreement,not_action,decision_language|deliverable_object,recruitment,speech_act_003_recruitment,validation,ai_authored_speech_act_contrast_v1,assistant_reviewed_candidate,high,Label and negative-state relationship checked against canonical staged semantics.
csa_0067,"Option A was discussed, but the final position is to progress one candidate to the final round.",decision_after_alternative,decision_agreement,not_action,decision_language|deliverable_object,recruitment,speech_act_003_recruitment,validation,ai_authored_speech_act_contrast_v1,assistant_reviewed_candidate,high,Label and negative-state relationship checked against canonical staged semantics.
csa_0068,"Lead: Shall we progress one candidate to the final round?
Team: Agreed. That's the approach we will use.",proposal_acceptance_decision,decision_agreement,not_action,decision_language|deliverable_object,recruitment,speech_act_003_recruitment,validation,ai_authored_speech_act_contrast_v1,assistant_reviewed_candidate,high,Label and negative-state relationship checked against canonical staged semantics.
csa_0069,"One option would be to progress one candidate to the final round, although no decision was made.",unconfirmed_option,discussion_topic,not_action,hypothetical_language|deliverable_object,recruitment,speech_act_003_recruitment,validation,ai_authored_speech_act_contrast_v1,assistant_reviewed_candidate,high,Label and negative-state relationship checked against canonical staged semantics.
csa_0070,The team identified that interviewer availability may delay the final round.,risk,risk_dependency,not_action,risk_language|deliverable_object,recruitment,speech_act_003_recruitment,validation,ai_authored_speech_act_contrast_v1,assistant_reviewed_candidate,high,Label and negative-state relationship checked against canonical staged semantics.
csa_0071,"If the dependency is not resolved, interviewer availability may delay the final round. The issue remains open.",conditional_risk,risk_dependency,not_action,risk_language|deliverable_object,recruitment,speech_act_003_recruitment,validation,ai_authored_speech_act_contrast_v1,assistant_reviewed_candidate,high,Label and negative-state relationship checked against canonical staged semantics.
csa_0072,"The team checked whether interviewer availability may delay the final round, but evidence confirmed the exposure is closed and no monitoring is required.",closed_risk_negative,background_context,not_action,deliverable_object|completed_tense,recruitment,speech_act_003_recruitment,validation,ai_authored_speech_act_contrast_v1,assistant_reviewed_candidate,medium,Label and negative-state relationship checked against canonical staged semantics.
csa_0073,The current position is that the recruitment work remains in progress.,informational,background_context,not_action,,recruitment,speech_act_003_recruitment,validation,ai_authored_speech_act_contrast_v1,assistant_reviewed_candidate,high,Label and negative-state relationship checked against canonical staged semantics.
csa_0074,Can everyone see the recruitment screen? We will pause for two minutes before continuing.,administrative,low_value_noise,not_action,,recruitment,speech_act_003_recruitment,validation,ai_authored_speech_act_contrast_v1,assistant_reviewed_candidate,high,Label and negative-state relationship checked against canonical staged semantics.
csa_0075,"Sana: I promise I'll bring coffee to the next recruitment call. This is social chat, not project work.",social_false_commitment,low_value_noise,not_action,named_owner,recruitment,speech_act_003_recruitment,validation,ai_authored_speech_act_contrast_v1,assistant_reviewed_candidate,high,Label and negative-state relationship checked against canonical staged semantics.
csa_0076,Theo: I'll circulate the revised department forecast by before lunch.,commitment,action_commitment,confirmed_action,named_owner|explicit_commitment_verb|deliverable_object|deadline_or_sequence,budget,speech_act_004_budget,train,ai_authored_speech_act_contrast_v1,assistant_reviewed_candidate,high,Label and negative-state relationship checked against canonical staged semantics.
csa_0077,Theo: I can circulate the revised department forecast. I'll have it done by before lunch.,volunteer_commitment,action_commitment,confirmed_action,named_owner|explicit_commitment_verb|deliverable_object|deadline_or_sequence,budget,speech_act_004_budget,train,ai_authored_speech_act_contrast_v1,assistant_reviewed_candidate,high,Label and negative-state relationship checked against canonical staged semantics.
csa_0078,"Could Theo circulate the revised department forecast by before lunch? Theo: Yes, I'll take that.",request_acceptance_thread,action_commitment,confirmed_action,named_owner|explicit_commitment_verb|deliverable_object|deadline_or_sequence,budget,speech_act_004_budget,train,ai_authored_speech_act_contrast_v1,assistant_reviewed_candidate,high,Label and negative-state relationship checked against canonical staged semantics.
csa_0079,"Lead: Can you circulate the revised department forecast?
Theo: Yes.
Lead: Can you finish by before lunch?
Theo: That works.",distributed_request_acceptance,action_commitment,confirmed_action,named_owner|explicit_commitment_verb|deliverable_object|deadline_or_sequence,budget,speech_act_004_budget,train,ai_authored_speech_act_contrast_v1,assistant_reviewed_candidate,high,Label and negative-state relationship checked against canonical staged semantics.
csa_0080,Theo to circulate the revised department forecast; due before lunch.,minutes_assignment,action_commitment,confirmed_action,named_owner|explicit_commitment_verb|deliverable_object|deadline_or_sequence,budget,speech_act_004_budget,train,ai_authored_speech_act_contrast_v1,assistant_reviewed_candidate,high,Label and negative-state relationship checked against canonical staged semantics.
csa_0081,"Actions recap: Theo, you're taking the item to circulate the revised department forecast. Theo: Correct, by before lunch.",recap_assignment,action_commitment,confirmed_action,named_owner|explicit_commitment_verb|deliverable_object|deadline_or_sequence,budget,speech_act_004_budget,train,ai_authored_speech_act_contrast_v1,assistant_reviewed_candidate,high,Label and negative-state relationship checked against canonical staged semantics.
csa_0082,We need someone to circulate the revised department forecast. Theo: Leave that with me; before lunch is fine.,contextual_volunteer,action_commitment,confirmed_action,named_owner|explicit_commitment_verb|deliverable_object|deadline_or_sequence,budget,speech_act_004_budget,train,ai_authored_speech_act_contrast_v1,assistant_reviewed_candidate,high,Label and negative-state relationship checked against canonical staged semantics.
csa_0083,"We need to circulate the revised department forecast, but nobody accepted ownership or timing.",ownerless_need,discussion_topic,possible_action,explicit_commitment_verb|deliverable_object,budget,speech_act_004_budget,train,ai_authored_speech_act_contrast_v1,assistant_reviewed_candidate,medium,Label and negative-state relationship checked against canonical staged semantics.
csa_0084,It would help to circulate the revised department forecast. The group moved on without assigning it.,unassigned_suggestion,discussion_topic,possible_action,deliverable_object,budget,speech_act_004_budget,train,ai_authored_speech_act_contrast_v1,assistant_reviewed_candidate,medium,Label and negative-state relationship checked against canonical staged semantics.
csa_0085,"Perhaps Theo could circulate the revised department forecast if there is time, but this was not agreed.",hypothetical,discussion_topic,not_action,named_owner|deliverable_object|hypothetical_language,budget,speech_act_004_budget,train,ai_authored_speech_act_contrast_v1,assistant_reviewed_candidate,high,Label and negative-state relationship checked against canonical staged semantics.
csa_0086,"Theo: I might circulate the revised department forecast, depending on capacity. Lead: Treat that as an idea, not an action.",explicitly_uncommitted,discussion_topic,not_action,named_owner|deliverable_object|hypothetical_language,budget,speech_act_004_budget,train,ai_authored_speech_act_contrast_v1,assistant_reviewed_candidate,high,Label and negative-state relationship checked against canonical staged semantics.
csa_0087,Theo already completed the work to circulate the revised department forecast yesterday.,completed_history,background_context,completed_history,named_owner|deliverable_object|completed_tense,budget,speech_act_004_budget,train,ai_authored_speech_act_contrast_v1,assistant_reviewed_candidate,high,Label and negative-state relationship checked against canonical staged semantics.
csa_0088,Lead: Theo should circulate the revised department forecast. Theo: That's already done; it closed yesterday.,completed_correction,background_context,completed_history,named_owner|deliverable_object|completed_tense,budget,speech_act_004_budget,train,ai_authored_speech_act_contrast_v1,assistant_reviewed_candidate,high,Label and negative-state relationship checked against canonical staged semantics.
csa_0089,Do not circulate the revised department forecast; that proposed action has been cancelled.,rejection,decision_agreement,not_action,deliverable_object|decision_language,budget,speech_act_004_budget,train,ai_authored_speech_act_contrast_v1,assistant_reviewed_candidate,high,Label and negative-state relationship checked against canonical staged semantics.
csa_0090,Earlier we asked Theo to circulate the revised department forecast. That assignment is withdrawn and must not remain open.,superseded_action,decision_agreement,not_action,named_owner|deliverable_object|decision_language,budget,speech_act_004_budget,train,ai_authored_speech_act_contrast_v1,assistant_reviewed_candidate,high,Label and negative-state relationship checked against canonical staged semantics.
csa_0091,The team agreed to defer the contractor extension.,decision,decision_agreement,not_action,decision_language|deliverable_object,budget,speech_act_004_budget,train,ai_authored_speech_act_contrast_v1,assistant_reviewed_candidate,high,Label and negative-state relationship checked against canonical staged semantics.
csa_0092,"Option A was discussed, but the final position is to defer the contractor extension.",decision_after_alternative,decision_agreement,not_action,decision_language|deliverable_object,budget,speech_act_004_budget,train,ai_authored_speech_act_contrast_v1,assistant_reviewed_candidate,high,Label and negative-state relationship checked against canonical staged semantics.
csa_0093,"Lead: Shall we defer the contractor extension?
Team: Agreed. That's the approach we will use.",proposal_acceptance_decision,decision_agreement,not_action,decision_language|deliverable_object,budget,speech_act_004_budget,train,ai_authored_speech_act_contrast_v1,assistant_reviewed_candidate,high,Label and negative-state relationship checked against canonical staged semantics.
csa_0094,"One option would be to defer the contractor extension, although no decision was made.",unconfirmed_option,discussion_topic,not_action,hypothetical_language|deliverable_object,budget,speech_act_004_budget,train,ai_authored_speech_act_contrast_v1,assistant_reviewed_candidate,high,Label and negative-state relationship checked against canonical staged semantics.
csa_0095,The team identified that exchange-rate movement could exceed the travel budget.,risk,risk_dependency,not_action,risk_language|deliverable_object,budget,speech_act_004_budget,train,ai_authored_speech_act_contrast_v1,assistant_reviewed_candidate,high,Label and negative-state relationship checked against canonical staged semantics.
csa_0096,"If the dependency is not resolved, exchange-rate movement could exceed the travel budget. The issue remains open.",conditional_risk,risk_dependency,not_action,risk_language|deliverable_object,budget,speech_act_004_budget,train,ai_authored_speech_act_contrast_v1,assistant_reviewed_candidate,high,Label and negative-state relationship checked against canonical staged semantics.
csa_0097,"The team checked whether exchange-rate movement could exceed the travel budget, but evidence confirmed the exposure is closed and no monitoring is required.",closed_risk_negative,background_context,not_action,deliverable_object|completed_tense,budget,speech_act_004_budget,train,ai_authored_speech_act_contrast_v1,assistant_reviewed_candidate,medium,Label and negative-state relationship checked against canonical staged semantics.
csa_0098,The current position is that the budget work remains in progress.,informational,background_context,not_action,,budget,speech_act_004_budget,train,ai_authored_speech_act_contrast_v1,assistant_reviewed_candidate,high,Label and negative-state relationship checked against canonical staged semantics.
csa_0099,Can everyone see the budget screen? We will pause for two minutes before continuing.,administrative,low_value_noise,not_action,,budget,speech_act_004_budget,train,ai_authored_speech_act_contrast_v1,assistant_reviewed_candidate,high,Label and negative-state relationship checked against canonical staged semantics.
csa_0100,"Theo: I promise I'll bring coffee to the next budget call. This is social chat, not project work.",social_false_commitment,low_value_noise,not_action,named_owner,budget,speech_act_004_budget,train,ai_authored_speech_act_contrast_v1,assistant_reviewed_candidate,high,Label and negative-state relationship checked against canonical staged semantics.
csa_0101,Inez: I'll create separate queues for complex support cases by next Tuesday.,commitment,action_commitment,confirmed_action,named_owner|explicit_commitment_verb|deliverable_object|deadline_or_sequence,customer_support,speech_act_005_customer_support,train,ai_authored_speech_act_contrast_v1,assistant_reviewed_candidate,high,Label and negative-state relationship checked against canonical staged semantics.
csa_0102,Inez: I can create separate queues for complex support cases. I'll have it done by next Tuesday.,volunteer_commitment,action_commitment,confirmed_action,named_owner|explicit_commitment_verb|deliverable_object|deadline_or_sequence,customer_support,speech_act_005_customer_support,train,ai_authored_speech_act_contrast_v1,assistant_reviewed_candidate,high,Label and negative-state relationship checked against canonical staged semantics.
csa_0103,"Could Inez create separate queues for complex support cases by next Tuesday? Inez: Yes, I'll take that.",request_acceptance_thread,action_commitment,confirmed_action,named_owner|explicit_commitment_verb|deliverable_object|deadline_or_sequence,customer_support,speech_act_005_customer_support,train,ai_authored_speech_act_contrast_v1,assistant_reviewed_candidate,high,Label and negative-state relationship checked against canonical staged semantics.
csa_0104,"Lead: Can you create separate queues for complex support cases?
Inez: Yes.
Lead: Can you finish by next Tuesday?
Inez: That works.",distributed_request_acceptance,action_commitment,confirmed_action,named_owner|explicit_commitment_verb|deliverable_object|deadline_or_sequence,customer_support,speech_act_005_customer_support,train,ai_authored_speech_act_contrast_v1,assistant_reviewed_candidate,high,Label and negative-state relationship checked against canonical staged semantics.
csa_0105,Inez to create separate queues for complex support cases; due next Tuesday.,minutes_assignment,action_commitment,confirmed_action,named_owner|explicit_commitment_verb|deliverable_object|deadline_or_sequence,customer_support,speech_act_005_customer_support,train,ai_authored_speech_act_contrast_v1,assistant_reviewed_candidate,high,Label and negative-state relationship checked against canonical staged semantics.
csa_0106,"Actions recap: Inez, you're taking the item to create separate queues for complex support cases. Inez: Correct, by next Tuesday.",recap_assignment,action_commitment,confirmed_action,named_owner|explicit_commitment_verb|deliverable_object|deadline_or_sequence,customer_support,speech_act_005_customer_support,train,ai_authored_speech_act_contrast_v1,assistant_reviewed_candidate,high,Label and negative-state relationship checked against canonical staged semantics.
csa_0107,We need someone to create separate queues for complex support cases. Inez: Leave that with me; next Tuesday is fine.,contextual_volunteer,action_commitment,confirmed_action,named_owner|explicit_commitment_verb|deliverable_object|deadline_or_sequence,customer_support,speech_act_005_customer_support,train,ai_authored_speech_act_contrast_v1,assistant_reviewed_candidate,high,Label and negative-state relationship checked against canonical staged semantics.
csa_0108,"We need to create separate queues for complex support cases, but nobody accepted ownership or timing.",ownerless_need,discussion_topic,possible_action,explicit_commitment_verb|deliverable_object,customer_support,speech_act_005_customer_support,train,ai_authored_speech_act_contrast_v1,assistant_reviewed_candidate,medium,Label and negative-state relationship checked against canonical staged semantics.
csa_0109,It would help to create separate queues for complex support cases. The group moved on without assigning it.,unassigned_suggestion,discussion_topic,possible_action,deliverable_object,customer_support,speech_act_005_customer_support,train,ai_authored_speech_act_contrast_v1,assistant_reviewed_candidate,medium,Label and negative-state relationship checked against canonical staged semantics.
csa_0110,"Perhaps Inez could create separate queues for complex support cases if there is time, but this was not agreed.",hypothetical,discussion_topic,not_action,named_owner|deliverable_object|hypothetical_language,customer_support,speech_act_005_customer_support,train,ai_authored_speech_act_contrast_v1,assistant_reviewed_candidate,high,Label and negative-state relationship checked against canonical staged semantics.
csa_0111,"Inez: I might create separate queues for complex support cases, depending on capacity. Lead: Treat that as an idea, not an action.",explicitly_uncommitted,discussion_topic,not_action,named_owner|deliverable_object|hypothetical_language,customer_support,speech_act_005_customer_support,train,ai_authored_speech_act_contrast_v1,assistant_reviewed_candidate,high,Label and negative-state relationship checked against canonical staged semantics.
csa_0112,Inez already completed the work to create separate queues for complex support cases yesterday.,completed_history,background_context,completed_history,named_owner|deliverable_object|completed_tense,customer_support,speech_act_005_customer_support,train,ai_authored_speech_act_contrast_v1,assistant_reviewed_candidate,high,Label and negative-state relationship checked against canonical staged semantics.
csa_0113,Lead: Inez should create separate queues for complex support cases. Inez: That's already done; it closed yesterday.,completed_correction,background_context,completed_history,named_owner|deliverable_object|completed_tense,customer_support,speech_act_005_customer_support,train,ai_authored_speech_act_contrast_v1,assistant_reviewed_candidate,high,Label and negative-state relationship checked against canonical staged semantics.
csa_0114,Do not create separate queues for complex support cases; that proposed action has been cancelled.,rejection,decision_agreement,not_action,deliverable_object|decision_language,customer_support,speech_act_005_customer_support,train,ai_authored_speech_act_contrast_v1,assistant_reviewed_candidate,high,Label and negative-state relationship checked against canonical staged semantics.
csa_0115,Earlier we asked Inez to create separate queues for complex support cases. That assignment is withdrawn and must not remain open.,superseded_action,decision_agreement,not_action,named_owner|deliverable_object|decision_language,customer_support,speech_act_005_customer_support,train,ai_authored_speech_act_contrast_v1,assistant_reviewed_candidate,high,Label and negative-state relationship checked against canonical staged semantics.
csa_0116,The team agreed to pilot specialist triage for one month.,decision,decision_agreement,not_action,decision_language|deliverable_object,customer_support,speech_act_005_customer_support,train,ai_authored_speech_act_contrast_v1,assistant_reviewed_candidate,high,Label and negative-state relationship checked against canonical staged semantics.
csa_0117,"Option A was discussed, but the final position is to pilot specialist triage for one month.",decision_after_alternative,decision_agreement,not_action,decision_language|deliverable_object,customer_support,speech_act_005_customer_support,train,ai_authored_speech_act_contrast_v1,assistant_reviewed_candidate,high,Label and negative-state relationship checked against canonical staged semantics.
csa_0118,"Lead: Shall we pilot specialist triage for one month?
Team: Agreed. That's the approach we will use.",proposal_acceptance_decision,decision_agreement,not_action,decision_language|deliverable_object,customer_support,speech_act_005_customer_support,train,ai_authored_speech_act_contrast_v1,assistant_reviewed_candidate,high,Label and negative-state relationship checked against canonical staged semantics.
csa_0119,"One option would be to pilot specialist triage for one month, although no decision was made.",unconfirmed_option,discussion_topic,not_action,hypothetical_language|deliverable_object,customer_support,speech_act_005_customer_support,train,ai_authored_speech_act_contrast_v1,assistant_reviewed_candidate,high,Label and negative-state relationship checked against canonical staged semantics.
csa_0120,The team identified that urgent cases may remain hidden in the general queue.,risk,risk_dependency,not_action,risk_language|deliverable_object,customer_support,speech_act_005_customer_support,train,ai_authored_speech_act_contrast_v1,assistant_reviewed_candidate,high,Label and negative-state relationship checked against canonical staged semantics.
csa_0121,"If the dependency is not resolved, urgent cases may remain hidden in the general queue. The issue remains open.",conditional_risk,risk_dependency,not_action,risk_language|deliverable_object,customer_support,speech_act_005_customer_support,train,ai_authored_speech_act_contrast_v1,assistant_reviewed_candidate,high,Label and negative-state relationship checked against canonical staged semantics.
csa_0122,"The team checked whether urgent cases may remain hidden in the general queue, but evidence confirmed the exposure is closed and no monitoring is required.",closed_risk_negative,background_context,not_action,deliverable_object|completed_tense,customer_support,speech_act_005_customer_support,train,ai_authored_speech_act_contrast_v1,assistant_reviewed_candidate,medium,Label and negative-state relationship checked against canonical staged semantics.
csa_0123,The current position is that the customer support work remains in progress.,informational,background_context,not_action,,customer_support,speech_act_005_customer_support,train,ai_authored_speech_act_contrast_v1,assistant_reviewed_candidate,high,Label and negative-state relationship checked against canonical staged semantics.
csa_0124,Can everyone see the customer support screen? We will pause for two minutes before continuing.,administrative,low_value_noise,not_action,,customer_support,speech_act_005_customer_support,train,ai_authored_speech_act_contrast_v1,assistant_reviewed_candidate,high,Label and negative-state relationship checked against canonical staged semantics.
csa_0125,"Inez: I promise I'll bring coffee to the next customer support call. This is social chat, not project work.",social_false_commitment,low_value_noise,not_action,named_owner,customer_support,speech_act_005_customer_support,train,ai_authored_speech_act_contrast_v1,assistant_reviewed_candidate,high,Label and negative-state relationship checked against canonical staged semantics.
csa_0126,Ravi: I'll request the supplier insurance certificate by Thursday.,commitment,action_commitment,confirmed_action,named_owner|explicit_commitment_verb|deliverable_object|deadline_or_sequence,supplier,speech_act_006_supplier,train,ai_authored_speech_act_contrast_v1,assistant_reviewed_candidate,high,Label and negative-state relationship checked against canonical staged semantics.
csa_0127,Ravi: I can request the supplier insurance certificate. I'll have it done by Thursday.,volunteer_commitment,action_commitment,confirmed_action,named_owner|explicit_commitment_verb|deliverable_object|deadline_or_sequence,supplier,speech_act_006_supplier,train,ai_authored_speech_act_contrast_v1,assistant_reviewed_candidate,high,Label and negative-state relationship checked against canonical staged semantics.
csa_0128,"Could Ravi request the supplier insurance certificate by Thursday? Ravi: Yes, I'll take that.",request_acceptance_thread,action_commitment,confirmed_action,named_owner|explicit_commitment_verb|deliverable_object|deadline_or_sequence,supplier,speech_act_006_supplier,train,ai_authored_speech_act_contrast_v1,assistant_reviewed_candidate,high,Label and negative-state relationship checked against canonical staged semantics.
csa_0129,"Lead: Can you request the supplier insurance certificate?
Ravi: Yes.
Lead: Can you finish by Thursday?
Ravi: That works.",distributed_request_acceptance,action_commitment,confirmed_action,named_owner|explicit_commitment_verb|deliverable_object|deadline_or_sequence,supplier,speech_act_006_supplier,train,ai_authored_speech_act_contrast_v1,assistant_reviewed_candidate,high,Label and negative-state relationship checked against canonical staged semantics.
csa_0130,Ravi to request the supplier insurance certificate; due Thursday.,minutes_assignment,action_commitment,confirmed_action,named_owner|explicit_commitment_verb|deliverable_object|deadline_or_sequence,supplier,speech_act_006_supplier,train,ai_authored_speech_act_contrast_v1,assistant_reviewed_candidate,high,Label and negative-state relationship checked against canonical staged semantics.
csa_0131,"Actions recap: Ravi, you're taking the item to request the supplier insurance certificate. Ravi: Correct, by Thursday.",recap_assignment,action_commitment,confirmed_action,named_owner|explicit_commitment_verb|deliverable_object|deadline_or_sequence,supplier,speech_act_006_supplier,train,ai_authored_speech_act_contrast_v1,assistant_reviewed_candidate,high,Label and negative-state relationship checked against canonical staged semantics.
csa_0132,We need someone to request the supplier insurance certificate. Ravi: Leave that with me; Thursday is fine.,contextual_volunteer,action_commitment,confirmed_action,named_owner|explicit_commitment_verb|deliverable_object|deadline_or_sequence,supplier,speech_act_006_supplier,train,ai_authored_speech_act_contrast_v1,assistant_reviewed_candidate,high,Label and negative-state relationship checked against canonical staged semantics.
csa_0133,"We need to request the supplier insurance certificate, but nobody accepted ownership or timing.",ownerless_need,discussion_topic,possible_action,explicit_commitment_verb|deliverable_object,supplier,speech_act_006_supplier,train,ai_authored_speech_act_contrast_v1,assistant_reviewed_candidate,medium,Label and negative-state relationship checked against canonical staged semantics.
csa_0134,It would help to request the supplier insurance certificate. The group moved on without assigning it.,unassigned_suggestion,discussion_topic,possible_action,deliverable_object,supplier,speech_act_006_supplier,train,ai_authored_speech_act_contrast_v1,assistant_reviewed_candidate,medium,Label and negative-state relationship checked against canonical staged semantics.
csa_0135,"Perhaps Ravi could request the supplier insurance certificate if there is time, but this was not agreed.",hypothetical,discussion_topic,not_action,named_owner|deliverable_object|hypothetical_language,supplier,speech_act_006_supplier,train,ai_authored_speech_act_contrast_v1,assistant_reviewed_candidate,high,Label and negative-state relationship checked against canonical staged semantics.
csa_0136,"Ravi: I might request the supplier insurance certificate, depending on capacity. Lead: Treat that as an idea, not an action.",explicitly_uncommitted,discussion_topic,not_action,named_owner|deliverable_object|hypothetical_language,supplier,speech_act_006_supplier,train,ai_authored_speech_act_contrast_v1,assistant_reviewed_candidate,high,Label and negative-state relationship checked against canonical staged semantics.
csa_0137,Ravi already completed the work to request the supplier insurance certificate yesterday.,completed_history,background_context,completed_history,named_owner|deliverable_object|completed_tense,supplier,speech_act_006_supplier,train,ai_authored_speech_act_contrast_v1,assistant_reviewed_candidate,high,Label and negative-state relationship checked against canonical staged semantics.
csa_0138,Lead: Ravi should request the supplier insurance certificate. Ravi: That's already done; it closed yesterday.,completed_correction,background_context,completed_history,named_owner|deliverable_object|completed_tense,supplier,speech_act_006_supplier,train,ai_authored_speech_act_contrast_v1,assistant_reviewed_candidate,high,Label and negative-state relationship checked against canonical staged semantics.
csa_0139,Do not request the supplier insurance certificate; that proposed action has been cancelled.,rejection,decision_agreement,not_action,deliverable_object|decision_language,supplier,speech_act_006_supplier,train,ai_authored_speech_act_contrast_v1,assistant_reviewed_candidate,high,Label and negative-state relationship checked against canonical staged semantics.
csa_0140,Earlier we asked Ravi to request the supplier insurance certificate. That assignment is withdrawn and must not remain open.,superseded_action,decision_agreement,not_action,named_owner|deliverable_object|decision_language,supplier,speech_act_006_supplier,train,ai_authored_speech_act_contrast_v1,assistant_reviewed_candidate,high,Label and negative-state relationship checked against canonical staged semantics.
csa_0141,The team agreed to approve onboarding only after due diligence.,decision,decision_agreement,not_action,decision_language|deliverable_object,supplier,speech_act_006_supplier,train,ai_authored_speech_act_contrast_v1,assistant_reviewed_candidate,high,Label and negative-state relationship checked against canonical staged semantics.
csa_0142,"Option A was discussed, but the final position is to approve onboarding only after due diligence.",decision_after_alternative,decision_agreement,not_action,decision_language|deliverable_object,supplier,speech_act_006_supplier,train,ai_authored_speech_act_contrast_v1,assistant_reviewed_candidate,high,Label and negative-state relationship checked against canonical staged semantics.
csa_0143,"Lead: Shall we approve onboarding only after due diligence?
Team: Agreed. That's the approach we will use.",proposal_acceptance_decision,decision_agreement,not_action,decision_language|deliverable_object,supplier,speech_act_006_supplier,train,ai_authored_speech_act_contrast_v1,assistant_reviewed_candidate,high,Label and negative-state relationship checked against canonical staged semantics.
csa_0144,"One option would be to approve onboarding only after due diligence, although no decision was made.",unconfirmed_option,discussion_topic,not_action,hypothetical_language|deliverable_object,supplier,speech_act_006_supplier,train,ai_authored_speech_act_contrast_v1,assistant_reviewed_candidate,high,Label and negative-state relationship checked against canonical staged semantics.
csa_0145,The team identified that missing insurance evidence could postpone onboarding.,risk,risk_dependency,not_action,risk_language|deliverable_object,supplier,speech_act_006_supplier,train,ai_authored_speech_act_contrast_v1,assistant_reviewed_candidate,high,Label and negative-state relationship checked against canonical staged semantics.
csa_0146,"If the dependency is not resolved, missing insurance evidence could postpone onboarding. The issue remains open.",conditional_risk,risk_dependency,not_action,risk_language|deliverable_object,supplier,speech_act_006_supplier,train,ai_authored_speech_act_contrast_v1,assistant_reviewed_candidate,high,Label and negative-state relationship checked against canonical staged semantics.
csa_0147,"The team checked whether missing insurance evidence could postpone onboarding, but evidence confirmed the exposure is closed and no monitoring is required.",closed_risk_negative,background_context,not_action,deliverable_object|completed_tense,supplier,speech_act_006_supplier,train,ai_authored_speech_act_contrast_v1,assistant_reviewed_candidate,medium,Label and negative-state relationship checked against canonical staged semantics.
csa_0148,The current position is that the supplier work remains in progress.,informational,background_context,not_action,,supplier,speech_act_006_supplier,train,ai_authored_speech_act_contrast_v1,assistant_reviewed_candidate,high,Label and negative-state relationship checked against canonical staged semantics.
csa_0149,Can everyone see the supplier screen? We will pause for two minutes before continuing.,administrative,low_value_noise,not_action,,supplier,speech_act_006_supplier,train,ai_authored_speech_act_contrast_v1,assistant_reviewed_candidate,high,Label and negative-state relationship checked against canonical staged semantics.
csa_0150,"Ravi: I promise I'll bring coffee to the next supplier call. This is social chat, not project work.",social_false_commitment,low_value_noise,not_action,named_owner,supplier,speech_act_006_supplier,train,ai_authored_speech_act_contrast_v1,assistant_reviewed_candidate,high,Label and negative-state relationship checked against canonical staged semantics.
csa_0151,Chloe: I'll shorten the product demonstration by Wednesday.,commitment,action_commitment,confirmed_action,named_owner|explicit_commitment_verb|deliverable_object|deadline_or_sequence,webinar,speech_act_007_webinar,test,ai_authored_speech_act_contrast_v1,assistant_reviewed_candidate,high,Label and negative-state relationship checked against canonical staged semantics.
csa_0152,Chloe: I can shorten the product demonstration. I'll have it done by Wednesday.,volunteer_commitment,action_commitment,confirmed_action,named_owner|explicit_commitment_verb|deliverable_object|deadline_or_sequence,webinar,speech_act_007_webinar,test,ai_authored_speech_act_contrast_v1,assistant_reviewed_candidate,high,Label and negative-state relationship checked against canonical staged semantics.
csa_0153,"Could Chloe shorten the product demonstration by Wednesday? Chloe: Yes, I'll take that.",request_acceptance_thread,action_commitment,confirmed_action,named_owner|explicit_commitment_verb|deliverable_object|deadline_or_sequence,webinar,speech_act_007_webinar,test,ai_authored_speech_act_contrast_v1,assistant_reviewed_candidate,high,Label and negative-state relationship checked against canonical staged semantics.
csa_0154,"Lead: Can you shorten the product demonstration?
Chloe: Yes.
Lead: Can you finish by Wednesday?
Chloe: That works.",distributed_request_acceptance,action_commitment,confirmed_action,named_owner|explicit_commitment_verb|deliverable_object|deadline_or_sequence,webinar,speech_act_007_webinar,test,ai_authored_speech_act_contrast_v1,assistant_reviewed_candidate,high,Label and negative-state relationship checked against canonical staged semantics.
csa_0155,Chloe to shorten the product demonstration; due Wednesday.,minutes_assignment,action_commitment,confirmed_action,named_owner|explicit_commitment_verb|deliverable_object|deadline_or_sequence,webinar,speech_act_007_webinar,test,ai_authored_speech_act_contrast_v1,assistant_reviewed_candidate,high,Label and negative-state relationship checked against canonical staged semantics.
csa_0156,"Actions recap: Chloe, you're taking the item to shorten the product demonstration. Chloe: Correct, by Wednesday.",recap_assignment,action_commitment,confirmed_action,named_owner|explicit_commitment_verb|deliverable_object|deadline_or_sequence,webinar,speech_act_007_webinar,test,ai_authored_speech_act_contrast_v1,assistant_reviewed_candidate,high,Label and negative-state relationship checked against canonical staged semantics.
csa_0157,We need someone to shorten the product demonstration. Chloe: Leave that with me; Wednesday is fine.,contextual_volunteer,action_commitment,confirmed_action,named_owner|explicit_commitment_verb|deliverable_object|deadline_or_sequence,webinar,speech_act_007_webinar,test,ai_authored_speech_act_contrast_v1,assistant_reviewed_candidate,high,Label and negative-state relationship checked against canonical staged semantics.
csa_0158,"We need to shorten the product demonstration, but nobody accepted ownership or timing.",ownerless_need,discussion_topic,possible_action,explicit_commitment_verb|deliverable_object,webinar,speech_act_007_webinar,test,ai_authored_speech_act_contrast_v1,assistant_reviewed_candidate,medium,Label and negative-state relationship checked against canonical staged semantics.
csa_0159,It would help to shorten the product demonstration. The group moved on without assigning it.,unassigned_suggestion,discussion_topic,possible_action,deliverable_object,webinar,speech_act_007_webinar,test,ai_authored_speech_act_contrast_v1,assistant_reviewed_candidate,medium,Label and negative-state relationship checked against canonical staged semantics.
csa_0160,"Perhaps Chloe could shorten the product demonstration if there is time, but this was not agreed.",hypothetical,discussion_topic,not_action,named_owner|deliverable_object|hypothetical_language,webinar,speech_act_007_webinar,test,ai_authored_speech_act_contrast_v1,assistant_reviewed_candidate,high,Label and negative-state relationship checked against canonical staged semantics.
csa_0161,"Chloe: I might shorten the product demonstration, depending on capacity. Lead: Treat that as an idea, not an action.",explicitly_uncommitted,discussion_topic,not_action,named_owner|deliverable_object|hypothetical_language,webinar,speech_act_007_webinar,test,ai_authored_speech_act_contrast_v1,assistant_reviewed_candidate,high,Label and negative-state relationship checked against canonical staged semantics.
csa_0162,Chloe already completed the work to shorten the product demonstration yesterday.,completed_history,background_context,completed_history,named_owner|deliverable_object|completed_tense,webinar,speech_act_007_webinar,test,ai_authored_speech_act_contrast_v1,assistant_reviewed_candidate,high,Label and negative-state relationship checked against canonical staged semantics.
csa_0163,Lead: Chloe should shorten the product demonstration. Chloe: That's already done; it closed yesterday.,completed_correction,background_context,completed_history,named_owner|deliverable_object|completed_tense,webinar,speech_act_007_webinar,test,ai_authored_speech_act_contrast_v1,assistant_reviewed_candidate,high,Label and negative-state relationship checked against canonical staged semantics.
csa_0164,Do not shorten the product demonstration; that proposed action has been cancelled.,rejection,decision_agreement,not_action,deliverable_object|decision_language,webinar,speech_act_007_webinar,test,ai_authored_speech_act_contrast_v1,assistant_reviewed_candidate,high,Label and negative-state relationship checked against canonical staged semantics.
csa_0165,Earlier we asked Chloe to shorten the product demonstration. That assignment is withdrawn and must not remain open.,superseded_action,decision_agreement,not_action,named_owner|deliverable_object|decision_language,webinar,speech_act_007_webinar,test,ai_authored_speech_act_contrast_v1,assistant_reviewed_candidate,high,Label and negative-state relationship checked against canonical staged semantics.
csa_0166,The team agreed to reserve the final fifteen minutes for questions.,decision,decision_agreement,not_action,decision_language|deliverable_object,webinar,speech_act_007_webinar,test,ai_authored_speech_act_contrast_v1,assistant_reviewed_candidate,high,Label and negative-state relationship checked against canonical staged semantics.
csa_0167,"Option A was discussed, but the final position is to reserve the final fifteen minutes for questions.",decision_after_alternative,decision_agreement,not_action,decision_language|deliverable_object,webinar,speech_act_007_webinar,test,ai_authored_speech_act_contrast_v1,assistant_reviewed_candidate,high,Label and negative-state relationship checked against canonical staged semantics.
csa_0168,"Lead: Shall we reserve the final fifteen minutes for questions?
Team: Agreed. That's the approach we will use.",proposal_acceptance_decision,decision_agreement,not_action,decision_language|deliverable_object,webinar,speech_act_007_webinar,test,ai_authored_speech_act_contrast_v1,assistant_reviewed_candidate,high,Label and negative-state relationship checked against canonical staged semantics.
csa_0169,"One option would be to reserve the final fifteen minutes for questions, although no decision was made.",unconfirmed_option,discussion_topic,not_action,hypothetical_language|deliverable_object,webinar,speech_act_007_webinar,test,ai_authored_speech_act_contrast_v1,assistant_reviewed_candidate,high,Label and negative-state relationship checked against canonical staged semantics.
csa_0170,The team identified that a long demonstration could crowd out questions.,risk,risk_dependency,not_action,risk_language|deliverable_object,webinar,speech_act_007_webinar,test,ai_authored_speech_act_contrast_v1,assistant_reviewed_candidate,high,Label and negative-state relationship checked against canonical staged semantics.
csa_0171,"If the dependency is not resolved, a long demonstration could crowd out questions. The issue remains open.",conditional_risk,risk_dependency,not_action,risk_language|deliverable_object,webinar,speech_act_007_webinar,test,ai_authored_speech_act_contrast_v1,assistant_reviewed_candidate,high,Label and negative-state relationship checked against canonical staged semantics.
csa_0172,"The team checked whether a long demonstration could crowd out questions, but evidence confirmed the exposure is closed and no monitoring is required.",closed_risk_negative,background_context,not_action,deliverable_object|completed_tense,webinar,speech_act_007_webinar,test,ai_authored_speech_act_contrast_v1,assistant_reviewed_candidate,medium,Label and negative-state relationship checked against canonical staged semantics.
csa_0173,The current position is that the webinar work remains in progress.,informational,background_context,not_action,,webinar,speech_act_007_webinar,test,ai_authored_speech_act_contrast_v1,assistant_reviewed_candidate,high,Label and negative-state relationship checked against canonical staged semantics.
csa_0174,Can everyone see the webinar screen? We will pause for two minutes before continuing.,administrative,low_value_noise,not_action,,webinar,speech_act_007_webinar,test,ai_authored_speech_act_contrast_v1,assistant_reviewed_candidate,high,Label and negative-state relationship checked against canonical staged semantics.
csa_0175,"Chloe: I promise I'll bring coffee to the next webinar call. This is social chat, not project work.",social_false_commitment,low_value_noise,not_action,named_owner,webinar,speech_act_007_webinar,test,ai_authored_speech_act_contrast_v1,assistant_reviewed_candidate,high,Label and negative-state relationship checked against canonical staged semantics.
csa_0176,Jonah: I'll disable the legacy file-transfer account by end of day.,commitment,action_commitment,confirmed_action,named_owner|explicit_commitment_verb|deliverable_object|deadline_or_sequence,security,speech_act_008_security,validation,ai_authored_speech_act_contrast_v1,assistant_reviewed_candidate,high,Label and negative-state relationship checked against canonical staged semantics.
csa_0177,Jonah: I can disable the legacy file-transfer account. I'll have it done by end of day.,volunteer_commitment,action_commitment,confirmed_action,named_owner|explicit_commitment_verb|deliverable_object|deadline_or_sequence,security,speech_act_008_security,validation,ai_authored_speech_act_contrast_v1,assistant_reviewed_candidate,high,Label and negative-state relationship checked against canonical staged semantics.
csa_0178,"Could Jonah disable the legacy file-transfer account by end of day? Jonah: Yes, I'll take that.",request_acceptance_thread,action_commitment,confirmed_action,named_owner|explicit_commitment_verb|deliverable_object|deadline_or_sequence,security,speech_act_008_security,validation,ai_authored_speech_act_contrast_v1,assistant_reviewed_candidate,high,Label and negative-state relationship checked against canonical staged semantics.
csa_0179,"Lead: Can you disable the legacy file-transfer account?
Jonah: Yes.
Lead: Can you finish by end of day?
Jonah: That works.",distributed_request_acceptance,action_commitment,confirmed_action,named_owner|explicit_commitment_verb|deliverable_object|deadline_or_sequence,security,speech_act_008_security,validation,ai_authored_speech_act_contrast_v1,assistant_reviewed_candidate,high,Label and negative-state relationship checked against canonical staged semantics.
csa_0180,Jonah to disable the legacy file-transfer account; due end of day.,minutes_assignment,action_commitment,confirmed_action,named_owner|explicit_commitment_verb|deliverable_object|deadline_or_sequence,security,speech_act_008_security,validation,ai_authored_speech_act_contrast_v1,assistant_reviewed_candidate,high,Label and negative-state relationship checked against canonical staged semantics.
csa_0181,"Actions recap: Jonah, you're taking the item to disable the legacy file-transfer account. Jonah: Correct, by end of day.",recap_assignment,action_commitment,confirmed_action,named_owner|explicit_commitment_verb|deliverable_object|deadline_or_sequence,security,speech_act_008_security,validation,ai_authored_speech_act_contrast_v1,assistant_reviewed_candidate,high,Label and negative-state relationship checked against canonical staged semantics.
csa_0182,We need someone to disable the legacy file-transfer account. Jonah: Leave that with me; end of day is fine.,contextual_volunteer,action_commitment,confirmed_action,named_owner|explicit_commitment_verb|deliverable_object|deadline_or_sequence,security,speech_act_008_security,validation,ai_authored_speech_act_contrast_v1,assistant_reviewed_candidate,high,Label and negative-state relationship checked against canonical staged semantics.
csa_0183,"We need to disable the legacy file-transfer account, but nobody accepted ownership or timing.",ownerless_need,discussion_topic,possible_action,explicit_commitment_verb|deliverable_object,security,speech_act_008_security,validation,ai_authored_speech_act_contrast_v1,assistant_reviewed_candidate,medium,Label and negative-state relationship checked against canonical staged semantics.
csa_0184,It would help to disable the legacy file-transfer account. The group moved on without assigning it.,unassigned_suggestion,discussion_topic,possible_action,deliverable_object,security,speech_act_008_security,validation,ai_authored_speech_act_contrast_v1,assistant_reviewed_candidate,medium,Label and negative-state relationship checked against canonical staged semantics.
csa_0185,"Perhaps Jonah could disable the legacy file-transfer account if there is time, but this was not agreed.",hypothetical,discussion_topic,not_action,named_owner|deliverable_object|hypothetical_language,security,speech_act_008_security,validation,ai_authored_speech_act_contrast_v1,assistant_reviewed_candidate,high,Label and negative-state relationship checked against canonical staged semantics.
csa_0186,"Jonah: I might disable the legacy file-transfer account, depending on capacity. Lead: Treat that as an idea, not an action.",explicitly_uncommitted,discussion_topic,not_action,named_owner|deliverable_object|hypothetical_language,security,speech_act_008_security,validation,ai_authored_speech_act_contrast_v1,assistant_reviewed_candidate,high,Label and negative-state relationship checked against canonical staged semantics.
csa_0187,Jonah already completed the work to disable the legacy file-transfer account yesterday.,completed_history,background_context,completed_history,named_owner|deliverable_object|completed_tense,security,speech_act_008_security,validation,ai_authored_speech_act_contrast_v1,assistant_reviewed_candidate,high,Label and negative-state relationship checked against canonical staged semantics.
csa_0188,Lead: Jonah should disable the legacy file-transfer account. Jonah: That's already done; it closed yesterday.,completed_correction,background_context,completed_history,named_owner|deliverable_object|completed_tense,security,speech_act_008_security,validation,ai_authored_speech_act_contrast_v1,assistant_reviewed_candidate,high,Label and negative-state relationship checked against canonical staged semantics.
csa_0189,Do not disable the legacy file-transfer account; that proposed action has been cancelled.,rejection,decision_agreement,not_action,deliverable_object|decision_language,security,speech_act_008_security,validation,ai_authored_speech_act_contrast_v1,assistant_reviewed_candidate,high,Label and negative-state relationship checked against canonical staged semantics.
csa_0190,Earlier we asked Jonah to disable the legacy file-transfer account. That assignment is withdrawn and must not remain open.,superseded_action,decision_agreement,not_action,named_owner|deliverable_object|decision_language,security,speech_act_008_security,validation,ai_authored_speech_act_contrast_v1,assistant_reviewed_candidate,high,Label and negative-state relationship checked against canonical staged semantics.
csa_0191,The team agreed to require multifactor authentication for external access.,decision,decision_agreement,not_action,decision_language|deliverable_object,security,speech_act_008_security,validation,ai_authored_speech_act_contrast_v1,assistant_reviewed_candidate,high,Label and negative-state relationship checked against canonical staged semantics.
csa_0192,"Option A was discussed, but the final position is to require multifactor authentication for external access.",decision_after_alternative,decision_agreement,not_action,decision_language|deliverable_object,security,speech_act_008_security,validation,ai_authored_speech_act_contrast_v1,assistant_reviewed_candidate,high,Label and negative-state relationship checked against canonical staged semantics.
csa_0193,"Lead: Shall we require multifactor authentication for external access?
Team: Agreed. That's the approach we will use.",proposal_acceptance_decision,decision_agreement,not_action,decision_language|deliverable_object,security,speech_act_008_security,validation,ai_authored_speech_act_contrast_v1,assistant_reviewed_candidate,high,Label and negative-state relationship checked against canonical staged semantics.
csa_0194,"One option would be to require multifactor authentication for external access, although no decision was made.",unconfirmed_option,discussion_topic,not_action,hypothetical_language|deliverable_object,security,speech_act_008_security,validation,ai_authored_speech_act_contrast_v1,assistant_reviewed_candidate,high,Label and negative-state relationship checked against canonical staged semantics.
csa_0195,The team identified that the legacy account creates an unauthorised-access risk.,risk,risk_dependency,not_action,risk_language|deliverable_object,security,speech_act_008_security,validation,ai_authored_speech_act_contrast_v1,assistant_reviewed_candidate,high,Label and negative-state relationship checked against canonical staged semantics.
csa_0196,"If the dependency is not resolved, the legacy account creates an unauthorised-access risk. The issue remains open.",conditional_risk,risk_dependency,not_action,risk_language|deliverable_object,security,speech_act_008_security,validation,ai_authored_speech_act_contrast_v1,assistant_reviewed_candidate,high,Label and negative-state relationship checked against canonical staged semantics.
csa_0197,"The team checked whether the legacy account creates an unauthorised-access risk, but evidence confirmed the exposure is closed and no monitoring is required.",closed_risk_negative,background_context,not_action,deliverable_object|completed_tense,security,speech_act_008_security,validation,ai_authored_speech_act_contrast_v1,assistant_reviewed_candidate,medium,Label and negative-state relationship checked against canonical staged semantics.
csa_0198,The current position is that the security work remains in progress.,informational,background_context,not_action,,security,speech_act_008_security,validation,ai_authored_speech_act_contrast_v1,assistant_reviewed_candidate,high,Label and negative-state relationship checked against canonical staged semantics.
csa_0199,Can everyone see the security screen? We will pause for two minutes before continuing.,administrative,low_value_noise,not_action,,security,speech_act_008_security,validation,ai_authored_speech_act_contrast_v1,assistant_reviewed_candidate,high,Label and negative-state relationship checked against canonical staged semantics.
csa_0200,"Jonah: I promise I'll bring coffee to the next security call. This is social chat, not project work.",social_false_commitment,low_value_noise,not_action,named_owner,security,speech_act_008_security,validation,ai_authored_speech_act_contrast_v1,assistant_reviewed_candidate,high,Label and negative-state relationship checked against canonical staged semantics.
csa_0201,Amara: I'll redline the termination wording by Monday.,commitment,action_commitment,confirmed_action,named_owner|explicit_commitment_verb|deliverable_object|deadline_or_sequence,contract,speech_act_009_contract,train,ai_authored_speech_act_contrast_v1,assistant_reviewed_candidate,high,Label and negative-state relationship checked against canonical staged semantics.
csa_0202,Amara: I can redline the termination wording. I'll have it done by Monday.,volunteer_commitment,action_commitment,confirmed_action,named_owner|explicit_commitment_verb|deliverable_object|deadline_or_sequence,contract,speech_act_009_contract,train,ai_authored_speech_act_contrast_v1,assistant_reviewed_candidate,high,Label and negative-state relationship checked against canonical staged semantics.
csa_0203,"Could Amara redline the termination wording by Monday? Amara: Yes, I'll take that.",request_acceptance_thread,action_commitment,confirmed_action,named_owner|explicit_commitment_verb|deliverable_object|deadline_or_sequence,contract,speech_act_009_contract,train,ai_authored_speech_act_contrast_v1,assistant_reviewed_candidate,high,Label and negative-state relationship checked against canonical staged semantics.
csa_0204,"Lead: Can you redline the termination wording?
Amara: Yes.
Lead: Can you finish by Monday?
Amara: That works.",distributed_request_acceptance,action_commitment,confirmed_action,named_owner|explicit_commitment_verb|deliverable_object|deadline_or_sequence,contract,speech_act_009_contract,train,ai_authored_speech_act_contrast_v1,assistant_reviewed_candidate,high,Label and negative-state relationship checked against canonical staged semantics.
csa_0205,Amara to redline the termination wording; due Monday.,minutes_assignment,action_commitment,confirmed_action,named_owner|explicit_commitment_verb|deliverable_object|deadline_or_sequence,contract,speech_act_009_contract,train,ai_authored_speech_act_contrast_v1,assistant_reviewed_candidate,high,Label and negative-state relationship checked against canonical staged semantics.
csa_0206,"Actions recap: Amara, you're taking the item to redline the termination wording. Amara: Correct, by Monday.",recap_assignment,action_commitment,confirmed_action,named_owner|explicit_commitment_verb|deliverable_object|deadline_or_sequence,contract,speech_act_009_contract,train,ai_authored_speech_act_contrast_v1,assistant_reviewed_candidate,high,Label and negative-state relationship checked against canonical staged semantics.
csa_0207,We need someone to redline the termination wording. Amara: Leave that with me; Monday is fine.,contextual_volunteer,action_commitment,confirmed_action,named_owner|explicit_commitment_verb|deliverable_object|deadline_or_sequence,contract,speech_act_009_contract,train,ai_authored_speech_act_contrast_v1,assistant_reviewed_candidate,high,Label and negative-state relationship checked against canonical staged semantics.
csa_0208,"We need to redline the termination wording, but nobody accepted ownership or timing.",ownerless_need,discussion_topic,possible_action,explicit_commitment_verb|deliverable_object,contract,speech_act_009_contract,train,ai_authored_speech_act_contrast_v1,assistant_reviewed_candidate,medium,Label and negative-state relationship checked against canonical staged semantics.
csa_0209,It would help to redline the termination wording. The group moved on without assigning it.,unassigned_suggestion,discussion_topic,possible_action,deliverable_object,contract,speech_act_009_contract,train,ai_authored_speech_act_contrast_v1,assistant_reviewed_candidate,medium,Label and negative-state relationship checked against canonical staged semantics.
csa_0210,"Perhaps Amara could redline the termination wording if there is time, but this was not agreed.",hypothetical,discussion_topic,not_action,named_owner|deliverable_object|hypothetical_language,contract,speech_act_009_contract,train,ai_authored_speech_act_contrast_v1,assistant_reviewed_candidate,high,Label and negative-state relationship checked against canonical staged semantics.
csa_0211,"Amara: I might redline the termination wording, depending on capacity. Lead: Treat that as an idea, not an action.",explicitly_uncommitted,discussion_topic,not_action,named_owner|deliverable_object|hypothetical_language,contract,speech_act_009_contract,train,ai_authored_speech_act_contrast_v1,assistant_reviewed_candidate,high,Label and negative-state relationship checked against canonical staged semantics.
csa_0212,Amara already completed the work to redline the termination wording yesterday.,completed_history,background_context,completed_history,named_owner|deliverable_object|completed_tense,contract,speech_act_009_contract,train,ai_authored_speech_act_contrast_v1,assistant_reviewed_candidate,high,Label and negative-state relationship checked against canonical staged semantics.
csa_0213,Lead: Amara should redline the termination wording. Amara: That's already done; it closed yesterday.,completed_correction,background_context,completed_history,named_owner|deliverable_object|completed_tense,contract,speech_act_009_contract,train,ai_authored_speech_act_contrast_v1,assistant_reviewed_candidate,high,Label and negative-state relationship checked against canonical staged semantics.
csa_0214,Do not redline the termination wording; that proposed action has been cancelled.,rejection,decision_agreement,not_action,deliverable_object|decision_language,contract,speech_act_009_contract,train,ai_authored_speech_act_contrast_v1,assistant_reviewed_candidate,high,Label and negative-state relationship checked against canonical staged semantics.
csa_0215,Earlier we asked Amara to redline the termination wording. That assignment is withdrawn and must not remain open.,superseded_action,decision_agreement,not_action,named_owner|deliverable_object|decision_language,contract,speech_act_009_contract,train,ai_authored_speech_act_contrast_v1,assistant_reviewed_candidate,high,Label and negative-state relationship checked against canonical staged semantics.
csa_0216,The team agreed to offer a twelve-month renewal.,decision,decision_agreement,not_action,decision_language|deliverable_object,contract,speech_act_009_contract,train,ai_authored_speech_act_contrast_v1,assistant_reviewed_candidate,high,Label and negative-state relationship checked against canonical staged semantics.
csa_0217,"Option A was discussed, but the final position is to offer a twelve-month renewal.",decision_after_alternative,decision_agreement,not_action,decision_language|deliverable_object,contract,speech_act_009_contract,train,ai_authored_speech_act_contrast_v1,assistant_reviewed_candidate,high,Label and negative-state relationship checked against canonical staged semantics.
csa_0218,"Lead: Shall we offer a twelve-month renewal?
Team: Agreed. That's the approach we will use.",proposal_acceptance_decision,decision_agreement,not_action,decision_language|deliverable_object,contract,speech_act_009_contract,train,ai_authored_speech_act_contrast_v1,assistant_reviewed_candidate,high,Label and negative-state relationship checked against canonical staged semantics.
csa_0219,"One option would be to offer a twelve-month renewal, although no decision was made.",unconfirmed_option,discussion_topic,not_action,hypothetical_language|deliverable_object,contract,speech_act_009_contract,train,ai_authored_speech_act_contrast_v1,assistant_reviewed_candidate,high,Label and negative-state relationship checked against canonical staged semantics.
csa_0220,The team identified that unclear termination wording could prolong negotiation.,risk,risk_dependency,not_action,risk_language|deliverable_object,contract,speech_act_009_contract,train,ai_authored_speech_act_contrast_v1,assistant_reviewed_candidate,high,Label and negative-state relationship checked against canonical staged semantics.
csa_0221,"If the dependency is not resolved, unclear termination wording could prolong negotiation. The issue remains open.",conditional_risk,risk_dependency,not_action,risk_language|deliverable_object,contract,speech_act_009_contract,train,ai_authored_speech_act_contrast_v1,assistant_reviewed_candidate,high,Label and negative-state relationship checked against canonical staged semantics.
csa_0222,"The team checked whether unclear termination wording could prolong negotiation, but evidence confirmed the exposure is closed and no monitoring is required.",closed_risk_negative,background_context,not_action,deliverable_object|completed_tense,contract,speech_act_009_contract,train,ai_authored_speech_act_contrast_v1,assistant_reviewed_candidate,medium,Label and negative-state relationship checked against canonical staged semantics.
csa_0223,The current position is that the contract work remains in progress.,informational,background_context,not_action,,contract,speech_act_009_contract,train,ai_authored_speech_act_contrast_v1,assistant_reviewed_candidate,high,Label and negative-state relationship checked against canonical staged semantics.
csa_0224,Can everyone see the contract screen? We will pause for two minutes before continuing.,administrative,low_value_noise,not_action,,contract,speech_act_009_contract,train,ai_authored_speech_act_contrast_v1,assistant_reviewed_candidate,high,Label and negative-state relationship checked against canonical staged semantics.
csa_0225,"Amara: I promise I'll bring coffee to the next contract call. This is social chat, not project work.",social_false_commitment,low_value_noise,not_action,named_owner,contract,speech_act_009_contract,train,ai_authored_speech_act_contrast_v1,assistant_reviewed_candidate,high,Label and negative-state relationship checked against canonical staged semantics.
csa_0226,Louis: I'll prepare the audit evidence index by next week.,commitment,action_commitment,confirmed_action,named_owner|explicit_commitment_verb|deliverable_object|deadline_or_sequence,audit,speech_act_010_audit,train,ai_authored_speech_act_contrast_v1,assistant_reviewed_candidate,high,Label and negative-state relationship checked against canonical staged semantics.
csa_0227,Louis: I can prepare the audit evidence index. I'll have it done by next week.,volunteer_commitment,action_commitment,confirmed_action,named_owner|explicit_commitment_verb|deliverable_object|deadline_or_sequence,audit,speech_act_010_audit,train,ai_authored_speech_act_contrast_v1,assistant_reviewed_candidate,high,Label and negative-state relationship checked against canonical staged semantics.
csa_0228,"Could Louis prepare the audit evidence index by next week? Louis: Yes, I'll take that.",request_acceptance_thread,action_commitment,confirmed_action,named_owner|explicit_commitment_verb|deliverable_object|deadline_or_sequence,audit,speech_act_010_audit,train,ai_authored_speech_act_contrast_v1,assistant_reviewed_candidate,high,Label and negative-state relationship checked against canonical staged semantics.
csa_0229,"Lead: Can you prepare the audit evidence index?
Louis: Yes.
Lead: Can you finish by next week?
Louis: That works.",distributed_request_acceptance,action_commitment,confirmed_action,named_owner|explicit_commitment_verb|deliverable_object|deadline_or_sequence,audit,speech_act_010_audit,train,ai_authored_speech_act_contrast_v1,assistant_reviewed_candidate,high,Label and negative-state relationship checked against canonical staged semantics.
csa_0230,Louis to prepare the audit evidence index; due next week.,minutes_assignment,action_commitment,confirmed_action,named_owner|explicit_commitment_verb|deliverable_object|deadline_or_sequence,audit,speech_act_010_audit,train,ai_authored_speech_act_contrast_v1,assistant_reviewed_candidate,high,Label and negative-state relationship checked against canonical staged semantics.
csa_0231,"Actions recap: Louis, you're taking the item to prepare the audit evidence index. Louis: Correct, by next week.",recap_assignment,action_commitment,confirmed_action,named_owner|explicit_commitment_verb|deliverable_object|deadline_or_sequence,audit,speech_act_010_audit,train,ai_authored_speech_act_contrast_v1,assistant_reviewed_candidate,high,Label and negative-state relationship checked against canonical staged semantics.
csa_0232,We need someone to prepare the audit evidence index. Louis: Leave that with me; next week is fine.,contextual_volunteer,action_commitment,confirmed_action,named_owner|explicit_commitment_verb|deliverable_object|deadline_or_sequence,audit,speech_act_010_audit,train,ai_authored_speech_act_contrast_v1,assistant_reviewed_candidate,high,Label and negative-state relationship checked against canonical staged semantics.
csa_0233,"We need to prepare the audit evidence index, but nobody accepted ownership or timing.",ownerless_need,discussion_topic,possible_action,explicit_commitment_verb|deliverable_object,audit,speech_act_010_audit,train,ai_authored_speech_act_contrast_v1,assistant_reviewed_candidate,medium,Label and negative-state relationship checked against canonical staged semantics.
csa_0234,It would help to prepare the audit evidence index. The group moved on without assigning it.,unassigned_suggestion,discussion_topic,possible_action,deliverable_object,audit,speech_act_010_audit,train,ai_authored_speech_act_contrast_v1,assistant_reviewed_candidate,medium,Label and negative-state relationship checked against canonical staged semantics.
csa_0235,"Perhaps Louis could prepare the audit evidence index if there is time, but this was not agreed.",hypothetical,discussion_topic,not_action,named_owner|deliverable_object|hypothetical_language,audit,speech_act_010_audit,train,ai_authored_speech_act_contrast_v1,assistant_reviewed_candidate,high,Label and negative-state relationship checked against canonical staged semantics.
csa_0236,"Louis: I might prepare the audit evidence index, depending on capacity. Lead: Treat that as an idea, not an action.",explicitly_uncommitted,discussion_topic,not_action,named_owner|deliverable_object|hypothetical_language,audit,speech_act_010_audit,train,ai_authored_speech_act_contrast_v1,assistant_reviewed_candidate,high,Label and negative-state relationship checked against canonical staged semantics.
csa_0237,Louis already completed the work to prepare the audit evidence index yesterday.,completed_history,background_context,completed_history,named_owner|deliverable_object|completed_tense,audit,speech_act_010_audit,train,ai_authored_speech_act_contrast_v1,assistant_reviewed_candidate,high,Label and negative-state relationship checked against canonical staged semantics.
csa_0238,Lead: Louis should prepare the audit evidence index. Louis: That's already done; it closed yesterday.,completed_correction,background_context,completed_history,named_owner|deliverable_object|completed_tense,audit,speech_act_010_audit,train,ai_authored_speech_act_contrast_v1,assistant_reviewed_candidate,high,Label and negative-state relationship checked against canonical staged semantics.
csa_0239,Do not prepare the audit evidence index; that proposed action has been cancelled.,rejection,decision_agreement,not_action,deliverable_object|decision_language,audit,speech_act_010_audit,train,ai_authored_speech_act_contrast_v1,assistant_reviewed_candidate,high,Label and negative-state relationship checked against canonical staged semantics.
csa_0240,Earlier we asked Louis to prepare the audit evidence index. That assignment is withdrawn and must not remain open.,superseded_action,decision_agreement,not_action,named_owner|deliverable_object|decision_language,audit,speech_act_010_audit,train,ai_authored_speech_act_contrast_v1,assistant_reviewed_candidate,high,Label and negative-state relationship checked against canonical staged semantics.
csa_0241,The team agreed to sample two additional operational processes.,decision,decision_agreement,not_action,decision_language|deliverable_object,audit,speech_act_010_audit,train,ai_authored_speech_act_contrast_v1,assistant_reviewed_candidate,high,Label and negative-state relationship checked against canonical staged semantics.
csa_0242,"Option A was discussed, but the final position is to sample two additional operational processes.",decision_after_alternative,decision_agreement,not_action,decision_language|deliverable_object,audit,speech_act_010_audit,train,ai_authored_speech_act_contrast_v1,assistant_reviewed_candidate,high,Label and negative-state relationship checked against canonical staged semantics.
csa_0243,"Lead: Shall we sample two additional operational processes?
Team: Agreed. That's the approach we will use.",proposal_acceptance_decision,decision_agreement,not_action,decision_language|deliverable_object,audit,speech_act_010_audit,train,ai_authored_speech_act_contrast_v1,assistant_reviewed_candidate,high,Label and negative-state relationship checked against canonical staged semantics.
csa_0244,"One option would be to sample two additional operational processes, although no decision was made.",unconfirmed_option,discussion_topic,not_action,hypothetical_language|deliverable_object,audit,speech_act_010_audit,train,ai_authored_speech_act_contrast_v1,assistant_reviewed_candidate,high,Label and negative-state relationship checked against canonical staged semantics.
csa_0245,The team identified that missing records could prevent completion of the audit plan.,risk,risk_dependency,not_action,risk_language|deliverable_object,audit,speech_act_010_audit,train,ai_authored_speech_act_contrast_v1,assistant_reviewed_candidate,high,Label and negative-state relationship checked against canonical staged semantics.
csa_0246,"If the dependency is not resolved, missing records could prevent completion of the audit plan. The issue remains open.",conditional_risk,risk_dependency,not_action,risk_language|deliverable_object,audit,speech_act_010_audit,train,ai_authored_speech_act_contrast_v1,assistant_reviewed_candidate,high,Label and negative-state relationship checked against canonical staged semantics.
csa_0247,"The team checked whether missing records could prevent completion of the audit plan, but evidence confirmed the exposure is closed and no monitoring is required.",closed_risk_negative,background_context,not_action,deliverable_object|completed_tense,audit,speech_act_010_audit,train,ai_authored_speech_act_contrast_v1,assistant_reviewed_candidate,medium,Label and negative-state relationship checked against canonical staged semantics.
csa_0248,The current position is that the audit work remains in progress.,informational,background_context,not_action,,audit,speech_act_010_audit,train,ai_authored_speech_act_contrast_v1,assistant_reviewed_candidate,high,Label and negative-state relationship checked against canonical staged semantics.
csa_0249,Can everyone see the audit screen? We will pause for two minutes before continuing.,administrative,low_value_noise,not_action,,audit,speech_act_010_audit,train,ai_authored_speech_act_contrast_v1,assistant_reviewed_candidate,high,Label and negative-state relationship checked against canonical staged semantics.
csa_0250,"Louis: I promise I'll bring coffee to the next audit call. This is social chat, not project work.",social_false_commitment,low_value_noise,not_action,named_owner,audit,speech_act_010_audit,train,ai_authored_speech_act_contrast_v1,assistant_reviewed_candidate,high,Label and negative-state relationship checked against canonical staged semantics.
csa_0251,Mei: I'll update the campaign launch schedule by Tuesday.,commitment,action_commitment,confirmed_action,named_owner|explicit_commitment_verb|deliverable_object|deadline_or_sequence,marketing,speech_act_011_marketing,train,ai_authored_speech_act_contrast_v1,assistant_reviewed_candidate,high,Label and negative-state relationship checked against canonical staged semantics.
csa_0252,Mei: I can update the campaign launch schedule. I'll have it done by Tuesday.,volunteer_commitment,action_commitment,confirmed_action,named_owner|explicit_commitment_verb|deliverable_object|deadline_or_sequence,marketing,speech_act_011_marketing,train,ai_authored_speech_act_contrast_v1,assistant_reviewed_candidate,high,Label and negative-state relationship checked against canonical staged semantics.
csa_0253,"Could Mei update the campaign launch schedule by Tuesday? Mei: Yes, I'll take that.",request_acceptance_thread,action_commitment,confirmed_action,named_owner|explicit_commitment_verb|deliverable_object|deadline_or_sequence,marketing,speech_act_011_marketing,train,ai_authored_speech_act_contrast_v1,assistant_reviewed_candidate,high,Label and negative-state relationship checked against canonical staged semantics.
csa_0254,"Lead: Can you update the campaign launch schedule?
Mei: Yes.
Lead: Can you finish by Tuesday?
Mei: That works.",distributed_request_acceptance,action_commitment,confirmed_action,named_owner|explicit_commitment_verb|deliverable_object|deadline_or_sequence,marketing,speech_act_011_marketing,train,ai_authored_speech_act_contrast_v1,assistant_reviewed_candidate,high,Label and negative-state relationship checked against canonical staged semantics.
csa_0255,Mei to update the campaign launch schedule; due Tuesday.,minutes_assignment,action_commitment,confirmed_action,named_owner|explicit_commitment_verb|deliverable_object|deadline_or_sequence,marketing,speech_act_011_marketing,train,ai_authored_speech_act_contrast_v1,assistant_reviewed_candidate,high,Label and negative-state relationship checked against canonical staged semantics.
csa_0256,"Actions recap: Mei, you're taking the item to update the campaign launch schedule. Mei: Correct, by Tuesday.",recap_assignment,action_commitment,confirmed_action,named_owner|explicit_commitment_verb|deliverable_object|deadline_or_sequence,marketing,speech_act_011_marketing,train,ai_authored_speech_act_contrast_v1,assistant_reviewed_candidate,high,Label and negative-state relationship checked against canonical staged semantics.
csa_0257,We need someone to update the campaign launch schedule. Mei: Leave that with me; Tuesday is fine.,contextual_volunteer,action_commitment,confirmed_action,named_owner|explicit_commitment_verb|deliverable_object|deadline_or_sequence,marketing,speech_act_011_marketing,train,ai_authored_speech_act_contrast_v1,assistant_reviewed_candidate,high,Label and negative-state relationship checked against canonical staged semantics.
csa_0258,"We need to update the campaign launch schedule, but nobody accepted ownership or timing.",ownerless_need,discussion_topic,possible_action,explicit_commitment_verb|deliverable_object,marketing,speech_act_011_marketing,train,ai_authored_speech_act_contrast_v1,assistant_reviewed_candidate,medium,Label and negative-state relationship checked against canonical staged semantics.
csa_0259,It would help to update the campaign launch schedule. The group moved on without assigning it.,unassigned_suggestion,discussion_topic,possible_action,deliverable_object,marketing,speech_act_011_marketing,train,ai_authored_speech_act_contrast_v1,assistant_reviewed_candidate,medium,Label and negative-state relationship checked against canonical staged semantics.
csa_0260,"Perhaps Mei could update the campaign launch schedule if there is time, but this was not agreed.",hypothetical,discussion_topic,not_action,named_owner|deliverable_object|hypothetical_language,marketing,speech_act_011_marketing,train,ai_authored_speech_act_contrast_v1,assistant_reviewed_candidate,high,Label and negative-state relationship checked against canonical staged semantics.
csa_0261,"Mei: I might update the campaign launch schedule, depending on capacity. Lead: Treat that as an idea, not an action.",explicitly_uncommitted,discussion_topic,not_action,named_owner|deliverable_object|hypothetical_language,marketing,speech_act_011_marketing,train,ai_authored_speech_act_contrast_v1,assistant_reviewed_candidate,high,Label and negative-state relationship checked against canonical staged semantics.
csa_0262,Mei already completed the work to update the campaign launch schedule yesterday.,completed_history,background_context,completed_history,named_owner|deliverable_object|completed_tense,marketing,speech_act_011_marketing,train,ai_authored_speech_act_contrast_v1,assistant_reviewed_candidate,high,Label and negative-state relationship checked against canonical staged semantics.
csa_0263,Lead: Mei should update the campaign launch schedule. Mei: That's already done; it closed yesterday.,completed_correction,background_context,completed_history,named_owner|deliverable_object|completed_tense,marketing,speech_act_011_marketing,train,ai_authored_speech_act_contrast_v1,assistant_reviewed_candidate,high,Label and negative-state relationship checked against canonical staged semantics.
csa_0264,Do not update the campaign launch schedule; that proposed action has been cancelled.,rejection,decision_agreement,not_action,deliverable_object|decision_language,marketing,speech_act_011_marketing,train,ai_authored_speech_act_contrast_v1,assistant_reviewed_candidate,high,Label and negative-state relationship checked against canonical staged semantics.
csa_0265,Earlier we asked Mei to update the campaign launch schedule. That assignment is withdrawn and must not remain open.,superseded_action,decision_agreement,not_action,named_owner|deliverable_object|decision_language,marketing,speech_act_011_marketing,train,ai_authored_speech_act_contrast_v1,assistant_reviewed_candidate,high,Label and negative-state relationship checked against canonical staged semantics.
csa_0266,The team agreed to move the regional campaign into September.,decision,decision_agreement,not_action,decision_language|deliverable_object,marketing,speech_act_011_marketing,train,ai_authored_speech_act_contrast_v1,assistant_reviewed_candidate,high,Label and negative-state relationship checked against canonical staged semantics.
csa_0267,"Option A was discussed, but the final position is to move the regional campaign into September.",decision_after_alternative,decision_agreement,not_action,decision_language|deliverable_object,marketing,speech_act_011_marketing,train,ai_authored_speech_act_contrast_v1,assistant_reviewed_candidate,high,Label and negative-state relationship checked against canonical staged semantics.
csa_0268,"Lead: Shall we move the regional campaign into September?
Team: Agreed. That's the approach we will use.",proposal_acceptance_decision,decision_agreement,not_action,decision_language|deliverable_object,marketing,speech_act_011_marketing,train,ai_authored_speech_act_contrast_v1,assistant_reviewed_candidate,high,Label and negative-state relationship checked against canonical staged semantics.
csa_0269,"One option would be to move the regional campaign into September, although no decision was made.",unconfirmed_option,discussion_topic,not_action,hypothetical_language|deliverable_object,marketing,speech_act_011_marketing,train,ai_authored_speech_act_contrast_v1,assistant_reviewed_candidate,high,Label and negative-state relationship checked against canonical staged semantics.
csa_0270,The team identified that creative approval may slip beyond the media booking date.,risk,risk_dependency,not_action,risk_language|deliverable_object,marketing,speech_act_011_marketing,train,ai_authored_speech_act_contrast_v1,assistant_reviewed_candidate,high,Label and negative-state relationship checked against canonical staged semantics.
csa_0271,"If the dependency is not resolved, creative approval may slip beyond the media booking date. The issue remains open.",conditional_risk,risk_dependency,not_action,risk_language|deliverable_object,marketing,speech_act_011_marketing,train,ai_authored_speech_act_contrast_v1,assistant_reviewed_candidate,high,Label and negative-state relationship checked against canonical staged semantics.
csa_0272,"The team checked whether creative approval may slip beyond the media booking date, but evidence confirmed the exposure is closed and no monitoring is required.",closed_risk_negative,background_context,not_action,deliverable_object|completed_tense,marketing,speech_act_011_marketing,train,ai_authored_speech_act_contrast_v1,assistant_reviewed_candidate,medium,Label and negative-state relationship checked against canonical staged semantics.
csa_0273,The current position is that the marketing work remains in progress.,informational,background_context,not_action,,marketing,speech_act_011_marketing,train,ai_authored_speech_act_contrast_v1,assistant_reviewed_candidate,high,Label and negative-state relationship checked against canonical staged semantics.
csa_0274,Can everyone see the marketing screen? We will pause for two minutes before continuing.,administrative,low_value_noise,not_action,,marketing,speech_act_011_marketing,train,ai_authored_speech_act_contrast_v1,assistant_reviewed_candidate,high,Label and negative-state relationship checked against canonical staged semantics.
csa_0275,"Mei: I promise I'll bring coffee to the next marketing call. This is social chat, not project work.",social_false_commitment,low_value_noise,not_action,named_owner,marketing,speech_act_011_marketing,train,ai_authored_speech_act_contrast_v1,assistant_reviewed_candidate,high,Label and negative-state relationship checked against canonical staged semantics.
csa_0276,Declan: I'll update the weekend duty rota by this afternoon.,commitment,action_commitment,confirmed_action,named_owner|explicit_commitment_verb|deliverable_object|deadline_or_sequence,operations,speech_act_012_operations,test,ai_authored_speech_act_contrast_v1,assistant_reviewed_candidate,high,Label and negative-state relationship checked against canonical staged semantics.
csa_0277,Declan: I can update the weekend duty rota. I'll have it done by this afternoon.,volunteer_commitment,action_commitment,confirmed_action,named_owner|explicit_commitment_verb|deliverable_object|deadline_or_sequence,operations,speech_act_012_operations,test,ai_authored_speech_act_contrast_v1,assistant_reviewed_candidate,high,Label and negative-state relationship checked against canonical staged semantics.
csa_0278,"Could Declan update the weekend duty rota by this afternoon? Declan: Yes, I'll take that.",request_acceptance_thread,action_commitment,confirmed_action,named_owner|explicit_commitment_verb|deliverable_object|deadline_or_sequence,operations,speech_act_012_operations,test,ai_authored_speech_act_contrast_v1,assistant_reviewed_candidate,high,Label and negative-state relationship checked against canonical staged semantics.
csa_0279,"Lead: Can you update the weekend duty rota?
Declan: Yes.
Lead: Can you finish by this afternoon?
Declan: That works.",distributed_request_acceptance,action_commitment,confirmed_action,named_owner|explicit_commitment_verb|deliverable_object|deadline_or_sequence,operations,speech_act_012_operations,test,ai_authored_speech_act_contrast_v1,assistant_reviewed_candidate,high,Label and negative-state relationship checked against canonical staged semantics.
csa_0280,Declan to update the weekend duty rota; due this afternoon.,minutes_assignment,action_commitment,confirmed_action,named_owner|explicit_commitment_verb|deliverable_object|deadline_or_sequence,operations,speech_act_012_operations,test,ai_authored_speech_act_contrast_v1,assistant_reviewed_candidate,high,Label and negative-state relationship checked against canonical staged semantics.
csa_0281,"Actions recap: Declan, you're taking the item to update the weekend duty rota. Declan: Correct, by this afternoon.",recap_assignment,action_commitment,confirmed_action,named_owner|explicit_commitment_verb|deliverable_object|deadline_or_sequence,operations,speech_act_012_operations,test,ai_authored_speech_act_contrast_v1,assistant_reviewed_candidate,high,Label and negative-state relationship checked against canonical staged semantics.
csa_0282,We need someone to update the weekend duty rota. Declan: Leave that with me; this afternoon is fine.,contextual_volunteer,action_commitment,confirmed_action,named_owner|explicit_commitment_verb|deliverable_object|deadline_or_sequence,operations,speech_act_012_operations,test,ai_authored_speech_act_contrast_v1,assistant_reviewed_candidate,high,Label and negative-state relationship checked against canonical staged semantics.
csa_0283,"We need to update the weekend duty rota, but nobody accepted ownership or timing.",ownerless_need,discussion_topic,possible_action,explicit_commitment_verb|deliverable_object,operations,speech_act_012_operations,test,ai_authored_speech_act_contrast_v1,assistant_reviewed_candidate,medium,Label and negative-state relationship checked against canonical staged semantics.
csa_0284,It would help to update the weekend duty rota. The group moved on without assigning it.,unassigned_suggestion,discussion_topic,possible_action,deliverable_object,operations,speech_act_012_operations,test,ai_authored_speech_act_contrast_v1,assistant_reviewed_candidate,medium,Label and negative-state relationship checked against canonical staged semantics.
csa_0285,"Perhaps Declan could update the weekend duty rota if there is time, but this was not agreed.",hypothetical,discussion_topic,not_action,named_owner|deliverable_object|hypothetical_language,operations,speech_act_012_operations,test,ai_authored_speech_act_contrast_v1,assistant_reviewed_candidate,high,Label and negative-state relationship checked against canonical staged semantics.
csa_0286,"Declan: I might update the weekend duty rota, depending on capacity. Lead: Treat that as an idea, not an action.",explicitly_uncommitted,discussion_topic,not_action,named_owner|deliverable_object|hypothetical_language,operations,speech_act_012_operations,test,ai_authored_speech_act_contrast_v1,assistant_reviewed_candidate,high,Label and negative-state relationship checked against canonical staged semantics.
csa_0287,Declan already completed the work to update the weekend duty rota yesterday.,completed_history,background_context,completed_history,named_owner|deliverable_object|completed_tense,operations,speech_act_012_operations,test,ai_authored_speech_act_contrast_v1,assistant_reviewed_candidate,high,Label and negative-state relationship checked against canonical staged semantics.
csa_0288,Lead: Declan should update the weekend duty rota. Declan: That's already done; it closed yesterday.,completed_correction,background_context,completed_history,named_owner|deliverable_object|completed_tense,operations,speech_act_012_operations,test,ai_authored_speech_act_contrast_v1,assistant_reviewed_candidate,high,Label and negative-state relationship checked against canonical staged semantics.
csa_0289,Do not update the weekend duty rota; that proposed action has been cancelled.,rejection,decision_agreement,not_action,deliverable_object|decision_language,operations,speech_act_012_operations,test,ai_authored_speech_act_contrast_v1,assistant_reviewed_candidate,high,Label and negative-state relationship checked against canonical staged semantics.
csa_0290,Earlier we asked Declan to update the weekend duty rota. That assignment is withdrawn and must not remain open.,superseded_action,decision_agreement,not_action,named_owner|deliverable_object|decision_language,operations,speech_act_012_operations,test,ai_authored_speech_act_contrast_v1,assistant_reviewed_candidate,high,Label and negative-state relationship checked against canonical staged semantics.
csa_0291,The team agreed to keep weekend support within the internal team.,decision,decision_agreement,not_action,decision_language|deliverable_object,operations,speech_act_012_operations,test,ai_authored_speech_act_contrast_v1,assistant_reviewed_candidate,high,Label and negative-state relationship checked against canonical staged semantics.
csa_0292,"Option A was discussed, but the final position is to keep weekend support within the internal team.",decision_after_alternative,decision_agreement,not_action,decision_language|deliverable_object,operations,speech_act_012_operations,test,ai_authored_speech_act_contrast_v1,assistant_reviewed_candidate,high,Label and negative-state relationship checked against canonical staged semantics.
csa_0293,"Lead: Shall we keep weekend support within the internal team?
Team: Agreed. That's the approach we will use.",proposal_acceptance_decision,decision_agreement,not_action,decision_language|deliverable_object,operations,speech_act_012_operations,test,ai_authored_speech_act_contrast_v1,assistant_reviewed_candidate,high,Label and negative-state relationship checked against canonical staged semantics.
csa_0294,"One option would be to keep weekend support within the internal team, although no decision was made.",unconfirmed_option,discussion_topic,not_action,hypothetical_language|deliverable_object,operations,speech_act_012_operations,test,ai_authored_speech_act_contrast_v1,assistant_reviewed_candidate,high,Label and negative-state relationship checked against canonical staged semantics.
csa_0295,The team identified that insufficient weekend cover could delay incident response.,risk,risk_dependency,not_action,risk_language|deliverable_object,operations,speech_act_012_operations,test,ai_authored_speech_act_contrast_v1,assistant_reviewed_candidate,high,Label and negative-state relationship checked against canonical staged semantics.
csa_0296,"If the dependency is not resolved, insufficient weekend cover could delay incident response. The issue remains open.",conditional_risk,risk_dependency,not_action,risk_language|deliverable_object,operations,speech_act_012_operations,test,ai_authored_speech_act_contrast_v1,assistant_reviewed_candidate,high,Label and negative-state relationship checked against canonical staged semantics.
csa_0297,"The team checked whether insufficient weekend cover could delay incident response, but evidence confirmed the exposure is closed and no monitoring is required.",closed_risk_negative,background_context,not_action,deliverable_object|completed_tense,operations,speech_act_012_operations,test,ai_authored_speech_act_contrast_v1,assistant_reviewed_candidate,medium,Label and negative-state relationship checked against canonical staged semantics.
csa_0298,The current position is that the operations work remains in progress.,informational,background_context,not_action,,operations,speech_act_012_operations,test,ai_authored_speech_act_contrast_v1,assistant_reviewed_candidate,high,Label and negative-state relationship checked against canonical staged semantics.
csa_0299,Can everyone see the operations screen? We will pause for two minutes before continuing.,administrative,low_value_noise,not_action,,operations,speech_act_012_operations,test,ai_authored_speech_act_contrast_v1,assistant_reviewed_candidate,high,Label and negative-state relationship checked against canonical staged semantics.
csa_0300,"Declan: I promise I'll bring coffee to the next operations call. This is social chat, not project work.",social_false_commitment,low_value_noise,not_action,named_owner,operations,speech_act_012_operations,test,ai_authored_speech_act_contrast_v1,assistant_reviewed_candidate,high,Label and negative-state relationship checked against canonical staged semantics.
csa_0301,Nora: I'll rewrite the account-permissions guide by Friday.,commitment,action_commitment,confirmed_action,named_owner|explicit_commitment_verb|deliverable_object|deadline_or_sequence,documentation,speech_act_013_documentation,train,ai_authored_speech_act_contrast_v1,assistant_reviewed_candidate,high,Label and negative-state relationship checked against canonical staged semantics.
csa_0302,Nora: I can rewrite the account-permissions guide. I'll have it done by Friday.,volunteer_commitment,action_commitment,confirmed_action,named_owner|explicit_commitment_verb|deliverable_object|deadline_or_sequence,documentation,speech_act_013_documentation,train,ai_authored_speech_act_contrast_v1,assistant_reviewed_candidate,high,Label and negative-state relationship checked against canonical staged semantics.
csa_0303,"Could Nora rewrite the account-permissions guide by Friday? Nora: Yes, I'll take that.",request_acceptance_thread,action_commitment,confirmed_action,named_owner|explicit_commitment_verb|deliverable_object|deadline_or_sequence,documentation,speech_act_013_documentation,train,ai_authored_speech_act_contrast_v1,assistant_reviewed_candidate,high,Label and negative-state relationship checked against canonical staged semantics.
csa_0304,"Lead: Can you rewrite the account-permissions guide?
Nora: Yes.
Lead: Can you finish by Friday?
Nora: That works.",distributed_request_acceptance,action_commitment,confirmed_action,named_owner|explicit_commitment_verb|deliverable_object|deadline_or_sequence,documentation,speech_act_013_documentation,train,ai_authored_speech_act_contrast_v1,assistant_reviewed_candidate,high,Label and negative-state relationship checked against canonical staged semantics.
csa_0305,Nora to rewrite the account-permissions guide; due Friday.,minutes_assignment,action_commitment,confirmed_action,named_owner|explicit_commitment_verb|deliverable_object|deadline_or_sequence,documentation,speech_act_013_documentation,train,ai_authored_speech_act_contrast_v1,assistant_reviewed_candidate,high,Label and negative-state relationship checked against canonical staged semantics.
csa_0306,"Actions recap: Nora, you're taking the item to rewrite the account-permissions guide. Nora: Correct, by Friday.",recap_assignment,action_commitment,confirmed_action,named_owner|explicit_commitment_verb|deliverable_object|deadline_or_sequence,documentation,speech_act_013_documentation,train,ai_authored_speech_act_contrast_v1,assistant_reviewed_candidate,high,Label and negative-state relationship checked against canonical staged semantics.
csa_0307,We need someone to rewrite the account-permissions guide. Nora: Leave that with me; Friday is fine.,contextual_volunteer,action_commitment,confirmed_action,named_owner|explicit_commitment_verb|deliverable_object|deadline_or_sequence,documentation,speech_act_013_documentation,train,ai_authored_speech_act_contrast_v1,assistant_reviewed_candidate,high,Label and negative-state relationship checked against canonical staged semantics.
csa_0308,"We need to rewrite the account-permissions guide, but nobody accepted ownership or timing.",ownerless_need,discussion_topic,possible_action,explicit_commitment_verb|deliverable_object,documentation,speech_act_013_documentation,train,ai_authored_speech_act_contrast_v1,assistant_reviewed_candidate,medium,Label and negative-state relationship checked against canonical staged semantics.
csa_0309,It would help to rewrite the account-permissions guide. The group moved on without assigning it.,unassigned_suggestion,discussion_topic,possible_action,deliverable_object,documentation,speech_act_013_documentation,train,ai_authored_speech_act_contrast_v1,assistant_reviewed_candidate,medium,Label and negative-state relationship checked against canonical staged semantics.
csa_0310,"Perhaps Nora could rewrite the account-permissions guide if there is time, but this was not agreed.",hypothetical,discussion_topic,not_action,named_owner|deliverable_object|hypothetical_language,documentation,speech_act_013_documentation,train,ai_authored_speech_act_contrast_v1,assistant_reviewed_candidate,high,Label and negative-state relationship checked against canonical staged semantics.
csa_0311,"Nora: I might rewrite the account-permissions guide, depending on capacity. Lead: Treat that as an idea, not an action.",explicitly_uncommitted,discussion_topic,not_action,named_owner|deliverable_object|hypothetical_language,documentation,speech_act_013_documentation,train,ai_authored_speech_act_contrast_v1,assistant_reviewed_candidate,high,Label and negative-state relationship checked against canonical staged semantics.
csa_0312,Nora already completed the work to rewrite the account-permissions guide yesterday.,completed_history,background_context,completed_history,named_owner|deliverable_object|completed_tense,documentation,speech_act_013_documentation,train,ai_authored_speech_act_contrast_v1,assistant_reviewed_candidate,high,Label and negative-state relationship checked against canonical staged semantics.
csa_0313,Lead: Nora should rewrite the account-permissions guide. Nora: That's already done; it closed yesterday.,completed_correction,background_context,completed_history,named_owner|deliverable_object|completed_tense,documentation,speech_act_013_documentation,train,ai_authored_speech_act_contrast_v1,assistant_reviewed_candidate,high,Label and negative-state relationship checked against canonical staged semantics.
csa_0314,Do not rewrite the account-permissions guide; that proposed action has been cancelled.,rejection,decision_agreement,not_action,deliverable_object|decision_language,documentation,speech_act_013_documentation,train,ai_authored_speech_act_contrast_v1,assistant_reviewed_candidate,high,Label and negative-state relationship checked against canonical staged semantics.
csa_0315,Earlier we asked Nora to rewrite the account-permissions guide. That assignment is withdrawn and must not remain open.,superseded_action,decision_agreement,not_action,named_owner|deliverable_object|decision_language,documentation,speech_act_013_documentation,train,ai_authored_speech_act_contrast_v1,assistant_reviewed_candidate,high,Label and negative-state relationship checked against canonical staged semantics.
csa_0316,The team agreed to publish one combined onboarding guide.,decision,decision_agreement,not_action,decision_language|deliverable_object,documentation,speech_act_013_documentation,train,ai_authored_speech_act_contrast_v1,assistant_reviewed_candidate,high,Label and negative-state relationship checked against canonical staged semantics.
csa_0317,"Option A was discussed, but the final position is to publish one combined onboarding guide.",decision_after_alternative,decision_agreement,not_action,decision_language|deliverable_object,documentation,speech_act_013_documentation,train,ai_authored_speech_act_contrast_v1,assistant_reviewed_candidate,high,Label and negative-state relationship checked against canonical staged semantics.
csa_0318,"Lead: Shall we publish one combined onboarding guide?
Team: Agreed. That's the approach we will use.",proposal_acceptance_decision,decision_agreement,not_action,decision_language|deliverable_object,documentation,speech_act_013_documentation,train,ai_authored_speech_act_contrast_v1,assistant_reviewed_candidate,high,Label and negative-state relationship checked against canonical staged semantics.
csa_0319,"One option would be to publish one combined onboarding guide, although no decision was made.",unconfirmed_option,discussion_topic,not_action,hypothetical_language|deliverable_object,documentation,speech_act_013_documentation,train,ai_authored_speech_act_contrast_v1,assistant_reviewed_candidate,high,Label and negative-state relationship checked against canonical staged semantics.
csa_0320,The team identified that ambiguous permissions guidance is increasing support demand.,risk,risk_dependency,not_action,risk_language|deliverable_object,documentation,speech_act_013_documentation,train,ai_authored_speech_act_contrast_v1,assistant_reviewed_candidate,high,Label and negative-state relationship checked against canonical staged semantics.
csa_0321,"If the dependency is not resolved, ambiguous permissions guidance is increasing support demand. The issue remains open.",conditional_risk,risk_dependency,not_action,risk_language|deliverable_object,documentation,speech_act_013_documentation,train,ai_authored_speech_act_contrast_v1,assistant_reviewed_candidate,high,Label and negative-state relationship checked against canonical staged semantics.
csa_0322,"The team checked whether ambiguous permissions guidance is increasing support demand, but evidence confirmed the exposure is closed and no monitoring is required.",closed_risk_negative,background_context,not_action,deliverable_object|completed_tense,documentation,speech_act_013_documentation,train,ai_authored_speech_act_contrast_v1,assistant_reviewed_candidate,medium,Label and negative-state relationship checked against canonical staged semantics.
csa_0323,The current position is that the documentation work remains in progress.,informational,background_context,not_action,,documentation,speech_act_013_documentation,train,ai_authored_speech_act_contrast_v1,assistant_reviewed_candidate,high,Label and negative-state relationship checked against canonical staged semantics.
csa_0324,Can everyone see the documentation screen? We will pause for two minutes before continuing.,administrative,low_value_noise,not_action,,documentation,speech_act_013_documentation,train,ai_authored_speech_act_contrast_v1,assistant_reviewed_candidate,high,Label and negative-state relationship checked against canonical staged semantics.
csa_0325,"Nora: I promise I'll bring coffee to the next documentation call. This is social chat, not project work.",social_false_commitment,low_value_noise,not_action,named_owner,documentation,speech_act_013_documentation,train,ai_authored_speech_act_contrast_v1,assistant_reviewed_candidate,high,Label and negative-state relationship checked against canonical staged semantics.
csa_0326,Omar: I'll refresh the quarterly sales forecast by Tuesday morning.,commitment,action_commitment,confirmed_action,named_owner|explicit_commitment_verb|deliverable_object|deadline_or_sequence,analytics,speech_act_014_analytics,train,ai_authored_speech_act_contrast_v1,assistant_reviewed_candidate,high,Label and negative-state relationship checked against canonical staged semantics.
csa_0327,Omar: I can refresh the quarterly sales forecast. I'll have it done by Tuesday morning.,volunteer_commitment,action_commitment,confirmed_action,named_owner|explicit_commitment_verb|deliverable_object|deadline_or_sequence,analytics,speech_act_014_analytics,train,ai_authored_speech_act_contrast_v1,assistant_reviewed_candidate,high,Label and negative-state relationship checked against canonical staged semantics.
csa_0328,"Could Omar refresh the quarterly sales forecast by Tuesday morning? Omar: Yes, I'll take that.",request_acceptance_thread,action_commitment,confirmed_action,named_owner|explicit_commitment_verb|deliverable_object|deadline_or_sequence,analytics,speech_act_014_analytics,train,ai_authored_speech_act_contrast_v1,assistant_reviewed_candidate,high,Label and negative-state relationship checked against canonical staged semantics.
csa_0329,"Lead: Can you refresh the quarterly sales forecast?
Omar: Yes.
Lead: Can you finish by Tuesday morning?
Omar: That works.",distributed_request_acceptance,action_commitment,confirmed_action,named_owner|explicit_commitment_verb|deliverable_object|deadline_or_sequence,analytics,speech_act_014_analytics,train,ai_authored_speech_act_contrast_v1,assistant_reviewed_candidate,high,Label and negative-state relationship checked against canonical staged semantics.
csa_0330,Omar to refresh the quarterly sales forecast; due Tuesday morning.,minutes_assignment,action_commitment,confirmed_action,named_owner|explicit_commitment_verb|deliverable_object|deadline_or_sequence,analytics,speech_act_014_analytics,train,ai_authored_speech_act_contrast_v1,assistant_reviewed_candidate,high,Label and negative-state relationship checked against canonical staged semantics.
csa_0331,"Actions recap: Omar, you're taking the item to refresh the quarterly sales forecast. Omar: Correct, by Tuesday morning.",recap_assignment,action_commitment,confirmed_action,named_owner|explicit_commitment_verb|deliverable_object|deadline_or_sequence,analytics,speech_act_014_analytics,train,ai_authored_speech_act_contrast_v1,assistant_reviewed_candidate,high,Label and negative-state relationship checked against canonical staged semantics.
csa_0332,We need someone to refresh the quarterly sales forecast. Omar: Leave that with me; Tuesday morning is fine.,contextual_volunteer,action_commitment,confirmed_action,named_owner|explicit_commitment_verb|deliverable_object|deadline_or_sequence,analytics,speech_act_014_analytics,train,ai_authored_speech_act_contrast_v1,assistant_reviewed_candidate,high,Label and negative-state relationship checked against canonical staged semantics.
csa_0333,"We need to refresh the quarterly sales forecast, but nobody accepted ownership or timing.",ownerless_need,discussion_topic,possible_action,explicit_commitment_verb|deliverable_object,analytics,speech_act_014_analytics,train,ai_authored_speech_act_contrast_v1,assistant_reviewed_candidate,medium,Label and negative-state relationship checked against canonical staged semantics.
csa_0334,It would help to refresh the quarterly sales forecast. The group moved on without assigning it.,unassigned_suggestion,discussion_topic,possible_action,deliverable_object,analytics,speech_act_014_analytics,train,ai_authored_speech_act_contrast_v1,assistant_reviewed_candidate,medium,Label and negative-state relationship checked against canonical staged semantics.
csa_0335,"Perhaps Omar could refresh the quarterly sales forecast if there is time, but this was not agreed.",hypothetical,discussion_topic,not_action,named_owner|deliverable_object|hypothetical_language,analytics,speech_act_014_analytics,train,ai_authored_speech_act_contrast_v1,assistant_reviewed_candidate,high,Label and negative-state relationship checked against canonical staged semantics.
csa_0336,"Omar: I might refresh the quarterly sales forecast, depending on capacity. Lead: Treat that as an idea, not an action.",explicitly_uncommitted,discussion_topic,not_action,named_owner|deliverable_object|hypothetical_language,analytics,speech_act_014_analytics,train,ai_authored_speech_act_contrast_v1,assistant_reviewed_candidate,high,Label and negative-state relationship checked against canonical staged semantics.
csa_0337,Omar already completed the work to refresh the quarterly sales forecast yesterday.,completed_history,background_context,completed_history,named_owner|deliverable_object|completed_tense,analytics,speech_act_014_analytics,train,ai_authored_speech_act_contrast_v1,assistant_reviewed_candidate,high,Label and negative-state relationship checked against canonical staged semantics.
csa_0338,Lead: Omar should refresh the quarterly sales forecast. Omar: That's already done; it closed yesterday.,completed_correction,background_context,completed_history,named_owner|deliverable_object|completed_tense,analytics,speech_act_014_analytics,train,ai_authored_speech_act_contrast_v1,assistant_reviewed_candidate,high,Label and negative-state relationship checked against canonical staged semantics.
csa_0339,Do not refresh the quarterly sales forecast; that proposed action has been cancelled.,rejection,decision_agreement,not_action,deliverable_object|decision_language,analytics,speech_act_014_analytics,train,ai_authored_speech_act_contrast_v1,assistant_reviewed_candidate,high,Label and negative-state relationship checked against canonical staged semantics.
csa_0340,Earlier we asked Omar to refresh the quarterly sales forecast. That assignment is withdrawn and must not remain open.,superseded_action,decision_agreement,not_action,named_owner|deliverable_object|decision_language,analytics,speech_act_014_analytics,train,ai_authored_speech_act_contrast_v1,assistant_reviewed_candidate,high,Label and negative-state relationship checked against canonical staged semantics.
csa_0341,The team agreed to focus pipeline reviews on logistics and healthcare.,decision,decision_agreement,not_action,decision_language|deliverable_object,analytics,speech_act_014_analytics,train,ai_authored_speech_act_contrast_v1,assistant_reviewed_candidate,high,Label and negative-state relationship checked against canonical staged semantics.
csa_0342,"Option A was discussed, but the final position is to focus pipeline reviews on logistics and healthcare.",decision_after_alternative,decision_agreement,not_action,decision_language|deliverable_object,analytics,speech_act_014_analytics,train,ai_authored_speech_act_contrast_v1,assistant_reviewed_candidate,high,Label and negative-state relationship checked against canonical staged semantics.
csa_0343,"Lead: Shall we focus pipeline reviews on logistics and healthcare?
Team: Agreed. That's the approach we will use.",proposal_acceptance_decision,decision_agreement,not_action,decision_language|deliverable_object,analytics,speech_act_014_analytics,train,ai_authored_speech_act_contrast_v1,assistant_reviewed_candidate,high,Label and negative-state relationship checked against canonical staged semantics.
csa_0344,"One option would be to focus pipeline reviews on logistics and healthcare, although no decision was made.",unconfirmed_option,discussion_topic,not_action,hypothetical_language|deliverable_object,analytics,speech_act_014_analytics,train,ai_authored_speech_act_contrast_v1,assistant_reviewed_candidate,high,Label and negative-state relationship checked against canonical staged semantics.
csa_0345,The team identified that two unqualified opportunities may distort the forecast.,risk,risk_dependency,not_action,risk_language|deliverable_object,analytics,speech_act_014_analytics,train,ai_authored_speech_act_contrast_v1,assistant_reviewed_candidate,high,Label and negative-state relationship checked against canonical staged semantics.
csa_0346,"If the dependency is not resolved, two unqualified opportunities may distort the forecast. The issue remains open.",conditional_risk,risk_dependency,not_action,risk_language|deliverable_object,analytics,speech_act_014_analytics,train,ai_authored_speech_act_contrast_v1,assistant_reviewed_candidate,high,Label and negative-state relationship checked against canonical staged semantics.
csa_0347,"The team checked whether two unqualified opportunities may distort the forecast, but evidence confirmed the exposure is closed and no monitoring is required.",closed_risk_negative,background_context,not_action,deliverable_object|completed_tense,analytics,speech_act_014_analytics,train,ai_authored_speech_act_contrast_v1,assistant_reviewed_candidate,medium,Label and negative-state relationship checked against canonical staged semantics.
csa_0348,The current position is that the analytics work remains in progress.,informational,background_context,not_action,,analytics,speech_act_014_analytics,train,ai_authored_speech_act_contrast_v1,assistant_reviewed_candidate,high,Label and negative-state relationship checked against canonical staged semantics.
csa_0349,Can everyone see the analytics screen? We will pause for two minutes before continuing.,administrative,low_value_noise,not_action,,analytics,speech_act_014_analytics,train,ai_authored_speech_act_contrast_v1,assistant_reviewed_candidate,high,Label and negative-state relationship checked against canonical staged semantics.
csa_0350,"Omar: I promise I'll bring coffee to the next analytics call. This is social chat, not project work.",social_false_commitment,low_value_noise,not_action,named_owner,analytics,speech_act_014_analytics,train,ai_authored_speech_act_contrast_v1,assistant_reviewed_candidate,high,Label and negative-state relationship checked against canonical staged semantics.
csa_0351,Priya: I'll upload the signed corrective-action response by close tomorrow.,commitment,action_commitment,confirmed_action,named_owner|explicit_commitment_verb|deliverable_object|deadline_or_sequence,quality,speech_act_015_quality,train,ai_authored_speech_act_contrast_v1,assistant_reviewed_candidate,high,Label and negative-state relationship checked against canonical staged semantics.
csa_0352,Priya: I can upload the signed corrective-action response. I'll have it done by close tomorrow.,volunteer_commitment,action_commitment,confirmed_action,named_owner|explicit_commitment_verb|deliverable_object|deadline_or_sequence,quality,speech_act_015_quality,train,ai_authored_speech_act_contrast_v1,assistant_reviewed_candidate,high,Label and negative-state relationship checked against canonical staged semantics.
csa_0353,"Could Priya upload the signed corrective-action response by close tomorrow? Priya: Yes, I'll take that.",request_acceptance_thread,action_commitment,confirmed_action,named_owner|explicit_commitment_verb|deliverable_object|deadline_or_sequence,quality,speech_act_015_quality,train,ai_authored_speech_act_contrast_v1,assistant_reviewed_candidate,high,Label and negative-state relationship checked against canonical staged semantics.
csa_0354,"Lead: Can you upload the signed corrective-action response?
Priya: Yes.
Lead: Can you finish by close tomorrow?
Priya: That works.",distributed_request_acceptance,action_commitment,confirmed_action,named_owner|explicit_commitment_verb|deliverable_object|deadline_or_sequence,quality,speech_act_015_quality,train,ai_authored_speech_act_contrast_v1,assistant_reviewed_candidate,high,Label and negative-state relationship checked against canonical staged semantics.
csa_0355,Priya to upload the signed corrective-action response; due close tomorrow.,minutes_assignment,action_commitment,confirmed_action,named_owner|explicit_commitment_verb|deliverable_object|deadline_or_sequence,quality,speech_act_015_quality,train,ai_authored_speech_act_contrast_v1,assistant_reviewed_candidate,high,Label and negative-state relationship checked against canonical staged semantics.
csa_0356,"Actions recap: Priya, you're taking the item to upload the signed corrective-action response. Priya: Correct, by close tomorrow.",recap_assignment,action_commitment,confirmed_action,named_owner|explicit_commitment_verb|deliverable_object|deadline_or_sequence,quality,speech_act_015_quality,train,ai_authored_speech_act_contrast_v1,assistant_reviewed_candidate,high,Label and negative-state relationship checked against canonical staged semantics.
csa_0357,We need someone to upload the signed corrective-action response. Priya: Leave that with me; close tomorrow is fine.,contextual_volunteer,action_commitment,confirmed_action,named_owner|explicit_commitment_verb|deliverable_object|deadline_or_sequence,quality,speech_act_015_quality,train,ai_authored_speech_act_contrast_v1,assistant_reviewed_candidate,high,Label and negative-state relationship checked against canonical staged semantics.
csa_0358,"We need to upload the signed corrective-action response, but nobody accepted ownership or timing.",ownerless_need,discussion_topic,possible_action,explicit_commitment_verb|deliverable_object,quality,speech_act_015_quality,train,ai_authored_speech_act_contrast_v1,assistant_reviewed_candidate,medium,Label and negative-state relationship checked against canonical staged semantics.
csa_0359,It would help to upload the signed corrective-action response. The group moved on without assigning it.,unassigned_suggestion,discussion_topic,possible_action,deliverable_object,quality,speech_act_015_quality,train,ai_authored_speech_act_contrast_v1,assistant_reviewed_candidate,medium,Label and negative-state relationship checked against canonical staged semantics.
csa_0360,"Perhaps Priya could upload the signed corrective-action response if there is time, but this was not agreed.",hypothetical,discussion_topic,not_action,named_owner|deliverable_object|hypothetical_language,quality,speech_act_015_quality,train,ai_authored_speech_act_contrast_v1,assistant_reviewed_candidate,high,Label and negative-state relationship checked against canonical staged semantics.
csa_0361,"Priya: I might upload the signed corrective-action response, depending on capacity. Lead: Treat that as an idea, not an action.",explicitly_uncommitted,discussion_topic,not_action,named_owner|deliverable_object|hypothetical_language,quality,speech_act_015_quality,train,ai_authored_speech_act_contrast_v1,assistant_reviewed_candidate,high,Label and negative-state relationship checked against canonical staged semantics.
csa_0362,Priya already completed the work to upload the signed corrective-action response yesterday.,completed_history,background_context,completed_history,named_owner|deliverable_object|completed_tense,quality,speech_act_015_quality,train,ai_authored_speech_act_contrast_v1,assistant_reviewed_candidate,high,Label and negative-state relationship checked against canonical staged semantics.
csa_0363,Lead: Priya should upload the signed corrective-action response. Priya: That's already done; it closed yesterday.,completed_correction,background_context,completed_history,named_owner|deliverable_object|completed_tense,quality,speech_act_015_quality,train,ai_authored_speech_act_contrast_v1,assistant_reviewed_candidate,high,Label and negative-state relationship checked against canonical staged semantics.
csa_0364,Do not upload the signed corrective-action response; that proposed action has been cancelled.,rejection,decision_agreement,not_action,deliverable_object|decision_language,quality,speech_act_015_quality,train,ai_authored_speech_act_contrast_v1,assistant_reviewed_candidate,high,Label and negative-state relationship checked against canonical staged semantics.
csa_0365,Earlier we asked Priya to upload the signed corrective-action response. That assignment is withdrawn and must not remain open.,superseded_action,decision_agreement,not_action,named_owner|deliverable_object|decision_language,quality,speech_act_015_quality,train,ai_authored_speech_act_contrast_v1,assistant_reviewed_candidate,high,Label and negative-state relationship checked against canonical staged semantics.
csa_0366,The team agreed to retain the supplier on the approved list.,decision,decision_agreement,not_action,decision_language|deliverable_object,quality,speech_act_015_quality,train,ai_authored_speech_act_contrast_v1,assistant_reviewed_candidate,high,Label and negative-state relationship checked against canonical staged semantics.
csa_0367,"Option A was discussed, but the final position is to retain the supplier on the approved list.",decision_after_alternative,decision_agreement,not_action,decision_language|deliverable_object,quality,speech_act_015_quality,train,ai_authored_speech_act_contrast_v1,assistant_reviewed_candidate,high,Label and negative-state relationship checked against canonical staged semantics.
csa_0368,"Lead: Shall we retain the supplier on the approved list?
Team: Agreed. That's the approach we will use.",proposal_acceptance_decision,decision_agreement,not_action,decision_language|deliverable_object,quality,speech_act_015_quality,train,ai_authored_speech_act_contrast_v1,assistant_reviewed_candidate,high,Label and negative-state relationship checked against canonical staged semantics.
csa_0369,"One option would be to retain the supplier on the approved list, although no decision was made.",unconfirmed_option,discussion_topic,not_action,hypothetical_language|deliverable_object,quality,speech_act_015_quality,train,ai_authored_speech_act_contrast_v1,assistant_reviewed_candidate,high,Label and negative-state relationship checked against canonical staged semantics.
csa_0370,The team identified that an overdue corrective action could affect supplier approval.,risk,risk_dependency,not_action,risk_language|deliverable_object,quality,speech_act_015_quality,train,ai_authored_speech_act_contrast_v1,assistant_reviewed_candidate,high,Label and negative-state relationship checked against canonical staged semantics.
csa_0371,"If the dependency is not resolved, an overdue corrective action could affect supplier approval. The issue remains open.",conditional_risk,risk_dependency,not_action,risk_language|deliverable_object,quality,speech_act_015_quality,train,ai_authored_speech_act_contrast_v1,assistant_reviewed_candidate,high,Label and negative-state relationship checked against canonical staged semantics.
csa_0372,"The team checked whether an overdue corrective action could affect supplier approval, but evidence confirmed the exposure is closed and no monitoring is required.",closed_risk_negative,background_context,not_action,deliverable_object|completed_tense,quality,speech_act_015_quality,train,ai_authored_speech_act_contrast_v1,assistant_reviewed_candidate,medium,Label and negative-state relationship checked against canonical staged semantics.
csa_0373,The current position is that the quality work remains in progress.,informational,background_context,not_action,,quality,speech_act_015_quality,train,ai_authored_speech_act_contrast_v1,assistant_reviewed_candidate,high,Label and negative-state relationship checked against canonical staged semantics.
csa_0374,Can everyone see the quality screen? We will pause for two minutes before continuing.,administrative,low_value_noise,not_action,,quality,speech_act_015_quality,train,ai_authored_speech_act_contrast_v1,assistant_reviewed_candidate,high,Label and negative-state relationship checked against canonical staged semantics.
csa_0375,"Priya: I promise I'll bring coffee to the next quality call. This is social chat, not project work.",social_false_commitment,low_value_noise,not_action,named_owner,quality,speech_act_015_quality,train,ai_authored_speech_act_contrast_v1,assistant_reviewed_candidate,high,Label and negative-state relationship checked against canonical staged semantics.
csa_0376,David: I'll reschedule the programme check-in by today.,commitment,action_commitment,confirmed_action,named_owner|explicit_commitment_verb|deliverable_object|deadline_or_sequence,planning,speech_act_016_planning,validation,ai_authored_speech_act_contrast_v1,assistant_reviewed_candidate,high,Label and negative-state relationship checked against canonical staged semantics.
csa_0377,David: I can reschedule the programme check-in. I'll have it done by today.,volunteer_commitment,action_commitment,confirmed_action,named_owner|explicit_commitment_verb|deliverable_object|deadline_or_sequence,planning,speech_act_016_planning,validation,ai_authored_speech_act_contrast_v1,assistant_reviewed_candidate,high,Label and negative-state relationship checked against canonical staged semantics.
csa_0378,"Could David reschedule the programme check-in by today? David: Yes, I'll take that.",request_acceptance_thread,action_commitment,confirmed_action,named_owner|explicit_commitment_verb|deliverable_object|deadline_or_sequence,planning,speech_act_016_planning,validation,ai_authored_speech_act_contrast_v1,assistant_reviewed_candidate,high,Label and negative-state relationship checked against canonical staged semantics.
csa_0379,"Lead: Can you reschedule the programme check-in?
David: Yes.
Lead: Can you finish by today?
David: That works.",distributed_request_acceptance,action_commitment,confirmed_action,named_owner|explicit_commitment_verb|deliverable_object|deadline_or_sequence,planning,speech_act_016_planning,validation,ai_authored_speech_act_contrast_v1,assistant_reviewed_candidate,high,Label and negative-state relationship checked against canonical staged semantics.
csa_0380,David to reschedule the programme check-in; due today.,minutes_assignment,action_commitment,confirmed_action,named_owner|explicit_commitment_verb|deliverable_object|deadline_or_sequence,planning,speech_act_016_planning,validation,ai_authored_speech_act_contrast_v1,assistant_reviewed_candidate,high,Label and negative-state relationship checked against canonical staged semantics.
csa_0381,"Actions recap: David, you're taking the item to reschedule the programme check-in. David: Correct, by today.",recap_assignment,action_commitment,confirmed_action,named_owner|explicit_commitment_verb|deliverable_object|deadline_or_sequence,planning,speech_act_016_planning,validation,ai_authored_speech_act_contrast_v1,assistant_reviewed_candidate,high,Label and negative-state relationship checked against canonical staged semantics.
csa_0382,We need someone to reschedule the programme check-in. David: Leave that with me; today is fine.,contextual_volunteer,action_commitment,confirmed_action,named_owner|explicit_commitment_verb|deliverable_object|deadline_or_sequence,planning,speech_act_016_planning,validation,ai_authored_speech_act_contrast_v1,assistant_reviewed_candidate,high,Label and negative-state relationship checked against canonical staged semantics.
csa_0383,"We need to reschedule the programme check-in, but nobody accepted ownership or timing.",ownerless_need,discussion_topic,possible_action,explicit_commitment_verb|deliverable_object,planning,speech_act_016_planning,validation,ai_authored_speech_act_contrast_v1,assistant_reviewed_candidate,medium,Label and negative-state relationship checked against canonical staged semantics.
csa_0384,It would help to reschedule the programme check-in. The group moved on without assigning it.,unassigned_suggestion,discussion_topic,possible_action,deliverable_object,planning,speech_act_016_planning,validation,ai_authored_speech_act_contrast_v1,assistant_reviewed_candidate,medium,Label and negative-state relationship checked against canonical staged semantics.
csa_0385,"Perhaps David could reschedule the programme check-in if there is time, but this was not agreed.",hypothetical,discussion_topic,not_action,named_owner|deliverable_object|hypothetical_language,planning,speech_act_016_planning,validation,ai_authored_speech_act_contrast_v1,assistant_reviewed_candidate,high,Label and negative-state relationship checked against canonical staged semantics.
csa_0386,"David: I might reschedule the programme check-in, depending on capacity. Lead: Treat that as an idea, not an action.",explicitly_uncommitted,discussion_topic,not_action,named_owner|deliverable_object|hypothetical_language,planning,speech_act_016_planning,validation,ai_authored_speech_act_contrast_v1,assistant_reviewed_candidate,high,Label and negative-state relationship checked against canonical staged semantics.
csa_0387,David already completed the work to reschedule the programme check-in yesterday.,completed_history,background_context,completed_history,named_owner|deliverable_object|completed_tense,planning,speech_act_016_planning,validation,ai_authored_speech_act_contrast_v1,assistant_reviewed_candidate,high,Label and negative-state relationship checked against canonical staged semantics.
csa_0388,Lead: David should reschedule the programme check-in. David: That's already done; it closed yesterday.,completed_correction,background_context,completed_history,named_owner|deliverable_object|completed_tense,planning,speech_act_016_planning,validation,ai_authored_speech_act_contrast_v1,assistant_reviewed_candidate,high,Label and negative-state relationship checked against canonical staged semantics.
csa_0389,Do not reschedule the programme check-in; that proposed action has been cancelled.,rejection,decision_agreement,not_action,deliverable_object|decision_language,planning,speech_act_016_planning,validation,ai_authored_speech_act_contrast_v1,assistant_reviewed_candidate,high,Label and negative-state relationship checked against canonical staged semantics.
csa_0390,Earlier we asked David to reschedule the programme check-in. That assignment is withdrawn and must not remain open.,superseded_action,decision_agreement,not_action,named_owner|deliverable_object|decision_language,planning,speech_act_016_planning,validation,ai_authored_speech_act_contrast_v1,assistant_reviewed_candidate,high,Label and negative-state relationship checked against canonical staged semantics.
csa_0391,The team agreed to hold the check-in on Friday at noon.,decision,decision_agreement,not_action,decision_language|deliverable_object,planning,speech_act_016_planning,validation,ai_authored_speech_act_contrast_v1,assistant_reviewed_candidate,high,Label and negative-state relationship checked against canonical staged semantics.
csa_0392,"Option A was discussed, but the final position is to hold the check-in on Friday at noon.",decision_after_alternative,decision_agreement,not_action,decision_language|deliverable_object,planning,speech_act_016_planning,validation,ai_authored_speech_act_contrast_v1,assistant_reviewed_candidate,high,Label and negative-state relationship checked against canonical staged semantics.
csa_0393,"Lead: Shall we hold the check-in on Friday at noon?
Team: Agreed. That's the approach we will use.",proposal_acceptance_decision,decision_agreement,not_action,decision_language|deliverable_object,planning,speech_act_016_planning,validation,ai_authored_speech_act_contrast_v1,assistant_reviewed_candidate,high,Label and negative-state relationship checked against canonical staged semantics.
csa_0394,"One option would be to hold the check-in on Friday at noon, although no decision was made.",unconfirmed_option,discussion_topic,not_action,hypothetical_language|deliverable_object,planning,speech_act_016_planning,validation,ai_authored_speech_act_contrast_v1,assistant_reviewed_candidate,high,Label and negative-state relationship checked against canonical staged semantics.
csa_0395,The team identified that the proposed time may conflict with the client workshop.,risk,risk_dependency,not_action,risk_language|deliverable_object,planning,speech_act_016_planning,validation,ai_authored_speech_act_contrast_v1,assistant_reviewed_candidate,high,Label and negative-state relationship checked against canonical staged semantics.
csa_0396,"If the dependency is not resolved, the proposed time may conflict with the client workshop. The issue remains open.",conditional_risk,risk_dependency,not_action,risk_language|deliverable_object,planning,speech_act_016_planning,validation,ai_authored_speech_act_contrast_v1,assistant_reviewed_candidate,high,Label and negative-state relationship checked against canonical staged semantics.
csa_0397,"The team checked whether the proposed time may conflict with the client workshop, but evidence confirmed the exposure is closed and no monitoring is required.",closed_risk_negative,background_context,not_action,deliverable_object|completed_tense,planning,speech_act_016_planning,validation,ai_authored_speech_act_contrast_v1,assistant_reviewed_candidate,medium,Label and negative-state relationship checked against canonical staged semantics.
csa_0398,The current position is that the planning work remains in progress.,informational,background_context,not_action,,planning,speech_act_016_planning,validation,ai_authored_speech_act_contrast_v1,assistant_reviewed_candidate,high,Label and negative-state relationship checked against canonical staged semantics.
csa_0399,Can everyone see the planning screen? We will pause for two minutes before continuing.,administrative,low_value_noise,not_action,,planning,speech_act_016_planning,validation,ai_authored_speech_act_contrast_v1,assistant_reviewed_candidate,high,Label and negative-state relationship checked against canonical staged semantics.
csa_0400,"David: I promise I'll bring coffee to the next planning call. This is social chat, not project work.",social_false_commitment,low_value_noise,not_action,named_owner,planning,speech_act_016_planning,validation,ai_authored_speech_act_contrast_v1,assistant_reviewed_candidate,high,Label and negative-state relationship checked against canonical staged semantics.
csa_0401,Fatima: I'll verify the customer mapping file by Thursday.,commitment,action_commitment,confirmed_action,named_owner|explicit_commitment_verb|deliverable_object|deadline_or_sequence,data_migration,speech_act_017_data_migration,train,ai_authored_speech_act_contrast_v1,assistant_reviewed_candidate,high,Label and negative-state relationship checked against canonical staged semantics.
csa_0402,Fatima: I can verify the customer mapping file. I'll have it done by Thursday.,volunteer_commitment,action_commitment,confirmed_action,named_owner|explicit_commitment_verb|deliverable_object|deadline_or_sequence,data_migration,speech_act_017_data_migration,train,ai_authored_speech_act_contrast_v1,assistant_reviewed_candidate,high,Label and negative-state relationship checked against canonical staged semantics.
csa_0403,"Could Fatima verify the customer mapping file by Thursday? Fatima: Yes, I'll take that.",request_acceptance_thread,action_commitment,confirmed_action,named_owner|explicit_commitment_verb|deliverable_object|deadline_or_sequence,data_migration,speech_act_017_data_migration,train,ai_authored_speech_act_contrast_v1,assistant_reviewed_candidate,high,Label and negative-state relationship checked against canonical staged semantics.
csa_0404,"Lead: Can you verify the customer mapping file?
Fatima: Yes.
Lead: Can you finish by Thursday?
Fatima: That works.",distributed_request_acceptance,action_commitment,confirmed_action,named_owner|explicit_commitment_verb|deliverable_object|deadline_or_sequence,data_migration,speech_act_017_data_migration,train,ai_authored_speech_act_contrast_v1,assistant_reviewed_candidate,high,Label and negative-state relationship checked against canonical staged semantics.
csa_0405,Fatima to verify the customer mapping file; due Thursday.,minutes_assignment,action_commitment,confirmed_action,named_owner|explicit_commitment_verb|deliverable_object|deadline_or_sequence,data_migration,speech_act_017_data_migration,train,ai_authored_speech_act_contrast_v1,assistant_reviewed_candidate,high,Label and negative-state relationship checked against canonical staged semantics.
csa_0406,"Actions recap: Fatima, you're taking the item to verify the customer mapping file. Fatima: Correct, by Thursday.",recap_assignment,action_commitment,confirmed_action,named_owner|explicit_commitment_verb|deliverable_object|deadline_or_sequence,data_migration,speech_act_017_data_migration,train,ai_authored_speech_act_contrast_v1,assistant_reviewed_candidate,high,Label and negative-state relationship checked against canonical staged semantics.
csa_0407,We need someone to verify the customer mapping file. Fatima: Leave that with me; Thursday is fine.,contextual_volunteer,action_commitment,confirmed_action,named_owner|explicit_commitment_verb|deliverable_object|deadline_or_sequence,data_migration,speech_act_017_data_migration,train,ai_authored_speech_act_contrast_v1,assistant_reviewed_candidate,high,Label and negative-state relationship checked against canonical staged semantics.
csa_0408,"We need to verify the customer mapping file, but nobody accepted ownership or timing.",ownerless_need,discussion_topic,possible_action,explicit_commitment_verb|deliverable_object,data_migration,speech_act_017_data_migration,train,ai_authored_speech_act_contrast_v1,assistant_reviewed_candidate,medium,Label and negative-state relationship checked against canonical staged semantics.
csa_0409,It would help to verify the customer mapping file. The group moved on without assigning it.,unassigned_suggestion,discussion_topic,possible_action,deliverable_object,data_migration,speech_act_017_data_migration,train,ai_authored_speech_act_contrast_v1,assistant_reviewed_candidate,medium,Label and negative-state relationship checked against canonical staged semantics.
csa_0410,"Perhaps Fatima could verify the customer mapping file if there is time, but this was not agreed.",hypothetical,discussion_topic,not_action,named_owner|deliverable_object|hypothetical_language,data_migration,speech_act_017_data_migration,train,ai_authored_speech_act_contrast_v1,assistant_reviewed_candidate,high,Label and negative-state relationship checked against canonical staged semantics.
csa_0411,"Fatima: I might verify the customer mapping file, depending on capacity. Lead: Treat that as an idea, not an action.",explicitly_uncommitted,discussion_topic,not_action,named_owner|deliverable_object|hypothetical_language,data_migration,speech_act_017_data_migration,train,ai_authored_speech_act_contrast_v1,assistant_reviewed_candidate,high,Label and negative-state relationship checked against canonical staged semantics.
csa_0412,Fatima already completed the work to verify the customer mapping file yesterday.,completed_history,background_context,completed_history,named_owner|deliverable_object|completed_tense,data_migration,speech_act_017_data_migration,train,ai_authored_speech_act_contrast_v1,assistant_reviewed_candidate,high,Label and negative-state relationship checked against canonical staged semantics.
csa_0413,Lead: Fatima should verify the customer mapping file. Fatima: That's already done; it closed yesterday.,completed_correction,background_context,completed_history,named_owner|deliverable_object|completed_tense,data_migration,speech_act_017_data_migration,train,ai_authored_speech_act_contrast_v1,assistant_reviewed_candidate,high,Label and negative-state relationship checked against canonical staged semantics.
csa_0414,Do not verify the customer mapping file; that proposed action has been cancelled.,rejection,decision_agreement,not_action,deliverable_object|decision_language,data_migration,speech_act_017_data_migration,train,ai_authored_speech_act_contrast_v1,assistant_reviewed_candidate,high,Label and negative-state relationship checked against canonical staged semantics.
csa_0415,Earlier we asked Fatima to verify the customer mapping file. That assignment is withdrawn and must not remain open.,superseded_action,decision_agreement,not_action,named_owner|deliverable_object|decision_language,data_migration,speech_act_017_data_migration,train,ai_authored_speech_act_contrast_v1,assistant_reviewed_candidate,high,Label and negative-state relationship checked against canonical staged semantics.
csa_0416,The team agreed to run a phased migration by region.,decision,decision_agreement,not_action,decision_language|deliverable_object,data_migration,speech_act_017_data_migration,train,ai_authored_speech_act_contrast_v1,assistant_reviewed_candidate,high,Label and negative-state relationship checked against canonical staged semantics.
csa_0417,"Option A was discussed, but the final position is to run a phased migration by region.",decision_after_alternative,decision_agreement,not_action,decision_language|deliverable_object,data_migration,speech_act_017_data_migration,train,ai_authored_speech_act_contrast_v1,assistant_reviewed_candidate,high,Label and negative-state relationship checked against canonical staged semantics.
csa_0418,"Lead: Shall we run a phased migration by region?
Team: Agreed. That's the approach we will use.",proposal_acceptance_decision,decision_agreement,not_action,decision_language|deliverable_object,data_migration,speech_act_017_data_migration,train,ai_authored_speech_act_contrast_v1,assistant_reviewed_candidate,high,Label and negative-state relationship checked against canonical staged semantics.
csa_0419,"One option would be to run a phased migration by region, although no decision was made.",unconfirmed_option,discussion_topic,not_action,hypothetical_language|deliverable_object,data_migration,speech_act_017_data_migration,train,ai_authored_speech_act_contrast_v1,assistant_reviewed_candidate,high,Label and negative-state relationship checked against canonical staged semantics.
csa_0420,The team identified that duplicate customer identifiers could corrupt the import.,risk,risk_dependency,not_action,risk_language|deliverable_object,data_migration,speech_act_017_data_migration,train,ai_authored_speech_act_contrast_v1,assistant_reviewed_candidate,high,Label and negative-state relationship checked against canonical staged semantics.
csa_0421,"If the dependency is not resolved, duplicate customer identifiers could corrupt the import. The issue remains open.",conditional_risk,risk_dependency,not_action,risk_language|deliverable_object,data_migration,speech_act_017_data_migration,train,ai_authored_speech_act_contrast_v1,assistant_reviewed_candidate,high,Label and negative-state relationship checked against canonical staged semantics.
csa_0422,"The team checked whether duplicate customer identifiers could corrupt the import, but evidence confirmed the exposure is closed and no monitoring is required.",closed_risk_negative,background_context,not_action,deliverable_object|completed_tense,data_migration,speech_act_017_data_migration,train,ai_authored_speech_act_contrast_v1,assistant_reviewed_candidate,medium,Label and negative-state relationship checked against canonical staged semantics.
csa_0423,The current position is that the data migration work remains in progress.,informational,background_context,not_action,,data_migration,speech_act_017_data_migration,train,ai_authored_speech_act_contrast_v1,assistant_reviewed_candidate,high,Label and negative-state relationship checked against canonical staged semantics.
csa_0424,Can everyone see the data migration screen? We will pause for two minutes before continuing.,administrative,low_value_noise,not_action,,data_migration,speech_act_017_data_migration,train,ai_authored_speech_act_contrast_v1,assistant_reviewed_candidate,high,Label and negative-state relationship checked against canonical staged semantics.
csa_0425,"Fatima: I promise I'll bring coffee to the next data migration call. This is social chat, not project work.",social_false_commitment,low_value_noise,not_action,named_owner,data_migration,speech_act_017_data_migration,train,ai_authored_speech_act_contrast_v1,assistant_reviewed_candidate,high,Label and negative-state relationship checked against canonical staged semantics.
csa_0426,Gabriel: I'll remove two fields from the registration form by before release.,commitment,action_commitment,confirmed_action,named_owner|explicit_commitment_verb|deliverable_object|deadline_or_sequence,product,speech_act_018_product,train,ai_authored_speech_act_contrast_v1,assistant_reviewed_candidate,high,Label and negative-state relationship checked against canonical staged semantics.
csa_0427,Gabriel: I can remove two fields from the registration form. I'll have it done by before release.,volunteer_commitment,action_commitment,confirmed_action,named_owner|explicit_commitment_verb|deliverable_object|deadline_or_sequence,product,speech_act_018_product,train,ai_authored_speech_act_contrast_v1,assistant_reviewed_candidate,high,Label and negative-state relationship checked against canonical staged semantics.
csa_0428,"Could Gabriel remove two fields from the registration form by before release? Gabriel: Yes, I'll take that.",request_acceptance_thread,action_commitment,confirmed_action,named_owner|explicit_commitment_verb|deliverable_object|deadline_or_sequence,product,speech_act_018_product,train,ai_authored_speech_act_contrast_v1,assistant_reviewed_candidate,high,Label and negative-state relationship checked against canonical staged semantics.
csa_0429,"Lead: Can you remove two fields from the registration form?
Gabriel: Yes.
Lead: Can you finish by before release?
Gabriel: That works.",distributed_request_acceptance,action_commitment,confirmed_action,named_owner|explicit_commitment_verb|deliverable_object|deadline_or_sequence,product,speech_act_018_product,train,ai_authored_speech_act_contrast_v1,assistant_reviewed_candidate,high,Label and negative-state relationship checked against canonical staged semantics.
csa_0430,Gabriel to remove two fields from the registration form; due before release.,minutes_assignment,action_commitment,confirmed_action,named_owner|explicit_commitment_verb|deliverable_object|deadline_or_sequence,product,speech_act_018_product,train,ai_authored_speech_act_contrast_v1,assistant_reviewed_candidate,high,Label and negative-state relationship checked against canonical staged semantics.
csa_0431,"Actions recap: Gabriel, you're taking the item to remove two fields from the registration form. Gabriel: Correct, by before release.",recap_assignment,action_commitment,confirmed_action,named_owner|explicit_commitment_verb|deliverable_object|deadline_or_sequence,product,speech_act_018_product,train,ai_authored_speech_act_contrast_v1,assistant_reviewed_candidate,high,Label and negative-state relationship checked against canonical staged semantics.
csa_0432,We need someone to remove two fields from the registration form. Gabriel: Leave that with me; before release is fine.,contextual_volunteer,action_commitment,confirmed_action,named_owner|explicit_commitment_verb|deliverable_object|deadline_or_sequence,product,speech_act_018_product,train,ai_authored_speech_act_contrast_v1,assistant_reviewed_candidate,high,Label and negative-state relationship checked against canonical staged semantics.
csa_0433,"We need to remove two fields from the registration form, but nobody accepted ownership or timing.",ownerless_need,discussion_topic,possible_action,explicit_commitment_verb|deliverable_object,product,speech_act_018_product,train,ai_authored_speech_act_contrast_v1,assistant_reviewed_candidate,medium,Label and negative-state relationship checked against canonical staged semantics.
csa_0434,It would help to remove two fields from the registration form. The group moved on without assigning it.,unassigned_suggestion,discussion_topic,possible_action,deliverable_object,product,speech_act_018_product,train,ai_authored_speech_act_contrast_v1,assistant_reviewed_candidate,medium,Label and negative-state relationship checked against canonical staged semantics.
csa_0435,"Perhaps Gabriel could remove two fields from the registration form if there is time, but this was not agreed.",hypothetical,discussion_topic,not_action,named_owner|deliverable_object|hypothetical_language,product,speech_act_018_product,train,ai_authored_speech_act_contrast_v1,assistant_reviewed_candidate,high,Label and negative-state relationship checked against canonical staged semantics.
csa_0436,"Gabriel: I might remove two fields from the registration form, depending on capacity. Lead: Treat that as an idea, not an action.",explicitly_uncommitted,discussion_topic,not_action,named_owner|deliverable_object|hypothetical_language,product,speech_act_018_product,train,ai_authored_speech_act_contrast_v1,assistant_reviewed_candidate,high,Label and negative-state relationship checked against canonical staged semantics.
csa_0437,Gabriel already completed the work to remove two fields from the registration form yesterday.,completed_history,background_context,completed_history,named_owner|deliverable_object|completed_tense,product,speech_act_018_product,train,ai_authored_speech_act_contrast_v1,assistant_reviewed_candidate,high,Label and negative-state relationship checked against canonical staged semantics.
csa_0438,Lead: Gabriel should remove two fields from the registration form. Gabriel: That's already done; it closed yesterday.,completed_correction,background_context,completed_history,named_owner|deliverable_object|completed_tense,product,speech_act_018_product,train,ai_authored_speech_act_contrast_v1,assistant_reviewed_candidate,high,Label and negative-state relationship checked against canonical staged semantics.
csa_0439,Do not remove two fields from the registration form; that proposed action has been cancelled.,rejection,decision_agreement,not_action,deliverable_object|decision_language,product,speech_act_018_product,train,ai_authored_speech_act_contrast_v1,assistant_reviewed_candidate,high,Label and negative-state relationship checked against canonical staged semantics.
csa_0440,Earlier we asked Gabriel to remove two fields from the registration form. That assignment is withdrawn and must not remain open.,superseded_action,decision_agreement,not_action,named_owner|deliverable_object|decision_language,product,speech_act_018_product,train,ai_authored_speech_act_contrast_v1,assistant_reviewed_candidate,high,Label and negative-state relationship checked against canonical staged semantics.
csa_0441,The team agreed to use the shorter registration journey.,decision,decision_agreement,not_action,decision_language|deliverable_object,product,speech_act_018_product,train,ai_authored_speech_act_contrast_v1,assistant_reviewed_candidate,high,Label and negative-state relationship checked against canonical staged semantics.
csa_0442,"Option A was discussed, but the final position is to use the shorter registration journey.",decision_after_alternative,decision_agreement,not_action,decision_language|deliverable_object,product,speech_act_018_product,train,ai_authored_speech_act_contrast_v1,assistant_reviewed_candidate,high,Label and negative-state relationship checked against canonical staged semantics.
csa_0443,"Lead: Shall we use the shorter registration journey?
Team: Agreed. That's the approach we will use.",proposal_acceptance_decision,decision_agreement,not_action,decision_language|deliverable_object,product,speech_act_018_product,train,ai_authored_speech_act_contrast_v1,assistant_reviewed_candidate,high,Label and negative-state relationship checked against canonical staged semantics.
csa_0444,"One option would be to use the shorter registration journey, although no decision was made.",unconfirmed_option,discussion_topic,not_action,hypothetical_language|deliverable_object,product,speech_act_018_product,train,ai_authored_speech_act_contrast_v1,assistant_reviewed_candidate,high,Label and negative-state relationship checked against canonical staged semantics.
csa_0445,The team identified that removing mandatory fields could weaken reporting.,risk,risk_dependency,not_action,risk_language|deliverable_object,product,speech_act_018_product,train,ai_authored_speech_act_contrast_v1,assistant_reviewed_candidate,high,Label and negative-state relationship checked against canonical staged semantics.
csa_0446,"If the dependency is not resolved, removing mandatory fields could weaken reporting. The issue remains open.",conditional_risk,risk_dependency,not_action,risk_language|deliverable_object,product,speech_act_018_product,train,ai_authored_speech_act_contrast_v1,assistant_reviewed_candidate,high,Label and negative-state relationship checked against canonical staged semantics.
csa_0447,"The team checked whether removing mandatory fields could weaken reporting, but evidence confirmed the exposure is closed and no monitoring is required.",closed_risk_negative,background_context,not_action,deliverable_object|completed_tense,product,speech_act_018_product,train,ai_authored_speech_act_contrast_v1,assistant_reviewed_candidate,medium,Label and negative-state relationship checked against canonical staged semantics.
csa_0448,The current position is that the product work remains in progress.,informational,background_context,not_action,,product,speech_act_018_product,train,ai_authored_speech_act_contrast_v1,assistant_reviewed_candidate,high,Label and negative-state relationship checked against canonical staged semantics.
csa_0449,Can everyone see the product screen? We will pause for two minutes before continuing.,administrative,low_value_noise,not_action,,product,speech_act_018_product,train,ai_authored_speech_act_contrast_v1,assistant_reviewed_candidate,high,Label and negative-state relationship checked against canonical staged semantics.
csa_0450,"Gabriel: I promise I'll bring coffee to the next product call. This is social chat, not project work.",social_false_commitment,low_value_noise,not_action,named_owner,product,speech_act_018_product,train,ai_authored_speech_act_contrast_v1,assistant_reviewed_candidate,high,Label and negative-state relationship checked against canonical staged semantics.
csa_0451,Anika: I'll confirm the laboratory access list by Monday.,commitment,action_commitment,confirmed_action,named_owner|explicit_commitment_verb|deliverable_object|deadline_or_sequence,facilities,speech_act_019_facilities,test,ai_authored_speech_act_contrast_v1,assistant_reviewed_candidate,high,Label and negative-state relationship checked against canonical staged semantics.
csa_0452,Anika: I can confirm the laboratory access list. I'll have it done by Monday.,volunteer_commitment,action_commitment,confirmed_action,named_owner|explicit_commitment_verb|deliverable_object|deadline_or_sequence,facilities,speech_act_019_facilities,test,ai_authored_speech_act_contrast_v1,assistant_reviewed_candidate,high,Label and negative-state relationship checked against canonical staged semantics.
csa_0453,"Could Anika confirm the laboratory access list by Monday? Anika: Yes, I'll take that.",request_acceptance_thread,action_commitment,confirmed_action,named_owner|explicit_commitment_verb|deliverable_object|deadline_or_sequence,facilities,speech_act_019_facilities,test,ai_authored_speech_act_contrast_v1,assistant_reviewed_candidate,high,Label and negative-state relationship checked against canonical staged semantics.
csa_0454,"Lead: Can you confirm the laboratory access list?
Anika: Yes.
Lead: Can you finish by Monday?
Anika: That works.",distributed_request_acceptance,action_commitment,confirmed_action,named_owner|explicit_commitment_verb|deliverable_object|deadline_or_sequence,facilities,speech_act_019_facilities,test,ai_authored_speech_act_contrast_v1,assistant_reviewed_candidate,high,Label and negative-state relationship checked against canonical staged semantics.
csa_0455,Anika to confirm the laboratory access list; due Monday.,minutes_assignment,action_commitment,confirmed_action,named_owner|explicit_commitment_verb|deliverable_object|deadline_or_sequence,facilities,speech_act_019_facilities,test,ai_authored_speech_act_contrast_v1,assistant_reviewed_candidate,high,Label and negative-state relationship checked against canonical staged semantics.
csa_0456,"Actions recap: Anika, you're taking the item to confirm the laboratory access list. Anika: Correct, by Monday.",recap_assignment,action_commitment,confirmed_action,named_owner|explicit_commitment_verb|deliverable_object|deadline_or_sequence,facilities,speech_act_019_facilities,test,ai_authored_speech_act_contrast_v1,assistant_reviewed_candidate,high,Label and negative-state relationship checked against canonical staged semantics.
csa_0457,We need someone to confirm the laboratory access list. Anika: Leave that with me; Monday is fine.,contextual_volunteer,action_commitment,confirmed_action,named_owner|explicit_commitment_verb|deliverable_object|deadline_or_sequence,facilities,speech_act_019_facilities,test,ai_authored_speech_act_contrast_v1,assistant_reviewed_candidate,high,Label and negative-state relationship checked against canonical staged semantics.
csa_0458,"We need to confirm the laboratory access list, but nobody accepted ownership or timing.",ownerless_need,discussion_topic,possible_action,explicit_commitment_verb|deliverable_object,facilities,speech_act_019_facilities,test,ai_authored_speech_act_contrast_v1,assistant_reviewed_candidate,medium,Label and negative-state relationship checked against canonical staged semantics.
csa_0459,It would help to confirm the laboratory access list. The group moved on without assigning it.,unassigned_suggestion,discussion_topic,possible_action,deliverable_object,facilities,speech_act_019_facilities,test,ai_authored_speech_act_contrast_v1,assistant_reviewed_candidate,medium,Label and negative-state relationship checked against canonical staged semantics.
csa_0460,"Perhaps Anika could confirm the laboratory access list if there is time, but this was not agreed.",hypothetical,discussion_topic,not_action,named_owner|deliverable_object|hypothetical_language,facilities,speech_act_019_facilities,test,ai_authored_speech_act_contrast_v1,assistant_reviewed_candidate,high,Label and negative-state relationship checked against canonical staged semantics.
csa_0461,"Anika: I might confirm the laboratory access list, depending on capacity. Lead: Treat that as an idea, not an action.",explicitly_uncommitted,discussion_topic,not_action,named_owner|deliverable_object|hypothetical_language,facilities,speech_act_019_facilities,test,ai_authored_speech_act_contrast_v1,assistant_reviewed_candidate,high,Label and negative-state relationship checked against canonical staged semantics.
csa_0462,Anika already completed the work to confirm the laboratory access list yesterday.,completed_history,background_context,completed_history,named_owner|deliverable_object|completed_tense,facilities,speech_act_019_facilities,test,ai_authored_speech_act_contrast_v1,assistant_reviewed_candidate,high,Label and negative-state relationship checked against canonical staged semantics.
csa_0463,Lead: Anika should confirm the laboratory access list. Anika: That's already done; it closed yesterday.,completed_correction,background_context,completed_history,named_owner|deliverable_object|completed_tense,facilities,speech_act_019_facilities,test,ai_authored_speech_act_contrast_v1,assistant_reviewed_candidate,high,Label and negative-state relationship checked against canonical staged semantics.
csa_0464,Do not confirm the laboratory access list; that proposed action has been cancelled.,rejection,decision_agreement,not_action,deliverable_object|decision_language,facilities,speech_act_019_facilities,test,ai_authored_speech_act_contrast_v1,assistant_reviewed_candidate,high,Label and negative-state relationship checked against canonical staged semantics.
csa_0465,Earlier we asked Anika to confirm the laboratory access list. That assignment is withdrawn and must not remain open.,superseded_action,decision_agreement,not_action,named_owner|deliverable_object|decision_language,facilities,speech_act_019_facilities,test,ai_authored_speech_act_contrast_v1,assistant_reviewed_candidate,high,Label and negative-state relationship checked against canonical staged semantics.
csa_0466,The team agreed to limit after-hours access to trained staff.,decision,decision_agreement,not_action,decision_language|deliverable_object,facilities,speech_act_019_facilities,test,ai_authored_speech_act_contrast_v1,assistant_reviewed_candidate,high,Label and negative-state relationship checked against canonical staged semantics.
csa_0467,"Option A was discussed, but the final position is to limit after-hours access to trained staff.",decision_after_alternative,decision_agreement,not_action,decision_language|deliverable_object,facilities,speech_act_019_facilities,test,ai_authored_speech_act_contrast_v1,assistant_reviewed_candidate,high,Label and negative-state relationship checked against canonical staged semantics.
csa_0468,"Lead: Shall we limit after-hours access to trained staff?
Team: Agreed. That's the approach we will use.",proposal_acceptance_decision,decision_agreement,not_action,decision_language|deliverable_object,facilities,speech_act_019_facilities,test,ai_authored_speech_act_contrast_v1,assistant_reviewed_candidate,high,Label and negative-state relationship checked against canonical staged semantics.
csa_0469,"One option would be to limit after-hours access to trained staff, although no decision was made.",unconfirmed_option,discussion_topic,not_action,hypothetical_language|deliverable_object,facilities,speech_act_019_facilities,test,ai_authored_speech_act_contrast_v1,assistant_reviewed_candidate,high,Label and negative-state relationship checked against canonical staged semantics.
csa_0470,The team identified that unapproved access could breach safety controls.,risk,risk_dependency,not_action,risk_language|deliverable_object,facilities,speech_act_019_facilities,test,ai_authored_speech_act_contrast_v1,assistant_reviewed_candidate,high,Label and negative-state relationship checked against canonical staged semantics.
csa_0471,"If the dependency is not resolved, unapproved access could breach safety controls. The issue remains open.",conditional_risk,risk_dependency,not_action,risk_language|deliverable_object,facilities,speech_act_019_facilities,test,ai_authored_speech_act_contrast_v1,assistant_reviewed_candidate,high,Label and negative-state relationship checked against canonical staged semantics.
csa_0472,"The team checked whether unapproved access could breach safety controls, but evidence confirmed the exposure is closed and no monitoring is required.",closed_risk_negative,background_context,not_action,deliverable_object|completed_tense,facilities,speech_act_019_facilities,test,ai_authored_speech_act_contrast_v1,assistant_reviewed_candidate,medium,Label and negative-state relationship checked against canonical staged semantics.
csa_0473,The current position is that the facilities work remains in progress.,informational,background_context,not_action,,facilities,speech_act_019_facilities,test,ai_authored_speech_act_contrast_v1,assistant_reviewed_candidate,high,Label and negative-state relationship checked against canonical staged semantics.
csa_0474,Can everyone see the facilities screen? We will pause for two minutes before continuing.,administrative,low_value_noise,not_action,,facilities,speech_act_019_facilities,test,ai_authored_speech_act_contrast_v1,assistant_reviewed_candidate,high,Label and negative-state relationship checked against canonical staged semantics.
csa_0475,"Anika: I promise I'll bring coffee to the next facilities call. This is social chat, not project work.",social_false_commitment,low_value_noise,not_action,named_owner,facilities,speech_act_019_facilities,test,ai_authored_speech_act_contrast_v1,assistant_reviewed_candidate,high,Label and negative-state relationship checked against canonical staged semantics.
csa_0476,Marcus: I'll send the revised facilitator pack by tomorrow morning.,commitment,action_commitment,confirmed_action,named_owner|explicit_commitment_verb|deliverable_object|deadline_or_sequence,training,speech_act_020_training,train,ai_authored_speech_act_contrast_v1,assistant_reviewed_candidate,high,Label and negative-state relationship checked against canonical staged semantics.
csa_0477,Marcus: I can send the revised facilitator pack. I'll have it done by tomorrow morning.,volunteer_commitment,action_commitment,confirmed_action,named_owner|explicit_commitment_verb|deliverable_object|deadline_or_sequence,training,speech_act_020_training,train,ai_authored_speech_act_contrast_v1,assistant_reviewed_candidate,high,Label and negative-state relationship checked against canonical staged semantics.
csa_0478,"Could Marcus send the revised facilitator pack by tomorrow morning? Marcus: Yes, I'll take that.",request_acceptance_thread,action_commitment,confirmed_action,named_owner|explicit_commitment_verb|deliverable_object|deadline_or_sequence,training,speech_act_020_training,train,ai_authored_speech_act_contrast_v1,assistant_reviewed_candidate,high,Label and negative-state relationship checked against canonical staged semantics.
csa_0479,"Lead: Can you send the revised facilitator pack?
Marcus: Yes.
Lead: Can you finish by tomorrow morning?
Marcus: That works.",distributed_request_acceptance,action_commitment,confirmed_action,named_owner|explicit_commitment_verb|deliverable_object|deadline_or_sequence,training,speech_act_020_training,train,ai_authored_speech_act_contrast_v1,assistant_reviewed_candidate,high,Label and negative-state relationship checked against canonical staged semantics.
csa_0480,Marcus to send the revised facilitator pack; due tomorrow morning.,minutes_assignment,action_commitment,confirmed_action,named_owner|explicit_commitment_verb|deliverable_object|deadline_or_sequence,training,speech_act_020_training,train,ai_authored_speech_act_contrast_v1,assistant_reviewed_candidate,high,Label and negative-state relationship checked against canonical staged semantics.
csa_0481,"Actions recap: Marcus, you're taking the item to send the revised facilitator pack. Marcus: Correct, by tomorrow morning.",recap_assignment,action_commitment,confirmed_action,named_owner|explicit_commitment_verb|deliverable_object|deadline_or_sequence,training,speech_act_020_training,train,ai_authored_speech_act_contrast_v1,assistant_reviewed_candidate,high,Label and negative-state relationship checked against canonical staged semantics.
csa_0482,We need someone to send the revised facilitator pack. Marcus: Leave that with me; tomorrow morning is fine.,contextual_volunteer,action_commitment,confirmed_action,named_owner|explicit_commitment_verb|deliverable_object|deadline_or_sequence,training,speech_act_020_training,train,ai_authored_speech_act_contrast_v1,assistant_reviewed_candidate,high,Label and negative-state relationship checked against canonical staged semantics.
csa_0483,"We need to send the revised facilitator pack, but nobody accepted ownership or timing.",ownerless_need,discussion_topic,possible_action,explicit_commitment_verb|deliverable_object,training,speech_act_020_training,train,ai_authored_speech_act_contrast_v1,assistant_reviewed_candidate,medium,Label and negative-state relationship checked against canonical staged semantics.
csa_0484,It would help to send the revised facilitator pack. The group moved on without assigning it.,unassigned_suggestion,discussion_topic,possible_action,deliverable_object,training,speech_act_020_training,train,ai_authored_speech_act_contrast_v1,assistant_reviewed_candidate,medium,Label and negative-state relationship checked against canonical staged semantics.
csa_0485,"Perhaps Marcus could send the revised facilitator pack if there is time, but this was not agreed.",hypothetical,discussion_topic,not_action,named_owner|deliverable_object|hypothetical_language,training,speech_act_020_training,train,ai_authored_speech_act_contrast_v1,assistant_reviewed_candidate,high,Label and negative-state relationship checked against canonical staged semantics.
csa_0486,"Marcus: I might send the revised facilitator pack, depending on capacity. Lead: Treat that as an idea, not an action.",explicitly_uncommitted,discussion_topic,not_action,named_owner|deliverable_object|hypothetical_language,training,speech_act_020_training,train,ai_authored_speech_act_contrast_v1,assistant_reviewed_candidate,high,Label and negative-state relationship checked against canonical staged semantics.
csa_0487,Marcus already completed the work to send the revised facilitator pack yesterday.,completed_history,background_context,completed_history,named_owner|deliverable_object|completed_tense,training,speech_act_020_training,train,ai_authored_speech_act_contrast_v1,assistant_reviewed_candidate,high,Label and negative-state relationship checked against canonical staged semantics.
csa_0488,Lead: Marcus should send the revised facilitator pack. Marcus: That's already done; it closed yesterday.,completed_correction,background_context,completed_history,named_owner|deliverable_object|completed_tense,training,speech_act_020_training,train,ai_authored_speech_act_contrast_v1,assistant_reviewed_candidate,high,Label and negative-state relationship checked against canonical staged semantics.
csa_0489,Do not send the revised facilitator pack; that proposed action has been cancelled.,rejection,decision_agreement,not_action,deliverable_object|decision_language,training,speech_act_020_training,train,ai_authored_speech_act_contrast_v1,assistant_reviewed_candidate,high,Label and negative-state relationship checked against canonical staged semantics.
csa_0490,Earlier we asked Marcus to send the revised facilitator pack. That assignment is withdrawn and must not remain open.,superseded_action,decision_agreement,not_action,named_owner|deliverable_object|decision_language,training,speech_act_020_training,train,ai_authored_speech_act_contrast_v1,assistant_reviewed_candidate,high,Label and negative-state relationship checked against canonical staged semantics.
csa_0491,The team agreed to replace the lecture with two practical exercises.,decision,decision_agreement,not_action,decision_language|deliverable_object,training,speech_act_020_training,train,ai_authored_speech_act_contrast_v1,assistant_reviewed_candidate,high,Label and negative-state relationship checked against canonical staged semantics.
csa_0492,"Option A was discussed, but the final position is to replace the lecture with two practical exercises.",decision_after_alternative,decision_agreement,not_action,decision_language|deliverable_object,training,speech_act_020_training,train,ai_authored_speech_act_contrast_v1,assistant_reviewed_candidate,high,Label and negative-state relationship checked against canonical staged semantics.
csa_0493,"Lead: Shall we replace the lecture with two practical exercises?
Team: Agreed. That's the approach we will use.",proposal_acceptance_decision,decision_agreement,not_action,decision_language|deliverable_object,training,speech_act_020_training,train,ai_authored_speech_act_contrast_v1,assistant_reviewed_candidate,high,Label and negative-state relationship checked against canonical staged semantics.
csa_0494,"One option would be to replace the lecture with two practical exercises, although no decision was made.",unconfirmed_option,discussion_topic,not_action,hypothetical_language|deliverable_object,training,speech_act_020_training,train,ai_authored_speech_act_contrast_v1,assistant_reviewed_candidate,high,Label and negative-state relationship checked against canonical staged semantics.
csa_0495,The team identified that late materials could leave facilitators unprepared.,risk,risk_dependency,not_action,risk_language|deliverable_object,training,speech_act_020_training,train,ai_authored_speech_act_contrast_v1,assistant_reviewed_candidate,high,Label and negative-state relationship checked against canonical staged semantics.
csa_0496,"If the dependency is not resolved, late materials could leave facilitators unprepared. The issue remains open.",conditional_risk,risk_dependency,not_action,risk_language|deliverable_object,training,speech_act_020_training,train,ai_authored_speech_act_contrast_v1,assistant_reviewed_candidate,high,Label and negative-state relationship checked against canonical staged semantics.
csa_0497,"The team checked whether late materials could leave facilitators unprepared, but evidence confirmed the exposure is closed and no monitoring is required.",closed_risk_negative,background_context,not_action,deliverable_object|completed_tense,training,speech_act_020_training,train,ai_authored_speech_act_contrast_v1,assistant_reviewed_candidate,medium,Label and negative-state relationship checked against canonical staged semantics.
csa_0498,The current position is that the training work remains in progress.,informational,background_context,not_action,,training,speech_act_020_training,train,ai_authored_speech_act_contrast_v1,assistant_reviewed_candidate,high,Label and negative-state relationship checked against canonical staged semantics.
csa_0499,Can everyone see the training screen? We will pause for two minutes before continuing.,administrative,low_value_noise,not_action,,training,speech_act_020_training,train,ai_authored_speech_act_contrast_v1,assistant_reviewed_candidate,high,Label and negative-state relationship checked against canonical staged semantics.
csa_0500,"Marcus: I promise I'll bring coffee to the next training call. This is social chat, not project work.",social_false_commitment,low_value_noise,not_action,named_owner,training,speech_act_020_training,train,ai_authored_speech_act_contrast_v1,assistant_reviewed_candidate,high,Label and negative-state relationship checked against canonical staged semantics.
